inspection_id,date,school_id,has_electricity,has_drinking_water,has_functional_toilet,has_boundary_wall,has_playground,inspector_name,remarks,infrastructure_deficit_pct
INSP02966,2025-04-02,SCH0476,,1.0,1.0,1.0,,Fariq Tripathi,Good condition,0.0
INSP00970,2025-05-13,SCH0337,1.0,1.0,1.0,1.0,,Unnati Kulkarni,Good condition,0.0
INSP01386,2025-06-26,SCH0127,1.0,1.0,0.0,,1.0,Girik Natt,Toilets locked,25.0
INSP01234,2025-06-02,SCH0372,0.0,0.0,1.0,1.0,0.0,Rudra Kurian,Good condition,60.0
INSP02997,2025-10-29,SCH0517,1.0,1.0,1.0,1.0,0.0,Mohammed Dara,Average,20.0
INSP02408,2025-10-30,SCH0334,,0.0,1.0,0.0,1.0,Unknown Inspector,No remarks,50.0
INSP02849,2025-07-23,S0229,1.0,1.0,1.0,1.0,0.0,Meera Sachar,Needs repair,20.0
INSP01240,2025-12-29,0072,1.0,1.0,1.0,0.0,0.0,Shivani Konda,Toilets locked,40.0
INSP02649,2026-01-20,SCH0516,1.0,1.0,,1.0,1.0,Yachana Mody,Good condition,0.0
INSP01667,2025-05-12,SCH0182,1.0,1.0,1.0,,1.0,Eiravati Choudhry,Good condition,0.0
INSP02398,2026-05-01,SCH0221,1.0,0.0,1.0,0.0,1.0,Ira Choudhary,No remarks,40.0
INSP01451,2025-12-29,S0026,1.0,0.0,1.0,1.0,1.0,Unknown Inspector,Needs repair,20.0
INSP00613,2025-10-04,SCH0092,1.0,1.0,1.0,,0.0,Maya Chada,Good condition,25.0
INSP01189,2025-12-25,SCH0063,1.0,0.0,1.0,1.0,0.0,Caleb Lala,Toilets locked,40.0
INSP00832,2025-10-02,S0509,0.0,,1.0,1.0,0.0,Xavier Gade,No Remarks,50.0
INSP02501,2025-05-10,SCH0033,1.0,1.0,1.0,0.0,0.0,Kamya Ravi,Toilets locked,40.0
INSP00333,2025-10-09,SCH0477,1.0,,1.0,0.0,1.0,Jasmit Ramachandran,Toilets locked,25.0
INSP02727,2025-10-06,SCH0522,,1.0,,,1.0,Chasmum Uppal,Good condition,0.0
INSP00145,2025-11-22,SCH0215,0.0,1.0,1.0,1.0,0.0,Yachana Mangat,Toilets locked,40.0
INSP02233,2025-10-23,SCH0428,1.0,1.0,1.0,1.0,0.0,Samaksh Khare,Average,20.0
INSP01671,2025-12-22,S0042,1.0,1.0,,,,Manan Mangat,Needs repair,0.0
INSP01776,2025-09-14,S0403,0.0,1.0,1.0,1.0,,Manbir Sodhi,Needs repair,25.0
INSP01733,2025-10-23,SCH0175,1.0,,0.0,1.0,1.0,Qarin Nayar,Toilets locked,25.0
INSP02204,2026-06-02,0010,0.0,1.0,1.0,0.0,1.0,Unknown Inspector,No Remarks,40.0
INSP02552,2025-04-08,SCH0140,0.0,1.0,1.0,1.0,1.0,Gaurangi Ratti,Toilets locked,20.0
INSP00219,2025-09-09,SCH0325,0.0,1.0,1.0,1.0,0.0,Zehaan Deshpande,Average,40.0
INSP00292,2025-11-25,0371,1.0,1.0,1.0,0.0,1.0,Chasmum Ganguly,No remarks,20.0
INSP02177,2025-04-26,SCH0583,1.0,1.0,,,,Jonathan Jain,Good condition,0.0
INSP00818,2025-09-16,SCH0078,1.0,0.0,1.0,1.0,0.0,Krishna Gaba,Average,40.0
INSP00602,2025-11-20,SCH0360,1.0,1.0,1.0,1.0,0.0,Umang Sagar,Average,20.0
INSP00018,2026-03-15,SCH0582,1.0,1.0,,1.0,0.0,Unnati Goel,No Remarks,25.0
INSP00171,2025-02-04,SCH0067,0.0,1.0,0.0,,0.0,Sneha Ghosh,Good condition,75.0
INSP01738,2025-10-02,S0230,1.0,1.0,1.0,,0.0,Osha Bajwa,No Remarks,25.0
INSP02283,2025-09-21,S0559,1.0,1.0,1.0,1.0,1.0,Sai Warrior,Average,0.0
INSP02803,2026-02-19,SCH0238,0.0,1.0,1.0,,,Ekaraj Sehgal,No Remarks,33.33
INSP01408,2026-10-03,SCH0274,,1.0,1.0,0.0,,Kamala Roy,Average,33.33
INSP00179,2025-12-09,SCH0577,,,1.0,1.0,1.0,Riya Kant,Good condition,0.0
INSP01337,2025-06-03,SCH0011,,1.0,1.0,0.0,0.0,Imaran Tandon,Toilets locked,50.0
INSP01815,2025-05-01,SCH0240,0.0,0.0,1.0,1.0,,Lavanya Choudhry,Average,50.0
INSP02205,2025-07-11,SCH0037,1.0,1.0,1.0,0.0,0.0,Rudra Bail,Toilets locked,40.0
INSP01412,2025-08-05,SCH0596,0.0,,1.0,,,Sai Bhasin,Average,50.0
INSP02746,2025-11-13,SCH0422,1.0,1.0,1.0,1.0,,Isaac Kalla,No Remarks,0.0
INSP01663,2026-06-03,SCH0456,0.0,1.0,1.0,0.0,,Neel Ganesh,Needs repair,50.0
INSP01227,2025-06-29,SCH0398,1.0,0.0,,1.0,1.0,Isaiah Mangat,No Remarks,25.0
INSP02025,2025-10-08,SCH0219,1.0,1.0,1.0,1.0,1.0,Bhanumati Chaudhari,No Remarks,0.0
INSP02771,2026-03-02,SCH0339,1.0,1.0,1.0,1.0,0.0,Rajata Mistry,Toilets locked,20.0
INSP02097,2025-05-05,SCH0564,,0.0,1.0,1.0,,Laksh Dugar,Good condition,33.33
INSP00135,2026-03-09,SCH0542,,,1.0,0.0,,Jackson Narasimhan,Toilets locked,50.0
INSP02846,2026-02-12,SCH0258,0.0,1.0,1.0,1.0,0.0,Ishanvi Arya,Average,40.0
INSP02987,2025-06-24,SCH0131,,1.0,1.0,0.0,1.0,Kevin Gade,Needs repair,25.0
INSP00103,2026-02-24,0022,1.0,1.0,1.0,1.0,1.0,Netra Ram,Average,0.0
INSP00415,2025-11-05,SCH0093,1.0,1.0,,1.0,1.0,Liam Sibal,Average,0.0
INSP02697,2026-02-12,SCH0122,1.0,1.0,1.0,0.0,1.0,Hritik Naidu,Toilets locked,20.0
INSP01484,2025-12-21,S0362,1.0,1.0,1.0,1.0,1.0,Hamsini Pandya,Toilets locked,0.0
INSP01188,2025-06-15,SCH0005,,,1.0,0.0,1.0,Max Shenoy,Toilets locked,33.33
INSP01730,2025-10-26,SCH0476,0.0,1.0,1.0,1.0,0.0,Unknown Inspector,Good condition,40.0
INSP02006,2025-08-02,0075,,1.0,1.0,,,Zashil Hegde,Average,0.0
INSP02154,2025-10-12,0434,1.0,0.0,1.0,1.0,,Unknown Inspector,No remarks,25.0
INSP02572,2025-04-28,SCH0556,1.0,0.0,1.0,,1.0,Girindra Tiwari,No Remarks,25.0
INSP01147,2025-09-30,SCH0535,1.0,0.0,1.0,0.0,0.0,Vritti Agarwal,No remarks,60.0
INSP00310,2026-02-20,SCH0037,1.0,,1.0,1.0,,Unknown Inspector,No Remarks,0.0
INSP02274,2025-12-19,0434,1.0,1.0,1.0,1.0,,Baghyawati Chana,Toilets locked,0.0
INSP02440,2026-09-01,SCH0458,0.0,1.0,1.0,1.0,0.0,Shivansh Trivedi,Toilets locked,40.0
INSP00193,2026-12-03,SCH0533,0.0,1.0,1.0,1.0,1.0,Shivansh Tara,No remarks,20.0
INSP00195,2025-07-12,SCH0346,1.0,1.0,1.0,1.0,0.0,Nimrat Hayer,Toilets locked,20.0
INSP00777,2025-06-18,S0058,1.0,0.0,,1.0,0.0,Oeshi Pradhan,Needs repair,50.0
INSP01678,2026-03-24,SCH0263,,,1.0,1.0,0.0,Fitan Halder,Toilets locked,33.33
INSP01236,2025-03-11,SCH0442,0.0,1.0,0.0,0.0,,Unknown Inspector,Good condition,75.0
INSP01394,2025-09-14,SCH0261,1.0,1.0,1.0,0.0,0.0,Yamini Naidu,Needs repair,40.0
INSP00045,2025-11-04,SCH0003,1.0,1.0,0.0,1.0,1.0,Nicholas Keer,No remarks,20.0
INSP01765,2025-04-28,S0167,0.0,1.0,0.0,0.0,0.0,Zinal Bhavsar,Average,80.0
INSP00946,2025-06-09,SCH0129,1.0,1.0,1.0,0.0,1.0,Isaac Khatri,No Remarks,20.0
INSP02052,2025-08-18,SCH0398,1.0,1.0,0.0,1.0,0.0,Peter Mody,No remarks,40.0
INSP00830,2025-07-20,SCH0526,1.0,0.0,,1.0,0.0,Yatin Ghose,Toilets locked,50.0
INSP02967,2025-09-16,SCH0153,,1.0,1.0,0.0,0.0,Falak Jaggi,Good condition,50.0
INSP02922,2026-02-04,SCH0194,1.0,,1.0,1.0,0.0,Isaiah Nagarajan,No Remarks,25.0
INSP01279,2025-12-13,SCH0475,1.0,1.0,0.0,1.0,,Ekani Oommen,Average,25.0
INSP02900,2025-06-28,S0138,0.0,1.0,1.0,1.0,0.0,Maya Sastry,No Remarks,40.0
INSP02808,2025-04-30,SCH0052,0.0,1.0,1.0,0.0,1.0,Vyanjana Badal,Good condition,40.0
INSP01802,2026-02-28,SCH0364,0.0,1.0,1.0,1.0,0.0,Aishani Dhillon,Needs repair,40.0
INSP00486,2025-09-06,SCH0501,,1.0,1.0,0.0,1.0,Faras Yohannan,Average,25.0
INSP02372,2026-03-13,SCH0600,1.0,0.0,1.0,1.0,0.0,Upkaar Narang,Good condition,40.0
INSP00443,2025-05-15,SCH0530,,0.0,1.0,1.0,,Gauri Deshmukh,Average,33.33
INSP01642,2025-11-26,SCH0239,1.0,1.0,1.0,,1.0,Vasudha Jayaraman,Average,0.0
INSP02598,2025-04-28,SCH0223,1.0,1.0,1.0,1.0,1.0,Pranav Master,Average,0.0
INSP01714,2025-05-07,SCH0320,0.0,1.0,1.0,1.0,1.0,Unknown Inspector,Good condition,20.0
INSP02982,2025-09-26,SCH0169,,1.0,,,1.0,Sanya Choudhry,Toilets locked,0.0
INSP00757,2025-10-22,SCH0129,0.0,,1.0,0.0,1.0,Bhanumati Sridhar,Needs repair,50.0
INSP01881,2025-04-29,SCH0593,1.0,1.0,1.0,1.0,0.0,Hemani Chander,No remarks,20.0
INSP00241,2025-11-09,SCH0360,1.0,1.0,1.0,1.0,1.0,Peter Rajagopalan,Needs repair,0.0
INSP02355,2026-01-22,SCH0211,1.0,1.0,0.0,1.0,1.0,Alexander Gokhale,No Remarks,20.0
INSP01666,2025-12-27,S0199,1.0,1.0,0.0,0.0,,Diya Saini,No Remarks,50.0
INSP02431,2026-03-16,0083,1.0,,1.0,0.0,1.0,Ikshita Dhillon,No remarks,25.0
INSP01744,2026-02-10,SCH0308,,1.0,1.0,0.0,1.0,Ekansh Bhandari,No remarks,25.0
INSP00140,2025-10-07,SCH0103,1.0,1.0,0.0,1.0,0.0,Zaitra Chandran,Good condition,40.0
INSP00347,2025-09-16,SCH0194,,1.0,0.0,,1.0,Neel Murthy,No Remarks,33.33
INSP01537,2025-10-29,0105,1.0,1.0,1.0,0.0,1.0,Chandran Gopal,No Remarks,20.0
INSP00315,2025-11-13,SCH0483,1.0,1.0,1.0,,0.0,Anvi Tara,Needs repair,25.0
INSP01743,2026-02-06,SCH0257,1.0,1.0,1.0,1.0,1.0,Unknown Inspector,No Remarks,0.0
INSP00323,2025-02-10,SCH0316,1.0,1.0,1.0,0.0,,Raksha Jain,Good condition,25.0
INSP01682,2026-01-07,SCH0302,,1.0,1.0,1.0,1.0,Vaishnavi Rau,Average,0.0
INSP01460,2025-09-05,0289,,0.0,1.0,,,Charles Bahri,Average,50.0
INSP02034,2026-12-01,SCH0386,1.0,0.0,0.0,0.0,0.0,Zarna Rau,No Remarks,80.0
INSP00257,2025-07-21,SCH0408,,1.0,,1.0,1.0,Advay Rama,Average,0.0
INSP02300,2026-01-17,SCH0566,,0.0,1.0,0.0,1.0,Balhaar Wable,Toilets locked,50.0
INSP01732,2025-11-12,SCH0529,1.0,0.0,0.0,1.0,0.0,Dalaja Lala,Needs repair,60.0
INSP02601,2026-01-03,SCH0154,1.0,1.0,1.0,,,Vrishti Dugar,Toilets locked,0.0
INSP00204,2025-09-06,SCH0590,1.0,1.0,,1.0,1.0,Jacob Mani,No remarks,0.0
INSP01785,2025-04-03,SCH0488,0.0,1.0,1.0,,0.0,Vidhi Om,Good condition,50.0
INSP00299,2025-12-14,SCH0599,0.0,1.0,,0.0,0.0,Odika Bhandari,No Remarks,75.0
INSP00052,2025-12-07,SCH0320,0.0,1.0,1.0,0.0,0.0,Daksha Kapadia,Good condition,60.0
INSP00215,2025-05-19,SCH0419,1.0,1.0,1.0,0.0,0.0,Ikbal Nagy,Needs repair,40.0
INSP00064,2026-03-03,SCH0051,,1.0,1.0,0.0,0.0,Forum Choudhary,Toilets locked,50.0
INSP02497,2026-02-23,SCH0004,1.0,1.0,1.0,1.0,0.0,Ayushman Vyas,Needs repair,20.0
INSP02801,2025-05-08,SCH0473,,,0.0,1.0,1.0,Lavanya Thaker,Needs repair,33.33
INSP01358,2025-11-12,SCH0527,1.0,0.0,1.0,0.0,0.0,Ojasvi Chad,Toilets locked,60.0
INSP00300,2025-04-13,SCH0443,0.0,1.0,1.0,0.0,1.0,Yauvani Narang,Toilets locked,40.0
INSP00433,2025-08-27,SCH0523,,1.0,1.0,1.0,1.0,Viraj Munshi,Toilets locked,0.0
INSP01101,2026-02-26,SCH0512,0.0,1.0,1.0,0.0,1.0,Abdul Dayal,Average,40.0
INSP00053,2025-04-05,SCH0112,1.0,1.0,1.0,1.0,0.0,Lipika Agarwal,Needs repair,20.0
INSP00795,2025-10-20,0458,0.0,1.0,,1.0,,Caleb Pandya,No remarks,33.33
INSP02078,2025-10-15,SCH0542,,1.0,1.0,0.0,0.0,Raghav Bakshi,Average,50.0
INSP01252,2025-10-22,SCH0450,1.0,1.0,1.0,0.0,0.0,Dev Sawhney,Average,40.0
INSP01075,2025-09-03,SCH0176,0.0,1.0,0.0,1.0,0.0,Oviya Sidhu,Average,60.0
INSP02378,2025-07-03,SCH0441,1.0,,1.0,1.0,0.0,Manthan Bora,No Remarks,25.0
INSP01588,2025-12-12,SCH0440,1.0,1.0,1.0,1.0,,Yatin Mander,Toilets locked,0.0
INSP01289,2025-10-31,SCH0546,1.0,1.0,1.0,1.0,1.0,Brijesh Natarajan,Toilets locked,0.0
INSP01675,2025-08-26,SCH0035,1.0,,1.0,1.0,,Rachana Vaidya,No remarks,0.0
INSP02133,2026-01-12,SCH0367,1.0,0.0,1.0,,0.0,Krishna Viswanathan,Toilets locked,50.0
INSP01448,2026-03-03,SCH0422,1.0,1.0,1.0,,0.0,Isaac Pall,Average,25.0
INSP02897,2025-10-14,SCH0263,1.0,1.0,0.0,0.0,0.0,Idika Muni,No remarks,60.0
INSP00071,2025-08-20,0047,1.0,,1.0,0.0,0.0,Advaith Ghosh,No remarks,50.0
INSP00643,2026-03-30,SCH0506,,1.0,,1.0,1.0,Anjali Lalla,No remarks,0.0
INSP02543,2026-03-04,SCH0164,0.0,1.0,1.0,0.0,,Quincy Ramaswamy,No remarks,50.0
INSP00945,2025-11-12,SCH0073,1.0,1.0,1.0,0.0,,Omaja Ghose,Toilets locked,25.0
INSP02852,2026-01-11,SCH0050,1.0,1.0,1.0,,0.0,Hardik Venkatesh,No Remarks,25.0
INSP02539,2025-04-21,SCH0131,1.0,,1.0,1.0,1.0,Jeet Swaminathan,No Remarks,0.0
INSP01106,2025-04-13,SCH0254,1.0,,1.0,1.0,,Unknown Inspector,No remarks,0.0
INSP01175,2025-04-22,SCH0422,0.0,,1.0,,0.0,Amaira Tara,Average,66.67
INSP02670,2025-08-10,SCH0525,0.0,,0.0,1.0,,Krish Kala,No Remarks,66.67
INSP01757,2025-04-25,SCH0354,,1.0,1.0,1.0,1.0,Siya Kashyap,No Remarks,0.0
INSP00479,2025-07-09,SCH0535,1.0,0.0,1.0,,,Eiravati Buch,Toilets locked,33.33
INSP02178,2026-03-01,S0160,1.0,1.0,0.0,,1.0,Madhav Rattan,Needs repair,25.0
INSP02429,2025-06-14,0291,1.0,1.0,0.0,1.0,0.0,Ekantika Nath,Needs repair,40.0
INSP00730,2025-10-09,SCH0305,1.0,0.0,1.0,,0.0,Eshana Dey,Needs repair,50.0
INSP01761,2025-07-18,S0564,,1.0,1.0,,,Tanveer Reddy,Average,0.0
INSP02282,2025-10-30,SCH0168,1.0,1.0,1.0,0.0,1.0,Yug Sur,Average,20.0
INSP00290,2025-12-28,S0416,,1.0,,1.0,1.0,Warjas Vala,No Remarks,0.0
INSP01092,2025-12-23,SCH0532,1.0,1.0,1.0,0.0,1.0,Balendra Warrior,Needs repair,20.0
INSP01420,2025-05-01,SCH0040,0.0,1.0,1.0,1.0,,Darsh Nori,Needs repair,25.0
INSP00451,2025-07-15,0490,1.0,1.0,0.0,,,Qushi Tella,Average,33.33
INSP02443,2026-02-23,SCH0473,1.0,,1.0,1.0,,Chavvi Pradhan,No Remarks,0.0
INSP00808,2025-02-07,SCH0493,,0.0,0.0,1.0,,Azaan Basak,No Remarks,66.67
INSP00464,2025-06-30,SCH0227,1.0,1.0,1.0,1.0,0.0,Bhavya Doshi,Average,20.0
INSP02529,2025-07-19,SCH0041,1.0,1.0,0.0,1.0,1.0,Advik Raja,Needs repair,20.0
INSP02699,2025-12-03,SCH0482,1.0,1.0,0.0,1.0,0.0,Unknown Inspector,No Remarks,40.0
INSP00568,2026-03-31,0043,1.0,,0.0,0.0,0.0,Edhitha Srivastava,Needs repair,75.0
INSP01611,2025-11-06,SCH0493,1.0,1.0,1.0,,1.0,Zehaan Virk,Needs repair,0.0
INSP00077,2025-08-18,SCH0186,0.0,,,1.0,0.0,Aachal Chandra,Good condition,66.67
INSP00332,2025-08-20,SCH0450,1.0,1.0,1.0,1.0,1.0,Fiyaz Chanda,Average,0.0
INSP00612,2026-03-17,SCH0327,1.0,1.0,1.0,0.0,,Geetika Raman,No Remarks,25.0
INSP01074,2025-10-12,S0265,,1.0,1.0,,0.0,Tanvi Wagle,Toilets locked,33.33
INSP00786,2026-02-13,SCH0313,,0.0,,1.0,1.0,Zarna Bhargava,No remarks,33.33
INSP00046,2025-11-14,S0280,1.0,,1.0,1.0,0.0,Naksh Ray,Good condition,25.0
INSP02908,2025-06-12,SCH0248,1.0,1.0,,1.0,0.0,Bhavani Gaba,Toilets locked,25.0
INSP00344,2026-01-06,SCH0451,1.0,1.0,1.0,,1.0,Ganga Korpal,Toilets locked,0.0
INSP02171,2025-11-27,S0171,1.0,1.0,0.0,0.0,0.0,Anirudh Muni,Good condition,60.0
INSP01560,2025-06-09,0554,1.0,1.0,1.0,0.0,0.0,Unknown Inspector,Needs repair,40.0
INSP00545,2025-06-02,SCH0302,0.0,,1.0,1.0,1.0,Ishanvi Wason,Needs repair,25.0
INSP01024,2025-11-08,SCH0428,1.0,1.0,1.0,1.0,1.0,Rehaan Ahluwalia,No remarks,0.0
INSP00153,2025-10-15,SCH0540,1.0,,1.0,1.0,1.0,Geetika Kulkarni,No Remarks,0.0
INSP01981,2025-05-03,SCH0499,1.0,1.0,1.0,0.0,0.0,Unknown Inspector,Toilets locked,40.0
INSP01323,2025-09-07,SCH0264,1.0,1.0,,1.0,0.0,Triya Dutta,No remarks,25.0
INSP01019,2025-06-06,SCH0303,1.0,1.0,1.0,1.0,,Vedant Hayer,No remarks,0.0
INSP02182,2026-01-29,SCH0248,1.0,,1.0,0.0,1.0,Krisha Mital,Good condition,25.0
INSP00001,2025-09-22,0087,1.0,1.0,1.0,1.0,,Ira Ranganathan,Good condition,0.0
INSP01463,2025-06-28,S0247,0.0,,0.0,1.0,1.0,Alexander Garde,Needs repair,50.0
INSP00622,2025-10-05,SCH0089,0.0,1.0,1.0,0.0,0.0,Girish Batta,Average,60.0
INSP00409,2025-04-17,SCH0069,,1.0,1.0,0.0,,Vaishnavi Sarkar,No remarks,33.33
INSP02837,2025-06-04,SCH0424,0.0,,0.0,0.0,,Gabriel Biswas,Average,100.0
INSP01967,2025-08-30,SCH0105,1.0,,1.0,0.0,0.0,Yoshita Sridhar,Toilets locked,50.0
INSP02845,2025-11-29,SCH0341,1.0,1.0,1.0,1.0,1.0,Parth Bawa,Average,0.0
INSP01622,2026-03-15,SCH0546,1.0,1.0,0.0,0.0,1.0,Chaman Dubey,No Remarks,40.0
INSP01367,2025-12-21,SCH0078,1.0,1.0,1.0,1.0,1.0,Suhani Viswanathan,Good condition,0.0
INSP00888,2025-08-21,SCH0179,0.0,,1.0,,,Niharika Subramaniam,No Remarks,50.0
INSP01845,2025-05-20,SCH0105,1.0,,1.0,1.0,,Wridesh Patil,No Remarks,0.0
INSP00033,2025-06-24,SCH0323,,1.0,1.0,1.0,1.0,Urvi Dani,No Remarks,0.0
INSP00212,2025-05-22,SCH0080,,1.0,1.0,0.0,0.0,Daksh Vora,Good condition,50.0
INSP02551,2025-12-20,SCH0186,1.0,1.0,,1.0,0.0,David Cheema,Toilets locked,25.0
INSP00015,2025-04-05,SCH0124,1.0,1.0,0.0,,1.0,Yashoda Jani,Average,25.0
INSP00094,2025-10-28,SCH0234,1.0,,1.0,0.0,1.0,Ekapad Rattan,Needs repair,25.0
INSP01256,2025-08-30,SCH0037,,1.0,1.0,1.0,1.0,Manya Mody,No remarks,0.0
INSP01398,2025-11-05,SCH0517,1.0,1.0,1.0,0.0,0.0,Wahab Patil,Toilets locked,40.0
INSP02819,2025-11-10,SCH0116,1.0,1.0,0.0,,1.0,Unknown Inspector,Good condition,25.0
INSP00355,2026-03-02,SCH0410,1.0,1.0,,1.0,0.0,Yoshita Nazareth,Average,25.0
INSP00150,2025-12-30,SCH0428,1.0,0.0,0.0,0.0,1.0,Christopher Dutt,Good condition,60.0
INSP00255,2025-05-05,SCH0540,1.0,1.0,,1.0,1.0,Jai Varughese,Average,0.0
INSP02030,2025-04-04,SCH0010,1.0,1.0,0.0,1.0,0.0,Unknown Inspector,No Remarks,40.0
INSP00599,2025-04-13,S0292,1.0,1.0,,1.0,0.0,Bakhshi Shan,No Remarks,25.0
INSP00185,2025-05-30,S0041,0.0,1.0,1.0,0.0,0.0,Osha Iyengar,No remarks,60.0
INSP00579,2025-06-07,SCH0345,0.0,1.0,,0.0,0.0,Unknown Inspector,Average,75.0
INSP01091,2025-12-09,S0447,,1.0,1.0,1.0,1.0,Unknown Inspector,No Remarks,0.0
INSP01174,2025-11-25,SCH0340,1.0,1.0,1.0,1.0,0.0,Maanav Rau,Needs repair,20.0
INSP02252,2025-04-12,SCH0476,1.0,1.0,,0.0,0.0,Anita Kannan,No Remarks,50.0
INSP00472,2025-08-26,SCH0242,1.0,1.0,1.0,0.0,1.0,Janya Lalla,Average,20.0
INSP01966,2026-03-13,0281,1.0,1.0,0.0,0.0,1.0,Vihaan Varma,Good condition,40.0
INSP01964,2025-06-21,SCH0598,,1.0,,1.0,0.0,Jeevika Pandit,Average,33.33
INSP01303,2026-03-17,SCH0359,1.0,1.0,,1.0,0.0,Vihaan Bora,Good condition,25.0
INSP02998,2026-03-20,SCH0117,1.0,1.0,,1.0,0.0,Arya Shenoy,Toilets locked,25.0
INSP00258,2025-07-06,SCH0067,0.0,1.0,,1.0,,Unnati Iyengar,Toilets locked,33.33
INSP00933,2025-07-02,SCH0176,0.0,1.0,1.0,1.0,1.0,Yashasvi Sethi,No remarks,20.0
INSP01685,2025-11-20,SCH0505,1.0,1.0,,,0.0,Ayushman Chand,Average,33.33
INSP00719,2025-12-06,SCH0533,1.0,1.0,1.0,1.0,1.0,Harinakshi Boase,No Remarks,0.0
INSP00597,2026-06-02,0014,0.0,1.0,0.0,1.0,0.0,Rohan Rau,No remarks,60.0
INSP00611,2025-09-01,S0432,1.0,1.0,1.0,1.0,1.0,Nachiket Purohit,No remarks,0.0
INSP00756,2025-10-24,SCH0489,,1.0,1.0,0.0,0.0,Suhani Baral,Toilets locked,50.0
INSP02326,2025-08-14,SCH0196,,1.0,1.0,1.0,1.0,Wazir Varty,Good condition,0.0
INSP01507,2025-09-28,SCH0177,0.0,,1.0,0.0,1.0,Chanchal Parmer,No Remarks,50.0
INSP02488,2025-12-13,SCH0209,1.0,,1.0,1.0,0.0,Urvi Datta,Toilets locked,25.0
INSP01887,2025-07-16,0019,1.0,,1.0,1.0,,Balvan Vohra,No Remarks,0.0
INSP01339,2025-04-11,SCH0428,0.0,1.0,0.0,1.0,,Unknown Inspector,Good condition,50.0
INSP02612,2025-09-08,SCH0400,,,1.0,0.0,0.0,Wahab Thakkar,No remarks,66.67
INSP00175,2025-04-18,SCH0427,1.0,1.0,,0.0,,Abdul Ratti,Average,33.33
INSP01392,2025-07-10,S0428,1.0,,1.0,1.0,1.0,Yug Pradhan,Needs repair,0.0
INSP02249,2026-03-17,SCH0026,1.0,1.0,1.0,1.0,,Tanmayi Goel,No Remarks,0.0
INSP00121,2025-09-08,SCH0480,1.0,,1.0,,1.0,Ekanta Ramesh,No remarks,0.0
INSP02893,2026-09-01,SCH0257,1.0,1.0,1.0,1.0,1.0,Maya Cheema,Toilets locked,0.0
INSP00529,2026-03-25,SCH0080,1.0,,1.0,,1.0,Jacob Buch,Needs repair,0.0
INSP02568,2026-01-24,SCH0356,1.0,1.0,0.0,1.0,1.0,Mahika Swaminathan,No Remarks,20.0
INSP00904,2026-02-13,S0380,,,1.0,,0.0,Sai Vasa,Toilets locked,50.0
INSP02916,2026-03-19,SCH0327,1.0,1.0,0.0,0.0,1.0,Aditya Korpal,Needs repair,40.0
INSP00440,2025-10-15,SCH0026,1.0,1.0,1.0,1.0,1.0,Ronith Desai,Toilets locked,0.0
INSP01379,2025-06-04,SCH0026,1.0,,1.0,1.0,,Samar Sandal,Average,0.0
INSP02773,2025-08-27,SCH0124,1.0,1.0,1.0,1.0,1.0,Pratyush Parsa,Good condition,0.0
INSP02145,2025-07-12,SCH0522,1.0,,0.0,1.0,,Hemal Contractor,Good condition,33.33
INSP00189,2025-12-10,SCH0311,1.0,1.0,1.0,1.0,,Ishanvi Mangal,Average,0.0
INSP01951,2025-08-13,SCH0202,1.0,1.0,0.0,1.0,1.0,Unknown Inspector,Average,20.0
INSP01265,2026-12-01,SCH0122,1.0,1.0,1.0,,0.0,Maanas Murty,Toilets locked,25.0
INSP02351,2025-04-20,SCH0204,1.0,0.0,1.0,0.0,,Leena Wason,No Remarks,50.0
INSP01115,2025-04-09,SCH0269,,0.0,,1.0,,Darsh Krishna,No remarks,50.0
INSP00271,2026-01-12,SCH0240,1.0,,1.0,1.0,0.0,Timothy Ghosh,Toilets locked,25.0
INSP00252,2025-04-10,SCH0111,1.0,1.0,1.0,1.0,0.0,Mohini Soni,No Remarks,20.0
INSP00369,2026-03-27,0347,0.0,1.0,,1.0,1.0,Geetika Mishra,Toilets locked,25.0
INSP00388,2025-06-27,SCH0573,1.0,1.0,,,1.0,Ishaan Chandran,Average,0.0
INSP01422,2026-09-01,SCH0024,1.0,1.0,,1.0,0.0,George Rai,Good condition,25.0
INSP00810,2025-10-25,SCH0511,,1.0,1.0,0.0,0.0,Ira Lall,No Remarks,50.0
INSP01953,2025-06-06,SCH0033,0.0,,,,1.0,Ria Ray,No remarks,50.0
INSP02483,2025-06-27,SCH0237,,,1.0,1.0,1.0,Bhanumati Balay,Needs repair,0.0
INSP00247,2025-12-19,SCH0255,0.0,1.0,0.0,1.0,0.0,Unknown Inspector,Needs repair,60.0
INSP01238,2025-05-20,SCH0211,1.0,1.0,,1.0,1.0,Finn Oommen,No remarks,0.0
INSP02432,2025-08-05,S0406,1.0,,1.0,,1.0,Lekha Khanna,Average,0.0
INSP01150,2025-10-09,SCH0432,,1.0,1.0,0.0,0.0,Abhimanyu Gopal,Needs repair,50.0
INSP02168,2025-03-09,S0592,,1.0,,1.0,,Isha Nazareth,No Remarks,0.0
INSP00977,2025-08-28,0305,1.0,1.0,1.0,,0.0,Samar Modi,Good condition,25.0
INSP02500,2025-09-14,SCH0294,1.0,1.0,1.0,1.0,,Unknown Inspector,Needs repair,0.0
INSP02165,2025-10-31,SCH0541,1.0,1.0,1.0,1.0,1.0,Vansha Mand,Toilets locked,0.0
INSP00444,2026-02-04,SCH0458,1.0,1.0,,1.0,1.0,Abha Om,Toilets locked,0.0
INSP02806,2025-12-10,0599,1.0,1.0,0.0,0.0,1.0,Abhiram Karnik,Needs repair,40.0
INSP00565,2025-07-21,S0573,1.0,,1.0,1.0,0.0,Lohit Palan,Good condition,25.0
INSP02093,2025-10-29,S0375,1.0,1.0,1.0,,1.0,Rudra Master,Toilets locked,0.0
INSP00677,2025-11-04,SCH0143,0.0,1.0,1.0,1.0,0.0,Turvi Agarwal,Needs repair,40.0
INSP00880,2025-07-08,SCH0590,,1.0,1.0,,0.0,Unknown Inspector,Toilets locked,33.33
INSP02660,2026-07-03,SCH0552,1.0,1.0,0.0,1.0,,Nidra Bhatt,No remarks,25.0
INSP01860,2025-08-17,SCH0576,1.0,1.0,1.0,,,Onveer Kalla,Toilets locked,0.0
INSP02795,2025-12-15,SCH0260,1.0,1.0,1.0,1.0,0.0,Arin Seshadri,Average,20.0
INSP00176,2025-11-13,SCH0556,1.0,1.0,1.0,0.0,0.0,Tanay Master,Toilets locked,40.0
INSP00556,2025-06-16,SCH0479,,1.0,1.0,0.0,0.0,Banjeet Garde,Toilets locked,50.0
INSP02222,2025-11-19,SCH0140,1.0,1.0,1.0,,,Tanvi Gupta,Average,0.0
INSP01557,2025-04-23,S0097,0.0,1.0,1.0,1.0,1.0,Vidhi Dora,Good condition,20.0
INSP02959,2026-02-24,SCH0062,0.0,,1.0,1.0,0.0,Zinal Halder,No remarks,50.0
INSP02293,2026-03-07,0237,0.0,1.0,1.0,0.0,0.0,Janani Varkey,No remarks,60.0
INSP01809,2025-12-19,S0294,1.0,1.0,,,1.0,Nathaniel Mani,Needs repair,0.0
INSP00868,2025-04-09,SCH0321,,0.0,1.0,0.0,0.0,Unknown Inspector,Good condition,75.0
INSP02119,2025-04-30,SCH0022,1.0,1.0,1.0,1.0,1.0,Dalbir Tandon,Good condition,0.0
INSP00450,2025-12-28,SCH0066,0.0,1.0,1.0,,1.0,Unknown Inspector,Toilets locked,25.0
INSP01135,2025-10-20,SCH0317,1.0,0.0,0.0,,0.0,Advik Peri,Needs repair,75.0
INSP01851,2026-02-28,SCH0294,1.0,1.0,1.0,1.0,1.0,Keya Dua,No Remarks,0.0
INSP00582,2025-12-27,S0312,0.0,,0.0,,0.0,Lekha Mammen,No Remarks,100.0
INSP02491,2026-01-27,SCH0066,0.0,1.0,1.0,0.0,1.0,Eta Lalla,Average,40.0
INSP02051,2025-10-22,SCH0072,1.0,,1.0,1.0,1.0,Thomas Dhar,Good condition,0.0
INSP02664,2025-06-13,SCH0199,0.0,1.0,0.0,,,Bakhshi Koshy,No remarks,66.67
INSP01426,2026-01-18,SCH0067,1.0,1.0,1.0,1.0,1.0,Urvi Chandra,Average,0.0
INSP02172,2025-05-25,SCH0172,0.0,1.0,1.0,1.0,1.0,Upadhriti Singhal,No remarks,20.0
INSP00765,2025-04-26,SCH0333,,1.0,0.0,0.0,,Maanas Gupta,No Remarks,66.67
INSP02549,2025-04-10,SCH0193,1.0,1.0,1.0,,0.0,Advik Morar,Good condition,25.0
INSP00508,2026-03-14,SCH0042,1.0,1.0,0.0,1.0,1.0,Unknown Inspector,Good condition,20.0
INSP01946,2025-11-13,SCH0282,1.0,1.0,1.0,0.0,1.0,Yug Sachdeva,Average,20.0
INSP00267,2025-12-26,SCH0482,1.0,1.0,1.0,0.0,0.0,Manthan Maharaj,Needs repair,40.0
INSP00197,2026-01-14,SCH0416,,0.0,,1.0,1.0,Rajata Sarraf,Average,33.33
INSP02941,2025-04-18,SCH0198,1.0,,1.0,0.0,0.0,Jalsa Dhar,Average,50.0
INSP00089,2025-06-14,SCH0256,,1.0,0.0,0.0,1.0,Thomas Kar,No remarks,50.0
INSP02884,2025-12-06,SCH0265,1.0,1.0,1.0,0.0,1.0,Nitara Chandra,Needs repair,20.0
INSP01318,2025-06-06,S0350,1.0,1.0,1.0,1.0,0.0,Unknown Inspector,Good condition,20.0
INSP02826,2025-04-13,SCH0414,1.0,1.0,1.0,1.0,1.0,Warinder Palan,Good condition,0.0
INSP00679,2025-07-25,SCH0278,1.0,1.0,0.0,1.0,0.0,Wishi Hayre,No remarks,40.0
INSP00913,2025-05-03,S0592,,1.0,1.0,1.0,0.0,Aarini Korpal,Toilets locked,25.0
INSP00728,2026-03-30,SCH0033,,1.0,1.0,1.0,1.0,Ridhi Gour,No remarks,0.0
INSP00411,2026-01-23,SCH0049,1.0,,1.0,1.0,0.0,Harita Bala,Needs repair,25.0
INSP00991,2026-01-22,SCH0546,1.0,1.0,1.0,1.0,0.0,Keya Sampath,Good condition,20.0
INSP00583,2025-06-25,SCH0152,0.0,0.0,1.0,1.0,0.0,Unknown Inspector,Needs repair,60.0
INSP02724,2025-12-23,SCH0574,1.0,1.0,1.0,,0.0,Urvi D’Alia,No Remarks,25.0
INSP00026,2025-09-25,0114,,1.0,1.0,1.0,1.0,Unknown Inspector,Needs repair,0.0
INSP02359,2025-08-03,SCH0388,,1.0,1.0,1.0,,Eshana Devan,No Remarks,0.0
INSP02709,2025-11-12,SCH0525,1.0,1.0,1.0,1.0,,Unknown Inspector,No remarks,0.0
INSP01948,2025-11-04,S0221,1.0,1.0,1.0,1.0,1.0,Wahab Nadig,Toilets locked,0.0
INSP02015,2025-08-22,SCH0162,1.0,1.0,1.0,,0.0,Isaac Verma,Toilets locked,25.0
INSP02164,2026-01-23,SCH0093,1.0,,1.0,0.0,0.0,Chameli Ravel,No remarks,50.0
INSP01840,2026-12-03,S0388,1.0,,1.0,,,Laksh Puri,Toilets locked,0.0
INSP00322,2025-08-25,SCH0408,1.0,0.0,1.0,0.0,1.0,Harrison Sharaf,Toilets locked,40.0
INSP01427,2025-04-25,SCH0474,1.0,1.0,,1.0,0.0,Siddharth Rajagopalan,Average,25.0
INSP02426,2025-07-14,SCH0567,1.0,0.0,1.0,1.0,1.0,Jack Thaker,Average,20.0
INSP01610,2025-08-30,SCH0406,1.0,,,1.0,0.0,Abhiram Kapadia,No Remarks,33.33
INSP00424,2025-10-22,S0072,1.0,,1.0,1.0,,Jonathan Murty,Needs repair,0.0
INSP01413,2025-05-09,S0543,1.0,1.0,1.0,0.0,1.0,Jairaj Buch,No Remarks,20.0
INSP00068,2025-08-05,SCH0361,1.0,,1.0,0.0,1.0,Wahab Vala,No Remarks,25.0
INSP02294,2026-03-07,S0319,1.0,1.0,1.0,1.0,0.0,Yashica Chatterjee,Toilets locked,20.0
INSP01619,2025-09-13,SCH0001,0.0,1.0,,,0.0,Devika Walia,Toilets locked,66.67
INSP02607,2026-01-17,SCH0046,1.0,0.0,,1.0,0.0,Yuvraj Dey,Average,50.0
INSP00032,2025-05-28,SCH0556,1.0,1.0,1.0,1.0,1.0,Sai Rana,Good condition,0.0
INSP02679,2025-12-05,SCH0412,0.0,1.0,1.0,0.0,,Samesh Koshy,Good condition,50.0
INSP00528,2025-08-11,SCH0415,,1.0,1.0,1.0,1.0,Ekavir Jayaraman,No Remarks,0.0
INSP02288,2025-12-12,SCH0332,1.0,1.0,1.0,,1.0,Geetika Chatterjee,Average,0.0
INSP00458,2026-01-14,SCH0311,1.0,1.0,1.0,1.0,0.0,Zansi Dhar,No remarks,20.0
INSP02659,2026-02-12,SCH0175,,1.0,1.0,0.0,0.0,Michael Doctor,Average,50.0
INSP02902,2025-04-19,SCH0217,1.0,1.0,,1.0,1.0,Chasmum Sheth,No Remarks,0.0
INSP02454,2025-06-28,SCH0341,1.0,1.0,1.0,,,Unknown Inspector,No remarks,0.0
INSP02919,2026-01-08,SCH0463,1.0,1.0,1.0,1.0,1.0,Gaurika Acharya,Good condition,0.0
INSP00863,2025-06-22,SCH0195,0.0,1.0,1.0,1.0,1.0,Caleb Thaman,Good condition,20.0
INSP02675,2025-12-05,SCH0065,1.0,1.0,1.0,,,Lavanya Chad,Needs repair,0.0
INSP00167,2026-01-03,SCH0002,,1.0,,1.0,1.0,Ekapad Bandi,Average,0.0
INSP00125,2025-09-08,SCH0213,0.0,1.0,1.0,1.0,0.0,Yashica Dhar,Average,40.0
INSP02595,2025-07-04,SCH0201,1.0,1.0,1.0,1.0,0.0,Unknown Inspector,Good condition,20.0
INSP00683,2025-06-02,SCH0075,0.0,1.0,1.0,0.0,0.0,Aarna Khalsa,Average,60.0
INSP02330,2025-07-18,SCH0296,0.0,1.0,1.0,0.0,1.0,Manya Vasa,Average,40.0
INSP00573,2025-05-26,SCH0521,0.0,,0.0,1.0,,Hema Badal,Toilets locked,66.67
INSP01199,2025-12-16,SCH0448,1.0,,1.0,1.0,0.0,Gaurav Ramaswamy,Toilets locked,25.0
INSP01090,2026-03-05,SCH0425,1.0,1.0,1.0,1.0,,Sneha Bhalla,No Remarks,0.0
INSP01360,2025-07-13,SCH0168,1.0,1.0,,1.0,1.0,Triya Dewan,Toilets locked,0.0
INSP02365,2025-07-03,SCH0260,1.0,1.0,1.0,1.0,,Chanakya Manne,Good condition,0.0
INSP00507,2025-11-09,SCH0570,1.0,1.0,1.0,1.0,1.0,Anamika Parmar,Average,0.0
INSP01273,2025-12-23,SCH0191,1.0,1.0,1.0,1.0,,Aachal Garg,Good condition,0.0
INSP02712,2025-05-20,SCH0016,1.0,0.0,1.0,1.0,1.0,Jacob Dani,Toilets locked,20.0
INSP02046,2025-12-04,SCH0228,,0.0,1.0,1.0,1.0,Warda Mander,Needs repair,25.0
INSP01711,2025-07-07,SCH0017,0.0,1.0,1.0,,1.0,Yamini Venkataraman,No Remarks,25.0
INSP02871,2025-05-25,SCH0126,1.0,,1.0,,0.0,Devansh Jaggi,Average,33.33
INSP02468,2025-08-07,SCH0528,1.0,1.0,1.0,1.0,1.0,Arjun Dyal,Toilets locked,0.0
INSP00931,2025-11-09,S0040,1.0,1.0,1.0,1.0,,Chaitanya Palla,No remarks,0.0
INSP00177,2026-01-27,SCH0137,1.0,0.0,0.0,0.0,,Shivani Dutt,Good condition,75.0
INSP00595,2025-04-23,SCH0586,1.0,,1.0,1.0,1.0,Upadhriti Parmar,Good condition,0.0
INSP01564,2025-07-14,SCH0588,1.0,1.0,1.0,1.0,1.0,Patrick Pant,No Remarks,0.0
INSP02031,2025-10-03,SCH0018,0.0,1.0,0.0,0.0,1.0,Madhav Dass,Needs repair,60.0
INSP02452,2025-12-26,SCH0043,1.0,1.0,1.0,1.0,0.0,Ikbal Viswanathan,No Remarks,20.0
INSP01002,2025-10-27,SCH0208,1.0,1.0,1.0,1.0,,Harsh Jani,Toilets locked,0.0
INSP01232,2025-04-24,SCH0471,,1.0,1.0,,1.0,David Sant,Average,0.0
INSP00802,2025-06-17,SCH0517,1.0,0.0,1.0,,1.0,Advay Dugal,No remarks,25.0
INSP00434,2026-02-22,S0535,1.0,,,0.0,1.0,Nicholas Guha,No remarks,33.33
INSP00081,2025-09-06,SCH0314,1.0,0.0,1.0,1.0,0.0,Kamya Sandhu,Good condition,40.0
INSP02263,2025-06-16,S0494,0.0,1.0,,1.0,0.0,Krishna Dash,Average,50.0
INSP01197,2026-01-10,SCH0073,1.0,1.0,,0.0,0.0,Zaid Ram,Toilets locked,50.0
INSP02094,2025-04-06,SCH0431,,,1.0,1.0,0.0,Urvashi Mane,No remarks,33.33
INSP00417,2025-10-25,SCH0200,1.0,1.0,,,1.0,Pranit Luthra,Toilets locked,0.0
INSP02957,2025-09-24,SCH0212,1.0,1.0,1.0,1.0,1.0,Jalsa Choudhry,No remarks,0.0
INSP00496,2026-01-23,SCH0380,1.0,1.0,0.0,0.0,1.0,Sanya Bava,Toilets locked,40.0
INSP01628,2025-09-25,SCH0044,1.0,1.0,1.0,,0.0,Karan D’Alia,Good condition,25.0
INSP00938,2025-06-11,S0053,1.0,1.0,1.0,0.0,0.0,Advika Garde,Toilets locked,40.0
INSP02885,2025-08-24,SCH0225,1.0,1.0,1.0,,,Ranbir Rajagopalan,Average,0.0
INSP00371,2025-09-28,SCH0214,0.0,1.0,1.0,1.0,0.0,Samarth Patla,Needs repair,40.0
INSP01548,2025-06-20,SCH0224,1.0,0.0,1.0,1.0,0.0,Fitan Upadhyay,Toilets locked,40.0
INSP01695,2025-05-25,SCH0577,0.0,1.0,1.0,,0.0,Chaaya Boase,Good condition,50.0
INSP01941,2025-06-30,SCH0478,1.0,0.0,1.0,0.0,1.0,Vasatika Jayaraman,Toilets locked,40.0
INSP01787,2025-03-04,SCH0258,1.0,1.0,0.0,1.0,,Jagat Sachar,Average,25.0
INSP01927,2026-02-09,SCH0053,1.0,,1.0,1.0,1.0,Vinaya Pau,Needs repair,0.0
INSP01573,2025-05-22,SCH0553,1.0,0.0,1.0,,1.0,Chatresh Devi,Toilets locked,25.0
INSP02196,2025-04-08,SCH0194,0.0,1.0,,1.0,0.0,Tejas Subramaniam,No Remarks,50.0
INSP00839,2025-11-15,SCH0552,1.0,,1.0,,0.0,Banjeet Nigam,Toilets locked,33.33
INSP01243,2026-04-02,SCH0269,1.0,1.0,1.0,1.0,0.0,Hardik Anne,Good condition,20.0
INSP01865,2025-06-30,SCH0387,,1.0,0.0,,1.0,Panini Raja,Average,33.33
INSP00142,2025-09-25,SCH0510,,0.0,1.0,1.0,0.0,Mugdha Dugal,Average,50.0
INSP01207,2025-11-01,SCH0036,1.0,,0.0,1.0,1.0,Yauvani Karan,No remarks,25.0
INSP01728,2025-06-11,S0252,0.0,1.0,1.0,,0.0,Wriddhish Rege,No Remarks,50.0
INSP01481,2025-04-04,SCH0032,1.0,,,,1.0,Raksha Rajagopal,No Remarks,0.0
INSP01937,2025-05-21,SCH0523,1.0,,1.0,1.0,0.0,Agastya Patla,Average,25.0
INSP01939,2025-12-20,SCH0241,0.0,1.0,,1.0,1.0,Sathvik Agate,Toilets locked,25.0
INSP00533,2026-01-08,SCH0135,1.0,0.0,1.0,1.0,1.0,Harita Mukherjee,Needs repair,20.0
INSP02895,2025-12-01,SCH0104,1.0,1.0,1.0,,0.0,Hardik Bir,Good condition,25.0
INSP02245,2025-10-09,SCH0253,1.0,1.0,,1.0,,Omkaar Kothari,No remarks,0.0
INSP00655,2026-01-13,SCH0121,1.0,1.0,1.0,1.0,1.0,Yatin Mann,No remarks,0.0
INSP02413,2025-12-05,SCH0157,1.0,,1.0,0.0,0.0,Aishani Bumb,No remarks,50.0
INSP00412,2025-04-02,SCH0426,1.0,1.0,,1.0,0.0,Anirudh Ganesh,Needs repair,25.0
INSP00901,2025-10-12,0096,1.0,1.0,0.0,1.0,1.0,Neel Roy,No Remarks,20.0
INSP00178,2025-10-24,SCH0112,,0.0,0.0,0.0,,Inaya Batta,Needs repair,100.0
INSP00928,2026-07-03,SCH0085,0.0,,1.0,,1.0,Yashoda Halder,No remarks,33.33
INSP02887,2025-10-16,SCH0295,1.0,1.0,1.0,0.0,1.0,Gabriel Doctor,Average,20.0
INSP02535,2026-02-22,SCH0228,1.0,1.0,1.0,1.0,0.0,Zansi Varty,Toilets locked,20.0
INSP01821,2025-12-12,SCH0457,1.0,,1.0,,,Darpan Dara,Toilets locked,0.0
INSP01000,2025-10-20,SCH0210,1.0,1.0,1.0,,0.0,Jasmit Bora,Toilets locked,25.0
INSP02345,2025-12-21,SCH0007,1.0,1.0,1.0,1.0,1.0,Jagvi Borde,Good condition,0.0
INSP00480,2025-04-08,S0216,0.0,0.0,1.0,0.0,0.0,Damini Jha,Good condition,80.0
INSP00184,2025-06-13,SCH0332,0.0,1.0,1.0,1.0,0.0,Ekbal Ranganathan,Toilets locked,40.0
INSP00696,2025-06-27,SCH0441,0.0,1.0,1.0,1.0,1.0,Krishna Kale,Average,20.0
INSP01158,2025-11-04,SCH0489,1.0,,1.0,,0.0,Neel Dutta,Toilets locked,33.33
INSP00671,2025-07-25,SCH0350,0.0,,1.0,1.0,0.0,Veda Korpal,Needs repair,50.0
INSP00606,2025-07-13,SCH0261,0.0,1.0,1.0,0.0,,Mekhala Verma,No Remarks,50.0
INSP02272,2025-07-28,SCH0277,1.0,1.0,,1.0,,Janaki Shetty,No remarks,0.0
INSP01799,2025-04-25,SCH0421,1.0,1.0,1.0,,1.0,Warda Kade,No remarks,0.0
INSP00760,2025-09-21,SCH0181,,1.0,1.0,,,Kashvi Chander,Good condition,0.0
INSP02875,2025-06-03,SCH0239,1.0,1.0,1.0,0.0,,Arya Dey,Good condition,25.0
INSP00686,2025-12-12,SCH0268,1.0,1.0,,1.0,1.0,Chanakya Raval,Needs repair,0.0
INSP00487,2026-03-19,SCH0291,,1.0,1.0,1.0,1.0,Aarini Joshi,Average,0.0
INSP01579,2025-07-08,SCH0142,1.0,,1.0,,0.0,Omaja Bhasin,Needs repair,33.33
INSP00394,2025-10-05,SCH0114,1.0,1.0,1.0,1.0,1.0,Dhruv Jain,Needs repair,0.0
INSP01152,2025-05-27,SCH0430,1.0,1.0,,0.0,1.0,Laban Doshi,No Remarks,25.0
INSP02029,2026-02-28,SCH0463,1.0,1.0,1.0,1.0,0.0,Unknown Inspector,Needs repair,20.0
INSP02862,2025-09-30,SCH0350,1.0,1.0,1.0,,1.0,Reyansh Uppal,Good condition,0.0
INSP00163,2025-10-09,0005,0.0,1.0,1.0,0.0,0.0,Anvi Sani,Average,60.0
INSP01223,2025-06-15,SCH0325,1.0,1.0,1.0,1.0,0.0,Girik Tella,Good condition,20.0
INSP01916,2025-10-03,SCH0302,0.0,1.0,0.0,1.0,0.0,Balveer Bhatt,Toilets locked,60.0
INSP01049,2025-09-05,SCH0416,1.0,,1.0,1.0,1.0,Leela Gera,Average,0.0
INSP00431,2025-08-30,SCH0582,1.0,1.0,0.0,1.0,1.0,Chakradev Contractor,No remarks,20.0
INSP01104,2025-10-12,SCH0386,1.0,,,,0.0,Utkarsh Sarin,Good condition,50.0
INSP00439,2025-09-05,0279,1.0,1.0,1.0,1.0,1.0,Rachana Aggarwal,No remarks,0.0
INSP01884,2025-09-05,SCH0133,0.0,1.0,1.0,1.0,0.0,Aarini Sandal,No remarks,40.0
INSP01226,2026-01-30,SCH0070,,1.0,1.0,1.0,0.0,Neha Yadav,Average,25.0
INSP02032,2025-10-13,SCH0497,1.0,1.0,1.0,1.0,,Yoshita Konda,No Remarks,0.0
INSP01037,2025-11-13,SCH0322,,,1.0,,1.0,Krish Divan,Average,0.0
INSP01076,2025-10-02,SCH0024,,1.0,1.0,1.0,1.0,Unknown Inspector,No remarks,0.0
INSP01749,2026-05-02,SCH0301,,,0.0,1.0,,Unknown Inspector,Toilets locked,50.0
INSP00031,2025-06-06,SCH0159,1.0,1.0,,,1.0,Noah Misra,Average,0.0
INSP02021,2025-05-06,SCH0019,1.0,1.0,,1.0,0.0,Faras Behl,Needs repair,25.0
INSP02103,2025-08-18,0526,1.0,1.0,1.0,,0.0,Unknown Inspector,No Remarks,25.0
INSP00963,2025-10-18,S0375,1.0,1.0,,0.0,,Tanvi Seth,No Remarks,33.33
INSP02285,2026-01-27,SCH0593,1.0,,1.0,,1.0,Saumya Suri,No Remarks,0.0
INSP00174,2025-12-15,SCH0093,1.0,1.0,,1.0,0.0,Vedika Chacko,Toilets locked,25.0
INSP02213,2025-12-15,0411,0.0,0.0,1.0,0.0,,Gaurika Bail,Good condition,75.0
INSP00297,2026-01-26,SCH0018,1.0,1.0,,0.0,1.0,Ayush Anne,No remarks,25.0
INSP00326,2026-02-10,SCH0180,1.0,1.0,0.0,1.0,1.0,Daksha Gole,No remarks,20.0
INSP01290,2025-10-11,SCH0102,1.0,1.0,,1.0,0.0,Nikita Baria,No remarks,25.0
INSP00280,2025-06-29,SCH0138,0.0,1.0,1.0,0.0,0.0,Triya Chaudhuri,No remarks,60.0
INSP02655,2026-02-20,SCH0117,1.0,1.0,,0.0,0.0,Aarav Mannan,No Remarks,50.0
INSP02414,2025-08-08,SCH0417,1.0,1.0,1.0,0.0,1.0,Mason Kara,Average,20.0
INSP01984,2025-09-14,SCH0383,0.0,1.0,1.0,0.0,0.0,Aditya Kar,Needs repair,60.0
INSP00813,2025-10-28,SCH0506,1.0,1.0,1.0,1.0,0.0,Gautam Divan,Average,20.0
INSP01217,2025-04-25,SCH0455,0.0,1.0,1.0,,1.0,Upasna Rao,No remarks,25.0
INSP02617,2025-05-15,SCH0155,1.0,0.0,1.0,0.0,0.0,Kabir Borde,Good condition,60.0
INSP00701,2025-11-09,SCH0078,0.0,1.0,1.0,1.0,1.0,Benjamin Jani,No remarks,20.0
INSP00558,2025-08-21,SCH0236,0.0,,1.0,0.0,1.0,Baljiwan Yohannan,No remarks,50.0
INSP01899,2025-09-21,SCH0184,1.0,1.0,1.0,1.0,0.0,Mitali Singh,No remarks,20.0
INSP02518,2025-09-30,SCH0344,1.0,1.0,1.0,0.0,1.0,Zayyan Varughese,Needs repair,20.0
INSP01512,2025-11-30,SCH0487,1.0,1.0,1.0,1.0,,Yashawini Seth,Good condition,0.0
INSP00074,2025-07-18,SCH0365,1.0,,1.0,1.0,1.0,Raagini Krish,Average,0.0
INSP02255,2025-10-18,SCH0270,,1.0,1.0,1.0,0.0,Lavanya Subramanian,Toilets locked,25.0
INSP00049,2025-07-05,SCH0083,1.0,1.0,,1.0,1.0,Brijesh Mallick,Good condition,0.0
INSP00603,2026-03-20,SCH0058,1.0,0.0,1.0,0.0,1.0,Zinal Kant,No remarks,40.0
INSP00681,2026-01-28,SCH0239,1.0,1.0,0.0,1.0,0.0,Vinaya Dayal,No remarks,40.0
INSP01452,2025-11-24,SCH0218,1.0,,1.0,0.0,1.0,Gopal Sridhar,No remarks,25.0
INSP01903,2025-09-24,SCH0056,1.0,1.0,1.0,0.0,1.0,Aarini Kapadia,Average,20.0
INSP02406,2026-01-16,SCH0269,,,0.0,1.0,0.0,Fariq Garg,No Remarks,66.67
INSP01445,2025-11-06,SCH0177,1.0,1.0,1.0,0.0,1.0,Shravya Srinivas,No remarks,20.0
INSP02878,2025-12-23,SCH0317,1.0,1.0,,1.0,0.0,Darpan Bala,Toilets locked,25.0
INSP01578,2025-09-20,SCH0524,0.0,1.0,1.0,0.0,,Zaid Brar,Good condition,50.0
INSP00403,2025-04-20,SCH0590,1.0,,1.0,1.0,1.0,Orinder Sarna,Needs repair,0.0
INSP01746,2026-02-06,SCH0303,1.0,,1.0,0.0,0.0,Tarak Rattan,Needs repair,50.0
INSP02755,2025-04-09,SCH0029,1.0,1.0,1.0,1.0,1.0,Unknown Inspector,Needs repair,0.0
INSP01555,2026-02-15,SCH0078,0.0,1.0,1.0,0.0,0.0,Avi Om,Good condition,60.0
INSP02738,2025-09-12,SCH0201,1.0,,1.0,0.0,0.0,Chavvi Datta,Good condition,50.0
INSP01212,2025-10-04,SCH0380,1.0,1.0,0.0,1.0,0.0,Ayushman Saxena,Toilets locked,40.0
INSP02561,2025-07-22,SCH0571,0.0,1.0,1.0,,0.0,Mekhala Goyal,Average,50.0
INSP02270,2026-01-19,SCH0268,1.0,,0.0,0.0,1.0,Indali Peri,Good condition,50.0
INSP02237,2025-12-30,SCH0357,1.0,1.0,,,1.0,Warda Nair,Average,0.0
INSP01513,2026-12-01,SCH0467,,1.0,0.0,1.0,0.0,Hemang Krishnamurthy,Average,50.0
INSP02356,2025-12-07,S0030,1.0,1.0,,1.0,1.0,Ishani Doctor,Needs repair,0.0
INSP01875,2025-12-02,SCH0556,1.0,1.0,,1.0,0.0,Urvi Loyal,No remarks,25.0
INSP01012,2025-04-11,SCH0185,1.0,1.0,1.0,1.0,1.0,Neha Doctor,Average,0.0
INSP01072,2026-04-03,SCH0258,1.0,1.0,0.0,1.0,0.0,Daksh Sarma,No Remarks,40.0
INSP00680,2025-12-18,SCH0443,0.0,1.0,,0.0,0.0,Ethan Kurian,Good condition,75.0
INSP01712,2025-06-30,SCH0563,0.0,,1.0,1.0,0.0,Lucky Wadhwa,Average,50.0
INSP00325,2025-03-07,SCH0447,1.0,0.0,1.0,,1.0,Krishna Saxena,Toilets locked,25.0
INSP00820,2026-01-16,SCH0307,1.0,1.0,1.0,0.0,0.0,Rachita Wable,Average,40.0
INSP01489,2025-11-01,SCH0055,1.0,0.0,1.0,1.0,0.0,Samarth Hayre,No Remarks,40.0
INSP01812,2026-01-29,SCH0434,1.0,1.0,1.0,0.0,1.0,Arya Dara,Good condition,20.0
INSP00811,2025-10-29,SCH0585,0.0,0.0,0.0,1.0,1.0,Chasmum Vyas,No Remarks,60.0
INSP01973,2025-11-28,SCH0396,1.0,0.0,,1.0,1.0,Sathvik Acharya,No Remarks,25.0
INSP02840,2025-04-18,SCH0232,1.0,1.0,1.0,0.0,1.0,Unknown Inspector,Needs repair,20.0
INSP02212,2026-03-29,SCH0046,1.0,1.0,1.0,1.0,,Ekantika Manne,No remarks,0.0
INSP01129,2025-11-16,SCH0032,1.0,0.0,1.0,0.0,1.0,Harish Vohra,Needs repair,40.0
INSP00502,2025-06-07,SCH0297,1.0,1.0,1.0,0.0,,Unknown Inspector,No Remarks,25.0
INSP02642,2025-08-13,SCH0003,,,1.0,0.0,0.0,Bhavini Wagle,Toilets locked,66.67
INSP02125,2025-11-08,SCH0076,1.0,1.0,1.0,1.0,1.0,Guneet Wali,No remarks,0.0
INSP02828,2025-07-05,SCH0126,0.0,0.0,1.0,0.0,0.0,Elijah Sen,Average,80.0
INSP00240,2025-11-07,S0029,,0.0,1.0,1.0,1.0,Vanya Sem,No remarks,25.0
INSP00762,2025-05-16,SCH0543,,1.0,1.0,0.0,,Unknown Inspector,Good condition,33.33
INSP01717,2025-12-15,SCH0390,0.0,1.0,1.0,,1.0,Chandran Kapadia,Good condition,25.0
INSP01229,2025-03-08,SCH0125,1.0,1.0,,0.0,1.0,Prisha Bhat,Average,25.0
INSP01473,2025-10-16,SCH0221,1.0,1.0,1.0,,1.0,Arunima Thakkar,Average,0.0
INSP00953,2025-10-27,SCH0133,1.0,1.0,1.0,0.0,1.0,Oeshi Bhatia,No remarks,20.0
INSP01262,2025-07-22,SCH0195,1.0,1.0,0.0,1.0,1.0,Joshua Sastry,Toilets locked,20.0
INSP02307,2026-03-22,SCH0141,1.0,0.0,1.0,0.0,1.0,Maya Behl,Average,40.0
INSP01654,2025-04-11,SCH0554,,1.0,,1.0,,Praneel Jani,Average,0.0
INSP01045,2026-02-15,SCH0366,0.0,1.0,0.0,1.0,1.0,Ekta Goel,Average,40.0
INSP01478,2026-01-16,SCH0502,0.0,1.0,,,,Abha Memon,No remarks,50.0
INSP00512,2026-03-02,S0467,,0.0,0.0,,,Udyati Koshy,No Remarks,100.0
INSP01361,2026-03-26,SCH0572,1.0,1.0,0.0,,0.0,Bhavani Prabhakar,Needs repair,50.0
INSP02141,2025-10-15,SCH0513,0.0,1.0,1.0,1.0,1.0,Ekaja Bal,No remarks,20.0
INSP00841,2026-03-08,0044,,1.0,1.0,,0.0,Unknown Inspector,No Remarks,33.33
INSP02176,2026-02-22,0155,1.0,1.0,1.0,1.0,0.0,Netra Sule,No remarks,20.0
INSP01831,2025-12-10,S0181,,1.0,1.0,1.0,0.0,Vrinda Comar,Good condition,25.0
INSP02769,2025-11-21,SCH0018,1.0,0.0,1.0,0.0,0.0,Qarin Dhingra,No Remarks,60.0
INSP00638,2025-09-23,SCH0120,1.0,1.0,1.0,1.0,1.0,Tanvi Gaba,Good condition,0.0
INSP01950,2025-09-29,SCH0080,1.0,0.0,0.0,,1.0,Zinal Buch,No Remarks,50.0
INSP02954,2025-04-07,SCH0065,1.0,1.0,1.0,1.0,,Nisha Manda,Needs repair,0.0
INSP01722,2026-02-07,SCH0268,1.0,1.0,1.0,1.0,1.0,Ridhi Ahuja,Good condition,0.0
INSP00600,2025-05-26,SCH0008,0.0,1.0,1.0,1.0,1.0,Zayyan Om,No remarks,20.0
INSP01475,2025-12-21,SCH0235,1.0,1.0,,1.0,1.0,Anita Acharya,Good condition,0.0
INSP02135,2026-03-17,0131,1.0,,1.0,1.0,1.0,Sneha Shanker,No remarks,0.0
INSP02602,2025-11-11,SCH0514,1.0,0.0,1.0,0.0,,Unknown Inspector,No Remarks,50.0
INSP00109,2025-01-09,SCH0002,1.0,1.0,1.0,1.0,0.0,Sai Sarma,Good condition,20.0
INSP02401,2025-02-07,SCH0117,1.0,0.0,1.0,0.0,,Unknown Inspector,No Remarks,50.0
INSP01583,2025-12-01,SCH0590,,0.0,1.0,0.0,0.0,Guneet Pai,Average,75.0
INSP00319,2026-01-22,SCH0477,,1.0,1.0,1.0,,Ladli Buch,Good condition,0.0
INSP02983,2026-03-20,SCH0229,1.0,,1.0,,0.0,Unknown Inspector,Good condition,33.33
INSP02725,2026-03-23,SCH0281,1.0,1.0,1.0,1.0,,Unknown Inspector,Needs repair,0.0
INSP01095,2025-04-17,SCH0469,1.0,1.0,1.0,1.0,1.0,Ronith Kakar,Needs repair,0.0
INSP00569,2025-06-15,SCH0449,0.0,1.0,0.0,0.0,0.0,Vasana Dugar,No Remarks,80.0
INSP02687,2025-12-26,SCH0202,1.0,1.0,1.0,0.0,1.0,Widisha Bhatti,Needs repair,20.0
INSP02298,2025-11-27,SCH0085,1.0,1.0,1.0,1.0,,Madhavi Talwar,Needs repair,0.0
INSP02872,2025-10-01,SCH0148,1.0,1.0,1.0,1.0,1.0,Fiyaz Puri,No remarks,0.0
INSP01546,2025-06-29,SCH0052,0.0,1.0,1.0,0.0,0.0,Hemang Dar,Needs repair,60.0
INSP02974,2026-02-19,0569,1.0,1.0,1.0,1.0,,Gunbir Khare,Good condition,0.0
INSP01925,2026-02-06,SCH0393,1.0,1.0,0.0,1.0,0.0,Gaurang Pandey,Toilets locked,40.0
INSP02692,2025-04-06,SCH0189,,1.0,1.0,0.0,1.0,Watika Toor,Average,25.0
INSP02805,2025-05-10,SCH0337,1.0,1.0,1.0,0.0,0.0,Unknown Inspector,Good condition,40.0
INSP01469,2025-09-21,SCH0230,1.0,1.0,1.0,1.0,1.0,Janya Baral,Average,0.0
INSP00057,2025-06-30,SCH0456,1.0,,0.0,1.0,0.0,Wriddhish Merchant,No Remarks,50.0
INSP01789,2026-01-21,SCH0547,1.0,1.0,1.0,1.0,1.0,Quincy Thaker,No remarks,0.0
INSP02275,2026-03-27,SCH0474,1.0,,1.0,1.0,0.0,Zayan Vig,Toilets locked,25.0
INSP02131,2025-05-26,SCH0354,1.0,,1.0,0.0,,Charles Prashad,No Remarks,33.33
INSP02197,2025-08-02,S0131,,1.0,1.0,1.0,0.0,Dhriti Kanda,Needs repair,25.0
INSP00469,2025-05-19,S0416,1.0,1.0,0.0,0.0,,Isha Solanki,Average,50.0
INSP01886,2026-02-17,SCH0564,1.0,1.0,1.0,0.0,1.0,Vinaya Nagar,No remarks,20.0
INSP00941,2025-10-24,0310,1.0,1.0,1.0,,0.0,Girik Butala,No Remarks,25.0
INSP00536,2025-06-24,SCH0141,1.0,1.0,1.0,0.0,1.0,Omisha Sankaran,Toilets locked,20.0
INSP01428,2026-01-21,SCH0140,1.0,1.0,,1.0,1.0,Kavya Lall,Average,0.0
INSP00555,2025-08-16,SCH0197,1.0,1.0,,,,Yashodhara Mammen,Needs repair,0.0
INSP02621,2025-04-26,SCH0101,,1.0,1.0,0.0,,Ekantika Oommen,Average,33.33
INSP02211,2025-06-02,SCH0566,1.0,1.0,1.0,0.0,0.0,Rajeshri Mohan,Toilets locked,40.0
INSP02536,2026-02-14,0466,,1.0,0.0,,,Forum Sachdev,No Remarks,50.0
INSP00692,2025-04-10,SCH0355,1.0,1.0,1.0,1.0,,Isaiah Bali,No remarks,0.0
INSP00070,2026-02-15,SCH0496,0.0,1.0,1.0,0.0,1.0,Vasana Mahajan,Good condition,40.0
INSP02764,2026-02-26,SCH0433,,,1.0,0.0,1.0,Omya Karan,Average,33.33
INSP01740,2025-07-20,SCH0394,,,1.0,0.0,,Hema Khosla,No Remarks,50.0
INSP00437,2026-03-18,S0438,1.0,,1.0,1.0,1.0,Jagat Sawhney,Good condition,0.0
INSP02122,2025-08-12,SCH0553,0.0,,,1.0,0.0,Liam Tata,Needs repair,66.67
INSP01004,2026-03-29,SCH0145,1.0,1.0,1.0,1.0,1.0,Chatura Ben,Toilets locked,0.0
INSP01254,2025-07-19,SCH0379,1.0,1.0,,,1.0,Anmol Puri,Needs repair,0.0
INSP00566,2025-04-04,SCH0304,0.0,1.0,0.0,0.0,1.0,Isaiah Nayar,Needs repair,60.0
INSP00314,2025-07-27,SCH0189,1.0,1.0,0.0,,1.0,Unknown Inspector,Good condition,25.0
INSP00234,2025-11-24,0340,1.0,1.0,1.0,1.0,,Unknown Inspector,No remarks,0.0
INSP02381,2025-12-07,SCH0273,1.0,1.0,1.0,,0.0,Samesh Bala,Good condition,25.0
INSP00735,2025-08-06,SCH0481,1.0,1.0,1.0,1.0,0.0,Aryan Seth,No Remarks,20.0
INSP01378,2025-04-10,SCH0030,1.0,,1.0,0.0,0.0,Mahika Sarkar,Needs repair,50.0
INSP00112,2025-06-30,SCH0399,1.0,,0.0,1.0,0.0,Anusha Kalita,Needs repair,50.0
INSP01345,2025-11-05,SCH0236,1.0,1.0,1.0,1.0,0.0,Ishita Deep,No Remarks,20.0
INSP01506,2025-04-16,SCH0055,1.0,0.0,1.0,,0.0,Advika Ahuja,No remarks,50.0
INSP01053,2025-04-04,SCH0468,1.0,1.0,1.0,1.0,0.0,Chameli Gour,No Remarks,20.0
INSP02321,2025-07-11,SCH0528,1.0,1.0,0.0,,1.0,Balendra Saxena,Good condition,25.0
INSP02043,2025-12-21,SCH0141,0.0,1.0,1.0,0.0,0.0,Alexander Sami,Toilets locked,60.0
INSP00473,2025-08-14,SCH0183,1.0,1.0,1.0,,,Henry Hayre,Needs repair,0.0
INSP01377,2025-11-12,SCH0389,0.0,1.0,1.0,1.0,,Dalbir Keer,No Remarks,25.0
INSP01614,2025-06-10,SCH0483,1.0,1.0,1.0,0.0,0.0,Ekta Kari,Good condition,40.0
INSP01178,2025-07-13,SCH0211,,1.0,1.0,1.0,,Aishani Behl,No Remarks,0.0
INSP01753,2025-06-25,SCH0344,1.0,,1.0,1.0,1.0,Dalbir Patel,Needs repair,0.0
INSP01374,2026-02-20,SCH0430,1.0,,,1.0,0.0,Qushi Bhandari,No Remarks,33.33
INSP02210,2025-05-23,S0214,1.0,1.0,1.0,0.0,,Oeshi Kuruvilla,Toilets locked,25.0
INSP01341,2025-09-21,SCH0238,1.0,0.0,,,,Qabil Dubey,Needs repair,50.0
INSP00747,2025-11-27,SCH0027,1.0,1.0,1.0,1.0,1.0,Darsh Raja,No remarks,0.0
INSP02003,2025-10-18,S0009,1.0,1.0,1.0,,,Aradhana Parmar,Toilets locked,0.0
INSP01300,2025-12-28,SCH0084,,1.0,,,1.0,Upma Chander,Needs repair,0.0
INSP00362,2026-01-04,SCH0386,1.0,0.0,1.0,1.0,0.0,Unknown Inspector,No remarks,40.0
INSP00136,2025-11-24,SCH0281,1.0,1.0,1.0,,,Banjeet Rajagopalan,Needs repair,0.0
INSP01591,2025-11-08,SCH0032,1.0,1.0,1.0,1.0,1.0,Manan Tripathi,No remarks,0.0
INSP02286,2025-05-28,SCH0150,1.0,1.0,0.0,1.0,1.0,Unknown Inspector,Average,20.0
INSP00860,2026-01-10,SCH0343,0.0,1.0,0.0,1.0,0.0,Aadi Johal,Good condition,60.0
INSP02380,2026-01-06,SCH0332,1.0,1.0,1.0,1.0,0.0,Girik Narain,No remarks,20.0
INSP00367,2025-09-07,SCH0321,0.0,0.0,1.0,0.0,,Udyati Garde,No Remarks,75.0
INSP01867,2025-07-15,S0459,1.0,0.0,1.0,1.0,1.0,Osha Chaudhary,Needs repair,20.0
INSP00030,2026-01-08,0484,1.0,1.0,1.0,1.0,,Panini Choudhary,Needs repair,0.0
INSP02632,2026-02-18,SCH0051,1.0,0.0,1.0,,0.0,Upma Bir,Toilets locked,50.0
INSP00023,2025-07-26,SCH0082,1.0,1.0,1.0,,1.0,Unknown Inspector,Needs repair,0.0
INSP02507,2025-04-19,S0501,1.0,1.0,1.0,0.0,1.0,Abeer Pingle,Average,20.0
INSP01134,2025-01-07,SCH0284,,1.0,1.0,0.0,1.0,Unknown Inspector,No remarks,25.0
INSP01035,2026-02-27,S0442,1.0,1.0,1.0,0.0,,Nirja Cherian,Average,25.0
INSP00421,2025-07-07,SCH0273,,1.0,1.0,,0.0,Om Shah,Good condition,33.33
INSP01538,2026-11-03,SCH0496,,1.0,0.0,0.0,0.0,Lucky Prabhu,Good condition,75.0
INSP00461,2025-10-12,SCH0399,0.0,1.0,0.0,0.0,1.0,Bhanumati Balasubramanian,No remarks,60.0
INSP00044,2025-09-28,SCH0456,1.0,1.0,,0.0,0.0,Girindra Chana,Needs repair,50.0
INSP00088,2025-11-23,SCH0282,0.0,0.0,1.0,,1.0,Yuvraj Bhargava,Good condition,50.0
INSP00930,2025-10-12,SCH0012,1.0,1.0,0.0,1.0,1.0,Watika Subramaniam,No remarks,20.0
INSP01125,2026-01-18,SCH0530,1.0,1.0,1.0,1.0,1.0,Gauri Chaudry,No Remarks,0.0
INSP01772,2025-04-11,SCH0231,1.0,0.0,1.0,1.0,1.0,Indira Wali,Toilets locked,20.0
INSP01018,2026-01-07,SCH0531,1.0,1.0,1.0,1.0,1.0,Udant Kumer,Needs repair,0.0
INSP00283,2026-02-28,SCH0486,1.0,1.0,0.0,0.0,,Abhiram Singh,No Remarks,50.0
INSP00694,2025-05-14,SCH0341,1.0,1.0,1.0,1.0,0.0,Maya Saraf,Average,20.0
INSP01942,2026-02-12,SCH0137,1.0,1.0,1.0,,0.0,Reyansh Kata,Average,25.0
INSP02910,2025-09-06,SCH0070,1.0,1.0,0.0,1.0,1.0,Krisha Tailor,Toilets locked,20.0
INSP02990,2026-03-08,SCH0521,1.0,1.0,,1.0,,Upma Soman,Needs repair,0.0
INSP02112,2025-09-28,SCH0265,0.0,1.0,1.0,1.0,1.0,Jhalak Vig,Toilets locked,20.0
INSP00534,2025-12-24,SCH0219,1.0,,1.0,1.0,0.0,Aadi Mukhopadhyay,Toilets locked,25.0
INSP01179,2025-06-19,S0336,1.0,1.0,1.0,,,Ekantika Char,No Remarks,0.0
INSP02581,2026-11-01,SCH0014,1.0,1.0,,,1.0,David Dyal,No Remarks,0.0
INSP00790,2025-02-05,SCH0457,,1.0,1.0,1.0,0.0,Unknown Inspector,Average,25.0
INSP02482,2025-07-03,SCH0513,1.0,1.0,1.0,1.0,1.0,Leena Mohan,Toilets locked,0.0
INSP02516,2025-10-24,S0293,1.0,1.0,1.0,0.0,,Samaksh Thakkar,No Remarks,25.0
INSP02228,2025-07-28,SCH0210,1.0,1.0,1.0,1.0,,Dominic Salvi,Average,0.0
INSP00875,2025-06-18,S0146,1.0,1.0,1.0,1.0,,Diya Suresh,No Remarks,0.0
INSP00766,2026-02-20,0268,,1.0,1.0,1.0,1.0,Ayush Bakshi,Needs repair,0.0
INSP01042,2026-02-21,SCH0330,1.0,1.0,1.0,0.0,1.0,Gautami Ganguly,Good condition,20.0
INSP00791,2025-07-28,SCH0466,0.0,1.0,1.0,0.0,,Ishanvi Khatri,No remarks,50.0
INSP02816,2025-09-27,S0503,1.0,1.0,1.0,1.0,,Warda Chander,No remarks,0.0
INSP01566,2025-06-14,0298,1.0,1.0,1.0,1.0,0.0,Sathvik Mallick,Good condition,20.0
INSP02311,2026-02-27,SCH0090,1.0,1.0,1.0,1.0,,Abhimanyu Srinivasan,No Remarks,0.0
INSP02190,2025-11-17,SCH0600,1.0,,1.0,0.0,0.0,Sanya Gokhale,Average,50.0
INSP02305,2025-07-07,SCH0151,1.0,1.0,0.0,0.0,0.0,Nitara Devi,Good condition,60.0
INSP02989,2025-04-20,SCH0380,0.0,1.0,1.0,1.0,0.0,Advika Mitra,No Remarks,40.0
INSP00222,2025-10-13,SCH0015,1.0,1.0,1.0,,1.0,Warjas Goda,No Remarks,0.0
INSP00544,2025-08-06,SCH0233,1.0,1.0,1.0,1.0,0.0,Amara Tiwari,No Remarks,20.0
INSP01424,2025-01-08,SCH0354,0.0,,1.0,1.0,0.0,Nikita Sampath,No Remarks,50.0
INSP02259,2025-06-29,SCH0136,,1.0,1.0,1.0,0.0,Vedant Prashad,Needs repair,25.0
INSP00706,2025-10-02,S0307,1.0,1.0,1.0,,,Vincent Singh,Average,0.0
INSP02466,2025-09-10,0421,1.0,1.0,1.0,0.0,0.0,Arya Pal,Needs repair,40.0
INSP01007,2025-08-20,SCH0410,1.0,1.0,1.0,,0.0,Darsh Lala,No Remarks,25.0
INSP01794,2025-12-08,SCH0208,1.0,1.0,1.0,0.0,1.0,Ekani Rajagopal,Average,20.0
INSP02782,2025-10-05,SCH0592,1.0,,1.0,1.0,1.0,Anmol Palla,Needs repair,0.0
INSP02930,2026-02-27,SCH0288,1.0,,1.0,0.0,1.0,Peter Lala,Needs repair,25.0
INSP00979,2025-04-08,SCH0488,1.0,,1.0,,0.0,Shaurya Krishnan,Needs repair,33.33
INSP01905,2025-09-22,SCH0562,1.0,1.0,1.0,0.0,,Ganga Bahri,Needs repair,25.0
INSP00273,2025-08-09,SCH0413,1.0,0.0,1.0,0.0,1.0,Eiravati Gara,No Remarks,40.0
INSP00522,2025-12-24,S0509,1.0,1.0,1.0,0.0,1.0,Jason Swamy,Needs repair,20.0
INSP00523,2025-10-15,SCH0419,1.0,1.0,0.0,1.0,0.0,Gagan Acharya,Good condition,40.0
INSP01069,2025-08-30,SCH0439,1.0,1.0,1.0,,1.0,Qadim Barad,Needs repair,0.0
INSP02068,2025-07-01,SCH0378,1.0,1.0,,0.0,1.0,Tanay Vala,No Remarks,25.0
INSP00351,2025-08-19,SCH0141,0.0,1.0,,1.0,,Rachit Das,No Remarks,33.33
INSP02248,2025-12-18,SCH0306,1.0,1.0,0.0,0.0,0.0,Yatan Sandal,Good condition,60.0
INSP01850,2025-07-24,SCH0161,1.0,0.0,1.0,0.0,0.0,Nisha Datta,Needs repair,60.0
INSP02439,2025-10-31,SCH0212,1.0,1.0,1.0,0.0,1.0,Chakradhar Kohli,Good condition,20.0
INSP00652,2025-05-08,SCH0276,,1.0,1.0,,1.0,Unknown Inspector,No Remarks,0.0
INSP01808,2025-09-19,SCH0007,1.0,1.0,1.0,0.0,1.0,Mugdha Jayaraman,Toilets locked,20.0
INSP02726,2026-03-02,SCH0314,0.0,,0.0,1.0,1.0,Warhi Shetty,Needs repair,50.0
INSP02528,2025-10-27,SCH0096,0.0,1.0,1.0,1.0,1.0,Urvi Chaudhry,No Remarks,20.0
INSP01346,2025-08-29,SCH0341,1.0,1.0,,1.0,0.0,Samar Keer,Toilets locked,25.0
INSP01079,2025-11-05,SCH0420,0.0,,1.0,,0.0,Rishi Mani,No remarks,66.67
INSP02745,2026-01-21,SCH0436,1.0,1.0,1.0,0.0,0.0,Janya Jayaraman,Toilets locked,40.0
INSP00169,2025-11-04,SCH0373,1.0,1.0,1.0,1.0,0.0,Samuel Barad,Good condition,20.0
INSP02636,2026-01-02,0209,1.0,1.0,1.0,1.0,1.0,Fariq Samra,No remarks,0.0
INSP02604,2025-04-14,SCH0411,1.0,1.0,1.0,1.0,1.0,Anay Karan,No Remarks,0.0
INSP02924,2025-07-18,SCH0042,0.0,1.0,1.0,1.0,0.0,Manthan Bali,Good condition,40.0
INSP02070,2025-07-27,S0344,1.0,1.0,1.0,0.0,1.0,Reyansh Narayanan,Average,20.0
INSP02324,2025-08-13,SCH0493,1.0,,,0.0,1.0,Ati Wagle,Average,33.33
INSP01934,2025-05-25,SCH0404,0.0,1.0,,1.0,1.0,Wahab Chaudhry,Average,25.0
INSP01638,2026-01-21,SCH0392,0.0,0.0,1.0,1.0,0.0,Keya Jain,Good condition,60.0
INSP01838,2025-08-30,SCH0579,1.0,,1.0,0.0,1.0,Peter Varkey,Average,25.0
INSP01376,2025-07-23,SCH0513,1.0,1.0,1.0,1.0,1.0,Tejas Patla,Good condition,0.0
INSP02354,2025-09-25,SCH0484,0.0,1.0,1.0,0.0,0.0,Charles Patla,No remarks,60.0
INSP00220,2025-06-23,SCH0228,1.0,1.0,,1.0,0.0,Ayush Chada,No remarks,25.0
INSP00368,2025-06-04,SCH0445,1.0,1.0,1.0,1.0,0.0,Unknown Inspector,Toilets locked,20.0
INSP02804,2025-04-08,SCH0220,,1.0,1.0,1.0,1.0,Pushti Wagle,No Remarks,0.0
INSP00950,2025-12-28,S0446,1.0,1.0,1.0,1.0,0.0,Varenya Ramaswamy,No Remarks,20.0
INSP02399,2026-01-27,S0077,1.0,,1.0,0.0,,Anamika Parekh,No remarks,33.33
INSP02253,2026-02-13,SCH0533,0.0,1.0,1.0,1.0,,Unknown Inspector,Needs repair,25.0
INSP01457,2025-10-17,SCH0334,0.0,1.0,,1.0,0.0,Yauvani Gade,No Remarks,50.0
INSP00352,2025-04-27,SCH0196,1.0,1.0,1.0,1.0,0.0,Charita Kant,Needs repair,20.0
INSP01098,2026-01-29,SCH0340,,1.0,,,0.0,Theodore Chaudhari,No Remarks,50.0
INSP01264,2025-06-25,SCH0083,1.0,1.0,1.0,0.0,0.0,Unknown Inspector,No Remarks,40.0
INSP02239,2025-06-19,SCH0190,,1.0,1.0,1.0,1.0,Yatan Iyengar,Needs repair,0.0
INSP00491,2025-06-29,SCH0218,,1.0,1.0,0.0,1.0,Zashil Narang,No Remarks,25.0
INSP02827,2025-10-16,SCH0196,1.0,1.0,0.0,1.0,,Mekhala Wadhwa,Good condition,25.0
INSP02494,2026-09-03,SCH0516,1.0,1.0,1.0,0.0,1.0,Nathaniel Das,Toilets locked,20.0
INSP00499,2025-04-24,SCH0447,0.0,1.0,,1.0,,Qabil Varty,No remarks,33.33
INSP02789,2025-01-09,SCH0100,1.0,1.0,1.0,1.0,,Alka Prabhu,No Remarks,0.0
INSP00211,2026-09-02,SCH0164,1.0,1.0,0.0,0.0,0.0,Ekapad Kulkarni,Needs repair,60.0
INSP00898,2025-03-07,SCH0006,0.0,0.0,0.0,1.0,1.0,Warda Basak,Needs repair,60.0
INSP01205,2026-02-12,SCH0352,1.0,1.0,1.0,1.0,,Wakeeta Dar,No remarks,0.0
INSP00651,2025-12-31,SCH0206,1.0,1.0,0.0,1.0,,Henry Om,Needs repair,25.0
INSP00228,2026-03-23,SCH0168,1.0,1.0,1.0,1.0,1.0,Unknown Inspector,No Remarks,0.0
INSP00366,2026-02-20,SCH0238,1.0,1.0,1.0,1.0,,Ira Bhagat,No Remarks,0.0
INSP02223,2025-06-10,SCH0369,0.0,1.0,0.0,1.0,0.0,Unknown Inspector,No Remarks,60.0
INSP00277,2026-02-17,SCH0318,1.0,1.0,1.0,1.0,1.0,Robert Tandon,Good condition,0.0
INSP02099,2025-05-14,0073,1.0,1.0,1.0,1.0,,Janaki Kulkarni,Average,0.0
INSP01114,2025-11-19,SCH0431,1.0,0.0,,0.0,1.0,Mitesh Bains,Toilets locked,50.0
INSP00737,2026-01-12,SCH0465,1.0,1.0,1.0,1.0,1.0,Siddharth Kakar,No remarks,0.0
INSP02575,2026-01-07,SCH0335,1.0,1.0,1.0,0.0,0.0,Laksh Nayak,Average,40.0
INSP01994,2025-08-12,SCH0017,,1.0,1.0,0.0,,Unknown Inspector,No remarks,33.33
INSP00408,2025-09-06,S0411,,1.0,1.0,0.0,1.0,Eesha Khalsa,Needs repair,25.0
INSP02417,2025-03-04,SCH0482,1.0,0.0,1.0,1.0,1.0,Devansh Sathe,Needs repair,20.0
INSP02506,2025-05-01,SCH0521,1.0,1.0,1.0,1.0,0.0,Xalak Dixit,Average,20.0
INSP02458,2026-01-17,SCH0411,1.0,1.0,,,0.0,Alexander Varughese,Average,33.33
INSP02247,2025-06-03,SCH0378,,1.0,0.0,0.0,0.0,Jackson Sinha,No remarks,75.0
INSP02531,2025-07-06,SCH0580,1.0,1.0,1.0,,0.0,Azad Sengupta,No remarks,25.0
INSP01771,2025-08-11,SCH0085,1.0,,,1.0,0.0,Azaan Ramanathan,Toilets locked,33.33
INSP00008,2025-06-04,SCH0059,1.0,1.0,1.0,1.0,0.0,Falak Karpe,Good condition,20.0
INSP01492,2025-12-12,SCH0268,0.0,0.0,1.0,1.0,,Unknown Inspector,No Remarks,50.0
INSP01533,2025-05-30,SCH0032,1.0,1.0,1.0,1.0,0.0,Charles Sagar,Average,20.0
INSP01801,2025-09-26,0417,1.0,1.0,1.0,1.0,0.0,Barkha Upadhyay,Needs repair,20.0
INSP00416,2025-07-22,SCH0024,,1.0,1.0,1.0,0.0,Jason Kannan,Needs repair,25.0
INSP01607,2026-01-21,SCH0064,1.0,,1.0,1.0,1.0,Jasmit Kurian,Average,0.0
INSP00840,2025-08-30,SCH0226,1.0,1.0,1.0,,1.0,Omisha Dua,Toilets locked,0.0
INSP01763,2025-07-02,0420,1.0,1.0,0.0,0.0,1.0,Unknown Inspector,Good condition,40.0
INSP00865,2026-01-11,S0583,0.0,1.0,0.0,0.0,1.0,Atharv Dara,Average,60.0
INSP00200,2025-11-26,0193,1.0,1.0,1.0,1.0,0.0,Oviya Keer,Average,20.0
INSP01117,2025-09-23,SCH0413,1.0,,1.0,,0.0,Varsha Mohanty,No Remarks,33.33
INSP00284,2025-04-24,SCH0493,0.0,1.0,0.0,0.0,,Bhavani Tak,No Remarks,75.0
INSP00232,2026-10-01,SCH0433,1.0,1.0,,1.0,0.0,Jairaj D’Alia,Average,25.0
INSP02992,2026-03-22,SCH0015,0.0,1.0,1.0,0.0,0.0,Megha Keer,No remarks,60.0
INSP01081,2025-04-10,SCH0226,1.0,1.0,,1.0,,Vritti Bhalla,Toilets locked,0.0
INSP00097,2025-11-07,SCH0429,1.0,1.0,1.0,1.0,1.0,Abhiram Kapadia,Average,0.0
INSP01508,2025-07-29,SCH0310,1.0,,1.0,0.0,1.0,Vidhi Butala,Good condition,25.0
INSP02760,2025-10-09,SCH0170,,1.0,1.0,1.0,1.0,Anmol Venkataraman,No remarks,0.0
INSP01813,2025-12-14,SCH0532,1.0,1.0,1.0,0.0,1.0,Hemani Lad,No Remarks,20.0
INSP02936,2025-08-14,SCH0151,1.0,1.0,1.0,0.0,0.0,Ojas Gola,Toilets locked,40.0
INSP01201,2025-12-06,SCH0297,1.0,0.0,1.0,0.0,0.0,Samar Bhatt,No Remarks,60.0
INSP02587,2025-04-24,SCH0338,1.0,1.0,0.0,1.0,1.0,David Shanker,No remarks,20.0
INSP02720,2026-12-03,SCH0294,1.0,1.0,1.0,,1.0,Janani Keer,Average,0.0
INSP02556,2025-11-17,SCH0524,1.0,1.0,1.0,0.0,1.0,Jagat Kade,No remarks,20.0
INSP01890,2025-09-21,SCH0312,1.0,1.0,1.0,0.0,0.0,Samaksh Kant,No remarks,40.0
INSP00105,2025-07-28,SCH0086,,1.0,1.0,,1.0,Maya Tella,No Remarks,0.0
INSP02350,2025-09-29,SCH0094,1.0,1.0,1.0,1.0,,Unknown Inspector,Needs repair,0.0
INSP01928,2025-07-19,SCH0096,1.0,1.0,1.0,1.0,1.0,Sai Karan,No remarks,0.0
INSP02715,2025-05-10,SCH0239,0.0,1.0,1.0,1.0,1.0,Anvi Gara,Needs repair,20.0
INSP01124,2026-01-31,SCH0364,,,0.0,1.0,,Gavin Mall,No Remarks,50.0
INSP02009,2025-11-12,SCH0146,1.0,1.0,,1.0,1.0,Vrinda Ratta,No Remarks,0.0
INSP00806,2025-12-28,SCH0231,0.0,1.0,1.0,,0.0,Unknown Inspector,Good condition,50.0
INSP02409,2026-03-15,SCH0182,1.0,1.0,1.0,1.0,0.0,Riya Dewan,No remarks,20.0
INSP02582,2026-03-23,SCH0500,1.0,1.0,1.0,0.0,,Maya Mammen,No remarks,25.0
INSP00745,2025-09-20,SCH0264,1.0,1.0,1.0,1.0,1.0,Ijaya Ramesh,No remarks,0.0
INSP00227,2025-12-07,0420,1.0,,1.0,0.0,1.0,Bhavika Gandhi,Needs repair,25.0
INSP01222,2025-11-10,SCH0556,0.0,1.0,0.0,1.0,0.0,Unknown Inspector,No remarks,60.0
INSP01293,2025-11-20,SCH0385,1.0,1.0,1.0,1.0,0.0,Wyatt Doctor,Toilets locked,20.0
INSP02421,2025-11-20,SCH0110,0.0,,0.0,1.0,0.0,Yash Sagar,Needs repair,75.0
INSP02092,2026-03-30,SCH0466,1.0,1.0,,0.0,0.0,Maanav Gour,Needs repair,50.0
INSP01030,2026-11-03,SCH0547,1.0,1.0,1.0,0.0,0.0,Vedhika Saha,Average,40.0
INSP00890,2025-09-20,SCH0423,0.0,1.0,1.0,0.0,1.0,Unknown Inspector,No remarks,40.0
INSP01617,2026-02-28,SCH0432,1.0,,1.0,0.0,,Chanchal Bhardwaj,Average,33.33
INSP01111,2026-04-01,SCH0438,1.0,1.0,1.0,0.0,0.0,Avni Kuruvilla,No Remarks,40.0
INSP02116,2025-07-14,SCH0215,1.0,1.0,1.0,0.0,0.0,Pavani Saini,Needs repair,40.0
INSP02763,2025-11-05,SCH0330,0.0,1.0,1.0,1.0,0.0,Isha Walia,No remarks,40.0
INSP01043,2025-10-28,SCH0379,1.0,1.0,1.0,,1.0,Unknown Inspector,No Remarks,0.0
INSP01777,2025-06-04,SCH0080,1.0,1.0,1.0,1.0,1.0,Zaitra Keer,Needs repair,0.0
INSP00465,2025-09-07,SCH0211,1.0,0.0,1.0,1.0,0.0,Unknown Inspector,Needs repair,40.0
INSP00882,2025-02-04,SCH0313,1.0,,1.0,1.0,,Hardik Guha,No remarks,0.0
INSP02156,2025-04-28,S0302,,1.0,1.0,0.0,0.0,Aadhya Baral,Good condition,50.0
INSP01423,2025-07-04,SCH0416,1.0,1.0,1.0,0.0,0.0,Geetika Garde,Average,40.0
INSP00773,2025-09-09,SCH0413,1.0,1.0,1.0,0.0,1.0,Vidhi Karpe,Toilets locked,20.0
INSP01768,2025-11-26,SCH0544,1.0,1.0,1.0,,0.0,Pranit Deep,Needs repair,25.0
INSP01065,2025-06-27,SCH0074,1.0,1.0,0.0,1.0,0.0,Jalsa Gokhale,Good condition,40.0
INSP00213,2025-05-23,SCH0284,1.0,1.0,1.0,0.0,0.0,Vasudha Bal,No remarks,40.0
INSP00013,2026-01-05,SCH0345,,1.0,1.0,1.0,0.0,Advik Edwin,No remarks,25.0
INSP00423,2025-10-17,SCH0321,,1.0,,0.0,1.0,Sathvik Balasubramanian,Average,33.33
INSP02368,2025-05-09,SCH0384,1.0,1.0,1.0,1.0,1.0,Zinal Chaudhary,Toilets locked,0.0
INSP01054,2025-06-22,SCH0476,1.0,,0.0,1.0,,Varenya Ramakrishnan,Needs repair,33.33
INSP01230,2025-07-10,SCH0456,1.0,,0.0,,1.0,Lila Contractor,No remarks,33.33
INSP01456,2026-03-11,SCH0323,1.0,1.0,1.0,1.0,,Unknown Inspector,Toilets locked,0.0
INSP00742,2025-06-11,SCH0455,0.0,,1.0,,1.0,Oviya Panchal,Needs repair,33.33
INSP02776,2025-07-09,SCH0139,1.0,1.0,1.0,0.0,1.0,Lakshit Sur,No Remarks,20.0
INSP02700,2026-03-17,SCH0252,1.0,1.0,1.0,1.0,0.0,Rachita Rana,Needs repair,20.0
INSP02329,2026-03-13,SCH0596,1.0,0.0,,1.0,,Baljiwan Mani,No Remarks,33.33
INSP00799,2026-01-19,SCH0035,0.0,,,1.0,0.0,Megha Sanghvi,Average,66.67
INSP01432,2025-05-20,0057,1.0,,1.0,1.0,1.0,Hamsini Dugar,Toilets locked,0.0
INSP02427,2025-09-11,SCH0074,0.0,1.0,0.0,1.0,0.0,Pooja Kunda,Needs repair,60.0
INSP00510,2025-05-08,SCH0101,0.0,1.0,,1.0,1.0,Radha Sunder,Average,25.0
INSP00645,2025-10-18,SCH0589,1.0,1.0,0.0,1.0,0.0,Amaira Padmanabhan,Average,40.0
INSP00598,2025-10-06,S0276,,1.0,1.0,,0.0,Niharika Pillai,Needs repair,33.33
INSP02714,2025-07-10,S0592,0.0,1.0,0.0,0.0,,Andrew Batta,Good condition,75.0
INSP01162,2025-05-28,SCH0527,,1.0,1.0,1.0,0.0,Sathvik Lala,Average,25.0
INSP01362,2025-07-13,SCH0206,0.0,0.0,1.0,0.0,,Vritti Som,No remarks,75.0
INSP00858,2025-07-05,SCH0189,,1.0,1.0,1.0,1.0,Imaran Mohan,No remarks,0.0
INSP02780,2025-12-12,SCH0072,1.0,1.0,,,0.0,Charita Mangat,No remarks,33.33
INSP00519,2025-07-27,SCH0309,1.0,0.0,1.0,,1.0,Unknown Inspector,No remarks,25.0
INSP00965,2025-07-02,S0287,1.0,1.0,1.0,1.0,1.0,Kashish Sankaran,Toilets locked,0.0
INSP02968,2025-10-04,SCH0074,1.0,0.0,,0.0,1.0,Kavya Shan,No Remarks,50.0
INSP00574,2025-08-17,SCH0434,1.0,1.0,0.0,1.0,1.0,Yashasvi More,No remarks,20.0
INSP02865,2025-04-27,SCH0095,0.0,1.0,0.0,1.0,1.0,Isaiah Rastogi,Average,40.0
INSP02544,2025-05-10,SCH0046,1.0,1.0,1.0,1.0,1.0,Unknown Inspector,No Remarks,0.0
INSP02107,2025-12-27,SCH0459,1.0,1.0,1.0,0.0,1.0,Fitan Devan,Needs repair,20.0
INSP02754,2025-12-10,SCH0363,0.0,1.0,,1.0,0.0,Vansha Buch,Good condition,50.0
INSP01308,2025-07-15,SCH0173,1.0,1.0,0.0,1.0,1.0,Jack Subramanian,No Remarks,20.0
INSP01587,2025-04-18,SCH0254,1.0,1.0,1.0,0.0,1.0,Ryan Srinivasan,Needs repair,20.0
INSP00124,2025-12-18,SCH0515,0.0,,1.0,,0.0,Deepa Parmar,Average,66.67
INSP01498,2025-10-26,SCH0324,1.0,1.0,1.0,0.0,0.0,Advik Lata,No remarks,40.0
INSP00221,2025-07-19,SCH0090,1.0,1.0,1.0,0.0,,Finn Ranganathan,Needs repair,25.0
INSP00359,2025-02-09,SCH0288,0.0,1.0,1.0,0.0,1.0,Irya Bhatnagar,No remarks,40.0
INSP02530,2025-04-13,S0084,1.0,1.0,1.0,0.0,1.0,Amaira Upadhyay,Needs repair,20.0
INSP02777,2025-10-22,SCH0270,1.0,1.0,0.0,1.0,0.0,Advika Chacko,No Remarks,40.0
INSP02113,2025-05-14,SCH0325,1.0,1.0,1.0,1.0,0.0,Kiaan Wable,Toilets locked,20.0
INSP01796,2026-03-26,SCH0041,1.0,1.0,1.0,,0.0,Hitesh Atwal,Good condition,25.0
INSP01698,2025-12-29,SCH0552,,,0.0,1.0,,Chakradev Sengupta,Average,50.0
INSP00260,2025-12-14,SCH0057,1.0,1.0,0.0,,1.0,Zayyan Solanki,No remarks,25.0
INSP02913,2025-10-21,SCH0015,1.0,0.0,1.0,,0.0,Atharv Varty,Good condition,50.0
INSP02415,2025-10-23,SCH0259,1.0,1.0,1.0,0.0,0.0,Akshay Bahri,No remarks,40.0
INSP01351,2025-11-01,SCH0462,1.0,1.0,1.0,1.0,1.0,Ekantika Nazareth,Average,0.0
INSP02517,2025-05-23,SCH0266,0.0,,1.0,,0.0,Pranit Tata,No Remarks,66.67
INSP01107,2025-04-12,SCH0179,1.0,0.0,1.0,0.0,1.0,Devika Kari,Good condition,40.0
INSP02532,2025-09-26,S0116,1.0,1.0,,1.0,1.0,William Biswas,Needs repair,0.0
INSP01878,2026-03-20,0053,1.0,1.0,,1.0,1.0,Onkar Din,Good condition,0.0
INSP01657,2025-05-15,SCH0163,1.0,0.0,1.0,0.0,1.0,Vidhi Mall,No remarks,40.0
INSP01094,2025-02-11,SCH0489,1.0,1.0,1.0,,1.0,Advika Munshi,No Remarks,0.0
INSP02856,2026-01-07,SCH0547,1.0,1.0,1.0,0.0,0.0,Wishi Narang,No Remarks,40.0
INSP02449,2025-11-20,SCH0486,1.0,,,,0.0,George Om,No Remarks,50.0
INSP00457,2025-12-18,0232,1.0,1.0,1.0,1.0,1.0,Zehaan Guha,No Remarks,0.0
INSP00463,2025-10-26,SCH0078,1.0,0.0,1.0,,1.0,Oeshi Krishna,Average,25.0
INSP01692,2025-07-01,SCH0156,1.0,1.0,1.0,1.0,0.0,Aditya Mukhopadhyay,Needs repair,20.0
INSP01668,2025-04-10,SCH0339,1.0,0.0,1.0,0.0,,Unknown Inspector,Average,50.0
INSP01414,2025-05-15,0096,0.0,1.0,1.0,1.0,1.0,Nirja Chawla,Toilets locked,20.0
INSP00382,2026-01-19,SCH0242,1.0,1.0,0.0,,1.0,Harsh Chadha,No remarks,25.0
INSP02939,2025-09-22,SCH0433,1.0,1.0,1.0,0.0,1.0,Varsha Tandon,Average,20.0
INSP01534,2025-07-10,S0208,0.0,0.0,1.0,1.0,1.0,Libni Deol,No Remarks,40.0
INSP02473,2025-11-03,SCH0205,1.0,,1.0,,1.0,Upadhriti Rai,No Remarks,0.0
INSP02442,2026-02-21,SCH0512,0.0,,1.0,1.0,1.0,Krish Sinha,Good condition,25.0
INSP00966,2025-06-19,SCH0426,0.0,1.0,1.0,1.0,,Aishani Kara,No remarks,25.0
INSP02842,2025-07-18,SCH0113,1.0,1.0,0.0,0.0,1.0,Chakrika Kata,Good condition,40.0
INSP01778,2026-03-12,SCH0556,1.0,1.0,1.0,0.0,0.0,Urvashi Batra,Toilets locked,40.0
INSP00943,2025-05-05,S0356,0.0,1.0,1.0,0.0,,Anmol Deshmukh,Good condition,50.0
INSP00060,2025-05-31,SCH0564,1.0,,1.0,,1.0,Geetika Kapoor,Average,0.0
INSP02391,2026-01-07,SCH0301,0.0,1.0,1.0,1.0,,Irya Mittal,No Remarks,25.0
INSP02859,2026-03-12,SCH0279,0.0,,0.0,1.0,,Unknown Inspector,Average,66.67
INSP01766,2026-05-01,0360,,1.0,0.0,0.0,,Ayush Mann,Needs repair,66.67
INSP01576,2025-08-11,SCH0099,1.0,1.0,1.0,1.0,0.0,Omya Swaminathan,Toilets locked,20.0
INSP02484,2026-03-19,SCH0510,1.0,1.0,,0.0,0.0,Panini Nayar,Good condition,50.0
INSP02411,2025-12-22,SCH0105,0.0,0.0,1.0,1.0,1.0,Andrew Chahal,Toilets locked,40.0
INSP01028,2026-01-22,SCH0107,,1.0,1.0,0.0,1.0,Isha Vohra,Good condition,25.0
INSP00658,2026-03-21,SCH0117,,1.0,1.0,0.0,1.0,Peter Rao,Good condition,25.0
INSP01314,2025-08-11,SCH0351,0.0,1.0,,1.0,,Siya Sahni,Toilets locked,33.33
INSP00846,2025-06-28,SCH0190,1.0,,1.0,0.0,1.0,Unknown Inspector,Needs repair,25.0
INSP00543,2026-01-24,SCH0327,1.0,1.0,1.0,,1.0,Advaith Rajagopal,Toilets locked,0.0
INSP00870,2025-08-20,S0454,1.0,1.0,,1.0,0.0,Rachana Mani,No remarks,25.0
INSP01710,2025-05-15,SCH0016,1.0,1.0,1.0,0.0,0.0,Harrison Bera,Toilets locked,40.0
INSP01310,2025-08-09,SCH0249,1.0,1.0,1.0,1.0,0.0,Unknown Inspector,Needs repair,20.0
INSP02227,2025-08-11,SCH0097,1.0,1.0,1.0,,0.0,Xiti Walla,Needs repair,25.0
INSP02579,2025-12-12,SCH0008,1.0,1.0,1.0,1.0,,Frederick Mistry,Good condition,0.0
INSP01447,2026-03-24,SCH0035,1.0,1.0,1.0,1.0,0.0,Advay Rege,No Remarks,20.0
INSP02644,2025-11-12,SCH0130,1.0,1.0,1.0,1.0,0.0,Madhavi Dey,Average,20.0
INSP01656,2025-03-12,SCH0543,0.0,,1.0,,1.0,Maanas Basu,No remarks,33.33
INSP01504,2025-10-29,SCH0236,1.0,1.0,1.0,,,Akshay Iyengar,No remarks,0.0
INSP01085,2026-02-07,SCH0262,1.0,1.0,1.0,0.0,,Yashasvi Amble,Average,25.0
INSP02379,2026-03-30,SCH0284,1.0,,1.0,1.0,1.0,Oscar Basak,No remarks,0.0
INSP01433,2025-05-30,0590,1.0,1.0,0.0,1.0,0.0,Akshay Narayan,Average,40.0
INSP02546,2025-11-06,SCH0182,1.0,,1.0,1.0,1.0,Anjali Magar,Needs repair,0.0
INSP01892,2025-08-31,SCH0238,1.0,1.0,1.0,,0.0,Jairaj Hegde,Good condition,25.0
INSP01062,2025-05-13,SCH0009,0.0,1.0,0.0,1.0,1.0,Lipika Cherian,Average,40.0
INSP00436,2025-12-23,SCH0581,1.0,1.0,1.0,1.0,0.0,Aachal Pai,Good condition,20.0
INSP02474,2026-10-01,SCH0352,1.0,1.0,1.0,1.0,,Abeer Toor,No remarks,0.0
INSP00238,2025-09-08,SCH0166,0.0,1.0,1.0,1.0,,Hiral Goda,Toilets locked,25.0
INSP01488,2025-08-17,SCH0242,1.0,1.0,1.0,1.0,1.0,Irya Prabhu,Toilets locked,0.0
INSP02728,2025-06-30,SCH0282,0.0,1.0,1.0,1.0,1.0,Hiral Morar,No Remarks,20.0
INSP00110,2025-04-23,SCH0119,0.0,1.0,1.0,0.0,0.0,Eiravati Chaudhuri,Toilets locked,60.0
INSP02084,2025-09-11,SCH0283,,0.0,1.0,1.0,0.0,Naveen Bhandari,Good condition,50.0
INSP00782,2026-01-10,SCH0162,1.0,1.0,,1.0,1.0,Tanveer Dyal,Toilets locked,0.0
INSP00164,2026-02-05,SCH0163,0.0,,1.0,1.0,0.0,Vedhika Bora,Good condition,50.0
INSP00289,2025-12-27,SCH0457,1.0,1.0,1.0,1.0,0.0,Parth Bhatnagar,No Remarks,20.0
INSP00253,2025-07-07,SCH0006,,1.0,0.0,1.0,1.0,Nicholas Agate,Toilets locked,25.0
INSP01118,2025-07-08,SCH0382,,1.0,0.0,0.0,1.0,Aishani Keer,Needs repair,50.0
INSP02127,2025-12-15,SCH0350,,1.0,1.0,1.0,0.0,Tara Oza,Good condition,25.0
INSP01739,2025-06-06,SCH0436,,1.0,0.0,1.0,1.0,Zilmil Kumar,No Remarks,25.0
INSP00768,2026-02-19,SCH0172,0.0,0.0,1.0,0.0,0.0,Chatura Pradhan,Good condition,80.0
INSP00788,2025-07-06,SCH0421,1.0,1.0,1.0,0.0,1.0,Jeet Roy,Average,20.0
INSP01443,2025-09-30,SCH0463,1.0,1.0,1.0,1.0,1.0,Jairaj Chaudhary,Good condition,0.0
INSP00927,2025-04-03,SCH0420,,1.0,0.0,1.0,1.0,Unknown Inspector,Good condition,25.0
INSP01836,2025-07-19,SCH0134,1.0,,1.0,0.0,1.0,Lavanya Seshadri,Average,25.0
INSP01287,2025-05-29,SCH0119,,1.0,,1.0,1.0,Qarin Bhavsar,No remarks,0.0
INSP01554,2026-01-21,SCH0575,1.0,1.0,1.0,0.0,,Urvashi Mann,Average,25.0
INSP02457,2025-08-02,SCH0475,,,1.0,1.0,,Liam Munshi,Good condition,0.0
INSP02230,2025-05-20,SCH0207,1.0,1.0,,1.0,0.0,Nachiket Gara,Good condition,25.0
INSP02752,2025-11-21,SCH0255,1.0,1.0,1.0,1.0,1.0,Urmi Shetty,No remarks,0.0
INSP02313,2025-08-17,SCH0542,1.0,1.0,1.0,1.0,,Gunbir Pingle,Average,0.0
INSP02563,2026-01-23,0049,1.0,1.0,1.0,0.0,0.0,Unknown Inspector,Average,40.0
INSP00848,2025-07-02,SCH0009,1.0,1.0,0.0,0.0,1.0,Vasatika Khanna,Good condition,40.0
INSP01438,2026-01-01,SCH0081,,0.0,1.0,1.0,0.0,Diya Anand,Toilets locked,50.0
INSP02541,2025-07-27,SCH0566,,1.0,1.0,,,Vamakshi Sura,Good condition,0.0
INSP00462,2025-01-04,SCH0277,0.0,1.0,1.0,1.0,0.0,Tanmayi Vasa,Toilets locked,40.0
INSP02357,2025-06-29,SCH0059,,1.0,,0.0,1.0,Robert Rattan,No Remarks,33.33
INSP01603,2025-04-10,SCH0473,1.0,1.0,1.0,1.0,1.0,Unknown Inspector,Toilets locked,0.0
INSP00158,2025-07-17,SCH0331,1.0,,1.0,1.0,1.0,Umang Pai,Toilets locked,0.0
INSP02523,2025-07-30,SCH0256,1.0,1.0,0.0,0.0,0.0,Anita Dhingra,Good condition,60.0
INSP02087,2025-11-06,SCH0140,1.0,1.0,1.0,1.0,0.0,Noah Narayanan,Good condition,20.0
INSP01805,2025-12-05,SCH0594,,1.0,1.0,1.0,1.0,Gavin Chahal,Needs repair,0.0
INSP00678,2026-02-17,SCH0230,1.0,1.0,1.0,,0.0,Praneel Borde,Average,25.0
INSP01874,2025-10-17,S0304,0.0,1.0,,0.0,0.0,Luke Pingle,Toilets locked,75.0
INSP02373,2026-02-22,SCH0532,0.0,1.0,1.0,0.0,1.0,Unknown Inspector,Toilets locked,40.0
INSP00239,2026-04-03,SCH0449,1.0,0.0,1.0,0.0,1.0,Unknown Inspector,No Remarks,40.0
INSP00980,2025-07-20,SCH0600,1.0,1.0,1.0,1.0,0.0,Geetika Srinivasan,Needs repair,20.0
INSP01221,2025-05-27,S0542,1.0,1.0,,0.0,,Chanchal Narula,Toilets locked,33.33
INSP00244,2025-11-09,SCH0353,1.0,1.0,1.0,1.0,1.0,Samaksh Barad,Toilets locked,0.0
INSP00101,2025-09-16,SCH0478,1.0,1.0,0.0,1.0,1.0,Jalsa Chaudry,Good condition,20.0
INSP00316,2025-07-14,SCH0212,1.0,1.0,1.0,,0.0,Unknown Inspector,Average,25.0
INSP01011,2026-03-03,SCH0556,,1.0,1.0,,1.0,Umang Sahota,No remarks,0.0
INSP02584,2026-02-10,SCH0380,0.0,1.0,1.0,1.0,1.0,Jacob Jha,Toilets locked,20.0
INSP02583,2025-10-20,0116,0.0,1.0,1.0,,1.0,Nirja Rama,No Remarks,25.0
INSP01056,2025-09-03,SCH0467,1.0,1.0,1.0,,0.0,Alka Gopal,No remarks,25.0
INSP00262,2025-06-25,SCH0232,1.0,1.0,,1.0,1.0,Utkarsh Oak,No remarks,0.0
INSP01834,2025-11-09,SCH0295,1.0,1.0,1.0,0.0,1.0,Unknown Inspector,Good condition,20.0
INSP00196,2025-11-02,SCH0465,0.0,,,1.0,0.0,Om Issac,No Remarks,66.67
INSP01980,2025-07-06,SCH0115,1.0,,1.0,1.0,0.0,Unknown Inspector,Average,25.0
INSP02950,2026-02-26,SCH0314,0.0,1.0,1.0,1.0,1.0,Mahika Sankaran,Average,20.0
INSP02384,2025-10-28,SCH0346,0.0,,,0.0,0.0,Zehaan Dugar,Toilets locked,100.0
INSP00180,2025-09-09,SCH0417,0.0,1.0,1.0,0.0,1.0,Urishilla Shere,Good condition,40.0
INSP00835,2026-02-24,SCH0572,0.0,0.0,1.0,0.0,0.0,Krishna Sama,No remarks,80.0
INSP00843,2026-02-10,SCH0229,0.0,,1.0,1.0,0.0,Vaishnavi Salvi,No remarks,50.0
INSP02441,2026-02-07,SCH0485,,,1.0,,1.0,Nirja Khurana,No remarks,0.0
INSP01581,2025-01-08,SCH0205,1.0,1.0,1.0,,0.0,Anirudh Purohit,Toilets locked,25.0
INSP01038,2026-01-23,SCH0465,1.0,,1.0,1.0,,Vrishti Balakrishnan,Good condition,0.0
INSP00341,2025-05-07,SCH0098,1.0,1.0,0.0,1.0,0.0,Lohit Bala,Needs repair,40.0
INSP01180,2025-10-02,SCH0451,,0.0,,0.0,0.0,Rachana Chander,Needs repair,100.0
INSP01988,2025-12-26,SCH0188,1.0,,0.0,1.0,0.0,Veda Rao,Average,50.0
INSP00749,2026-03-09,SCH0065,1.0,0.0,0.0,,0.0,Kala Kale,No remarks,75.0
INSP01193,2025-04-30,SCH0137,1.0,1.0,1.0,0.0,1.0,Faraj Sura,Average,20.0
INSP00663,2025-11-30,S0424,1.0,,1.0,1.0,0.0,Manan Bhattacharyya,No Remarks,25.0
INSP00481,2025-05-29,SCH0019,,1.0,,0.0,1.0,Amaira Balakrishnan,No remarks,33.33
INSP00804,2025-12-03,SCH0524,1.0,1.0,1.0,0.0,0.0,Waida Handa,Good condition,40.0
INSP01455,2025-12-26,SCH0322,1.0,1.0,1.0,1.0,,Nihal Dasgupta,No Remarks,0.0
INSP01499,2025-08-01,0512,1.0,,,0.0,1.0,Urvi Warrior,Good condition,33.33
INSP02562,2026-03-25,SCH0118,0.0,1.0,,1.0,1.0,Unknown Inspector,Toilets locked,25.0
INSP00550,2025-10-17,SCH0554,1.0,1.0,,0.0,0.0,Unnati Chacko,Toilets locked,50.0
INSP01741,2025-09-06,SCH0125,1.0,,1.0,1.0,1.0,Yochana Dhillon,Needs repair,0.0
INSP00784,2025-06-06,SCH0334,,1.0,0.0,0.0,0.0,Daksh Sachdev,No remarks,75.0
INSP02848,2025-04-18,SCH0146,1.0,0.0,,,1.0,Lajita Mohanty,Average,33.33
INSP02314,2025-04-22,SCH0159,0.0,1.0,1.0,1.0,,Lila Sundaram,Average,25.0
INSP00743,2025-04-24,SCH0420,,1.0,1.0,0.0,,Tanay Borde,Needs repair,33.33
INSP02578,2025-11-21,SCH0514,1.0,1.0,1.0,1.0,1.0,Manan Kapur,Toilets locked,0.0
INSP02611,2025-05-19,S0097,,,0.0,,1.0,Unknown Inspector,Average,50.0
INSP01764,2026-01-31,SCH0019,1.0,1.0,1.0,,1.0,Unknown Inspector,Good condition,0.0
INSP02273,2025-05-25,SCH0483,1.0,,1.0,1.0,0.0,Wishi Sachdeva,No remarks,25.0
INSP02085,2025-09-12,SCH0286,,1.0,1.0,1.0,1.0,Ekta Gala,Good condition,0.0
INSP01781,2025-09-19,SCH0492,1.0,1.0,1.0,1.0,0.0,Divya Chaudhuri,Needs repair,20.0
INSP02419,2026-01-08,SCH0221,1.0,1.0,1.0,1.0,0.0,Kamala Sampath,No remarks,20.0
INSP01128,2026-03-18,SCH0022,1.0,1.0,1.0,0.0,1.0,Neel Singhal,Toilets locked,20.0
INSP00248,2026-03-24,SCH0286,,1.0,,1.0,0.0,Wyatt Parmar,Toilets locked,33.33
INSP00872,2025-12-06,SCH0577,1.0,,1.0,1.0,,Chavvi Upadhyay,Average,0.0
INSP01026,2026-03-02,SCH0592,,1.0,1.0,1.0,0.0,Veer Biswas,Toilets locked,25.0
INSP02955,2025-12-21,SCH0306,0.0,1.0,1.0,0.0,,Faris Dave,No remarks,50.0
INSP02860,2025-05-21,SCH0335,1.0,1.0,1.0,1.0,1.0,Jeevika Rama,Toilets locked,0.0
INSP00627,2026-02-14,0256,0.0,1.0,1.0,,0.0,Unknown Inspector,Average,50.0
INSP00348,2026-01-18,SCH0025,1.0,1.0,1.0,1.0,0.0,Unknown Inspector,No Remarks,20.0
INSP00279,2025-04-26,SCH0174,1.0,1.0,1.0,,1.0,Hemal Lalla,Good condition,0.0
INSP01989,2025-08-29,SCH0436,1.0,1.0,,1.0,,Damyanti Kashyap,Good condition,0.0
INSP02404,2026-03-06,0011,1.0,1.0,1.0,1.0,0.0,Warjas Deol,No remarks,20.0
INSP00656,2025-05-03,SCH0143,1.0,1.0,0.0,0.0,0.0,Ati Sandhu,No Remarks,60.0
INSP01357,2025-11-11,SCH0106,1.0,1.0,0.0,1.0,,Lajita Saha,Toilets locked,25.0
INSP01033,2025-08-16,SCH0150,,1.0,1.0,1.0,1.0,Kiaan Raval,No remarks,0.0
INSP00908,2025-11-25,S0572,1.0,1.0,1.0,0.0,1.0,Ojasvi Thaman,No remarks,20.0
INSP02761,2025-04-08,SCH0334,,1.0,1.0,1.0,0.0,Champak Upadhyay,Good condition,25.0
INSP02721,2025-10-11,SCH0164,1.0,1.0,1.0,1.0,0.0,Harita Saran,Good condition,20.0
INSP01136,2025-07-14,SCH0461,1.0,0.0,1.0,0.0,,Hitesh Dixit,No remarks,50.0
INSP00912,2025-10-07,SCH0493,1.0,0.0,1.0,,0.0,Yashawini Lalla,Needs repair,50.0
INSP01908,2025-07-29,SCH0101,1.0,,1.0,0.0,1.0,Ekaja Yohannan,Good condition,25.0
INSP00633,2026-02-24,SCH0376,0.0,,1.0,0.0,0.0,Leela Deshmukh,No Remarks,75.0
INSP01103,2025-08-09,0389,0.0,1.0,1.0,0.0,,Varsha Shankar,No Remarks,50.0
INSP00446,2026-10-03,SCH0059,0.0,1.0,1.0,,0.0,Tanish Sunder,Toilets locked,50.0
INSP00618,2026-03-18,SCH0185,1.0,,1.0,1.0,1.0,Adweta Divan,Needs repair,0.0
INSP01363,2025-05-06,S0108,,,1.0,,0.0,Unknown Inspector,Needs repair,50.0
INSP01196,2025-07-27,SCH0553,,1.0,0.0,0.0,1.0,Gaurika Narasimhan,Average,50.0
INSP01191,2025-09-20,SCH0272,1.0,1.0,0.0,1.0,1.0,Vihaan Ramaswamy,Toilets locked,20.0
INSP02292,2025-10-29,SCH0013,,1.0,1.0,1.0,,Niharika Gara,Good condition,0.0
INSP01748,2025-08-30,SCH0488,1.0,,1.0,1.0,1.0,Abhimanyu Bansal,Good condition,0.0
INSP00845,2026-03-16,SCH0131,0.0,1.0,1.0,1.0,1.0,Unknown Inspector,No remarks,20.0
INSP02685,2025-10-10,SCH0512,,0.0,,0.0,1.0,Ekanta Nagar,Toilets locked,66.67
INSP00548,2026-03-07,SCH0455,1.0,,1.0,1.0,,Yauvani Nagar,Average,0.0
INSP01979,2026-02-28,SCH0041,,,,0.0,0.0,Unknown Inspector,Needs repair,100.0
INSP02179,2025-07-08,0213,1.0,1.0,0.0,1.0,0.0,Wriddhish Grewal,No Remarks,40.0
INSP01058,2026-03-06,SCH0262,0.0,1.0,1.0,,1.0,Gayathri Baria,No remarks,25.0
INSP00264,2025-12-15,SCH0139,,1.0,1.0,,1.0,Veer Gera,Toilets locked,0.0
INSP02996,2025-04-05,SCH0492,1.0,1.0,1.0,0.0,1.0,Naveen Swamy,No remarks,20.0
INSP02477,2026-03-18,SCH0280,1.0,,1.0,1.0,,Unknown Inspector,No remarks,0.0
INSP02024,2025-06-15,SCH0583,1.0,1.0,1.0,0.0,,Hamsini Majumdar,Needs repair,25.0
INSP00354,2025-08-21,SCH0301,1.0,1.0,1.0,0.0,1.0,Veer Chana,Average,20.0
INSP00803,2026-03-22,0180,1.0,0.0,,1.0,0.0,Qushi Zachariah,Average,50.0
INSP00209,2025-04-24,SCH0294,1.0,1.0,,1.0,0.0,Naksh Andra,Good condition,25.0
INSP00614,2026-03-23,SCH0027,,1.0,1.0,0.0,,Jasmit Rama,Good condition,33.33
INSP01048,2025-03-07,SCH0133,,0.0,1.0,1.0,0.0,Ethan Sarkar,Toilets locked,50.0
INSP02158,2026-02-21,SCH0593,1.0,1.0,0.0,0.0,1.0,Faras Grewal,Average,40.0
INSP01676,2025-11-12,S0381,1.0,0.0,0.0,1.0,1.0,Yashawini Sem,No Remarks,40.0
INSP01272,2025-07-17,SCH0020,1.0,1.0,1.0,0.0,,Maanas Chaudhry,Good condition,25.0
INSP01271,2025-12-29,SCH0557,1.0,1.0,0.0,1.0,0.0,Onkar Behl,Toilets locked,40.0
INSP01954,2025-01-05,SCH0029,1.0,0.0,,1.0,1.0,Osha Loyal,Toilets locked,25.0
INSP02693,2025-06-01,SCH0526,0.0,0.0,1.0,1.0,0.0,Warinder Vora,Average,60.0
INSP00058,2026-03-14,SCH0064,,1.0,1.0,1.0,0.0,Unknown Inspector,Needs repair,25.0
INSP02348,2026-01-09,SCH0424,0.0,,,1.0,0.0,Isaac Natarajan,Needs repair,66.67
INSP00812,2026-03-07,SCH0548,0.0,1.0,,0.0,,Varsha Pingle,Good condition,66.67
INSP01552,2025-07-25,SCH0089,1.0,0.0,1.0,0.0,1.0,Amaira Gandhi,No remarks,40.0
INSP02737,2025-04-03,SCH0348,1.0,,1.0,1.0,,Hardik Borde,Average,0.0
INSP00562,2025-03-05,S0072,1.0,1.0,1.0,1.0,1.0,Lakshmi Ganesh,No remarks,0.0
INSP02310,2025-05-06,SCH0452,1.0,,1.0,0.0,,Indali Bhatt,No remarks,33.33
INSP00230,2025-07-12,SCH0124,,1.0,1.0,,1.0,Mason Hari,No Remarks,0.0
INSP02640,2025-08-20,SCH0169,1.0,1.0,1.0,1.0,0.0,Gaurav Bobal,Toilets locked,20.0
INSP02033,2025-06-09,SCH0099,1.0,1.0,,1.0,,Ryan Trivedi,No Remarks,0.0
INSP02933,2025-09-24,SCH0177,1.0,1.0,,0.0,1.0,Anusha Parekh,Good condition,25.0
INSP00539,2025-06-15,SCH0302,,1.0,1.0,1.0,1.0,Vamakshi Shroff,Needs repair,0.0
INSP01736,2026-02-17,SCH0259,1.0,0.0,0.0,1.0,,Janaki Upadhyay,Average,50.0
INSP02576,2026-03-17,S0249,1.0,1.0,1.0,0.0,1.0,Sarthak Warrior,Good condition,20.0
INSP02229,2026-03-14,SCH0307,,1.0,1.0,0.0,1.0,Eiravati Baral,Needs repair,25.0
INSP02870,2025-12-04,SCH0402,1.0,1.0,1.0,1.0,0.0,Anmol Chawla,Average,20.0
INSP00561,2026-01-16,SCH0113,1.0,1.0,1.0,1.0,1.0,Mitali Setty,No Remarks,0.0
INSP00708,2026-01-01,S0121,1.0,1.0,0.0,1.0,0.0,Aayush Krish,No remarks,40.0
INSP01235,2025-06-12,SCH0486,1.0,0.0,,0.0,1.0,Ishanvi Gera,Needs repair,50.0
INSP00425,2025-05-06,S0068,1.0,,1.0,0.0,1.0,Aahana Ravi,Average,25.0
INSP00648,2025-04-10,SCH0425,0.0,0.0,1.0,1.0,1.0,Lajita Radhakrishnan,Average,40.0
INSP01883,2025-10-08,SCH0185,1.0,1.0,1.0,0.0,1.0,Shivansh Bir,Good condition,20.0
INSP01324,2025-07-17,0553,1.0,1.0,0.0,1.0,1.0,Unknown Inspector,Good condition,20.0
INSP02596,2025-05-14,SCH0031,1.0,1.0,1.0,0.0,0.0,Anay Atwal,No Remarks,40.0
INSP01160,2025-12-30,SCH0388,,1.0,0.0,1.0,0.0,Samuel Sankaran,Good condition,50.0
INSP01006,2025-11-29,SCH0053,0.0,1.0,,0.0,0.0,Irya Bawa,Toilets locked,75.0
INSP00621,2025-06-08,SCH0451,1.0,1.0,1.0,,,Neel Dugal,No remarks,0.0
INSP00554,2025-08-08,SCH0124,,1.0,1.0,1.0,,Unknown Inspector,Average,0.0
INSP02802,2026-01-02,SCH0505,1.0,,1.0,1.0,1.0,Onkar Chadha,No remarks,0.0
INSP01558,2026-11-01,SCH0220,1.0,1.0,,1.0,0.0,Unknown Inspector,No Remarks,25.0
INSP00999,2025-07-17,SCH0557,0.0,1.0,1.0,1.0,1.0,Amol Brahmbhatt,Needs repair,20.0
INSP01365,2026-01-16,SCH0239,1.0,1.0,1.0,,1.0,Dhruv Lad,No Remarks,0.0
INSP01755,2026-02-09,SCH0039,1.0,1.0,0.0,,1.0,Nachiket Varty,No remarks,25.0
INSP02886,2025-12-27,SCH0063,0.0,1.0,,0.0,0.0,Alexander Hayre,Good condition,75.0
INSP01645,2025-06-14,SCH0280,1.0,1.0,1.0,0.0,1.0,Sanaya Ramakrishnan,Needs repair,20.0
INSP00441,2026-09-02,SCH0356,,1.0,1.0,1.0,1.0,Niharika Bansal,Toilets locked,0.0
INSP00509,2025-10-05,SCH0322,0.0,1.0,,0.0,0.0,Abdul Dugar,Good condition,75.0
INSP00590,2026-03-12,S0487,,1.0,1.0,1.0,0.0,Yashica Tiwari,Average,25.0
INSP01237,2025-12-17,SCH0448,1.0,1.0,1.0,,0.0,Aarush Bassi,Good condition,25.0
INSP00650,2025-12-23,SCH0534,1.0,0.0,,0.0,0.0,Vedika Kohli,Needs repair,75.0
INSP02041,2025-12-07,SCH0236,,1.0,1.0,0.0,0.0,Yashawini Ganesan,No Remarks,50.0
INSP02683,2025-04-23,SCH0186,1.0,1.0,,1.0,0.0,Vihaan Saini,Good condition,25.0
INSP01317,2025-07-14,SCH0315,1.0,1.0,1.0,,1.0,Harita Chatterjee,No Remarks,0.0
INSP01335,2026-01-11,SCH0210,1.0,1.0,1.0,1.0,0.0,Mitali Lad,Good condition,20.0
INSP01843,2026-03-15,SCH0032,1.0,1.0,0.0,1.0,0.0,Meera Sampath,No Remarks,40.0
INSP00631,2026-11-01,SCH0292,,1.0,1.0,1.0,1.0,Vasatika Grewal,No Remarks,0.0
INSP01403,2025-11-13,SCH0469,,1.0,1.0,1.0,1.0,Kabir Cheema,No remarks,0.0
INSP00483,2025-06-07,0389,1.0,1.0,1.0,0.0,,Unknown Inspector,Average,25.0
INSP01245,2025-12-29,SCH0463,0.0,1.0,0.0,1.0,1.0,Ekanta Bahri,Toilets locked,40.0
INSP02571,2025-05-11,SCH0079,1.0,1.0,,1.0,1.0,Wridesh Soni,Needs repair,0.0
INSP02231,2025-08-29,SCH0263,1.0,,1.0,0.0,1.0,Aayush Ratti,No remarks,25.0
INSP02096,2025-10-29,SCH0362,1.0,1.0,1.0,,,Reva Sidhu,No remarks,0.0
INSP00857,2025-07-11,S0368,0.0,1.0,1.0,1.0,1.0,Fitan De,Good condition,20.0
INSP00531,2026-03-15,S0594,,1.0,1.0,1.0,0.0,Ranveer Tank,No Remarks,25.0
INSP01996,2025-04-11,SCH0188,1.0,,1.0,1.0,1.0,Yagnesh Borra,No remarks,0.0
INSP00050,2025-10-03,SCH0466,1.0,,1.0,1.0,0.0,Hamsini Golla,Toilets locked,25.0
INSP00859,2025-12-17,SCH0578,1.0,1.0,1.0,,0.0,Pallavi Wagle,Needs repair,25.0
INSP01073,2025-09-27,SCH0583,1.0,1.0,1.0,0.0,1.0,Wriddhish Bal,Toilets locked,20.0
INSP00720,2026-03-01,SCH0370,,0.0,1.0,,,Anita Sengupta,Toilets locked,50.0
INSP01826,2026-02-08,S0416,1.0,1.0,0.0,,1.0,Xalak Raghavan,Average,25.0
INSP01430,2025-09-07,SCH0255,,0.0,1.0,1.0,0.0,Veda Parikh,Needs repair,50.0
INSP02370,2025-12-11,SCH0058,1.0,0.0,1.0,0.0,1.0,Brinda Buch,No Remarks,40.0
INSP01449,2025-12-07,SCH0317,1.0,1.0,1.0,,,Chandresh Gokhale,No Remarks,0.0
INSP01633,2025-11-25,SCH0554,1.0,1.0,,0.0,1.0,Tara Mahal,Good condition,25.0
INSP02244,2026-03-25,0475,1.0,1.0,,,0.0,Vinaya Vala,Average,33.33
INSP02888,2025-04-23,SCH0061,1.0,1.0,1.0,0.0,,Advika Raghavan,Needs repair,25.0
INSP02744,2025-06-20,SCH0105,1.0,1.0,,0.0,1.0,Brijesh Naidu,No remarks,25.0
INSP01544,2025-12-17,SCH0236,,1.0,1.0,,0.0,Logan Sarin,No Remarks,33.33
INSP02167,2025-04-08,SCH0365,0.0,1.0,1.0,1.0,1.0,Unknown Inspector,No remarks,20.0
INSP01792,2026-03-29,SCH0032,1.0,,1.0,1.0,1.0,Dhriti Boase,Average,0.0
INSP01393,2025-05-01,SCH0397,1.0,1.0,1.0,1.0,1.0,Veer Ramaswamy,No Remarks,0.0
INSP02257,2025-08-26,SCH0036,,1.0,1.0,,1.0,Dalaja Karnik,Good condition,0.0
INSP02766,2025-05-08,S0287,1.0,1.0,1.0,,1.0,Gaurangi Barad,Average,0.0
INSP01651,2025-07-25,SCH0026,1.0,1.0,1.0,1.0,1.0,Dev Kata,No Remarks,0.0
INSP00298,2025-12-01,SCH0141,,1.0,1.0,1.0,1.0,Jagdish Gulati,Toilets locked,0.0
INSP01327,2026-05-02,SCH0276,1.0,1.0,1.0,,1.0,Parth Krishnamurthy,Needs repair,0.0
INSP01458,2026-03-22,SCH0067,1.0,1.0,1.0,,1.0,Forum Handa,No remarks,0.0
INSP00959,2025-05-05,SCH0128,1.0,1.0,1.0,1.0,1.0,Aadhya Baral,Needs repair,0.0
INSP01321,2026-01-30,S0524,0.0,1.0,1.0,1.0,1.0,Unknown Inspector,Average,20.0
INSP01609,2026-02-26,SCH0290,0.0,1.0,1.0,1.0,1.0,Kala Nath,Toilets locked,20.0
INSP01214,2025-11-30,SCH0212,1.0,0.0,0.0,0.0,0.0,Vedhika Ahluwalia,No Remarks,80.0
INSP00350,2025-05-12,SCH0285,1.0,,1.0,1.0,1.0,Anamika Choudhury,No remarks,0.0
INSP02565,2025-12-30,SCH0579,1.0,1.0,1.0,0.0,0.0,Nathan Padmanabhan,Average,40.0
INSP00644,2026-01-31,SCH0260,1.0,1.0,1.0,,0.0,Ekaja Wason,Needs repair,25.0
INSP01897,2025-09-28,SCH0567,1.0,,0.0,0.0,1.0,Dhruv Batra,Needs repair,50.0
INSP01284,2025-03-11,SCH0489,1.0,1.0,1.0,1.0,0.0,Avni Modi,Toilets locked,20.0
INSP00670,2025-08-10,SCH0291,1.0,0.0,1.0,0.0,1.0,Warjas Mody,Average,40.0
INSP02537,2025-04-17,0265,0.0,1.0,1.0,0.0,1.0,Unknown Inspector,Average,40.0
INSP01643,2025-10-15,SCH0111,1.0,1.0,1.0,1.0,1.0,Aarini Chawla,Toilets locked,0.0
INSP01955,2026-01-15,S0561,,1.0,,,,Siya Parekh,No Remarks,0.0
INSP02591,2026-01-31,SCH0252,1.0,1.0,1.0,1.0,1.0,Chaman Mistry,Average,0.0
INSP02499,2026-03-15,SCH0322,1.0,1.0,1.0,0.0,,Chaitaly Bath,No Remarks,25.0
INSP01553,2025-12-17,SCH0071,1.0,,,0.0,,Indrajit Nori,Good condition,50.0
INSP01715,2026-03-20,SCH0262,1.0,1.0,0.0,1.0,0.0,Unknown Inspector,Needs repair,40.0
INSP00787,2025-10-02,SCH0244,1.0,1.0,1.0,,1.0,Arya Ramesh,No remarks,0.0
INSP02833,2025-10-21,SCH0138,1.0,1.0,0.0,1.0,0.0,Harita Ratta,Toilets locked,40.0
INSP00141,2025-05-14,SCH0318,1.0,1.0,1.0,1.0,0.0,Hemani Rastogi,Toilets locked,20.0
INSP00789,2025-11-21,SCH0074,1.0,,1.0,,0.0,Qasim Mody,Good condition,33.33
INSP01726,2025-11-13,SCH0316,1.0,,1.0,1.0,1.0,Chakradhar Kapoor,Average,0.0
INSP02688,2025-07-19,SCH0009,,,1.0,0.0,0.0,Baljiwan Gaba,No remarks,66.67
INSP00715,2025-09-30,SCH0334,,1.0,,1.0,1.0,Udyati Soman,Average,0.0
INSP01466,2025-10-24,SCH0047,1.0,,1.0,0.0,0.0,Hitesh Chana,No remarks,50.0
INSP01718,2025-11-06,SCH0443,1.0,1.0,1.0,1.0,,Peter Tella,No remarks,0.0
INSP01601,2025-07-21,0468,0.0,0.0,1.0,1.0,,Harinakshi Suri,No Remarks,50.0
INSP01627,2025-11-14,SCH0018,0.0,1.0,1.0,1.0,1.0,Qasim Krishnamurthy,Average,20.0
INSP00619,2025-07-07,SCH0033,0.0,1.0,1.0,,,Arin Nagarajan,No Remarks,33.33
INSP00407,2025-09-29,SCH0344,1.0,1.0,0.0,1.0,0.0,Lekha Radhakrishnan,No Remarks,40.0
INSP01519,2025-09-23,SCH0173,1.0,1.0,,0.0,0.0,Tanveer Tiwari,No Remarks,50.0
INSP02017,2026-09-02,0420,0.0,1.0,1.0,1.0,1.0,Orinder Ahuja,Good condition,20.0
INSP02937,2026-03-18,SCH0344,0.0,1.0,1.0,,,Raghav Mall,No remarks,33.33
INSP01269,2025-10-04,SCH0488,1.0,1.0,1.0,,,Ojasvi Rattan,No Remarks,0.0
INSP01780,2026-02-15,SCH0453,,0.0,1.0,1.0,0.0,Qadim Prabhu,Needs repair,50.0
INSP00498,2025-11-05,SCH0590,1.0,1.0,0.0,1.0,1.0,Divya Kari,Toilets locked,20.0
INSP00343,2025-05-28,SCH0346,1.0,,,1.0,,Yamini Badami,Average,0.0
INSP02879,2025-12-15,SCH0063,,,1.0,,1.0,Devika Tank,Toilets locked,0.0
INSP02390,2025-12-06,SCH0119,0.0,1.0,0.0,1.0,1.0,Onveer Jaggi,Good condition,40.0
INSP00783,2025-06-16,0078,1.0,0.0,1.0,0.0,0.0,Harish Kaul,Average,60.0
INSP02291,2025-07-04,S0008,1.0,1.0,,1.0,0.0,Nitesh Zachariah,Average,25.0
INSP00304,2025-11-03,S0325,0.0,1.0,0.0,1.0,0.0,Faqid Mitter,No Remarks,60.0
INSP01952,2025-10-27,SCH0086,1.0,1.0,1.0,,0.0,Urvi Pai,Needs repair,25.0
INSP00665,2026-03-15,SCH0450,1.0,1.0,1.0,,,Harinakshi Shenoy,Toilets locked,0.0
INSP01814,2026-01-19,SCH0197,0.0,0.0,1.0,1.0,0.0,Zarna Saxena,Toilets locked,60.0
INSP01624,2025-06-23,SCH0401,1.0,,,1.0,0.0,Unknown Inspector,Average,33.33
INSP02836,2025-10-18,SCH0370,0.0,1.0,,0.0,0.0,Lavanya Nazareth,Toilets locked,75.0
INSP01629,2025-09-03,SCH0321,1.0,1.0,0.0,,0.0,Isaac Wagle,Average,50.0
INSP00085,2025-05-14,SCH0466,1.0,1.0,0.0,,1.0,Bhanumati Gaba,Needs repair,25.0
INSP02333,2026-01-25,SCH0590,1.0,1.0,0.0,0.0,1.0,Yuvraj Butala,No remarks,40.0
INSP00942,2025-09-28,SCH0494,0.0,0.0,,0.0,0.0,Ikbal Verma,Average,100.0
INSP00962,2025-07-24,SCH0143,1.0,0.0,0.0,0.0,1.0,Vasatika Barad,No remarks,60.0
INSP00842,2026-01-21,SCH0142,1.0,1.0,1.0,0.0,,Veda Ratta,Good condition,25.0
INSP02502,2026-01-05,SCH0335,0.0,1.0,1.0,,1.0,Rachit Sibal,Good condition,25.0
INSP02651,2026-06-01,SCH0106,,1.0,1.0,0.0,1.0,Nilima Kannan,Toilets locked,25.0
INSP01415,2025-08-19,S0330,1.0,1.0,1.0,1.0,0.0,Odika Deol,Toilets locked,20.0
INSP00291,2026-05-02,S0441,,1.0,,1.0,,Ikbal Swamy,Needs repair,0.0
INSP02195,2025-01-05,SCH0509,1.0,1.0,1.0,1.0,,Qushi Zachariah,Needs repair,0.0
INSP01242,2025-12-31,SCH0386,0.0,1.0,1.0,1.0,0.0,Abha Bal,Average,40.0
INSP00605,2026-02-25,SCH0138,1.0,1.0,0.0,0.0,1.0,Kalpit Varma,Average,40.0
INSP02150,2025-04-27,SCH0047,1.0,,,0.0,1.0,Elijah Kade,Average,33.33
INSP00917,2025-05-06,SCH0474,1.0,1.0,1.0,0.0,1.0,Lakshmi Menon,No Remarks,20.0
INSP02622,2026-03-16,SCH0216,0.0,1.0,,,1.0,Unknown Inspector,Toilets locked,33.33
INSP01823,2025-11-03,SCH0221,0.0,,1.0,,1.0,Bishakha Pant,Toilets locked,33.33
INSP01100,2025-05-08,SCH0486,1.0,1.0,0.0,0.0,0.0,Advay Kamdar,No Remarks,60.0
INSP01089,2025-08-07,SCH0600,1.0,1.0,0.0,1.0,0.0,Lakshit Sem,Average,40.0
INSP02214,2026-07-02,SCH0103,1.0,1.0,,,0.0,Nitara Ghosh,Needs repair,33.33
INSP01442,2025-07-15,SCH0205,,1.0,1.0,1.0,0.0,Unknown Inspector,No remarks,25.0
INSP00822,2025-07-12,SCH0393,1.0,,1.0,0.0,1.0,Aachal Babu,No Remarks,25.0
INSP02597,2025-09-27,SCH0084,1.0,,,1.0,0.0,Unknown Inspector,Toilets locked,33.33
INSP01001,2025-05-29,SCH0240,1.0,1.0,1.0,,1.0,Unknown Inspector,No remarks,0.0
INSP01495,2025-08-30,0062,0.0,0.0,1.0,0.0,0.0,Garima Sodhi,No Remarks,80.0
INSP00019,2026-03-03,SCH0418,0.0,1.0,1.0,0.0,1.0,Unknown Inspector,Needs repair,40.0
INSP02975,2026-02-18,SCH0543,1.0,1.0,1.0,1.0,0.0,Unknown Inspector,Needs repair,20.0
INSP01126,2025-11-11,SCH0219,1.0,1.0,,0.0,,Wriddhish Kalla,Needs repair,33.33
INSP01352,2025-08-07,SCH0545,1.0,0.0,,1.0,1.0,Jack Munshi,No Remarks,25.0
INSP02251,2025-10-07,SCH0497,,,1.0,1.0,,Jasmit Ghose,Good condition,0.0
INSP01396,2025-06-13,SCH0390,0.0,1.0,1.0,0.0,0.0,Unknown Inspector,Good condition,60.0
INSP01719,2026-07-01,S0538,1.0,1.0,0.0,0.0,1.0,Unknown Inspector,Average,40.0
INSP01594,2025-11-04,SCH0378,0.0,1.0,,0.0,0.0,Ranveer Randhawa,Good condition,75.0
INSP01810,2026-01-30,SCH0343,,1.0,,1.0,1.0,Divya Purohit,Toilets locked,0.0
INSP01658,2025-05-17,SCH0247,0.0,1.0,1.0,0.0,1.0,Sudiksha Nagy,Average,40.0
INSP02128,2025-04-23,S0059,1.0,1.0,1.0,1.0,0.0,Avi Chawla,Toilets locked,20.0
INSP01518,2025-05-10,SCH0190,1.0,1.0,0.0,1.0,1.0,Zansi Kaul,Toilets locked,20.0
INSP01010,2025-10-06,SCH0566,,1.0,1.0,,1.0,Yutika Chowdhury,No remarks,0.0
INSP00361,2025-12-09,SCH0410,1.0,0.0,1.0,0.0,0.0,Faris Lad,Average,60.0
INSP02690,2025-05-07,SCH0292,1.0,1.0,1.0,0.0,0.0,Ethan Gala,Toilets locked,40.0
INSP02013,2025-08-16,SCH0098,1.0,,1.0,0.0,1.0,Kamala Khatri,Good condition,25.0
INSP02739,2025-12-10,SCH0198,1.0,1.0,,1.0,0.0,Urvashi Kala,Toilets locked,25.0
INSP01841,2025-10-14,SCH0164,0.0,0.0,1.0,0.0,0.0,Samaksh Murthy,Good condition,80.0
INSP00345,2025-04-12,SCH0535,1.0,0.0,1.0,,1.0,Deepa Goyal,Toilets locked,25.0
INSP00987,2025-04-15,SCH0385,1.0,1.0,1.0,1.0,1.0,Anya Palla,No Remarks,0.0
INSP02026,2026-03-06,0382,0.0,1.0,1.0,1.0,0.0,Tanmayi Gokhale,Toilets locked,40.0
INSP01912,2026-03-17,S0459,1.0,1.0,0.0,1.0,0.0,Priya Das,Needs repair,40.0
INSP01476,2025-06-27,SCH0258,1.0,0.0,0.0,0.0,0.0,Caleb Mallick,No remarks,80.0
INSP01299,2025-11-01,S0075,1.0,,1.0,1.0,1.0,Warjas Jani,Toilets locked,0.0
INSP00114,2025-06-16,SCH0302,1.0,1.0,1.0,1.0,1.0,Sara Palla,No Remarks,0.0
INSP01211,2025-06-28,SCH0306,1.0,,1.0,1.0,0.0,Rajeshri Sheth,Needs repair,25.0
INSP02023,2025-10-04,SCH0181,0.0,1.0,1.0,0.0,,Hitesh Rajan,Good condition,50.0
INSP01895,2025-05-23,SCH0220,1.0,0.0,1.0,0.0,,Jai Kara,Toilets locked,50.0
INSP00086,2026-12-01,SCH0244,1.0,1.0,1.0,1.0,0.0,Dipta Rastogi,Toilets locked,20.0
INSP02175,2025-11-01,S0020,,1.0,1.0,0.0,1.0,Triya Sibal,No remarks,25.0
INSP00669,2026-01-29,SCH0321,1.0,1.0,1.0,0.0,0.0,Unknown Inspector,No Remarks,40.0
INSP01015,2025-12-07,SCH0060,,,1.0,0.0,0.0,Daksha Wadhwa,No remarks,66.67
INSP00129,2026-01-31,SCH0030,1.0,1.0,,1.0,,Pooja Pillai,No remarks,0.0
INSP02498,2026-10-02,SCH0236,1.0,1.0,0.0,1.0,0.0,Eshana Chanda,No remarks,40.0
INSP02961,2025-08-18,SCH0144,1.0,1.0,0.0,1.0,1.0,Azad Sachar,No Remarks,20.0
INSP00892,2025-04-29,SCH0400,,1.0,1.0,1.0,1.0,Vedika Krish,Good condition,0.0
INSP01584,2025-11-27,SCH0151,1.0,1.0,1.0,0.0,1.0,Zinal Rege,Good condition,20.0
INSP00308,2025-12-21,SCH0116,1.0,1.0,1.0,1.0,1.0,Nicholas Pathak,No remarks,0.0
INSP00384,2025-10-15,SCH0051,1.0,,1.0,,1.0,Maanas Mangat,Good condition,0.0
INSP02044,2025-10-23,SCH0245,1.0,1.0,1.0,1.0,1.0,William Mohanty,No Remarks,0.0
INSP01296,2025-12-12,SCH0346,1.0,1.0,,0.0,,Azaan Deol,No Remarks,33.33
INSP02067,2025-05-11,SCH0215,,1.0,1.0,1.0,0.0,Jagrati Grover,Needs repair,25.0
INSP00427,2026-01-12,SCH0452,,1.0,1.0,1.0,1.0,Chakrika Bajaj,Good condition,0.0
INSP00495,2026-02-16,SCH0491,1.0,0.0,1.0,0.0,1.0,Kai Mitra,Needs repair,40.0
INSP01208,2025-03-04,SCH0526,1.0,,1.0,1.0,1.0,Shivani Chahal,Toilets locked,0.0
INSP01209,2026-01-30,0479,0.0,1.0,1.0,1.0,1.0,Krishna Iyer,Good condition,20.0
INSP02317,2025-08-14,SCH0241,,1.0,1.0,1.0,1.0,Daniel Nagy,No remarks,0.0
INSP01400,2025-10-24,SCH0072,1.0,,1.0,1.0,1.0,Balendra Sundaram,Needs repair,0.0
INSP01767,2025-06-22,SCH0105,1.0,0.0,1.0,,0.0,Krisha Sheth,Toilets locked,50.0
INSP00276,2026-02-10,S0512,1.0,1.0,1.0,,1.0,Unknown Inspector,Toilets locked,0.0
INSP00490,2025-08-06,SCH0353,0.0,1.0,1.0,1.0,0.0,Charvi Iyer,No remarks,40.0
INSP02667,2026-03-31,SCH0114,0.0,0.0,,0.0,1.0,Jeremiah Tandon,No remarks,75.0
INSP00691,2025-12-10,SCH0310,0.0,1.0,0.0,0.0,0.0,Unknown Inspector,Average,80.0
INSP01798,2026-02-28,SCH0582,1.0,1.0,1.0,1.0,1.0,Unknown Inspector,Toilets locked,0.0
INSP01770,2026-03-21,SCH0105,0.0,,1.0,1.0,1.0,Isha Issac,No Remarks,25.0
INSP02258,2026-07-03,SCH0567,1.0,1.0,1.0,0.0,,Guneet Kannan,No remarks,25.0
INSP01331,2025-10-12,SCH0498,1.0,1.0,0.0,1.0,1.0,Nitesh Baria,No remarks,20.0
INSP02868,2026-02-13,SCH0322,,,1.0,1.0,0.0,Girish Zachariah,Good condition,33.33
INSP01059,2025-08-27,S0425,1.0,1.0,0.0,,0.0,Unknown Inspector,Toilets locked,50.0
INSP00119,2025-08-05,SCH0009,1.0,0.0,0.0,1.0,1.0,Owen Koshy,Average,40.0
INSP01025,2026-03-19,SCH0056,1.0,1.0,1.0,1.0,1.0,Amara Sura,Average,0.0
INSP02784,2026-01-07,SCH0042,1.0,1.0,0.0,1.0,1.0,Aishani Butala,Needs repair,20.0
INSP00282,2025-04-26,SCH0148,,1.0,1.0,1.0,1.0,Yuvraj Suri,Good condition,0.0
INSP01672,2026-02-27,SCH0540,1.0,1.0,1.0,0.0,0.0,Bahadurjit Jhaveri,No Remarks,40.0
INSP02459,2026-02-01,SCH0298,0.0,1.0,1.0,,0.0,Zaitra Brahmbhatt,No Remarks,50.0
INSP00969,2025-09-18,SCH0290,0.0,1.0,0.0,,0.0,Sanya Dutta,Toilets locked,75.0
INSP02064,2026-01-25,SCH0080,1.0,0.0,1.0,1.0,0.0,Ethan Muni,No Remarks,40.0
INSP01919,2025-06-01,SCH0536,,1.0,1.0,0.0,1.0,Chaaya Parekh,No Remarks,25.0
INSP01790,2025-08-14,SCH0213,,0.0,1.0,1.0,0.0,Yoshita Rastogi,No remarks,50.0
INSP00156,2025-04-11,SCH0331,0.0,1.0,0.0,1.0,0.0,Christopher Kohli,No Remarks,60.0
INSP00305,2026-03-01,SCH0416,,1.0,1.0,1.0,0.0,Krisha Patel,No remarks,25.0
INSP02054,2025-11-12,SCH0232,1.0,1.0,1.0,1.0,1.0,Vasatika Dyal,No Remarks,0.0
INSP02684,2025-12-05,SCH0340,,1.0,1.0,1.0,1.0,Unknown Inspector,Average,0.0
INSP01690,2025-04-05,S0237,1.0,0.0,1.0,1.0,0.0,Anirudh Swaminathan,Needs repair,40.0
INSP02781,2025-04-19,SCH0405,1.0,1.0,1.0,,1.0,Saksham Palla,No remarks,0.0
INSP02360,2025-12-18,SCH0040,0.0,0.0,1.0,,1.0,Qabil Mani,Toilets locked,50.0
INSP01526,2026-01-26,SCH0418,,1.0,0.0,1.0,0.0,Netra Puri,No remarks,50.0
INSP00576,2026-03-31,SCH0018,,1.0,1.0,0.0,1.0,Ubika Nath,Needs repair,25.0
INSP02065,2026-02-17,SCH0487,,1.0,1.0,1.0,0.0,Unnati Dayal,Needs repair,25.0
INSP02705,2026-02-27,SCH0063,,1.0,1.0,1.0,0.0,Chatresh Gala,Good condition,25.0
INSP02759,2025-04-05,SCH0448,1.0,1.0,0.0,,0.0,Upkaar Kamdar,Toilets locked,50.0
INSP01322,2025-04-28,SCH0209,1.0,1.0,0.0,0.0,0.0,Harita Zachariah,Good condition,60.0
INSP00844,2025-07-26,SCH0053,0.0,,1.0,,1.0,Warjas Sundaram,No remarks,33.33
INSP01407,2025-11-24,SCH0459,,1.0,0.0,,0.0,Unknown Inspector,No remarks,66.67
INSP00270,2025-12-26,SCH0175,1.0,1.0,,,,Unknown Inspector,Good condition,0.0
INSP00630,2026-01-26,SCH0104,1.0,1.0,1.0,1.0,1.0,Dayamai Gola,No remarks,0.0
INSP01034,2025-10-13,SCH0111,1.0,1.0,1.0,1.0,,Charan Bhakta,Needs repair,0.0
INSP00287,2025-05-09,SCH0395,1.0,1.0,1.0,1.0,1.0,Warhi Kanda,No Remarks,0.0
INSP02331,2026-03-29,SCH0379,,1.0,0.0,1.0,0.0,Siya Shan,Good condition,50.0
INSP00301,2025-10-31,SCH0078,1.0,1.0,,0.0,1.0,Saanvi Tripathi,Toilets locked,25.0
INSP01510,2025-08-23,S0336,1.0,1.0,,1.0,,Jagdish Warrior,Toilets locked,0.0
INSP02020,2025-12-31,SCH0209,1.0,,0.0,0.0,0.0,Anmol Pau,Needs repair,75.0
INSP01868,2026-01-19,SCH0283,1.0,1.0,1.0,1.0,1.0,Ayaan Handa,Good condition,0.0
INSP01468,2026-01-18,SCH0452,,1.0,1.0,0.0,,Quincy Dewan,Toilets locked,33.33
INSP00066,2025-07-01,SCH0242,1.0,1.0,,1.0,1.0,Yadavi Krishnan,No Remarks,0.0
INSP02340,2026-02-03,SCH0174,1.0,0.0,1.0,0.0,0.0,Lohit Sahni,Toilets locked,60.0
INSP00891,2025-12-08,SCH0446,0.0,1.0,1.0,0.0,1.0,Radha Mahajan,Average,40.0
INSP01879,2025-09-29,SCH0430,1.0,1.0,1.0,1.0,0.0,Unknown Inspector,No remarks,20.0
INSP01972,2025-07-21,SCH0168,1.0,1.0,1.0,1.0,1.0,Kalpit Varkey,Needs repair,0.0
INSP02657,2025-12-16,SCH0125,0.0,,1.0,1.0,1.0,Unknown Inspector,No Remarks,25.0
INSP02976,2026-01-09,SCH0388,1.0,1.0,,,1.0,Unknown Inspector,Average,0.0
INSP00231,2025-07-01,SCH0365,1.0,1.0,1.0,1.0,1.0,Irya Patla,Needs repair,0.0
INSP00504,2025-04-17,SCH0265,1.0,1.0,0.0,1.0,1.0,Balvan Babu,Needs repair,20.0
INSP01353,2025-08-17,SCH0179,1.0,1.0,1.0,1.0,1.0,Veda Sethi,No remarks,0.0
INSP01511,2025-04-24,SCH0419,,1.0,1.0,1.0,,Gabriel Bhakta,Average,0.0
INSP01613,2026-12-01,S0361,0.0,1.0,1.0,0.0,1.0,Ekta Pingle,No remarks,40.0
INSP01375,2025-09-29,SCH0310,1.0,1.0,,1.0,1.0,Ojas Mohanty,No remarks,0.0
INSP01005,2025-04-19,SCH0138,1.0,0.0,1.0,0.0,0.0,Qasim Walia,Average,60.0
INSP00837,2025-03-05,SCH0428,1.0,1.0,1.0,1.0,1.0,Ethan Som,Good condition,0.0
INSP01724,2025-06-15,SCH0348,,1.0,1.0,1.0,1.0,Yadavi Suresh,No remarks,0.0
INSP00375,2026-02-19,SCH0204,0.0,1.0,,1.0,1.0,Warjas Solanki,No remarks,25.0
INSP01399,2025-07-12,SCH0517,1.0,1.0,1.0,1.0,1.0,Osha Mandal,No Remarks,0.0
INSP02226,2025-10-09,SCH0431,1.0,0.0,1.0,1.0,1.0,Ekanta Karpe,Toilets locked,20.0
INSP01993,2025-11-21,SCH0214,1.0,,,1.0,0.0,Raghav Saxena,No Remarks,33.33
INSP02012,2025-11-25,SCH0223,1.0,0.0,1.0,0.0,,Unknown Inspector,No Remarks,50.0
INSP00752,2026-01-04,SCH0381,,1.0,1.0,1.0,,Rajata Srinivas,Toilets locked,0.0
INSP00100,2025-01-08,SCH0033,1.0,1.0,1.0,1.0,1.0,Onkar Sarma,Average,0.0
INSP01923,2025-04-05,SCH0253,1.0,1.0,1.0,,0.0,Harita Toor,Needs repair,25.0
INSP00867,2025-10-01,0495,1.0,1.0,1.0,1.0,1.0,Robert Pradhan,No Remarks,0.0
INSP00911,2025-09-18,SCH0400,0.0,1.0,1.0,1.0,1.0,Unknown Inspector,Toilets locked,20.0
INSP01477,2025-09-15,SCH0297,,1.0,1.0,1.0,1.0,Sanya Tata,Average,0.0
INSP00530,2025-12-15,0524,1.0,,1.0,,1.0,Jonathan Narasimhan,Average,0.0
INSP01261,2025-07-04,SCH0204,1.0,0.0,1.0,0.0,0.0,Unknown Inspector,Toilets locked,60.0
INSP01832,2025-11-15,SCH0362,0.0,1.0,1.0,,1.0,Devansh Rai,No Remarks,25.0
INSP00637,2025-10-27,SCH0038,1.0,0.0,1.0,0.0,0.0,Noah Mittal,Good condition,60.0
INSP01270,2025-11-11,SCH0056,1.0,1.0,1.0,1.0,1.0,Jeevika Gola,Good condition,0.0
INSP00186,2025-08-28,SCH0179,1.0,1.0,1.0,1.0,1.0,Charita Karan,No Remarks,0.0
INSP01382,2025-11-16,SCH0306,1.0,0.0,0.0,,1.0,Ekbal Dalal,No remarks,50.0
INSP01568,2025-06-27,SCH0076,1.0,1.0,,1.0,0.0,Abdul Kara,Average,25.0
INSP00932,2025-09-23,SCH0311,1.0,,1.0,,0.0,Barkha Chaudhuri,Toilets locked,33.33
INSP02877,2025-08-06,SCH0404,0.0,1.0,,,0.0,Anika Deshmukh,No Remarks,66.67
INSP01559,2025-11-03,SCH0544,,1.0,,,0.0,Triya Acharya,No remarks,50.0
INSP02810,2025-08-16,SCH0587,0.0,1.0,1.0,0.0,1.0,Mohammed Wable,Average,40.0
INSP01274,2025-07-14,SCH0356,,1.0,0.0,1.0,,Ekaja Guha,Average,33.33
INSP02180,2025-10-25,SCH0591,1.0,1.0,1.0,0.0,1.0,Advaith Badal,Average,20.0
INSP00608,2025-08-26,SCH0580,1.0,1.0,0.0,1.0,0.0,David Viswanathan,Toilets locked,40.0
INSP01503,2025-10-16,SCH0140,1.0,1.0,1.0,1.0,1.0,Krishna Thaman,Needs repair,0.0
INSP00152,2025-10-05,SCH0127,0.0,1.0,1.0,1.0,0.0,Zayan Ramakrishnan,Good condition,40.0
INSP01437,2025-04-03,SCH0373,1.0,1.0,1.0,,0.0,Aadhya Sachar,Needs repair,25.0
INSP02260,2025-06-22,SCH0239,1.0,1.0,,0.0,1.0,Girik Wable,No remarks,25.0
INSP00732,2025-09-13,SCH0480,1.0,1.0,0.0,1.0,1.0,Lopa Balay,No remarks,20.0
INSP02857,2026-02-10,SCH0305,,,1.0,1.0,1.0,Vasudha Badami,Toilets locked,0.0
INSP02869,2025-04-21,SCH0566,1.0,1.0,1.0,1.0,1.0,Rajeshri Mitra,Toilets locked,0.0
INSP00024,2026-03-09,SCH0056,1.0,1.0,1.0,1.0,,Bhavna Kamdar,No remarks,0.0
INSP02627,2025-09-16,S0495,0.0,1.0,1.0,1.0,1.0,Arunima Krishna,Average,20.0
INSP00159,2025-10-14,SCH0559,1.0,1.0,1.0,0.0,,Nidra Rout,Good condition,25.0
INSP00862,2025-09-05,SCH0168,0.0,1.0,0.0,,0.0,Ishanvi Patil,No Remarks,75.0
INSP00903,2026-02-24,SCH0331,,,0.0,0.0,,Aachal Tella,Toilets locked,100.0
INSP02981,2026-02-25,0253,1.0,1.0,0.0,0.0,1.0,Balendra More,Toilets locked,40.0
INSP01231,2025-08-25,SCH0243,1.0,1.0,1.0,,1.0,Balveer Garde,Needs repair,0.0
INSP02377,2025-12-12,SCH0540,1.0,1.0,1.0,0.0,,Bina Deshpande,Average,25.0
INSP00445,2025-07-09,SCH0569,,1.0,1.0,0.0,0.0,Hiral Ray,Toilets locked,50.0
INSP00755,2025-07-15,S0575,1.0,1.0,1.0,,,Dayita Om,Toilets locked,0.0
INSP00924,2025-12-10,SCH0155,1.0,1.0,1.0,1.0,1.0,Lucky Ratti,Needs repair,0.0
INSP02988,2025-03-05,SCH0242,0.0,1.0,1.0,1.0,0.0,Janaki Bajwa,Average,40.0
INSP00312,2026-03-23,SCH0175,1.0,1.0,1.0,0.0,1.0,Nihal Panchal,Needs repair,20.0
INSP00549,2026-01-29,SCH0429,1.0,1.0,1.0,0.0,0.0,Lila Oak,Toilets locked,40.0
INSP02105,2026-01-23,S0173,1.0,1.0,,0.0,0.0,Ati Sankar,No remarks,50.0
INSP01625,2025-04-13,SCH0498,0.0,1.0,1.0,0.0,0.0,Kevin Gole,No Remarks,60.0
INSP00307,2025-12-28,SCH0595,1.0,1.0,1.0,,,David Pillai,Good condition,0.0
INSP00288,2025-11-03,S0283,1.0,0.0,1.0,1.0,1.0,Unknown Inspector,Needs repair,20.0
INSP00695,2025-04-09,SCH0278,1.0,1.0,,,1.0,Nimrat Prashad,Needs repair,0.0
INSP00309,2025-05-10,SCH0487,1.0,1.0,1.0,,,Osha Kant,Average,0.0
INSP02444,2026-01-01,SCH0286,1.0,1.0,0.0,1.0,1.0,Qarin Mandal,Average,20.0
INSP00750,2026-03-24,SCH0080,0.0,1.0,1.0,1.0,1.0,Udant Sehgal,Toilets locked,20.0
INSP01602,2026-03-02,SCH0323,1.0,1.0,1.0,,1.0,Zarna Rama,No Remarks,0.0
INSP01691,2025-07-29,0570,1.0,1.0,1.0,1.0,,Advay Sandhu,Average,0.0
INSP01577,2026-03-24,SCH0552,,1.0,1.0,,0.0,Unknown Inspector,Good condition,33.33
INSP00909,2025-06-16,SCH0112,,1.0,,1.0,1.0,Zarna Purohit,No remarks,0.0
INSP00087,2025-12-27,SCH0568,0.0,1.0,1.0,1.0,1.0,Sachi Vyas,Average,20.0
INSP02504,2025-06-08,SCH0059,,1.0,1.0,1.0,0.0,Fitan Kanda,No remarks,25.0
INSP02958,2025-06-28,SCH0264,1.0,,0.0,1.0,,Michael Amble,Toilets locked,33.33
INSP02624,2025-09-01,SCH0035,0.0,1.0,,1.0,1.0,Mugdha Dasgupta,No remarks,25.0
INSP00971,2025-08-22,SCH0547,1.0,1.0,1.0,,1.0,Jairaj Jaggi,Needs repair,0.0
INSP00014,2026-05-01,SCH0325,1.0,1.0,0.0,1.0,1.0,Falan Sankaran,Needs repair,20.0
INSP00874,2025-12-09,SCH0011,1.0,1.0,1.0,0.0,1.0,Unknown Inspector,Needs repair,20.0
INSP00809,2026-01-28,SCH0064,0.0,1.0,,0.0,1.0,Viraj Barad,Good condition,50.0
INSP02711,2026-02-23,SCH0168,0.0,1.0,0.0,0.0,1.0,Zehaan Kumer,Toilets locked,60.0
INSP00515,2025-04-05,SCH0548,1.0,1.0,1.0,1.0,,Vidhi Khalsa,No remarks,0.0
INSP02779,2026-08-02,SCH0481,1.0,,1.0,,,Sai Mahal,Needs repair,0.0
INSP00410,2025-11-03,SCH0072,1.0,,1.0,0.0,0.0,Wishi Babu,No Remarks,50.0
INSP02010,2025-09-18,SCH0206,,1.0,1.0,0.0,1.0,Praneel Bhandari,No remarks,25.0
INSP01338,2026-01-17,SCH0261,1.0,1.0,,1.0,0.0,Mitali Krishnamurthy,No remarks,25.0
INSP02383,2026-02-05,0199,0.0,1.0,1.0,0.0,0.0,Siya Grover,No remarks,60.0
INSP01462,2025-06-03,SCH0138,0.0,1.0,1.0,1.0,0.0,Nidra Dasgupta,Toilets locked,40.0
INSP01371,2026-01-03,SCH0275,0.0,1.0,1.0,,,Laban Menon,Average,33.33
INSP02807,2025-09-02,SCH0259,1.0,1.0,1.0,,0.0,Aachal Johal,Good condition,25.0
INSP01585,2025-09-15,SCH0263,1.0,1.0,,,1.0,Chasmum Mittal,Good condition,0.0
INSP00383,2025-09-17,SCH0473,1.0,1.0,1.0,0.0,0.0,Fariq Naidu,Needs repair,40.0
INSP02016,2025-04-07,0201,1.0,0.0,1.0,,,Ojas Garde,Good condition,33.33
INSP02663,2025-09-29,SCH0229,1.0,1.0,1.0,1.0,1.0,Falguni Dasgupta,No Remarks,0.0
INSP02496,2025-09-10,SCH0243,0.0,1.0,,1.0,1.0,Garima Mane,No remarks,25.0
INSP02462,2025-07-07,SCH0016,1.0,1.0,1.0,,,Viraj Batta,Toilets locked,0.0
INSP01848,2026-01-18,SCH0051,1.0,1.0,1.0,1.0,0.0,Oscar Maharaj,Good condition,20.0
INSP02059,2026-01-16,SCH0145,1.0,1.0,1.0,,,Chaitaly Mutti,Good condition,0.0
INSP02629,2026-03-22,SCH0448,1.0,1.0,1.0,0.0,1.0,Jeremiah Sidhu,Toilets locked,20.0
INSP00553,2025-08-25,SCH0245,1.0,1.0,1.0,,0.0,Jagvi Kumar,No Remarks,25.0
INSP00223,2025-10-14,SCH0027,0.0,0.0,,,0.0,Shravya Divan,No Remarks,100.0
INSP01097,2025-07-25,S0530,1.0,1.0,,1.0,0.0,Jagat Pathak,Toilets locked,25.0
INSP00009,2025-12-29,SCH0555,1.0,1.0,1.0,1.0,1.0,Benjamin Bali,Needs repair,0.0
INSP02863,2026-01-23,SCH0586,,1.0,1.0,,1.0,Onkar Mohanty,Needs repair,0.0
INSP00317,2026-02-25,SCH0154,1.0,1.0,0.0,1.0,1.0,Chatresh Naik,No Remarks,20.0
INSP01329,2025-04-16,SCH0151,,,0.0,1.0,0.0,Praneel Keer,Toilets locked,66.67
INSP00428,2025-06-28,SCH0207,,1.0,1.0,0.0,1.0,Robert Sarraf,Average,25.0
INSP00106,2026-01-17,0441,1.0,1.0,1.0,1.0,1.0,Pahal Upadhyay,Needs repair,0.0
INSP02241,2025-05-22,SCH0505,1.0,1.0,0.0,,0.0,Zaitra Narula,No remarks,50.0
INSP00143,2025-12-13,SCH0402,1.0,1.0,1.0,1.0,1.0,Bhavya Mannan,Good condition,0.0
INSP00122,2025-03-07,SCH0359,1.0,,0.0,1.0,0.0,Geetika Sampath,Average,50.0
INSP02495,2025-07-26,SCH0504,,1.0,1.0,1.0,0.0,Vedhika Srinivas,Average,25.0
INSP01190,2026-03-08,SCH0496,,1.0,,1.0,1.0,Damini Madan,Good condition,0.0
INSP02081,2026-02-14,SCH0443,,1.0,,1.0,,Hema Basu,Good condition,0.0
INSP02783,2025-07-17,SCH0480,1.0,1.0,1.0,1.0,0.0,Oni Bhagat,No Remarks,20.0
INSP02114,2025-10-24,SCH0388,0.0,1.0,1.0,0.0,,Unknown Inspector,No Remarks,50.0
INSP00116,2026-01-07,S0071,,0.0,1.0,1.0,0.0,Ekbal Mohanty,Average,50.0
INSP01570,2026-10-02,SCH0257,1.0,1.0,1.0,1.0,,Deepa Kalla,Toilets locked,0.0
INSP02269,2026-02-08,SCH0558,1.0,1.0,1.0,,1.0,Prisha Tank,No remarks,0.0
INSP02261,2025-09-20,SCH0509,1.0,1.0,1.0,1.0,1.0,Yash Andra,Good condition,0.0
INSP01818,2025-06-26,SCH0211,1.0,1.0,1.0,1.0,0.0,Krisha Sabharwal,Average,20.0
INSP01784,2025-07-30,SCH0397,1.0,1.0,1.0,1.0,0.0,Unknown Inspector,Good condition,20.0
INSP02004,2025-10-05,SCH0132,,1.0,0.0,,,Andrew Raju,Average,50.0
INSP00673,2025-04-09,SCH0173,1.0,0.0,0.0,1.0,1.0,Vrishti Misra,No remarks,40.0
INSP01727,2025-07-26,SCH0371,0.0,1.0,1.0,,,Irya Suri,No Remarks,33.33
INSP01819,2026-03-30,S0495,1.0,1.0,1.0,0.0,1.0,Unknown Inspector,No Remarks,20.0
INSP02186,2025-04-05,SCH0193,0.0,1.0,1.0,0.0,1.0,Aayush Viswanathan,Average,40.0
INSP00592,2025-12-03,SCH0329,1.0,,0.0,1.0,0.0,Laksh Narayanan,No Remarks,50.0
INSP02187,2026-01-14,SCH0049,1.0,1.0,1.0,,1.0,Idika Vasa,Good condition,0.0
INSP00889,2025-07-01,S0379,1.0,1.0,1.0,0.0,0.0,Wriddhish Lal,No Remarks,40.0
INSP01958,2025-10-18,SCH0525,0.0,1.0,1.0,1.0,1.0,Christopher Choudhury,Toilets locked,20.0
INSP02058,2025-10-16,SCH0588,1.0,1.0,,1.0,0.0,Vritti Om,No remarks,25.0
INSP00214,2025-08-30,SCH0147,1.0,1.0,,1.0,1.0,Balveer Din,Needs repair,0.0
INSP00779,2025-08-08,SCH0418,1.0,1.0,1.0,,,Gaurika Dugal,Good condition,0.0
INSP01863,2025-08-27,SCH0092,0.0,,1.0,,,Pratyush Mani,No Remarks,50.0
INSP00801,2025-08-06,SCH0552,0.0,1.0,1.0,1.0,1.0,Henry Modi,Average,20.0
INSP02610,2025-12-19,SCH0145,,1.0,1.0,1.0,0.0,Bishakha Subramaniam,No remarks,25.0
INSP01615,2025-05-22,S0534,,1.0,1.0,1.0,0.0,Bishakha Baria,Needs repair,25.0
INSP01703,2025-05-30,SCH0242,1.0,1.0,1.0,,0.0,Harini Ahluwalia,Needs repair,25.0
INSP02407,2026-01-16,S0533,0.0,0.0,,1.0,0.0,Ati Lala,Needs repair,75.0
INSP02915,2025-11-21,SCH0144,,1.0,1.0,0.0,0.0,Oliver Dubey,No Remarks,50.0
INSP02986,2025-09-04,SCH0293,1.0,1.0,,1.0,1.0,Nandini Mann,Good condition,0.0
INSP02851,2026-03-22,S0442,1.0,0.0,1.0,0.0,1.0,Yug Chand,Needs repair,40.0
INSP01344,2026-10-03,SCH0450,0.0,1.0,1.0,0.0,0.0,Omya Minhas,Good condition,60.0
INSP00274,2025-07-21,SCH0453,1.0,1.0,1.0,0.0,0.0,Lekha Khanna,Average,40.0
INSP00072,2025-09-23,SCH0321,,1.0,1.0,0.0,0.0,Unknown Inspector,Good condition,50.0
INSP02534,2025-05-29,SCH0023,1.0,1.0,1.0,,0.0,Avi Rau,No Remarks,25.0
INSP01088,2025-07-31,S0316,1.0,1.0,1.0,1.0,0.0,Chatura Cheema,No remarks,20.0
INSP00395,2026-02-28,SCH0191,1.0,,1.0,,0.0,Harita Balan,Average,33.33
INSP00584,2025-09-08,SCH0196,1.0,1.0,1.0,,0.0,Tanmayi Mann,Good condition,25.0
INSP01704,2025-06-04,SCH0433,0.0,,1.0,1.0,1.0,Gaurang Bandi,No remarks,25.0
INSP02124,2025-04-27,SCH0043,1.0,1.0,1.0,1.0,1.0,Unknown Inspector,No Remarks,0.0
INSP02130,2025-10-02,SCH0199,,1.0,1.0,0.0,1.0,Unknown Inspector,No remarks,25.0
INSP00501,2025-05-22,SCH0126,1.0,,1.0,0.0,0.0,Chandresh Bava,Toilets locked,50.0
INSP02894,2025-06-19,SCH0479,1.0,,0.0,,0.0,Faraj Nori,Good condition,66.67
INSP02343,2025-07-09,SCH0320,1.0,0.0,1.0,1.0,0.0,Zayyan Khare,Good condition,40.0
INSP02881,2025-12-25,SCH0080,0.0,1.0,,1.0,1.0,Vansha Solanki,Average,25.0
INSP01652,2025-12-25,SCH0088,1.0,1.0,1.0,1.0,1.0,Ayaan Tak,Good condition,0.0
INSP01260,2025-05-12,SCH0477,0.0,1.0,,1.0,1.0,Avni Butala,Average,25.0
INSP02909,2025-12-16,SCH0308,0.0,,,0.0,1.0,Laban Hari,Needs repair,66.67
INSP02242,2025-11-29,SCH0171,1.0,1.0,1.0,,0.0,Balendra Thaker,Needs repair,25.0
INSP00206,2025-11-23,SCH0218,1.0,1.0,1.0,1.0,0.0,Yahvi Brahmbhatt,Average,20.0
INSP00734,2025-05-28,SCH0419,1.0,0.0,1.0,,1.0,Anay Dubey,Good condition,25.0
INSP02514,2025-06-07,SCH0442,1.0,,0.0,0.0,1.0,Benjamin Mahajan,No Remarks,50.0
INSP00527,2026-03-30,SCH0209,1.0,,1.0,0.0,,Bhavini Contractor,No remarks,33.33
INSP01917,2025-10-25,SCH0232,1.0,1.0,,0.0,1.0,Garima Dhawan,Toilets locked,25.0
INSP00899,2025-07-30,SCH0108,0.0,,0.0,0.0,1.0,Upma Mani,No Remarks,75.0
INSP00378,2025-08-21,SCH0299,1.0,1.0,1.0,1.0,0.0,Ikshita Kadakia,Toilets locked,20.0
INSP01926,2025-06-04,SCH0247,1.0,1.0,1.0,1.0,1.0,Unknown Inspector,Needs repair,0.0
INSP02820,2025-12-17,SCH0328,0.0,1.0,1.0,1.0,0.0,Yasti Arya,No Remarks,40.0
INSP01612,2025-04-30,0205,0.0,1.0,1.0,0.0,1.0,Azad Narayan,Needs repair,40.0
INSP00387,2025-07-05,SCH0307,1.0,1.0,1.0,,1.0,Gaurang Chowdhury,Needs repair,0.0
INSP00199,2025-06-08,SCH0253,0.0,,1.0,1.0,0.0,Harshil Choudhury,No Remarks,50.0
INSP01051,2025-12-25,SCH0319,,1.0,1.0,1.0,1.0,Ubika Kari,Good condition,0.0
INSP00591,2026-03-27,SCH0384,1.0,,1.0,0.0,1.0,Anirudh Dewan,Needs repair,25.0
INSP00520,2026-03-19,0220,,1.0,0.0,0.0,0.0,Unknown Inspector,No remarks,75.0
INSP02132,2025-07-31,SCH0568,1.0,0.0,0.0,0.0,,Yadavi Dora,Average,75.0
INSP02747,2025-07-23,SCH0174,1.0,1.0,1.0,0.0,0.0,Nathaniel Purohit,No remarks,40.0
INSP00430,2026-01-31,SCH0412,0.0,1.0,1.0,0.0,1.0,Chandran Singhal,Toilets locked,40.0
INSP01084,2026-01-03,SCH0194,,1.0,1.0,,0.0,Nirja Bandi,Average,33.33
INSP00208,2025-11-24,SCH0376,1.0,1.0,1.0,,0.0,Unknown Inspector,No remarks,25.0
INSP00492,2025-04-10,SCH0536,1.0,1.0,1.0,1.0,,Ethan Samra,No remarks,0.0
INSP02104,2025-10-17,0321,0.0,1.0,0.0,0.0,1.0,Siddharth Ramesh,No Remarks,60.0
INSP00793,2025-06-09,SCH0228,1.0,1.0,0.0,0.0,1.0,Unknown Inspector,No remarks,40.0
INSP02623,2025-04-16,SCH0074,,1.0,0.0,1.0,0.0,Faras Deo,Needs repair,50.0
INSP01187,2025-12-19,SCH0269,1.0,1.0,1.0,0.0,0.0,Fariq Kunda,No Remarks,40.0
INSP01186,2025-04-26,S0540,0.0,0.0,0.0,,0.0,Saumya Parsa,Toilets locked,100.0
INSP01965,2026-02-07,SCH0079,1.0,1.0,1.0,1.0,1.0,Hardik Dhillon,No remarks,0.0
INSP01816,2025-09-25,SCH0216,1.0,1.0,0.0,1.0,1.0,Urishilla Gour,No remarks,20.0
INSP02352,2025-07-19,S0348,1.0,1.0,1.0,,0.0,Siya Mody,No remarks,25.0
INSP01411,2025-01-10,SCH0289,,1.0,1.0,1.0,0.0,Unknown Inspector,Needs repair,25.0
INSP00084,2026-01-02,S0093,,1.0,1.0,1.0,,Meera Sura,Good condition,0.0
INSP02554,2025-12-22,SCH0278,0.0,1.0,0.0,1.0,1.0,Irya Srinivas,Needs repair,40.0
INSP02346,2025-02-07,SCH0523,,1.0,1.0,0.0,0.0,Girindra Gade,No Remarks,50.0
INSP00021,2025-04-12,SCH0199,1.0,1.0,0.0,1.0,0.0,Unknown Inspector,No remarks,40.0
INSP01539,2025-05-08,S0149,0.0,1.0,0.0,1.0,1.0,Ubika Kala,Average,40.0
INSP01707,2025-04-15,SCH0550,1.0,,1.0,1.0,0.0,Arjun Bava,No remarks,25.0
INSP01745,2026-03-21,SCH0599,1.0,1.0,1.0,1.0,1.0,Ijaya Andra,Average,0.0
INSP01406,2025-10-20,SCH0111,1.0,1.0,1.0,1.0,1.0,Aarush Venkataraman,No remarks,0.0
INSP02867,2026-01-14,0535,0.0,1.0,1.0,1.0,1.0,Mohammed Prashad,No Remarks,20.0
INSP02832,2025-05-15,S0063,1.0,1.0,1.0,0.0,,Eiravati Tripathi,Toilets locked,25.0
INSP02883,2025-08-05,SCH0449,1.0,1.0,1.0,0.0,1.0,Unknown Inspector,No remarks,20.0
INSP00974,2025-05-25,SCH0276,,1.0,0.0,1.0,1.0,Keya Zacharia,Good condition,25.0
INSP02932,2025-08-19,SCH0516,0.0,1.0,1.0,1.0,0.0,Devansh Loyal,No Remarks,40.0
INSP00884,2025-10-17,SCH0377,1.0,1.0,,1.0,1.0,Ishita Raja,No Remarks,0.0
INSP01099,2025-04-25,SCH0239,1.0,1.0,1.0,0.0,,Orinder Sur,Good condition,25.0
INSP00157,2025-09-10,SCH0201,1.0,1.0,,1.0,0.0,Wazir Panchal,Needs repair,25.0
INSP02400,2025-05-07,SCH0464,1.0,1.0,1.0,1.0,0.0,Unknown Inspector,Average,20.0
INSP00887,2025-09-23,SCH0105,1.0,1.0,,1.0,1.0,Balhaar Dhawan,Needs repair,0.0
INSP01779,2025-09-17,SCH0063,1.0,1.0,1.0,0.0,0.0,Zayan Aurora,Average,40.0
INSP02608,2025-08-04,SCH0290,1.0,0.0,1.0,1.0,1.0,Fariq Mitra,Toilets locked,20.0
INSP01673,2026-02-26,SCH0471,1.0,0.0,1.0,,0.0,Sarthak Bhardwaj,Good condition,50.0
INSP02666,2025-04-21,SCH0600,0.0,1.0,1.0,,,Ganga Nayak,Needs repair,33.33
INSP02487,2025-12-10,SCH0438,,1.0,1.0,1.0,0.0,Chanakya Hayer,No Remarks,25.0
INSP02977,2025-04-14,SCH0359,,1.0,1.0,1.0,0.0,Jeremiah Chaudhari,No Remarks,25.0
INSP01454,2025-02-09,S0141,,0.0,,1.0,0.0,Adya Issac,No remarks,66.67
INSP02786,2025-05-19,SCH0358,1.0,,0.0,1.0,,Ayush Deshmukh,No Remarks,33.33
INSP00459,2025-12-27,SCH0307,1.0,1.0,0.0,1.0,1.0,Reyansh Raval,No Remarks,20.0
INSP00079,2025-12-13,SCH0207,1.0,1.0,1.0,1.0,0.0,Unknown Inspector,No remarks,20.0
INSP01057,2025-06-06,S0009,1.0,1.0,,0.0,0.0,Veda Chada,No remarks,50.0
INSP00907,2026-03-12,SCH0598,1.0,1.0,0.0,0.0,1.0,Turvi Banerjee,Needs repair,40.0
INSP01750,2025-05-21,SCH0089,0.0,,1.0,0.0,,Yashvi Mohan,No Remarks,66.67
INSP02334,2025-11-22,SCH0046,1.0,1.0,,0.0,0.0,Samesh Krishnan,Toilets locked,50.0
INSP02835,2025-10-28,S0273,1.0,1.0,1.0,0.0,0.0,Nathan Keer,Good condition,40.0
INSP00381,2025-11-03,SCH0235,1.0,,1.0,1.0,,George Arya,No remarks,0.0
INSP00948,2026-03-12,SCH0071,,,1.0,0.0,1.0,Nihal Devan,Good condition,33.33
INSP01911,2025-05-19,SCH0423,1.0,1.0,,1.0,,Owen Nagy,Average,0.0
INSP02118,2026-03-01,SCH0429,1.0,1.0,1.0,1.0,1.0,Maanas Handa,Average,0.0
INSP00716,2025-10-27,SCH0117,1.0,1.0,1.0,1.0,1.0,Jagdish Gour,No remarks,0.0
INSP02108,2025-10-14,SCH0295,1.0,1.0,1.0,0.0,1.0,Widisha Pall,Toilets locked,20.0
INSP00687,2025-10-17,SCH0284,1.0,1.0,1.0,1.0,0.0,Yug Kamdar,No remarks,20.0
INSP02698,2025-06-03,SCH0282,1.0,1.0,1.0,1.0,,Gaurika Upadhyay,No Remarks,0.0
INSP01294,2025-10-23,SCH0099,0.0,1.0,1.0,1.0,,Udant Muni,Needs repair,25.0
INSP00306,2025-06-17,0447,1.0,,0.0,0.0,1.0,Isaiah Golla,Toilets locked,50.0
INSP00210,2025-12-22,SCH0500,0.0,1.0,1.0,,1.0,Divya Atwal,Toilets locked,25.0
INSP01660,2026-01-27,SCH0026,1.0,,1.0,1.0,0.0,Unknown Inspector,Good condition,25.0
INSP02341,2025-09-14,SCH0561,0.0,1.0,0.0,0.0,1.0,Nitara Comar,Toilets locked,60.0
INSP01721,2025-04-08,SCH0600,0.0,1.0,1.0,1.0,1.0,Om Sanghvi,Needs repair,20.0
INSP00886,2025-07-12,S0409,1.0,1.0,1.0,1.0,0.0,Gautam Krishnan,Toilets locked,20.0
INSP02615,2025-05-31,SCH0129,0.0,1.0,1.0,0.0,0.0,Unknown Inspector,No remarks,60.0
INSP00918,2025-08-01,SCH0221,1.0,,1.0,0.0,0.0,Umang Kulkarni,No Remarks,50.0
INSP01861,2025-09-25,SCH0061,1.0,1.0,,0.0,0.0,Aarush Ramakrishnan,Toilets locked,50.0
INSP00192,2026-03-30,SCH0188,1.0,0.0,1.0,1.0,1.0,Tanvi Bahri,No remarks,20.0
INSP01949,2026-01-23,SCH0203,,1.0,1.0,,,Ganga Nayak,Needs repair,0.0
INSP02148,2025-09-21,S0058,0.0,0.0,1.0,,,Netra Shetty,Needs repair,66.67
INSP01266,2026-03-20,SCH0479,1.0,0.0,1.0,1.0,0.0,Wyatt Shroff,Needs repair,40.0
INSP00484,2025-08-14,SCH0004,1.0,1.0,1.0,1.0,,Michael Thakur,Toilets locked,0.0
INSP00916,2025-11-08,SCH0274,1.0,0.0,,0.0,0.0,Ethan Swaminathan,No remarks,75.0
INSP02733,2025-08-09,SCH0071,1.0,1.0,1.0,1.0,1.0,Unknown Inspector,Average,0.0
INSP00278,2026-02-06,SCH0530,0.0,1.0,1.0,0.0,0.0,Joshua Rajagopalan,Toilets locked,60.0
INSP00989,2026-03-31,SCH0413,1.0,0.0,1.0,1.0,,Gavin Taneja,Toilets locked,25.0
INSP01957,2026-03-26,SCH0210,1.0,1.0,0.0,1.0,0.0,Ayushman Raju,No remarks,40.0
INSP01246,2025-07-06,SCH0285,1.0,1.0,1.0,0.0,,Henry Basak,Good condition,25.0
INSP00572,2026-02-21,SCH0369,1.0,,0.0,1.0,1.0,Bakhshi Raman,Toilets locked,25.0
INSP01436,2025-09-04,SCH0312,0.0,1.0,1.0,1.0,,Manthan Raja,Average,25.0
INSP00994,2026-02-08,SCH0595,1.0,0.0,0.0,0.0,1.0,Unknown Inspector,Good condition,60.0
INSP01567,2026-08-01,SCH0434,0.0,1.0,0.0,0.0,0.0,Jatin Ganesh,No Remarks,80.0
INSP01563,2025-10-10,SCH0589,0.0,,1.0,0.0,0.0,Waida Thakkar,No remarks,75.0
INSP00586,2025-04-21,SCH0569,0.0,1.0,,1.0,,Unknown Inspector,Needs repair,33.33
INSP02526,2025-10-28,SCH0484,0.0,1.0,0.0,1.0,0.0,Dayita Nayar,Needs repair,60.0
INSP02788,2026-02-18,SCH0508,,1.0,1.0,,0.0,Samar Munshi,No Remarks,33.33
INSP01350,2025-08-21,SCH0169,,1.0,0.0,1.0,,Tarak Shetty,No Remarks,33.33
INSP01008,2025-04-04,SCH0583,0.0,1.0,,1.0,,Omisha Oza,No Remarks,33.33
INSP00675,2025-07-31,SCH0513,1.0,0.0,1.0,1.0,1.0,Unknown Inspector,Average,20.0
INSP02203,2025-07-10,S0472,1.0,1.0,,1.0,1.0,Chanakya Tandon,Average,0.0
INSP00856,2025-08-01,S0373,1.0,1.0,0.0,,1.0,Jagrati Krishnamurthy,Needs repair,25.0
INSP00448,2025-06-01,S0066,1.0,1.0,1.0,,1.0,Odika Maharaj,Needs repair,0.0
INSP01862,2025-04-11,0243,1.0,1.0,1.0,1.0,0.0,Praneel Kalla,Toilets locked,20.0
INSP01804,2025-05-13,SCH0246,,1.0,0.0,,0.0,Madhav Wali,Needs repair,66.67
INSP02382,2025-09-25,SCH0043,1.0,1.0,1.0,0.0,1.0,Caleb Thakur,Needs repair,20.0
INSP02813,2025-12-03,SCH0281,1.0,1.0,0.0,0.0,1.0,Anita Tara,No Remarks,40.0
INSP02509,2025-11-03,SCH0589,,,,1.0,,Chanakya Taneja,Needs repair,0.0
INSP01915,2025-03-05,SCH0390,1.0,1.0,1.0,1.0,,Anay Golla,No Remarks,0.0
INSP02809,2025-08-01,SCH0326,1.0,1.0,1.0,1.0,0.0,Anthony Jha,No Remarks,20.0
INSP02619,2025-12-21,SCH0320,1.0,1.0,1.0,1.0,0.0,Vihaan Parsa,Average,20.0
INSP01248,2026-03-22,SCH0520,1.0,1.0,1.0,0.0,0.0,Logan Balasubramanian,Average,40.0
INSP00295,2025-07-20,S0283,1.0,1.0,1.0,1.0,0.0,Unnati Tella,Needs repair,20.0
INSP00589,2026-03-30,SCH0044,,0.0,1.0,0.0,0.0,Jacob Pandit,Toilets locked,75.0
INSP01282,2025-04-18,SCH0086,,1.0,1.0,1.0,0.0,Manbir Sethi,No Remarks,25.0
INSP01589,2025-11-13,SCH0438,1.0,0.0,,1.0,0.0,Dhriti Pandit,No remarks,50.0
INSP02035,2025-05-04,SCH0445,1.0,,1.0,0.0,0.0,Chavvi Khurana,Good condition,50.0
INSP02695,2025-05-13,SCH0276,1.0,,1.0,0.0,,Upasna Kade,Good condition,33.33
INSP02520,2026-01-30,SCH0039,,1.0,1.0,1.0,1.0,Ria Menon,Good condition,0.0
INSP02376,2025-04-14,SCH0417,1.0,1.0,1.0,0.0,1.0,Unknown Inspector,Good condition,20.0
INSP01418,2025-07-18,SCH0204,1.0,1.0,1.0,1.0,1.0,Tara Loyal,Average,0.0
INSP00426,2025-07-19,S0254,0.0,0.0,1.0,0.0,1.0,Wishi Rama,Average,60.0
INSP00535,2025-04-14,SCH0280,,1.0,1.0,1.0,1.0,Yahvi Sengupta,Good condition,0.0
INSP01055,2026-01-03,SCH0500,,1.0,1.0,0.0,1.0,Janya Saxena,Needs repair,25.0
INSP02567,2026-03-27,SCH0524,1.0,1.0,1.0,1.0,0.0,Arin Sood,No Remarks,20.0
INSP02635,2025-05-28,SCH0003,1.0,1.0,1.0,1.0,0.0,Unknown Inspector,Average,20.0
INSP02928,2025-08-01,SCH0508,0.0,0.0,0.0,1.0,0.0,Vinaya Ghosh,Needs repair,80.0
INSP00133,2025-08-04,SCH0250,0.0,1.0,1.0,1.0,1.0,Mugdha Varma,Average,20.0
INSP02184,2025-11-05,SCH0230,1.0,0.0,0.0,1.0,1.0,Yatin Prasad,Average,40.0
INSP00422,2025-12-31,SCH0093,1.0,1.0,1.0,,1.0,Leela Narula,Needs repair,0.0
INSP02796,2025-06-07,SCH0600,0.0,1.0,1.0,1.0,,Anay Mahal,No remarks,25.0
INSP02149,2025-08-22,0566,1.0,1.0,0.0,0.0,1.0,Alka Bawa,No Remarks,40.0
INSP01369,2025-04-28,SCH0287,1.0,,1.0,0.0,,Rachana Dass,Toilets locked,33.33
INSP00557,2025-04-30,SCH0356,0.0,1.0,1.0,0.0,1.0,Saumya Narang,Average,40.0
INSP02460,2025-04-16,SCH0257,1.0,1.0,0.0,,0.0,Dipta De,Toilets locked,50.0
INSP01661,2025-12-25,SCH0119,1.0,,1.0,,1.0,Wyatt Sharaf,Toilets locked,0.0
INSP02817,2025-06-22,S0054,0.0,1.0,,1.0,,Aahana Sani,No Remarks,33.33
INSP02045,2025-06-07,SCH0458,1.0,1.0,1.0,,0.0,Rishi Sridhar,Good condition,25.0
INSP00571,2025-07-30,SCH0223,1.0,1.0,1.0,1.0,,Yash Sami,No Remarks,0.0
INSP00353,2025-06-17,SCH0276,1.0,1.0,1.0,0.0,0.0,Patrick Rau,No Remarks,40.0
INSP00092,2026-07-01,SCH0555,1.0,1.0,1.0,0.0,,Warda Krishna,No Remarks,25.0
INSP02969,2025-10-09,SCH0329,1.0,1.0,1.0,1.0,1.0,Rayaan Mital,Needs repair,0.0
INSP02665,2025-11-04,SCH0314,0.0,1.0,1.0,0.0,0.0,Unknown Inspector,No remarks,60.0
INSP01171,2025-11-29,SCH0534,1.0,,1.0,,1.0,Chaitaly Balan,No remarks,0.0
INSP02896,2025-09-06,SCH0075,,0.0,0.0,,1.0,Praneel Deo,No Remarks,66.67
INSP01286,2026-03-24,SCH0423,1.0,,1.0,1.0,0.0,Wazir Sehgal,Average,25.0
INSP02169,2025-06-16,SCH0037,1.0,1.0,0.0,1.0,0.0,Qarin Parmar,No remarks,40.0
INSP02216,2025-09-27,SCH0318,1.0,1.0,0.0,0.0,0.0,Vedika Deshpande,No Remarks,60.0
INSP01592,2025-06-17,SCH0234,1.0,1.0,1.0,1.0,,Jhalak Choudhry,No Remarks,0.0
INSP02634,2026-02-11,SCH0442,1.0,0.0,1.0,1.0,1.0,Wazir Kapur,Toilets locked,20.0
INSP00698,2025-08-15,SCH0351,1.0,,1.0,1.0,1.0,Victor Bhandari,No Remarks,0.0
INSP02637,2025-09-17,SCH0327,1.0,1.0,0.0,0.0,1.0,Oscar Sunder,No remarks,40.0
INSP00349,2026-02-05,SCH0207,0.0,1.0,1.0,1.0,0.0,Qushi Shere,Good condition,40.0
INSP01747,2025-05-30,SCH0344,0.0,1.0,,0.0,,Edhitha Soman,No remarks,66.67
INSP02470,2025-10-14,S0078,,1.0,,0.0,1.0,Yauvani Mistry,Average,33.33
INSP02858,2025-07-10,SCH0154,1.0,1.0,1.0,0.0,,Reyansh Bhatnagar,No Remarks,25.0
INSP02358,2025-06-24,SCH0109,1.0,,1.0,1.0,1.0,Wakeeta Gaba,Average,0.0
INSP01138,2025-06-12,SCH0007,1.0,1.0,1.0,,1.0,Brinda Nanda,No remarks,0.0
INSP02005,2025-04-08,SCH0422,1.0,,,,1.0,Ranveer Chadha,Toilets locked,0.0
INSP01621,2025-01-10,SCH0482,1.0,0.0,1.0,1.0,0.0,Darsh Narang,Needs repair,40.0
INSP02979,2025-08-03,SCH0031,1.0,1.0,,0.0,1.0,Samesh Dar,Needs repair,25.0
INSP02963,2025-08-19,SCH0398,1.0,1.0,1.0,1.0,0.0,Anika Pandya,Toilets locked,20.0
INSP01340,2026-03-15,SCH0223,1.0,1.0,1.0,0.0,1.0,Lipika Kara,Average,20.0
INSP02620,2026-02-09,0584,1.0,,1.0,0.0,1.0,Ucchal Kapur,Needs repair,25.0
INSP00454,2025-06-22,SCH0071,0.0,,1.0,,,Yashvi Talwar,Toilets locked,50.0
INSP00914,2025-12-09,SCH0323,1.0,1.0,1.0,1.0,0.0,Ati Suri,Average,20.0
INSP02339,2026-01-07,0069,1.0,0.0,1.0,1.0,1.0,Hritik Dutt,No Remarks,20.0
INSP01200,2025-06-24,0009,1.0,,1.0,1.0,0.0,Janya Murty,Good condition,25.0
INSP01275,2026-03-29,SCH0562,1.0,1.0,0.0,0.0,1.0,Ekanta Mangat,Average,40.0
INSP02060,2025-12-20,SCH0571,,1.0,0.0,1.0,1.0,Dev Walia,No Remarks,25.0
INSP00038,2025-08-16,SCH0496,,1.0,1.0,0.0,,Deepa Mahal,Needs repair,33.33
INSP00975,2025-05-26,SCH0464,,1.0,1.0,1.0,1.0,Gaurika Ranganathan,Good condition,0.0
INSP02912,2025-11-24,SCH0404,,1.0,1.0,1.0,1.0,Veer Narayanan,Needs repair,0.0
INSP00984,2025-10-14,0114,,,0.0,1.0,0.0,Unknown Inspector,Needs repair,66.67
INSP02014,2025-04-28,SCH0409,0.0,1.0,1.0,1.0,,Kiaan Vaidya,Average,25.0
INSP02120,2025-07-26,SCH0457,1.0,1.0,1.0,,0.0,Victor Subramaniam,Needs repair,25.0
INSP01419,2026-02-17,SCH0280,0.0,1.0,,,0.0,Joshua Korpal,Needs repair,66.67
INSP01285,2026-03-30,SCH0291,1.0,0.0,1.0,1.0,,Yutika Behl,Average,25.0
INSP02162,2025-07-10,SCH0001,1.0,1.0,1.0,0.0,0.0,Imaran Iyengar,No remarks,40.0
INSP00040,2025-04-18,SCH0180,1.0,1.0,1.0,,1.0,Xavier Manda,Needs repair,0.0
INSP01487,2025-05-18,SCH0280,1.0,1.0,1.0,1.0,,Unknown Inspector,No Remarks,0.0
INSP01992,2025-09-06,SCH0382,,1.0,1.0,1.0,0.0,Indali Gandhi,No remarks,25.0
INSP00170,2025-07-04,SCH0102,1.0,1.0,1.0,1.0,1.0,Ekani Kaul,Good condition,0.0
INSP01356,2025-05-18,S0017,1.0,1.0,0.0,0.0,,Dipta Kapoor,No Remarks,50.0
INSP00738,2025-08-28,SCH0497,0.0,1.0,1.0,1.0,0.0,Unknown Inspector,Good condition,40.0
INSP01737,2025-05-10,SCH0181,1.0,1.0,1.0,1.0,0.0,Unknown Inspector,No Remarks,20.0
INSP02839,2026-11-02,SCH0511,1.0,1.0,1.0,1.0,1.0,Rudra Memon,No Remarks,0.0
INSP01565,2025-05-26,SCH0533,1.0,0.0,1.0,,1.0,Unknown Inspector,Average,25.0
INSP02088,2026-05-03,SCH0087,1.0,1.0,1.0,1.0,1.0,Rachana Wali,Toilets locked,0.0
INSP00635,2025-10-30,SCH0523,1.0,1.0,0.0,1.0,,Unknown Inspector,No Remarks,25.0
INSP02785,2025-07-04,SCH0067,1.0,0.0,1.0,1.0,0.0,Yatin Dara,Average,40.0
INSP02090,2025-07-24,SCH0491,,1.0,1.0,,0.0,Jonathan Iyer,Toilets locked,33.33
INSP01641,2026-01-26,0430,,1.0,0.0,,1.0,Darpan Ganesh,Good condition,33.33
INSP01291,2026-03-29,SCH0163,,1.0,,1.0,,Sachi Mahal,No Remarks,0.0
INSP02461,2026-04-03,S0435,1.0,1.0,0.0,0.0,,Adya Date,No remarks,50.0
INSP01381,2026-02-13,SCH0460,1.0,1.0,0.0,0.0,0.0,Ishaan Sharaf,Good condition,60.0
INSP00580,2025-04-15,SCH0164,0.0,1.0,0.0,0.0,,Nathan Dhar,Good condition,75.0
INSP00329,2025-12-23,SCH0294,1.0,1.0,1.0,1.0,0.0,Simon Koshy,No remarks,20.0
INSP01833,2025-05-17,SCH0252,1.0,1.0,1.0,0.0,1.0,Nirja Bhardwaj,Toilets locked,20.0
INSP00893,2025-02-09,SCH0062,0.0,0.0,1.0,1.0,1.0,Vaishnavi Setty,Toilets locked,40.0
INSP01144,2025-11-07,SCH0112,0.0,1.0,0.0,1.0,0.0,Utkarsh Mallick,Toilets locked,60.0
INSP00781,2025-05-09,SCH0441,0.0,0.0,1.0,1.0,1.0,Samaksh Shukla,No remarks,40.0
INSP00160,2026-01-01,SCH0200,0.0,0.0,1.0,1.0,0.0,Nidra Hayer,No remarks,60.0
INSP01731,2025-06-22,SCH0149,1.0,1.0,1.0,0.0,,Ishani Goel,Toilets locked,25.0
INSP01930,2025-12-30,SCH0396,1.0,0.0,1.0,0.0,,Madhavi Bassi,Good condition,50.0
INSP02448,2025-07-28,SCH0445,1.0,,1.0,0.0,0.0,Unknown Inspector,No remarks,50.0
INSP00062,2026-02-04,SCH0502,1.0,1.0,0.0,,0.0,Abhiram Gandhi,No Remarks,50.0
INSP00850,2025-03-07,SCH0055,1.0,0.0,1.0,1.0,0.0,Niharika Kannan,Toilets locked,40.0
INSP02246,2025-06-21,SCH0081,1.0,1.0,1.0,1.0,0.0,Upadhriti Chada,Toilets locked,20.0
INSP01597,2026-10-01,SCH0326,1.0,,0.0,1.0,0.0,Aashi Bassi,Toilets locked,50.0
INSP01044,2026-03-16,S0066,1.0,1.0,,,1.0,Chandresh Varghese,Toilets locked,0.0
INSP02984,2025-05-15,SCH0311,1.0,1.0,1.0,1.0,1.0,Bishakha Sood,No remarks,0.0
INSP01545,2025-10-24,SCH0116,0.0,1.0,1.0,,0.0,Rayaan Chauhan,Average,50.0
INSP02100,2025-08-05,0194,1.0,1.0,1.0,0.0,0.0,Priya Tank,Needs repair,40.0
INSP01071,2025-05-25,SCH0456,1.0,1.0,0.0,1.0,1.0,Daniel Oak,No remarks,20.0
INSP00054,2025-12-04,SCH0271,1.0,1.0,1.0,1.0,0.0,Unknown Inspector,Toilets locked,20.0
INSP02672,2025-10-29,SCH0229,,1.0,1.0,1.0,1.0,Ekani Devi,Needs repair,0.0
INSP00259,2025-10-28,0392,1.0,1.0,,0.0,0.0,Baghyawati Mani,Toilets locked,50.0
INSP00506,2026-01-21,S0207,1.0,1.0,1.0,,,Vansha Chaudhary,Toilets locked,0.0
INSP00753,2025-09-19,SCH0109,1.0,1.0,1.0,,1.0,Mahika Sabharwal,Needs repair,0.0
INSP02402,2026-03-30,SCH0033,1.0,1.0,1.0,,0.0,Indrajit Sarma,Needs repair,25.0
INSP00218,2025-04-19,SCH0457,1.0,1.0,1.0,1.0,1.0,Tanvi Ramakrishnan,Good condition,0.0
INSP00825,2025-10-19,SCH0152,1.0,1.0,0.0,1.0,0.0,Qabil Khanna,Average,40.0
INSP01962,2026-02-01,S0172,1.0,1.0,,0.0,0.0,Chatura Bassi,Toilets locked,50.0
INSP02397,2025-05-15,SCH0095,1.0,1.0,1.0,,0.0,Kamya Virk,Average,25.0
INSP01390,2025-06-20,SCH0390,1.0,1.0,0.0,1.0,0.0,Inaya Grewal,Good condition,40.0
INSP02633,2025-05-08,SCH0174,,1.0,1.0,0.0,1.0,Champak Chander,Average,25.0
INSP01267,2025-09-10,SCH0343,1.0,1.0,1.0,,1.0,Amrita Buch,Toilets locked,0.0
INSP02594,2025-06-24,SCH0107,,1.0,1.0,1.0,0.0,Daksh Oza,No remarks,25.0
INSP01910,2025-05-04,SCH0439,1.0,0.0,1.0,0.0,0.0,Baljiwan Kunda,Good condition,60.0
INSP01599,2026-02-18,SCH0303,1.0,1.0,1.0,0.0,1.0,Balvan Naik,Needs repair,20.0
INSP02160,2025-05-07,SCH0594,1.0,1.0,1.0,0.0,0.0,Vrishti Dhaliwal,Toilets locked,40.0
INSP01608,2025-05-09,SCH0367,1.0,0.0,1.0,1.0,,Bakhshi Sani,No Remarks,25.0
INSP01830,2025-09-11,SCH0390,,,1.0,,1.0,Yauvani Mani,Average,0.0
INSP00772,2025-12-12,SCH0104,,1.0,1.0,,1.0,Finn Bath,Good condition,0.0
INSP02945,2025-11-11,SCH0551,0.0,,1.0,0.0,0.0,Aayush Vora,Toilets locked,75.0
INSP01961,2025-08-01,SCH0007,1.0,1.0,1.0,1.0,0.0,Unknown Inspector,No remarks,20.0
INSP02823,2025-07-29,SCH0587,1.0,1.0,0.0,1.0,0.0,Kashvi Sarin,Toilets locked,40.0
INSP01086,2025-11-19,SCH0383,1.0,1.0,1.0,,0.0,Meera Narain,No Remarks,25.0
INSP02250,2025-08-27,SCH0023,1.0,,1.0,1.0,,Jagvi Bhardwaj,No Remarks,0.0
INSP02347,2026-02-14,SCH0556,1.0,,1.0,1.0,1.0,Aadhya Ramanathan,Good condition,0.0
INSP01326,2025-05-19,SCH0360,,1.0,,0.0,0.0,Vihaan Soman,Needs repair,66.67
INSP02235,2026-01-18,SCH0014,1.0,,1.0,0.0,,Unknown Inspector,No remarks,33.33
INSP01742,2026-03-09,SCH0501,1.0,1.0,1.0,0.0,1.0,Ojasvi Nigam,Average,20.0
INSP01913,2025-08-09,SCH0553,,1.0,1.0,1.0,0.0,Unknown Inspector,No remarks,25.0
INSP02363,2026-03-26,0076,1.0,1.0,1.0,0.0,1.0,Azaan Rastogi,Needs repair,20.0
INSP01404,2025-09-23,SCH0083,1.0,1.0,,1.0,1.0,Warinder Kari,Good condition,0.0
INSP02994,2025-12-18,SCH0150,1.0,1.0,0.0,0.0,1.0,Rachana Seth,Needs repair,40.0
INSP02366,2025-05-09,SCH0436,0.0,1.0,,0.0,0.0,Xiti Sandhu,Toilets locked,75.0
INSP01914,2025-11-22,SCH0444,,0.0,0.0,0.0,0.0,Zashil Bora,No Remarks,100.0
INSP01164,2025-05-10,SCH0456,1.0,1.0,1.0,0.0,0.0,Finn Jhaveri,No remarks,40.0
INSP00964,2025-04-10,SCH0430,1.0,,1.0,1.0,0.0,Chakradev Loke,Toilets locked,25.0
INSP02564,2025-09-28,SCH0114,,1.0,1.0,1.0,0.0,Bahadurjit Ben,No Remarks,25.0
INSP00399,2025-05-15,SCH0555,0.0,,1.0,1.0,,Jonathan Sharma,Toilets locked,33.33
INSP00585,2026-03-02,SCH0495,,1.0,1.0,,,Agastya Varma,Toilets locked,0.0
INSP00949,2025-01-11,SCH0136,1.0,1.0,1.0,1.0,1.0,Parth Wagle,Good condition,0.0
INSP00705,2025-12-05,SCH0266,1.0,1.0,1.0,1.0,,Kiaan Date,No remarks,0.0
INSP00432,2026-01-28,SCH0254,1.0,1.0,1.0,1.0,0.0,Max Bath,Good condition,20.0
INSP01689,2025-04-27,SCH0130,,0.0,1.0,0.0,1.0,Libni Agarwal,No remarks,50.0
INSP00293,2025-08-23,SCH0064,1.0,,1.0,1.0,,Warinder Sachar,Needs repair,0.0
INSP00146,2025-07-07,SCH0518,1.0,1.0,0.0,0.0,0.0,Xiti Rege,Toilets locked,60.0
INSP00324,2026-01-22,SCH0564,1.0,1.0,0.0,,,Max Garg,Needs repair,33.33
INSP02723,2025-05-07,SCH0103,1.0,1.0,1.0,1.0,0.0,Theodore Sidhu,Needs repair,20.0
INSP02224,2025-11-07,SCH0536,,1.0,1.0,1.0,0.0,Amrita Raju,No Remarks,25.0
INSP01166,2025-07-16,SCH0067,1.0,0.0,1.0,1.0,1.0,Unknown Inspector,Toilets locked,20.0
INSP01453,2025-04-17,SCH0029,1.0,1.0,0.0,1.0,0.0,Nathan Shenoy,Needs repair,40.0
INSP00003,2025-04-06,SCH0568,,0.0,1.0,1.0,0.0,Azad Pingle,Good condition,50.0
INSP01713,2025-12-11,SCH0300,1.0,,1.0,1.0,1.0,Kritika Wason,Toilets locked,0.0
INSP00577,2026-02-25,SCH0536,0.0,,1.0,1.0,,Krish Manda,No remarks,33.33
INSP02424,2025-12-10,SCH0296,0.0,1.0,0.0,1.0,0.0,Ekaja Madan,Needs repair,60.0
INSP00340,2026-01-10,SCH0300,1.0,0.0,1.0,1.0,1.0,Neha Devi,Average,20.0
INSP02903,2025-11-18,SCH0450,1.0,1.0,1.0,1.0,1.0,Yug Nair,Average,0.0
INSP02479,2025-02-05,SCH0326,1.0,1.0,1.0,0.0,,Upadhriti Chander,No remarks,25.0
INSP00926,2025-04-16,SCH0403,1.0,1.0,1.0,1.0,1.0,Yadavi Madan,Needs repair,0.0
INSP00266,2025-04-12,S0237,1.0,,1.0,0.0,,Manthan Bal,Good condition,33.33
INSP00377,2025-10-29,SCH0050,1.0,0.0,0.0,,,Unknown Inspector,No remarks,66.67
INSP02469,2025-09-25,SCH0037,,1.0,0.0,1.0,0.0,Anamika Kunda,Average,50.0
INSP01464,2025-11-11,SCH0070,1.0,1.0,1.0,1.0,1.0,Dakshesh Memon,Good condition,0.0
INSP00272,2025-10-25,S0239,1.0,1.0,1.0,0.0,1.0,Jasmit Sampath,No remarks,20.0
INSP00697,2026-01-21,SCH0010,,,0.0,1.0,0.0,Parth Natt,No remarks,66.67
INSP00245,2026-02-22,SCH0474,1.0,1.0,0.0,0.0,0.0,Rudra Jha,Good condition,60.0
INSP02956,2025-10-15,SCH0368,1.0,1.0,0.0,1.0,0.0,Quincy Bath,No remarks,40.0
INSP00477,2025-05-26,0505,,1.0,1.0,1.0,,Manya Mani,Toilets locked,0.0
INSP02011,2025-07-05,SCH0120,,1.0,1.0,1.0,1.0,Varsha Gupta,Average,0.0
INSP01922,2025-06-02,SCH0228,1.0,1.0,1.0,1.0,,Unknown Inspector,Needs repair,0.0
INSP00814,2026-06-03,SCH0221,1.0,,1.0,1.0,1.0,Ayushman Parmar,Good condition,0.0
INSP01872,2025-10-06,SCH0184,1.0,1.0,1.0,0.0,1.0,Ekanta Bose,Needs repair,20.0
INSP02669,2026-01-11,SCH0505,0.0,0.0,1.0,1.0,0.0,Harinakshi Contractor,Good condition,60.0
INSP02926,2025-09-25,SCH0064,0.0,1.0,,1.0,1.0,Unknown Inspector,Needs repair,25.0
INSP01165,2025-08-21,SCH0463,0.0,1.0,1.0,,,Unknown Inspector,Toilets locked,33.33
INSP02289,2026-03-25,SCH0210,1.0,1.0,1.0,1.0,1.0,Chandresh Mahal,Needs repair,0.0
INSP00251,2025-09-04,SCH0554,1.0,1.0,0.0,1.0,1.0,Laban Saini,Toilets locked,20.0
INSP00414,2026-03-17,0401,1.0,1.0,1.0,0.0,0.0,Ekapad Sibal,Toilets locked,40.0
INSP00546,2025-06-09,SCH0219,1.0,1.0,1.0,,0.0,Unknown Inspector,Good condition,25.0
INSP01194,2025-07-21,SCH0231,,1.0,,1.0,1.0,Pranav Sagar,Average,0.0
INSP00739,2025-04-12,S0583,0.0,1.0,,,1.0,Sai Issac,Good condition,33.33
INSP00311,2025-11-22,SCH0143,0.0,1.0,1.0,1.0,1.0,Divya Sankaran,No Remarks,20.0
INSP00894,2025-10-14,SCH0347,,1.0,1.0,0.0,1.0,Sarthak Dey,Good condition,25.0
INSP01132,2025-10-22,SCH0317,,1.0,1.0,1.0,0.0,Akshay Magar,Average,25.0
INSP01450,2025-12-07,SCH0147,,1.0,0.0,,0.0,Lakshmi Mandal,Needs repair,66.67
INSP00016,2025-05-16,SCH0028,1.0,1.0,1.0,1.0,1.0,Nidhi Kadakia,Good condition,0.0
INSP02109,2025-07-21,S0122,1.0,,1.0,0.0,1.0,Nirja Bassi,Toilets locked,25.0
INSP00722,2025-09-06,S0212,1.0,1.0,1.0,1.0,1.0,Unknown Inspector,Needs repair,0.0
INSP01421,2025-04-08,SCH0352,1.0,0.0,1.0,0.0,0.0,Diya Guha,Average,60.0
INSP02770,2026-01-14,0119,1.0,1.0,1.0,,0.0,Yamini Agate,Toilets locked,25.0
INSP00982,2025-07-31,SCH0128,0.0,,1.0,0.0,0.0,Aarini Atwal,No remarks,75.0
INSP02219,2025-05-23,SCH0159,1.0,1.0,1.0,0.0,1.0,Ekbal Bakshi,Average,20.0
INSP01540,2025-07-21,SCH0559,,1.0,0.0,1.0,1.0,Faqid Kapur,Needs repair,25.0
INSP02662,2026-03-02,SCH0122,,1.0,1.0,0.0,0.0,Janya Joshi,Needs repair,50.0
INSP01551,2025-06-20,SCH0096,,1.0,1.0,0.0,1.0,Ekavir Mallick,Needs repair,25.0
INSP02548,2025-05-31,SCH0033,0.0,1.0,0.0,1.0,1.0,Odika Nori,No Remarks,40.0
INSP00364,2025-10-22,SCH0100,1.0,1.0,1.0,1.0,1.0,Aachal Toor,No remarks,0.0
INSP00983,2026-01-26,SCH0584,1.0,1.0,1.0,1.0,0.0,Ridhi Pathak,Toilets locked,20.0
INSP00183,2025-04-01,SCH0257,1.0,1.0,1.0,0.0,1.0,Meghana Chowdhury,No Remarks,20.0
INSP00986,2025-10-28,SCH0122,,,1.0,0.0,0.0,Yatan Prabhu,Needs repair,66.67
INSP01195,2026-03-26,SCH0070,1.0,1.0,1.0,1.0,0.0,Yashasvi Ahluwalia,Good condition,20.0
INSP01974,2025-10-14,SCH0275,1.0,1.0,,0.0,1.0,Bahadurjit Mallick,Average,25.0
INSP01870,2025-07-23,SCH0173,,1.0,1.0,0.0,0.0,Unknown Inspector,No remarks,50.0
INSP01122,2025-05-12,SCH0157,1.0,1.0,,0.0,0.0,Unknown Inspector,Good condition,50.0
INSP00188,2025-04-18,SCH0509,1.0,1.0,1.0,,0.0,Ekansh Dayal,No remarks,25.0
INSP00620,2025-06-18,SCH0368,1.0,1.0,1.0,0.0,0.0,Timothy Balasubramanian,Toilets locked,40.0
INSP02899,2025-02-05,S0154,0.0,1.0,1.0,1.0,0.0,Urvashi Barad,No Remarks,40.0
INSP01176,2025-06-13,SCH0345,0.0,1.0,1.0,1.0,1.0,Yug Parsa,No Remarks,20.0
INSP01183,2025-09-03,SCH0133,1.0,1.0,1.0,1.0,1.0,Zilmil Doshi,Average,0.0
INSP02508,2025-04-19,SCH0566,1.0,1.0,1.0,,,Tanay Sahota,No remarks,0.0
INSP02320,2025-10-11,SCH0277,0.0,,1.0,1.0,1.0,Ati Sama,Good condition,25.0
INSP00615,2025-07-20,SCH0372,,1.0,1.0,,1.0,Nandini Golla,Good condition,0.0
INSP01514,2025-10-09,SCH0402,0.0,1.0,1.0,0.0,1.0,Vivaan Bhattacharyya,Average,40.0
INSP01467,2025-12-28,SCH0368,1.0,,1.0,1.0,0.0,Unknown Inspector,Average,25.0
INSP00402,2025-08-31,S0357,1.0,1.0,1.0,1.0,0.0,Siddharth Sethi,Average,20.0
INSP00995,2026-01-14,SCH0031,1.0,0.0,1.0,0.0,0.0,Rajata Dhaliwal,Toilets locked,60.0
INSP00935,2026-02-22,S0364,0.0,0.0,1.0,1.0,1.0,Ronith Gole,Average,40.0
INSP00372,2025-05-24,S0315,1.0,1.0,1.0,1.0,0.0,Unknown Inspector,Needs repair,20.0
INSP02091,2025-06-13,0199,1.0,1.0,1.0,0.0,0.0,Unknown Inspector,No remarks,40.0
INSP02284,2025-08-04,SCH0556,1.0,1.0,,0.0,1.0,Samesh Gulati,Good condition,25.0
INSP00594,2026-03-20,SCH0203,1.0,1.0,1.0,,1.0,Raghav Chaudhuri,Toilets locked,0.0
INSP02829,2025-07-12,SCH0491,1.0,,1.0,1.0,0.0,Januja Pal,No Remarks,25.0
INSP00727,2025-11-09,SCH0022,1.0,1.0,1.0,1.0,1.0,Unni Sama,No remarks,0.0
INSP00827,2025-06-29,SCH0080,,1.0,,0.0,1.0,Aditya Vyas,No remarks,33.33
INSP01869,2025-09-01,SCH0394,,1.0,,,1.0,Yash Nadig,Needs repair,0.0
INSP00688,2025-12-19,SCH0141,1.0,1.0,1.0,0.0,,Rayaan Sundaram,No remarks,25.0
INSP02335,2025-10-26,SCH0107,1.0,1.0,1.0,1.0,0.0,Faqid Amble,Average,20.0
INSP00137,2025-04-17,SCH0237,1.0,1.0,0.0,1.0,0.0,Leela Mangal,Toilets locked,40.0
INSP02577,2026-01-03,SCH0184,1.0,1.0,1.0,0.0,1.0,Unknown Inspector,Average,20.0
INSP00629,2026-02-26,SCH0035,1.0,1.0,1.0,1.0,0.0,Unknown Inspector,Good condition,20.0
INSP00335,2026-03-29,SCH0248,0.0,1.0,0.0,,0.0,Christopher Yadav,Good condition,75.0
INSP01806,2025-11-24,SCH0102,1.0,,1.0,1.0,1.0,Aadhya Lad,Toilets locked,0.0
INSP00391,2025-08-16,SCH0600,0.0,1.0,1.0,1.0,0.0,Forum Shetty,No remarks,40.0
INSP02934,2026-03-14,SCH0535,1.0,,0.0,0.0,0.0,Unknown Inspector,Average,75.0
INSP01110,2025-07-20,SCH0391,1.0,1.0,1.0,0.0,0.0,Adya Gara,Good condition,40.0
INSP01938,2025-12-20,SCH0150,1.0,1.0,,0.0,0.0,Arin Nagi,No Remarks,50.0
INSP02838,2025-12-07,S0170,0.0,1.0,,,0.0,Divya Bhalla,Needs repair,66.67
INSP00711,2025-12-26,SCH0513,1.0,0.0,1.0,1.0,0.0,Unknown Inspector,Average,40.0
INSP01040,2025-08-27,SCH0348,1.0,,1.0,1.0,1.0,Unknown Inspector,Toilets locked,0.0
INSP02072,2025-06-26,0032,1.0,1.0,,0.0,1.0,Warjas Doshi,Good condition,25.0
INSP02874,2025-07-24,SCH0443,1.0,1.0,1.0,0.0,0.0,Bhavika Om,Toilets locked,40.0
INSP02729,2025-09-25,SCH0355,1.0,1.0,1.0,,0.0,Ganga Shere,Toilets locked,25.0
INSP01562,2025-04-08,SCH0372,1.0,1.0,0.0,,,Pooja Gill,Toilets locked,33.33
INSP02898,2025-11-25,SCH0095,1.0,0.0,,,0.0,Max Dewan,Good condition,66.67
INSP01595,2025-07-26,SCH0538,,1.0,1.0,1.0,,Ira Bala,Good condition,0.0
INSP02991,2025-11-23,SCH0205,1.0,,0.0,0.0,1.0,Avi Vig,No remarks,50.0
INSP02652,2025-04-22,SCH0019,1.0,0.0,1.0,,1.0,Ayush Mangat,No Remarks,25.0
INSP01113,2025-07-17,S0319,1.0,1.0,1.0,1.0,,Unknown Inspector,Toilets locked,0.0
INSP00466,2026-01-16,SCH0397,1.0,1.0,,1.0,1.0,Ojas Behl,No Remarks,0.0
INSP01561,2025-05-01,0306,0.0,1.0,1.0,0.0,,Gautam Sahota,Needs repair,50.0
INSP01224,2026-02-18,SCH0144,1.0,1.0,0.0,1.0,0.0,Forum Minhas,No Remarks,40.0
INSP02111,2025-04-15,SCH0214,,1.0,1.0,1.0,1.0,Radha Prabhu,No Remarks,0.0
INSP02472,2025-12-02,SCH0430,1.0,1.0,0.0,1.0,1.0,Wakeeta Dey,No Remarks,20.0
INSP01509,2025-10-15,SCH0292,1.0,,1.0,,1.0,Unknown Inspector,Good condition,0.0
INSP02716,2026-01-09,SCH0120,1.0,1.0,1.0,0.0,,Unknown Inspector,No remarks,25.0
INSP01105,2025-06-05,SCH0153,1.0,0.0,,1.0,1.0,Dalbir Sur,Average,25.0
INSP00661,2025-08-28,SCH0276,1.0,1.0,1.0,0.0,1.0,Bhavika Venkataraman,Good condition,20.0
INSP00339,2025-08-15,SCH0493,0.0,,1.0,1.0,,Maanav Luthra,No remarks,33.33
INSP00216,2025-08-03,SCH0545,,0.0,,1.0,0.0,Mohammed Varghese,No Remarks,66.67
INSP01616,2025-06-09,SCH0081,1.0,0.0,,0.0,1.0,Nisha Wason,No Remarks,50.0
INSP01342,2026-03-31,SCH0330,1.0,1.0,1.0,1.0,0.0,Jatin Date,No Remarks,20.0
INSP02646,2025-09-06,0226,0.0,1.0,1.0,0.0,0.0,Chaman Maharaj,Average,60.0
INSP02965,2025-07-21,SCH0460,1.0,1.0,1.0,0.0,0.0,Jagdish Bakshi,Toilets locked,40.0
INSP02947,2025-08-27,SCH0146,0.0,,1.0,1.0,0.0,Charles Balasubramanian,No Remarks,50.0
INSP01847,2025-10-07,S0469,1.0,1.0,1.0,0.0,1.0,Quincy Pau,No Remarks,20.0
INSP01593,2025-10-05,SCH0436,,1.0,,1.0,0.0,Janaki Jhaveri,Toilets locked,33.33
INSP02047,2025-04-19,SCH0114,1.0,,1.0,,1.0,Aryan Sachdeva,Good condition,0.0
INSP02654,2025-07-04,SCH0489,1.0,1.0,1.0,,1.0,Hardik Bhatia,Good condition,0.0
INSP00817,2025-06-07,SCH0301,,1.0,1.0,1.0,1.0,Ayushman Viswanathan,No remarks,0.0
INSP01068,2025-08-13,SCH0086,1.0,1.0,1.0,,1.0,Balveer Jhaveri,No Remarks,0.0
INSP02139,2026-04-03,SCH0067,1.0,1.0,,0.0,1.0,Widisha Badal,Good condition,25.0
INSP00275,2026-02-06,SCH0351,0.0,1.0,1.0,1.0,1.0,Advik Baria,No Remarks,20.0
INSP02367,2025-05-23,S0095,1.0,1.0,0.0,1.0,1.0,Alka Comar,Needs repair,20.0
INSP00866,2026-01-05,0103,0.0,1.0,1.0,1.0,1.0,Zehaan Nigam,Needs repair,20.0
INSP00102,2025-12-08,S0332,1.0,1.0,,1.0,1.0,Jalsa Kumer,Needs repair,0.0
INSP01502,2025-01-12,SCH0258,1.0,1.0,1.0,0.0,1.0,Arunima Ramakrishnan,Good condition,20.0
INSP02938,2026-03-11,SCH0014,1.0,1.0,,0.0,0.0,Nidra Barad,Toilets locked,50.0
INSP00172,2025-01-04,SCH0334,0.0,1.0,1.0,,0.0,Ria Palla,No Remarks,50.0
INSP00108,2025-07-07,SCH0568,1.0,1.0,,1.0,0.0,Januja Patla,Good condition,25.0
INSP02217,2025-05-01,SCH0552,1.0,1.0,1.0,,0.0,Girik Prashad,Toilets locked,25.0
INSP01522,2025-11-11,SCH0384,1.0,1.0,1.0,1.0,0.0,Amol Khalsa,No Remarks,20.0
INSP01827,2025-09-08,SCH0231,0.0,1.0,1.0,0.0,1.0,Omaja Bhatnagar,Average,40.0
INSP02322,2026-03-24,SCH0304,1.0,1.0,1.0,,,Nathan Pathak,Needs repair,0.0
INSP01968,2025-05-12,SCH0096,1.0,1.0,0.0,1.0,1.0,Upma Kulkarni,Needs repair,20.0
INSP02416,2025-09-03,SCH0285,,1.0,0.0,1.0,0.0,Varsha Manda,Toilets locked,50.0
INSP02121,2025-07-27,SCH0414,1.0,0.0,1.0,1.0,,Ayush Deo,No remarks,25.0
INSP02374,2025-05-17,SCH0485,0.0,1.0,,1.0,1.0,Anirudh Korpal,Average,25.0
INSP02464,2025-08-29,S0273,0.0,1.0,1.0,1.0,1.0,Baghyawati Sen,Needs repair,20.0
INSP02708,2025-05-26,SCH0014,0.0,,0.0,0.0,,Ishanvi Viswanathan,Toilets locked,100.0
INSP01963,2026-03-20,SCH0429,1.0,1.0,0.0,1.0,0.0,Eshana Singh,No remarks,40.0
INSP00296,2026-01-05,SCH0300,1.0,,0.0,,,Jason Randhawa,No Remarks,50.0
INSP00713,2026-04-01,SCH0059,,0.0,0.0,1.0,1.0,Viraj Mitra,Needs repair,50.0
INSP00073,2025-11-06,SCH0560,0.0,1.0,1.0,,1.0,Ishanvi Mander,Average,25.0
INSP01525,2025-05-13,SCH0353,1.0,0.0,1.0,,1.0,Timothy Borra,Average,25.0
INSP02393,2026-02-06,SCH0328,0.0,1.0,1.0,0.0,,Orinder Subramanian,Toilets locked,50.0
INSP02980,2025-12-21,SCH0481,0.0,0.0,1.0,1.0,1.0,Prisha Kaur,Good condition,40.0
INSP00482,2026-02-12,SCH0092,1.0,,1.0,0.0,1.0,Tejas Maharaj,Good condition,25.0
INSP02338,2025-05-21,SCH0542,1.0,1.0,1.0,1.0,1.0,Mason Bhavsar,Needs repair,0.0
INSP01531,2025-04-12,SCH0509,,1.0,,0.0,1.0,Saksham Bera,No remarks,33.33
INSP02686,2025-04-20,SCH0243,0.0,1.0,1.0,1.0,0.0,Vedant Som,Needs repair,40.0
INSP01873,2026-08-03,SCH0165,1.0,1.0,1.0,1.0,1.0,Unknown Inspector,Good condition,0.0
INSP01515,2025-11-07,SCH0029,0.0,1.0,1.0,0.0,1.0,Omkaar Krishnan,Average,40.0
INSP01491,2025-12-11,SCH0230,,0.0,1.0,0.0,1.0,Harsh Sagar,No remarks,50.0
INSP01172,2025-11-19,SCH0151,1.0,1.0,1.0,0.0,1.0,Samaksh Sidhu,Good condition,20.0
INSP02580,2025-07-01,SCH0546,1.0,,1.0,1.0,1.0,Ayushman Sahota,No remarks,0.0
INSP02038,2025-04-08,SCH0428,0.0,1.0,1.0,,0.0,Zaitra Rege,Needs repair,50.0
INSP02673,2025-06-14,SCH0214,1.0,1.0,1.0,0.0,1.0,Laksh Babu,Good condition,20.0
INSP02185,2025-05-29,SCH0186,0.0,0.0,0.0,,1.0,Timothy Ganguly,No Remarks,75.0
INSP02336,2025-10-16,SCH0443,1.0,1.0,0.0,0.0,0.0,Lucky Natt,Toilets locked,60.0
INSP02395,2025-11-13,SCH0141,1.0,,1.0,0.0,0.0,Madhavi Ben,No Remarks,50.0
INSP00406,2025-07-16,SCH0367,0.0,1.0,1.0,1.0,1.0,Vedika Sodhi,Average,20.0
INSP00758,2025-12-10,SCH0034,1.0,1.0,1.0,,0.0,Inaya Barman,Toilets locked,25.0
INSP02115,2025-10-11,SCH0381,,1.0,0.0,1.0,1.0,Meghana Sama,Average,25.0
INSP02303,2025-09-24,SCH0334,1.0,1.0,1.0,1.0,1.0,Vyanjana Tandon,Good condition,0.0
INSP00098,2025-09-14,SCH0520,,0.0,1.0,1.0,0.0,Mitesh Mahajan,No remarks,50.0
INSP01334,2026-01-24,SCH0260,1.0,1.0,0.0,,,Amruta Talwar,Needs repair,33.33
INSP02513,2025-05-11,SCH0468,0.0,1.0,0.0,1.0,0.0,Unknown Inspector,No remarks,60.0
INSP00744,2025-06-28,SCH0268,0.0,1.0,,,,Unknown Inspector,Needs repair,50.0
INSP00807,2025-08-20,SCH0131,,1.0,0.0,,0.0,Hiral Bhattacharyya,No remarks,66.67
INSP02911,2025-11-28,S0153,1.0,1.0,,,1.0,Qushi Gulati,Needs repair,0.0
INSP02079,2025-08-13,SCH0212,1.0,1.0,,0.0,1.0,Vasana Kaul,No remarks,25.0
INSP02630,2025-07-01,SCH0490,1.0,1.0,,1.0,1.0,Dayita Choudhry,Toilets locked,0.0
INSP01536,2025-04-06,SCH0474,1.0,1.0,0.0,1.0,0.0,Nandini Parikh,Needs repair,40.0
INSP02308,2026-01-09,SCH0486,0.0,1.0,,1.0,0.0,Ekansh Natarajan,Average,50.0
INSP02267,2025-05-15,SCH0347,1.0,1.0,1.0,,1.0,Thomas Lala,Toilets locked,0.0
INSP02467,2026-02-13,SCH0435,1.0,1.0,1.0,0.0,1.0,Faris Parmar,No Remarks,20.0
INSP00149,2025-08-07,SCH0465,1.0,1.0,1.0,0.0,0.0,Azaan Sani,Needs repair,40.0
INSP01978,2025-10-26,SCH0311,0.0,1.0,0.0,1.0,1.0,Mugdha Badami,Average,40.0
INSP02163,2025-10-10,SCH0043,1.0,1.0,1.0,,1.0,Ayaan Solanki,Good condition,0.0
INSP02304,2025-08-31,SCH0539,1.0,1.0,1.0,1.0,,Shivansh Loke,Toilets locked,0.0
INSP01316,2026-03-17,SCH0293,0.0,1.0,,1.0,0.0,Ranveer Dutt,No remarks,50.0
INSP00693,2026-03-10,SCH0102,1.0,1.0,0.0,,,Unknown Inspector,Toilets locked,33.33
INSP00819,2025-08-24,SCH0058,1.0,1.0,0.0,,1.0,Harrison Shah,Good condition,25.0
INSP01729,2026-01-03,SCH0354,1.0,0.0,1.0,0.0,,Ojasvi Venkataraman,No Remarks,50.0
INSP01387,2026-02-21,SCH0566,0.0,0.0,1.0,1.0,0.0,Samarth Narain,No remarks,60.0
INSP01846,2025-07-28,S0163,1.0,0.0,0.0,1.0,0.0,Ucchal Ramaswamy,No remarks,60.0
INSP02405,2026-01-24,SCH0559,0.0,1.0,,1.0,1.0,Hemangini Garg,No Remarks,25.0
INSP02430,2026-03-05,SCH0298,1.0,1.0,1.0,0.0,,Liam Prabhakar,No remarks,25.0
INSP01600,2025-09-12,SCH0172,0.0,1.0,0.0,,1.0,Radhika Oza,Toilets locked,50.0
INSP02485,2025-05-01,SCH0334,1.0,1.0,1.0,1.0,1.0,Eiravati Naidu,Good condition,0.0
INSP02585,2026-02-14,0555,,1.0,1.0,1.0,,Benjamin Chatterjee,No Remarks,0.0
INSP00702,2025-12-12,SCH0364,,1.0,1.0,,1.0,Abha Agarwal,No Remarks,0.0
INSP01500,2026-03-19,SCH0094,,1.0,1.0,0.0,1.0,Diya Parmer,Needs repair,25.0
INSP02794,2025-09-18,SCH0230,1.0,1.0,1.0,1.0,1.0,Akshay Pingle,Needs repair,0.0
INSP00922,2025-03-12,SCH0132,1.0,,,1.0,1.0,Unknown Inspector,Average,0.0
INSP01425,2025-08-21,SCH0409,1.0,1.0,,1.0,1.0,Eiravati Mangal,No Remarks,0.0
INSP01709,2026-03-08,SCH0270,1.0,0.0,,1.0,1.0,Vasatika Sinha,No Remarks,25.0
INSP00906,2025-12-27,SCH0033,,1.0,1.0,1.0,1.0,Anvi Kant,Needs repair,0.0
INSP00455,2026-03-16,SCH0205,1.0,1.0,1.0,0.0,,Ekansh Gulati,No Remarks,25.0
INSP02471,2025-05-08,SCH0431,1.0,,,0.0,1.0,Ikshita Shroff,Needs repair,33.33
INSP02209,2025-11-13,SCH0193,0.0,1.0,1.0,0.0,,Amara Sathe,Needs repair,50.0
INSP02656,2025-10-16,0205,,,1.0,0.0,0.0,Andrew Nigam,Average,66.67
INSP02299,2025-08-16,SCH0449,1.0,0.0,1.0,0.0,1.0,Abhimanyu Om,Needs repair,40.0
INSP00168,2025-04-09,SCH0568,0.0,1.0,,1.0,1.0,Ranveer Magar,Good condition,25.0
INSP00731,2025-11-05,SCH0371,,,1.0,0.0,1.0,Widisha Dalal,Toilets locked,33.33
INSP02277,2025-05-20,0569,0.0,1.0,1.0,0.0,0.0,Yatin Magar,Needs repair,60.0
INSP01311,2025-05-08,SCH0145,,,1.0,0.0,0.0,Sudiksha Tank,Average,66.67
INSP02422,2025-09-30,SCH0188,,1.0,1.0,1.0,0.0,Dayamai Luthra,No remarks,25.0
INSP00027,2025-08-11,SCH0023,,1.0,1.0,0.0,1.0,Unknown Inspector,Toilets locked,25.0
INSP02098,2025-11-29,SCH0329,,1.0,,0.0,1.0,Unknown Inspector,No Remarks,33.33
INSP01898,2025-12-23,SCH0418,1.0,1.0,1.0,1.0,0.0,Yahvi Divan,Needs repair,20.0
INSP01653,2026-03-07,SCH0346,1.0,,1.0,0.0,1.0,Abha Raval,Average,25.0
INSP01623,2025-04-24,SCH0257,0.0,1.0,1.0,1.0,1.0,Rachit Rastogi,Toilets locked,20.0
INSP00588,2026-02-10,SCH0309,1.0,1.0,1.0,1.0,0.0,Dayita Mahal,No Remarks,20.0
INSP01402,2025-04-26,SCH0262,1.0,1.0,1.0,0.0,1.0,Bhavna Chandra,No Remarks,20.0
INSP00998,2026-02-23,SCH0040,1.0,1.0,1.0,1.0,0.0,Chanakya Kata,Good condition,20.0
INSP01177,2025-09-02,SCH0148,1.0,,1.0,,1.0,Triya Singh,Good condition,0.0
INSP01701,2025-12-14,SCH0256,0.0,1.0,1.0,0.0,0.0,Vasana Wagle,Toilets locked,60.0
INSP01041,2026-01-17,SCH0029,1.0,1.0,1.0,,1.0,Devansh Chaudhary,No remarks,0.0
INSP00034,2025-04-13,S0403,1.0,1.0,1.0,1.0,0.0,Chanakya Baria,No remarks,20.0
INSP02410,2025-05-12,SCH0417,0.0,1.0,0.0,1.0,1.0,Harshil Mall,Toilets locked,40.0
INSP01380,2026-03-03,SCH0181,1.0,1.0,,1.0,,Udant Wali,Average,0.0
INSP00042,2026-02-23,SCH0196,1.0,1.0,1.0,1.0,0.0,Varenya Parmer,Toilets locked,20.0
INSP01877,2025-10-15,SCH0265,1.0,1.0,1.0,0.0,1.0,Raghav Doshi,No remarks,20.0
INSP02952,2025-11-06,SCH0393,1.0,1.0,1.0,1.0,1.0,Ishita Chokshi,Good condition,0.0
INSP02309,2025-08-11,SCH0142,1.0,1.0,,1.0,0.0,Tanish Zacharia,No remarks,25.0
INSP02741,2025-07-24,SCH0302,1.0,1.0,,0.0,0.0,Aryan Roy,Average,50.0
INSP02280,2025-07-12,SCH0226,1.0,1.0,1.0,1.0,0.0,Anita Parmar,Needs repair,20.0
INSP02019,2025-05-28,SCH0282,1.0,1.0,1.0,1.0,1.0,Samarth Deshpande,Toilets locked,0.0
INSP02000,2025-09-01,SCH0217,0.0,1.0,1.0,1.0,1.0,Triya Dhawan,No Remarks,20.0
INSP00610,2025-08-06,SCH0062,1.0,1.0,1.0,0.0,1.0,Niharika Nori,Good condition,20.0
INSP01133,2025-05-13,SCH0489,1.0,0.0,,1.0,,Yug Halder,No Remarks,33.33
INSP00029,2025-06-03,SCH0132,1.0,1.0,,1.0,1.0,Arin Lall,Toilets locked,0.0
INSP00442,2025-09-01,S0564,1.0,1.0,1.0,0.0,1.0,Yamini Sridhar,Needs repair,20.0
INSP00666,2025-05-27,S0431,,1.0,0.0,1.0,,Nidra Kashyap,No remarks,33.33
INSP02993,2026-02-24,SCH0544,1.0,1.0,,0.0,1.0,Advika Sehgal,No remarks,25.0
INSP00494,2026-01-10,SCH0537,1.0,0.0,1.0,,0.0,Lucky Chauhan,Average,50.0
INSP01259,2025-05-24,S0338,1.0,1.0,,1.0,0.0,Daksha Gupta,No remarks,25.0
INSP01302,2026-06-02,SCH0286,1.0,1.0,1.0,,0.0,Priya Kala,Good condition,25.0
INSP02671,2025-10-28,SCH0489,1.0,1.0,1.0,1.0,1.0,Owen Dhaliwal,No remarks,0.0
INSP02489,2025-08-24,SCH0544,1.0,1.0,1.0,0.0,1.0,Oni Khurana,Needs repair,20.0
INSP01383,2025-12-01,SCH0133,1.0,0.0,1.0,,0.0,Robert Bahri,No remarks,50.0
INSP01305,2025-08-15,SCH0402,,1.0,1.0,,0.0,Azad Prakash,Needs repair,33.33
INSP00237,2025-12-17,SCH0180,,1.0,1.0,1.0,0.0,Ria Babu,Toilets locked,25.0
INSP01986,2025-12-03,S0115,0.0,1.0,1.0,1.0,1.0,Christopher Chakraborty,Average,20.0
INSP00552,2025-10-15,SCH0162,,1.0,0.0,1.0,,Adweta Gupta,Good condition,33.33
INSP00521,2025-04-13,0018,1.0,1.0,1.0,0.0,0.0,Unknown Inspector,Average,40.0
INSP01233,2025-07-19,SCH0395,1.0,1.0,1.0,1.0,1.0,Chatresh Misra,Toilets locked,0.0
INSP01139,2025-04-20,SCH0376,1.0,,1.0,0.0,,Krish Hayer,Needs repair,33.33
INSP01906,2025-01-05,SCH0400,1.0,1.0,1.0,1.0,1.0,Eta Kanda,Needs repair,0.0
INSP00721,2025-04-10,SCH0009,,0.0,0.0,1.0,,Prisha Chandran,Good condition,66.67
INSP00736,2025-05-23,SCH0224,1.0,1.0,1.0,1.0,,Gautam Kannan,Toilets locked,0.0
INSP03000,2025-08-09,0349,0.0,1.0,1.0,0.0,1.0,Bimala Talwar,Needs repair,40.0
INSP01751,2025-11-06,SCH0234,,1.0,,1.0,1.0,Jonathan Setty,Good condition,0.0
INSP00059,2026-09-03,S0030,,0.0,1.0,1.0,0.0,Janaki Bora,No Remarks,50.0
INSP00632,2026-02-09,0166,0.0,,1.0,0.0,0.0,Aashi Srinivasan,No Remarks,75.0
INSP01182,2026-05-02,SCH0368,1.0,1.0,1.0,0.0,0.0,Azad Kota,Needs repair,40.0
INSP02323,2025-03-04,0176,1.0,1.0,,0.0,,Unknown Inspector,No remarks,33.33
INSP00593,2025-05-23,SCH0155,0.0,,1.0,1.0,0.0,Vamakshi Deshpande,Needs repair,50.0
INSP01304,2025-07-20,SCH0176,1.0,1.0,1.0,1.0,1.0,Omya Shenoy,Toilets locked,0.0
INSP01388,2025-12-19,0351,1.0,1.0,1.0,1.0,0.0,Aarav Sandhu,No remarks,20.0
INSP02751,2025-07-19,SCH0157,1.0,,1.0,1.0,,Unknown Inspector,Needs repair,0.0
INSP02767,2025-05-05,SCH0081,1.0,1.0,,1.0,0.0,Finn Prashad,Needs repair,25.0
INSP02055,2025-03-06,SCH0241,1.0,1.0,,1.0,0.0,Chaitaly Sandhu,Average,25.0
INSP02349,2025-05-17,SCH0221,1.0,1.0,1.0,1.0,0.0,Urmi Gole,Needs repair,20.0
INSP00940,2025-09-28,S0471,,1.0,1.0,,1.0,Unni Balay,Needs repair,0.0
INSP02931,2025-12-26,SCH0262,1.0,0.0,1.0,1.0,,Christopher Dutt,Needs repair,25.0
INSP01250,2025-09-23,SCH0538,,1.0,0.0,0.0,1.0,Edhitha Kata,No Remarks,50.0
INSP00905,2026-02-14,SCH0417,0.0,1.0,1.0,1.0,0.0,Harrison Garg,No remarks,40.0
INSP02964,2026-01-11,SCH0145,1.0,1.0,0.0,1.0,0.0,Yauvani Bala,No Remarks,40.0
INSP01280,2025-06-03,SCH0476,0.0,1.0,1.0,,1.0,Sathvik Gade,Good condition,25.0
INSP02243,2025-06-08,0279,1.0,0.0,1.0,0.0,1.0,Sanya Ben,No Remarks,40.0
INSP02511,2025-09-19,SCH0490,0.0,0.0,1.0,1.0,,Azad Nagarajan,Average,50.0
INSP02593,2026-01-29,SCH0452,1.0,1.0,1.0,1.0,,Unknown Inspector,No remarks,0.0
INSP01143,2025-12-10,SCH0026,,1.0,0.0,1.0,1.0,Gabriel Sankaran,Needs repair,25.0
INSP02628,2026-03-11,SCH0019,0.0,1.0,0.0,1.0,,Unknown Inspector,No remarks,50.0
INSP00707,2025-05-24,SCH0558,1.0,1.0,1.0,1.0,,Dominic Goda,Average,0.0
INSP02929,2025-05-09,SCH0302,,1.0,,,0.0,Barkha Purohit,Good condition,50.0
INSP01023,2025-07-20,SCH0246,1.0,1.0,1.0,1.0,1.0,Balvan Gopal,Toilets locked,0.0
INSP00746,2026-03-03,SCH0565,1.0,1.0,1.0,0.0,1.0,Maanas Ray,Needs repair,20.0
INSP01547,2025-05-12,SCH0095,0.0,,1.0,1.0,0.0,Harini Mohanty,Good condition,50.0
INSP01940,2025-08-30,SCH0526,,0.0,1.0,,1.0,Urvashi Prabhu,Needs repair,33.33
INSP02481,2025-09-21,SCH0466,0.0,1.0,,0.0,0.0,Unknown Inspector,Average,75.0
INSP02155,2025-11-07,SCH0231,0.0,1.0,1.0,,0.0,Abha Chandran,Toilets locked,50.0
INSP02824,2025-04-28,SCH0041,1.0,1.0,1.0,1.0,1.0,Jonathan Dutt,Toilets locked,0.0
INSP00514,2025-04-07,SCH0016,1.0,1.0,1.0,1.0,1.0,Arunima Dixit,No remarks,0.0
INSP00082,2025-09-24,SCH0579,,,1.0,0.0,1.0,Unknown Inspector,Needs repair,33.33
INSP02799,2025-10-22,SCH0084,,0.0,0.0,0.0,1.0,Saumya Tata,No Remarks,75.0
INSP01309,2025-09-25,SCH0584,1.0,1.0,,0.0,1.0,Harshil Vasa,Toilets locked,25.0
INSP02625,2026-03-08,SCH0443,1.0,1.0,1.0,0.0,1.0,Warinder Din,Average,20.0
INSP00915,2026-03-13,SCH0034,1.0,1.0,1.0,,0.0,Wahab Sehgal,Needs repair,25.0
INSP01405,2026-02-28,0137,1.0,1.0,1.0,1.0,1.0,Kala Mukhopadhyay,Average,0.0
INSP01648,2025-05-07,S0169,1.0,1.0,1.0,1.0,0.0,Netra Soman,Average,20.0
INSP02901,2025-04-27,SCH0192,0.0,1.0,1.0,1.0,1.0,Theodore Toor,Average,20.0
INSP01109,2025-11-26,S0571,1.0,1.0,,,1.0,Urishilla Choudhury,No Remarks,0.0
INSP00151,2025-04-06,SCH0094,1.0,1.0,1.0,1.0,0.0,Atharv Radhakrishnan,No remarks,20.0
INSP02866,2026-01-14,SCH0384,,1.0,1.0,0.0,1.0,Unknown Inspector,Needs repair,25.0
INSP00775,2025-10-20,SCH0502,,1.0,1.0,1.0,1.0,Garima Oak,Good condition,0.0
INSP00330,2025-10-10,SCH0376,0.0,1.0,1.0,1.0,0.0,Reva Bahl,Toilets locked,40.0
INSP00007,2025-05-13,SCH0243,1.0,1.0,1.0,,0.0,Unknown Inspector,Needs repair,25.0
INSP02002,2026-03-17,SCH0175,,1.0,1.0,1.0,0.0,Yutika Dugar,Good condition,25.0
INSP00944,2025-05-15,SCH0438,1.0,,1.0,1.0,1.0,Chavvi Maharaj,Needs repair,0.0
INSP00823,2025-09-22,SCH0031,1.0,0.0,1.0,1.0,0.0,Mohini Vohra,Toilets locked,40.0
INSP00910,2025-08-29,SCH0553,,1.0,0.0,,0.0,Nitesh Pradhan,Needs repair,66.67
INSP00182,2025-08-30,SCH0322,0.0,1.0,0.0,1.0,1.0,Ekavir Gole,No Remarks,40.0
INSP00165,2025-08-07,S0053,1.0,1.0,1.0,,1.0,Varsha Chakraborty,Good condition,0.0
INSP01524,2025-04-23,SCH0225,0.0,1.0,1.0,1.0,1.0,Ekaraj Nigam,No Remarks,20.0
INSP00452,2025-01-08,0161,1.0,1.0,0.0,1.0,,Panini Andra,No Remarks,25.0
INSP01312,2025-11-01,SCH0276,1.0,,0.0,0.0,1.0,Matthew Issac,Needs repair,50.0
INSP01112,2025-12-30,SCH0213,1.0,1.0,0.0,0.0,0.0,Barkha Venkatesh,No remarks,60.0
INSP01288,2026-01-12,SCH0360,0.0,1.0,,1.0,1.0,Qushi Bains,No Remarks,25.0
INSP00328,2025-11-10,SCH0567,0.0,1.0,1.0,0.0,0.0,Balvan Chakrabarti,Average,60.0
INSP01791,2025-04-09,SCH0541,0.0,,,,0.0,Riya Kala,Toilets locked,100.0
INSP02793,2026-02-06,0563,1.0,1.0,1.0,1.0,1.0,Nisha Madan,Average,0.0
INSP02008,2025-11-25,SCH0028,1.0,1.0,1.0,1.0,1.0,Qadim Sabharwal,Average,0.0
INSP01859,2025-08-03,SCH0487,,1.0,1.0,0.0,1.0,Vansha Bhat,Needs repair,25.0
INSP00313,2025-08-04,SCH0396,1.0,1.0,1.0,0.0,1.0,David Mane,Needs repair,20.0
INSP00833,2025-12-13,0326,1.0,,0.0,1.0,0.0,Sanaya Varty,No remarks,50.0
INSP01202,2026-01-29,SCH0140,,1.0,1.0,,1.0,Pahal Rattan,Good condition,0.0
INSP02438,2025-04-07,SCH0237,,1.0,1.0,1.0,1.0,Pranav Arya,Good condition,0.0
INSP02074,2026-01-14,SCH0405,,1.0,,,,Aarav Nazareth,No remarks,0.0
INSP02447,2026-03-09,SCH0003,1.0,1.0,1.0,,1.0,Raghav Pradhan,Needs repair,0.0
INSP01482,2025-10-19,SCH0234,1.0,1.0,,0.0,0.0,Vanya Vala,Good condition,50.0
INSP00778,2025-10-28,SCH0421,0.0,1.0,1.0,0.0,1.0,Advaith Ray,Toilets locked,40.0
INSP00800,2026-02-02,SCH0534,1.0,1.0,1.0,0.0,0.0,Manthan Dhawan,Toilets locked,40.0
INSP00055,2025-07-22,SCH0392,1.0,0.0,0.0,1.0,0.0,Indira Amble,Good condition,60.0
INSP01921,2026-02-28,SCH0395,0.0,1.0,1.0,1.0,,Rachana Ganesh,No remarks,25.0
INSP02719,2026-03-10,SCH0233,1.0,1.0,1.0,1.0,1.0,Unknown Inspector,No remarks,0.0
INSP01702,2025-12-27,SCH0030,0.0,1.0,0.0,1.0,0.0,Tanvi Mital,No Remarks,60.0
INSP02949,2025-11-12,S0573,1.0,1.0,1.0,1.0,1.0,Viraj Sule,Needs repair,0.0
INSP00988,2026-02-20,SCH0279,1.0,1.0,1.0,1.0,0.0,Zaitra Batra,No Remarks,20.0
INSP02271,2026-03-28,SCH0513,1.0,0.0,0.0,1.0,1.0,Ekta Pillai,No Remarks,40.0
INSP01395,2025-11-04,SCH0118,1.0,1.0,1.0,0.0,0.0,Tanay Shenoy,Average,40.0
INSP00769,2025-07-11,SCH0569,1.0,1.0,,0.0,0.0,Mahika Bedi,Good condition,50.0
INSP02790,2025-01-12,SCH0578,,1.0,1.0,1.0,,Radha Ratta,No remarks,0.0
INSP00286,2026-03-28,SCH0503,,1.0,1.0,,1.0,Ubika Chanda,No remarks,0.0
INSP02775,2025-10-06,SCH0534,1.0,1.0,0.0,1.0,0.0,Chaitaly Halder,Average,40.0
INSP00429,2025-11-21,S0064,1.0,0.0,1.0,1.0,0.0,Zayyan Sura,No remarks,40.0
INSP02080,2026-03-11,SCH0401,0.0,,1.0,1.0,0.0,Anmol Nayar,No Remarks,50.0
INSP00723,2025-05-23,SCH0551,1.0,1.0,1.0,0.0,0.0,Unknown Inspector,Average,40.0
INSP00952,2025-05-26,SCH0132,0.0,1.0,1.0,1.0,1.0,Nicholas Kaul,Good condition,20.0
INSP00990,2025-06-25,SCH0386,,1.0,0.0,0.0,0.0,Azaan Vyas,No remarks,75.0
INSP02935,2026-01-13,SCH0455,1.0,1.0,1.0,1.0,1.0,Upasna Sama,Average,0.0
INSP02882,2025-07-20,S0059,0.0,1.0,,1.0,1.0,Christopher Agarwal,Good condition,25.0
INSP00327,2025-12-03,SCH0270,1.0,1.0,1.0,1.0,1.0,Nimrat Acharya,Average,0.0
INSP01384,2025-09-05,SCH0360,1.0,1.0,1.0,0.0,,Unknown Inspector,Average,25.0
INSP01725,2025-12-07,SCH0351,1.0,1.0,1.0,1.0,,Amaira Butala,No Remarks,0.0
INSP01087,2025-05-30,SCH0276,1.0,,1.0,,1.0,Girish Sampath,Needs repair,0.0
INSP00342,2026-01-19,SCH0490,,1.0,,1.0,,Rajata Bhardwaj,Average,0.0
INSP00148,2025-11-10,SCH0143,1.0,,1.0,1.0,0.0,Dhriti Ray,No Remarks,25.0
INSP02463,2025-04-20,S0258,0.0,,1.0,,0.0,Manbir Varghese,Average,66.67
INSP01108,2025-11-25,S0164,1.0,1.0,0.0,,0.0,Imaran Gara,Needs repair,50.0
INSP00849,2025-05-26,SCH0151,1.0,1.0,1.0,,1.0,Ayushman Ramachandran,No remarks,0.0
INSP00967,2026-01-17,SCH0117,1.0,,,1.0,0.0,Unknown Inspector,No remarks,33.33
INSP02592,2026-01-01,SCH0450,1.0,,1.0,0.0,1.0,Sara Pandya,Good condition,25.0
INSP00662,2026-03-16,SCH0271,,1.0,,,0.0,Chameli Bali,No remarks,50.0
INSP01003,2025-12-15,SCH0260,1.0,1.0,1.0,1.0,1.0,Saumya Toor,No Remarks,0.0
INSP02465,2026-01-17,0321,1.0,,1.0,1.0,1.0,Faraj Nazareth,Average,0.0
INSP02648,2025-05-14,SCH0023,1.0,1.0,1.0,,1.0,Falguni Barad,Needs repair,0.0
INSP02792,2025-06-05,SCH0235,1.0,1.0,0.0,1.0,1.0,Vansha Chokshi,Toilets locked,20.0
INSP01880,2026-01-18,SCH0509,1.0,,1.0,0.0,,Abhiram Pall,Average,33.33
INSP02960,2025-06-19,SCH0423,,1.0,1.0,1.0,1.0,Nirja Sankaran,Needs repair,0.0
INSP01204,2025-06-08,SCH0543,1.0,,0.0,1.0,0.0,Jagat Sandal,Average,50.0
INSP01991,2025-07-27,SCH0107,,1.0,,1.0,1.0,Unknown Inspector,Good condition,0.0
INSP00025,2025-12-01,SCH0038,1.0,1.0,,0.0,0.0,Saksham Ganesan,Needs repair,50.0
INSP02953,2026-03-04,SCH0097,1.0,1.0,,,0.0,Darpan Natt,Good condition,33.33
INSP02207,2026-01-24,0226,1.0,0.0,1.0,0.0,1.0,Rayaan Parsa,Toilets locked,40.0
INSP02189,2025-09-26,SCH0370,1.0,0.0,0.0,1.0,0.0,Jeevika Krishnan,No Remarks,60.0
INSP02423,2026-01-16,SCH0394,1.0,1.0,1.0,1.0,,Utkarsh Behl,Good condition,0.0
INSP00876,2026-01-13,SCH0218,1.0,1.0,1.0,1.0,1.0,Vasana Dyal,Average,0.0
INSP02834,2025-05-19,SCH0118,1.0,0.0,1.0,,1.0,Mohammed Ramesh,Average,25.0
INSP00939,2025-10-16,SCH0251,1.0,1.0,1.0,1.0,,Aadi Misra,Needs repair,0.0
INSP02638,2025-06-15,SCH0174,1.0,0.0,1.0,0.0,0.0,Leela Nath,Toilets locked,60.0
INSP00386,2025-04-16,SCH0114,1.0,1.0,0.0,0.0,1.0,Anthony Kamdar,Needs repair,40.0
INSP02418,2026-03-10,SCH0024,1.0,,,,0.0,Rohan Ratta,Good condition,50.0
INSP02639,2026-03-26,SCH0071,1.0,1.0,1.0,1.0,0.0,Rishi Mitter,Toilets locked,20.0
INSP02316,2025-07-12,S0301,1.0,1.0,1.0,0.0,1.0,Jagat Bassi,No Remarks,20.0
INSP02855,2025-11-16,SCH0108,,1.0,1.0,0.0,1.0,Zarna Kade,Needs repair,25.0
INSP00937,2025-06-27,S0395,1.0,1.0,1.0,0.0,1.0,Harini Kale,Toilets locked,20.0
INSP02713,2025-10-14,SCH0427,1.0,1.0,1.0,,0.0,Upadhriti Mall,No remarks,25.0
INSP01333,2025-06-28,SCH0210,0.0,1.0,1.0,1.0,0.0,Aarini Randhawa,Good condition,40.0
INSP01935,2025-10-10,0545,1.0,1.0,1.0,0.0,1.0,Vyanjana De,Good condition,20.0
INSP00936,2026-02-20,SCH0215,1.0,1.0,1.0,1.0,0.0,Ethan Raval,No Remarks,20.0
INSP00567,2025-02-04,SCH0526,1.0,1.0,1.0,,1.0,Nilima Jha,Needs repair,0.0
INSP01855,2026-04-01,SCH0588,,1.0,1.0,,0.0,Chakradev Kalita,Needs repair,33.33
INSP02553,2026-02-25,SCH0402,1.0,1.0,1.0,0.0,0.0,Abhiram Ganesan,No remarks,40.0
INSP01646,2025-09-07,SCH0206,0.0,,1.0,0.0,0.0,Gopal Basu,No remarks,75.0
INSP02234,2026-03-24,SCH0517,,1.0,1.0,0.0,0.0,Samuel Dhawan,Needs repair,50.0
INSP01793,2025-04-13,SCH0050,1.0,1.0,0.0,1.0,0.0,Eesha Sha,Needs repair,40.0
INSP01431,2025-06-13,SCH0334,1.0,1.0,1.0,1.0,1.0,Unknown Inspector,No remarks,0.0
INSP02647,2025-10-18,SCH0563,1.0,0.0,0.0,1.0,1.0,Veda Khurana,Toilets locked,40.0
INSP01014,2025-11-28,SCH0497,0.0,,1.0,1.0,0.0,Faqid Mishra,No remarks,50.0
INSP01929,2025-09-10,0502,1.0,1.0,0.0,1.0,1.0,Meghana Barad,Needs repair,20.0
INSP02371,2025-12-02,SCH0586,1.0,1.0,0.0,,0.0,Neel Sachdev,No Remarks,50.0
INSP00127,2026-01-09,SCH0495,1.0,0.0,1.0,1.0,1.0,Triveni Tripathi,Toilets locked,20.0
INSP02811,2026-02-12,SCH0197,1.0,1.0,1.0,1.0,1.0,Nimrat Gupta,Average,0.0
INSP01348,2025-04-13,SCH0037,1.0,1.0,,1.0,0.0,Bhavika Prakash,No remarks,25.0
INSP00356,2026-01-14,SCH0053,1.0,1.0,1.0,,0.0,Unknown Inspector,Toilets locked,25.0
INSP00828,2025-07-04,SCH0493,1.0,1.0,1.0,0.0,1.0,Ishaan Parikh,Good condition,20.0
INSP01640,2026-03-24,SCH0033,1.0,1.0,1.0,1.0,1.0,Unknown Inspector,Toilets locked,0.0
INSP00985,2025-04-05,SCH0481,1.0,1.0,1.0,1.0,1.0,Baljiwan Balakrishnan,No remarks,0.0
INSP00363,2025-09-20,SCH0521,,,1.0,1.0,0.0,Raagini Wason,No Remarks,33.33
INSP00346,2025-08-28,SCH0307,,1.0,,,0.0,Chameli Gulati,Good condition,50.0
INSP02674,2025-07-03,SCH0539,1.0,1.0,1.0,,,Inaya Salvi,Good condition,0.0
INSP00712,2025-04-10,SCH0318,0.0,1.0,1.0,,0.0,Deepa Rai,Average,50.0
INSP02173,2025-09-23,SCH0050,1.0,1.0,1.0,0.0,0.0,Kashish D’Alia,Toilets locked,40.0
INSP00011,2025-04-04,SCH0336,1.0,1.0,1.0,1.0,1.0,Sudiksha Johal,No Remarks,0.0
INSP02542,2025-12-08,SCH0534,1.0,0.0,1.0,1.0,,Unknown Inspector,Good condition,25.0
INSP02117,2026-02-01,SCH0097,1.0,1.0,1.0,1.0,0.0,Anmol Bhakta,Toilets locked,20.0
INSP01835,2025-05-12,SCH0081,1.0,1.0,1.0,1.0,0.0,Garima Rana,Toilets locked,20.0
INSP00794,2025-08-17,S0278,1.0,1.0,0.0,0.0,0.0,Benjamin Pai,Average,60.0
INSP02906,2025-07-05,SCH0385,0.0,,1.0,0.0,0.0,Siya Dewan,Needs repair,75.0
INSP00095,2026-07-01,SCH0222,1.0,1.0,1.0,1.0,,Chanakya Sodhi,No remarks,0.0
INSP00130,2025-04-28,SCH0329,1.0,,1.0,1.0,0.0,Wishi Vasa,No Remarks,25.0
INSP02361,2025-04-22,SCH0489,1.0,1.0,1.0,1.0,,Xalak Hans,Average,0.0
INSP01901,2025-08-06,SCH0439,1.0,,1.0,0.0,1.0,Kala Nadig,Needs repair,25.0
INSP02757,2025-11-29,SCH0372,1.0,1.0,1.0,1.0,1.0,Wakeeta Bawa,No remarks,0.0
INSP01933,2025-06-10,SCH0347,1.0,1.0,1.0,1.0,1.0,Nihal Salvi,Needs repair,0.0
INSP02264,2025-05-10,SCH0370,1.0,1.0,0.0,,1.0,Manthan Pandey,Needs repair,25.0
INSP01866,2025-09-10,SCH0500,1.0,1.0,1.0,,1.0,Unknown Inspector,Toilets locked,0.0
INSP01659,2025-11-27,SCH0107,,,0.0,0.0,0.0,Unknown Inspector,No Remarks,100.0
INSP00517,2025-06-10,SCH0051,1.0,1.0,1.0,1.0,0.0,Zayyan Loyal,Average,20.0
INSP01858,2026-02-18,SCH0395,1.0,1.0,1.0,0.0,0.0,Eshana Manda,Average,40.0
INSP01278,2026-01-07,SCH0561,0.0,1.0,0.0,1.0,0.0,Waida Shankar,Needs repair,60.0
INSP00951,2025-07-09,SCH0323,0.0,1.0,1.0,1.0,0.0,Bina Shankar,Good condition,40.0
INSP01121,2025-01-11,SCH0225,1.0,,1.0,0.0,1.0,Unknown Inspector,Toilets locked,25.0
INSP00420,2025-10-15,SCH0148,1.0,,1.0,1.0,1.0,Januja Magar,Needs repair,0.0
INSP00923,2025-12-03,SCH0242,,1.0,,1.0,1.0,Omkaar Das,Good condition,0.0
INSP02319,2025-04-19,SCH0024,,1.0,1.0,1.0,1.0,Azad Chokshi,Toilets locked,0.0
INSP00478,2025-08-08,SCH0410,1.0,1.0,,0.0,0.0,Unknown Inspector,No Remarks,50.0
INSP02036,2025-12-06,S0171,1.0,0.0,1.0,0.0,,Manan Mohan,No remarks,50.0
INSP02296,2025-10-18,SCH0564,1.0,1.0,1.0,0.0,,Garima Gera,Good condition,25.0
INSP01693,2025-09-20,S0243,1.0,,1.0,0.0,0.0,Anjali Sandhu,Needs repair,50.0
INSP02821,2025-11-22,SCH0080,1.0,1.0,1.0,1.0,0.0,Vamakshi Guha,No remarks,20.0
INSP01472,2026-03-03,SCH0257,1.0,1.0,1.0,1.0,0.0,Tanvi Kala,Average,20.0
INSP01203,2025-09-17,SCH0208,1.0,1.0,1.0,0.0,1.0,Krish Agarwal,No Remarks,20.0
INSP01670,2025-01-09,SCH0573,1.0,1.0,1.0,1.0,,Eesha More,No remarks,0.0
INSP02917,2026-01-24,SCH0282,1.0,1.0,1.0,,1.0,Kashvi Mahajan,Toilets locked,0.0
INSP01971,2025-05-07,0008,1.0,1.0,,0.0,,Unknown Inspector,Toilets locked,33.33
INSP02152,2025-12-16,SCH0226,1.0,0.0,1.0,1.0,1.0,Samarth Subramaniam,Average,20.0
INSP00821,2025-06-20,SCH0303,,1.0,1.0,,0.0,Dayamai Kashyap,No Remarks,33.33
INSP01998,2025-05-23,S0187,1.0,1.0,1.0,1.0,0.0,Imaran Sawhney,Average,20.0
INSP01249,2025-08-25,SCH0201,1.0,1.0,,,1.0,Unknown Inspector,Good condition,0.0
INSP02315,2026-01-13,SCH0303,1.0,1.0,0.0,0.0,0.0,Gagan Karan,Toilets locked,60.0
INSP02831,2025-05-19,SCH0183,,,1.0,1.0,0.0,Samar Sane,Needs repair,33.33
INSP02191,2026-01-02,S0514,1.0,1.0,1.0,1.0,0.0,Oliver Balay,No Remarks,20.0
INSP02749,2025-10-18,SCH0209,1.0,,1.0,1.0,1.0,Devansh Oak,Toilets locked,0.0
INSP01047,2025-09-30,SCH0226,1.0,1.0,1.0,1.0,,Chandran Ramanathan,No Remarks,0.0
INSP01889,2025-06-24,SCH0071,1.0,1.0,,,0.0,Harrison Dara,Average,33.33
INSP00616,2025-11-09,SCH0103,,1.0,1.0,,1.0,Chanakya Agate,Good condition,0.0
INSP01319,2025-05-15,SCH0281,1.0,1.0,,,1.0,Kala Kumer,No remarks,0.0
INSP02137,2026-03-16,SCH0123,1.0,1.0,1.0,,1.0,Faris Barman,Needs repair,0.0
INSP02588,2026-03-06,SCH0215,1.0,,1.0,0.0,0.0,Unknown Inspector,Average,50.0
INSP01773,2025-08-04,SCH0101,1.0,1.0,,,1.0,Rachit Virk,No remarks,0.0
INSP00132,2026-02-15,SCH0114,1.0,,1.0,1.0,1.0,Benjamin Kari,Good condition,0.0
INSP00078,2025-04-26,SCH0434,1.0,1.0,1.0,1.0,0.0,Tarak Chokshi,No remarks,20.0
INSP02053,2026-01-10,S0449,,,,1.0,0.0,Ekbal Kalita,No remarks,50.0
INSP00725,2025-05-01,SCH0209,0.0,1.0,1.0,0.0,1.0,Tanay Kumer,Average,40.0
INSP01315,2025-10-07,SCH0375,,1.0,1.0,1.0,,Jagat Thaker,No remarks,0.0
INSP01852,2025-05-30,SCH0465,,1.0,1.0,1.0,0.0,Falak Gade,Average,25.0
INSP02420,2026-01-27,SCH0229,1.0,1.0,0.0,1.0,1.0,Samarth Chandran,No remarks,20.0
INSP02616,2026-01-16,SCH0470,1.0,1.0,0.0,0.0,1.0,Ayaan Bora,Good condition,40.0
INSP01373,2025-05-12,SCH0239,1.0,1.0,,1.0,0.0,Upkaar Morar,Average,25.0
INSP01856,2025-08-25,SCH0473,1.0,,1.0,1.0,,Janaki Oza,Needs repair,0.0
INSP01320,2025-04-20,SCH0125,0.0,0.0,0.0,1.0,0.0,Isaac Yogi,No Remarks,80.0
INSP02290,2025-10-04,SCH0521,1.0,1.0,1.0,1.0,1.0,Matthew Batta,Good condition,0.0
INSP00376,2025-08-05,SCH0132,1.0,,,,1.0,Harish Khosla,Good condition,0.0
INSP01909,2025-09-29,SCH0093,0.0,0.0,0.0,1.0,1.0,Udarsh Shere,No remarks,60.0
INSP00334,2025-12-09,SCH0456,1.0,0.0,0.0,1.0,0.0,Aachal Barad,Good condition,60.0
INSP02375,2026-12-03,SCH0288,0.0,,1.0,,1.0,Umang Ray,No Remarks,33.33
INSP02425,2026-01-11,SCH0560,1.0,1.0,0.0,1.0,0.0,Thomas Khurana,Toilets locked,40.0
INSP01605,2025-12-20,SCH0130,,1.0,1.0,0.0,0.0,Aishani Chokshi,Needs repair,50.0
INSP01119,2025-10-03,SCH0547,,1.0,,0.0,0.0,Upadhriti Mallick,Good condition,66.67
INSP02971,2025-10-16,SCH0249,0.0,1.0,1.0,1.0,0.0,Aadi Shetty,Needs repair,40.0
INSP01944,2025-10-24,SCH0466,1.0,,,1.0,0.0,Tejas Bajaj,Average,33.33
INSP02385,2025-10-09,SCH0112,,,1.0,1.0,0.0,Widisha Lad,No remarks,33.33
INSP02653,2025-09-17,SCH0591,1.0,0.0,1.0,1.0,1.0,Ekaraj Pillay,Average,20.0
INSP01343,2025-05-13,SCH0565,1.0,1.0,1.0,,0.0,Unknown Inspector,Needs repair,25.0
INSP00321,2025-10-20,SCH0407,,1.0,,,1.0,Tamanna Om,No Remarks,0.0
INSP01620,2025-08-31,SCH0170,1.0,0.0,0.0,1.0,0.0,Harsh Shankar,Toilets locked,60.0
INSP02574,2025-09-14,S0237,0.0,0.0,1.0,0.0,1.0,Brijesh Pandey,Average,60.0
INSP02061,2025-12-06,SCH0494,,,1.0,1.0,0.0,Unknown Inspector,Good condition,33.33
INSP02220,2026-03-18,SCH0477,1.0,1.0,1.0,0.0,0.0,Nihal Merchant,Toilets locked,40.0
INSP01674,2025-07-07,SCH0260,0.0,,1.0,0.0,1.0,Charles Kala,Toilets locked,50.0
INSP01943,2026-05-01,SCH0457,1.0,1.0,1.0,0.0,0.0,Riya Ravi,Average,40.0
INSP00261,2025-09-07,SCH0508,1.0,,1.0,0.0,1.0,Jai Rai,Toilets locked,25.0
INSP02478,2026-02-15,SCH0452,0.0,1.0,1.0,,0.0,Arjun Andra,Average,50.0
INSP02040,2025-12-11,SCH0045,1.0,0.0,1.0,1.0,,Noah Parmar,No remarks,25.0
INSP00690,2025-09-23,SCH0218,1.0,,1.0,1.0,1.0,Anusha Kadakia,Average,0.0
INSP00902,2025-09-29,SCH0592,1.0,0.0,1.0,1.0,1.0,Manbir Sagar,No remarks,20.0
INSP02027,2025-06-06,SCH0355,0.0,1.0,1.0,0.0,1.0,Eiravati Bava,Good condition,40.0
INSP00139,2026-03-27,SCH0517,1.0,1.0,,1.0,0.0,Brinda Krishna,Good condition,25.0
INSP01918,2025-07-27,SCH0025,0.0,1.0,0.0,1.0,1.0,Chatura Palla,Average,40.0
INSP01829,2025-12-28,SCH0558,1.0,0.0,1.0,1.0,1.0,Unknown Inspector,Good condition,20.0
INSP01574,2025-12-29,SCH0125,1.0,1.0,,0.0,0.0,Hritik Tella,No remarks,50.0
INSP00320,2025-06-23,0452,1.0,0.0,1.0,1.0,0.0,Unknown Inspector,No Remarks,40.0
INSP00654,2025-11-28,SCH0506,1.0,1.0,0.0,1.0,0.0,Peter Jhaveri,No Remarks,40.0
INSP02138,2025-04-18,SCH0461,1.0,1.0,1.0,1.0,1.0,Leela Basak,Average,0.0
INSP02586,2025-07-30,SCH0193,,1.0,0.0,1.0,1.0,Unknown Inspector,No remarks,25.0
INSP00559,2025-10-26,SCH0133,,,1.0,1.0,1.0,Dayamai Andra,No remarks,0.0
INSP02188,2026-03-10,SCH0555,1.0,1.0,,1.0,0.0,Rushil Chakrabarti,Average,25.0
INSP00113,2026-02-09,SCH0441,,1.0,0.0,1.0,1.0,Neelima Ganguly,Good condition,25.0
INSP00532,2025-08-05,SCH0322,0.0,1.0,1.0,0.0,1.0,Chanakya Kala,Good condition,40.0
INSP00225,2026-06-03,SCH0440,0.0,1.0,1.0,1.0,,Unknown Inspector,Needs repair,25.0
INSP00724,2025-09-08,SCH0237,0.0,0.0,1.0,,1.0,Gaurav Seshadri,Good condition,50.0
INSP02555,2025-10-27,SCH0254,1.0,1.0,,,1.0,Amruta Nayar,Toilets locked,0.0
INSP02703,2025-09-14,SCH0179,1.0,1.0,1.0,,1.0,Isaac Kibe,Good condition,0.0
INSP01434,2025-12-15,SCH0010,1.0,1.0,0.0,0.0,1.0,Abhimanyu Bhalla,Good condition,40.0
INSP02453,2025-03-06,S0291,1.0,1.0,0.0,0.0,0.0,Unknown Inspector,Good condition,60.0
INSP02891,2025-11-12,SCH0436,1.0,1.0,1.0,0.0,1.0,Gautam Hora,Good condition,20.0
INSP01459,2025-09-22,SCH0096,1.0,1.0,1.0,0.0,,Anya Khanna,Toilets locked,25.0
INSP02841,2026-02-21,SCH0407,0.0,1.0,1.0,1.0,0.0,Hemal Tak,Average,40.0
INSP00847,2026-02-16,SCH0485,1.0,1.0,,1.0,0.0,Omisha Shenoy,Toilets locked,25.0
INSP00194,2025-09-10,SCH0297,1.0,0.0,1.0,,0.0,Anmol Raval,Good condition,50.0
INSP01465,2025-09-30,SCH0550,1.0,1.0,0.0,,1.0,Tripti Kar,Good condition,25.0
INSP00947,2025-06-03,SCH0440,1.0,1.0,1.0,0.0,1.0,Anvi Dara,No Remarks,20.0
INSP02022,2025-08-27,SCH0257,1.0,1.0,1.0,1.0,1.0,Unknown Inspector,Average,0.0
INSP01630,2025-10-04,0210,1.0,1.0,1.0,1.0,1.0,Gavin Sekhon,Toilets locked,0.0
INSP00118,2025-07-14,SCH0432,,,1.0,0.0,0.0,Anita Agarwal,No Remarks,66.67
INSP00646,2026-01-06,SCH0136,0.0,1.0,1.0,1.0,0.0,Tanish Dhingra,Average,40.0
INSP01871,2025-12-24,SCH0028,1.0,1.0,,1.0,0.0,Madhavi Dutta,No remarks,25.0
INSP00004,2025-11-20,SCH0322,1.0,1.0,1.0,0.0,1.0,Yachana Dyal,Needs repair,20.0
INSP00075,2025-12-07,SCH0493,1.0,1.0,0.0,,0.0,Farhan Nagi,Good condition,50.0
INSP01756,2026-12-02,S0287,0.0,1.0,0.0,1.0,1.0,Anvi Ray,No Remarks,40.0
INSP00468,2025-09-26,SCH0531,0.0,,1.0,1.0,,Jairaj Malhotra,No remarks,33.33
INSP00006,2025-06-17,SCH0315,1.0,1.0,1.0,1.0,0.0,Chaitaly Yadav,No Remarks,20.0
INSP01247,2025-04-30,SCH0229,1.0,1.0,1.0,1.0,0.0,Upkaar Gara,Toilets locked,20.0
INSP00920,2025-09-29,SCH0324,1.0,1.0,,1.0,,Dayita Handa,Good condition,0.0
INSP00229,2025-06-19,SCH0506,0.0,1.0,1.0,,0.0,Naksh Koshy,Toilets locked,50.0
INSP01064,2025-11-02,SCH0558,1.0,,1.0,1.0,1.0,Benjamin Krishna,Toilets locked,0.0
INSP00243,2025-10-28,SCH0581,1.0,0.0,0.0,0.0,1.0,Jai Doctor,Needs repair,60.0
INSP02403,2025-05-16,SCH0232,0.0,1.0,0.0,0.0,,Matthew Rastogi,Good condition,75.0
INSP01161,2025-09-06,SCH0037,1.0,1.0,1.0,1.0,0.0,Varenya Viswanathan,No Remarks,20.0
INSP02645,2026-01-11,SCH0397,0.0,1.0,1.0,1.0,1.0,Unknown Inspector,No remarks,20.0
INSP01527,2025-04-26,SCH0560,1.0,0.0,1.0,1.0,0.0,Pavani Banik,Toilets locked,40.0
INSP01606,2025-05-03,SCH0002,,1.0,,1.0,0.0,Charita Halder,No Remarks,33.33
INSP02927,2025-05-01,SCH0209,1.0,,1.0,1.0,0.0,Zashil Shetty,Average,25.0
INSP02677,2025-06-19,SCH0064,1.0,1.0,1.0,0.0,,Indira Johal,Toilets locked,25.0
INSP01990,2026-04-01,SCH0287,,1.0,1.0,1.0,1.0,Samesh Keer,Toilets locked,0.0
INSP02476,2026-02-19,SCH0268,1.0,1.0,0.0,0.0,1.0,Ronith Doctor,Good condition,40.0
INSP01976,2025-10-12,SCH0209,0.0,1.0,1.0,,1.0,Unknown Inspector,Average,25.0
INSP01762,2025-12-18,SCH0509,1.0,0.0,0.0,1.0,1.0,Patrick Cheema,Average,40.0
INSP01306,2026-03-01,S0462,1.0,,1.0,,1.0,Ojasvi Chahal,No remarks,0.0
INSP01542,2025-08-21,0062,0.0,1.0,1.0,1.0,0.0,Rehaan Saini,Good condition,40.0
INSP00623,2025-11-28,0047,1.0,1.0,,,1.0,Abdul Kar,Needs repair,0.0
INSP02437,2026-06-03,SCH0017,1.0,1.0,0.0,,0.0,Teerth Mandal,No Remarks,50.0
INSP01494,2026-10-03,SCH0014,0.0,1.0,1.0,0.0,0.0,Pahal Batra,Average,60.0
INSP00111,2025-06-07,0060,1.0,1.0,1.0,,0.0,Benjamin Varty,No remarks,25.0
INSP02276,2025-07-25,SCH0405,1.0,1.0,1.0,0.0,0.0,Unknown Inspector,Toilets locked,40.0
INSP02388,2025-09-12,SCH0217,0.0,0.0,1.0,1.0,0.0,Edhitha Lall,Average,60.0
INSP01170,2025-05-21,SCH0571,1.0,1.0,1.0,0.0,1.0,Vidhi Dutta,Needs repair,20.0
INSP02589,2025-09-05,S0396,0.0,0.0,1.0,0.0,1.0,Gagan Iyengar,Good condition,60.0
INSP00233,2025-12-29,SCH0303,0.0,1.0,1.0,1.0,1.0,Yagnesh Wali,Toilets locked,20.0
INSP00067,2025-12-29,SCH0546,,1.0,1.0,0.0,1.0,Alexander Devan,No Remarks,25.0
INSP02847,2026-03-31,SCH0432,1.0,1.0,1.0,1.0,0.0,Unknown Inspector,No Remarks,20.0
INSP02073,2026-02-05,SCH0228,1.0,1.0,1.0,1.0,1.0,Irya Hayer,No remarks,0.0
INSP02193,2025-12-31,SCH0479,1.0,1.0,1.0,1.0,0.0,Ojasvi Peri,No remarks,20.0
INSP00537,2025-05-31,SCH0144,1.0,1.0,1.0,1.0,,Parth Rau,Average,0.0
INSP00126,2026-01-19,SCH0033,0.0,0.0,,0.0,,Unknown Inspector,Good condition,100.0
INSP02134,2025-04-01,S0213,0.0,1.0,1.0,1.0,0.0,Rehaan Chaudhuri,Needs repair,40.0
INSP01255,2025-02-09,SCH0568,1.0,,1.0,1.0,1.0,Amol Sidhu,Needs repair,0.0
INSP02787,2025-08-10,SCH0311,1.0,1.0,0.0,1.0,1.0,Luke Ramakrishnan,Good condition,20.0
INSP01977,2025-11-10,SCH0194,1.0,1.0,,1.0,0.0,Advaith Chana,No Remarks,25.0
INSP02590,2025-06-20,SCH0005,1.0,1.0,1.0,0.0,1.0,Unknown Inspector,Needs repair,20.0
INSP02076,2026-02-03,SCH0183,1.0,1.0,1.0,1.0,1.0,Kashvi Agarwal,Good condition,0.0
INSP00485,2025-07-11,SCH0435,0.0,1.0,1.0,0.0,,Rachit Rattan,Toilets locked,50.0
INSP01655,2025-09-27,SCH0024,1.0,0.0,1.0,0.0,0.0,Jai Aggarwal,No remarks,60.0
INSP02814,2025-10-02,SCH0295,1.0,0.0,1.0,1.0,0.0,Reva Dasgupta,Toilets locked,40.0
INSP02680,2026-02-20,SCH0119,1.0,1.0,1.0,1.0,1.0,Rohan Ramesh,Average,0.0
INSP01775,2025-12-06,SCH0180,1.0,1.0,1.0,1.0,1.0,Logan Sachdeva,No remarks,0.0
INSP00919,2026-03-09,SCH0222,1.0,1.0,1.0,1.0,,Nitesh Om,Toilets locked,0.0
INSP01647,2026-02-08,SCH0445,1.0,1.0,0.0,,0.0,Baghyawati Dada,Average,50.0
INSP01027,2025-04-11,SCH0318,1.0,,0.0,1.0,1.0,Unknown Inspector,No remarks,25.0
INSP01031,2026-03-19,SCH0423,1.0,1.0,1.0,,,Daniel Peri,No remarks,0.0
INSP00883,2025-12-16,SCH0191,1.0,1.0,1.0,1.0,0.0,Bhanumati Bhatnagar,Toilets locked,20.0
INSP01336,2026-01-05,SCH0263,,1.0,1.0,1.0,,Megha Samra,Needs repair,0.0
INSP02342,2025-09-13,0121,1.0,0.0,1.0,,0.0,Leela Brar,No remarks,50.0
INSP00365,2025-05-07,SCH0482,1.0,1.0,1.0,1.0,0.0,Michael Narula,Toilets locked,20.0
INSP02126,2025-06-22,SCH0298,1.0,1.0,,1.0,0.0,Chanchal Palan,Average,25.0
INSP00028,2026-03-30,SCH0591,0.0,,1.0,0.0,,Bhanumati Mallick,Needs repair,66.67
INSP00474,2025-09-04,SCH0496,1.0,,0.0,1.0,0.0,Vihaan Barman,Good condition,50.0
INSP00526,2025-05-16,S0587,1.0,,1.0,1.0,1.0,Yuvraj Kannan,Good condition,0.0
INSP00726,2025-10-20,S0261,,0.0,1.0,1.0,0.0,Jason Majumdar,Toilets locked,50.0
INSP00056,2025-11-08,SCH0086,1.0,1.0,,0.0,0.0,Veer Sama,No Remarks,50.0
INSP00639,2025-11-27,SCH0211,0.0,1.0,1.0,1.0,1.0,Vasudha Kurian,No remarks,20.0
INSP00303,2025-07-31,SCH0172,0.0,1.0,1.0,,1.0,Chatresh Manne,No Remarks,25.0
INSP02743,2026-03-27,SCH0242,,1.0,1.0,0.0,0.0,Unknown Inspector,Good condition,50.0
INSP01277,2025-11-04,SCH0061,,1.0,0.0,1.0,0.0,Wridesh Yohannan,Toilets locked,50.0
INSP02772,2025-05-01,S0518,1.0,0.0,1.0,1.0,0.0,Upadhriti Som,Average,40.0
INSP00625,2026-03-08,SCH0034,1.0,1.0,1.0,0.0,,Imaran Konda,Good condition,25.0
INSP02056,2026-01-21,S0230,,1.0,1.0,,1.0,Advika Kala,No Remarks,0.0
INSP01281,2026-01-20,SCH0458,,1.0,0.0,0.0,,Ishaan Lal,Average,66.67
INSP01050,2025-07-10,SCH0587,,1.0,,1.0,1.0,Finn Babu,No remarks,0.0
INSP00337,2025-11-08,SCH0492,1.0,1.0,0.0,1.0,0.0,Ranbir Dayal,Good condition,40.0
INSP00048,2026-07-03,SCH0324,1.0,1.0,,0.0,,Charan Kala,Needs repair,33.33
INSP00107,2025-05-29,SCH0128,1.0,1.0,1.0,0.0,1.0,Mugdha Narula,Average,20.0
INSP01080,2025-12-04,SCH0150,1.0,1.0,0.0,1.0,1.0,Kashvi Bahl,Average,20.0
INSP02287,2026-02-14,SCH0322,1.0,1.0,1.0,0.0,1.0,Unknown Inspector,No Remarks,20.0
INSP02262,2026-02-05,S0176,1.0,1.0,1.0,0.0,,Sanaya Goyal,Good condition,25.0
INSP01145,2025-10-06,SCH0024,1.0,1.0,0.0,0.0,0.0,Rachana Walla,Average,60.0
INSP02510,2025-07-16,0427,,1.0,1.0,1.0,1.0,Jackson Pradhan,Needs repair,0.0
INSP02297,2025-09-20,SCH0072,1.0,,1.0,0.0,,Gayathri Sharaf,Toilets locked,33.33
INSP01837,2025-03-05,SCH0193,1.0,1.0,1.0,1.0,1.0,Widisha Sarma,Average,0.0
INSP01754,2025-10-11,SCH0294,1.0,1.0,1.0,,,Nitara Sampath,Good condition,0.0
INSP01102,2025-01-06,SCH0039,,1.0,0.0,,,Frado Kota,No Remarks,50.0
INSP01969,2025-12-30,SCH0297,,1.0,1.0,1.0,0.0,Ikshita Singh,Average,25.0
INSP00524,2025-12-27,SCH0567,1.0,1.0,1.0,,,Triveni Pant,No remarks,0.0
INSP02281,2025-07-16,SCH0259,1.0,1.0,1.0,1.0,0.0,Umang Chaudhry,No remarks,20.0
INSP01429,2025-09-01,S0316,1.0,1.0,1.0,0.0,0.0,Nathan Sahni,No remarks,40.0
INSP02742,2025-04-23,SCH0231,1.0,1.0,1.0,0.0,,Barkha Bala,Good condition,25.0
INSP00604,2025-08-03,SCH0552,,1.0,1.0,1.0,1.0,Bhavini Narang,Needs repair,0.0
INSP01490,2025-07-05,S0316,0.0,,1.0,1.0,1.0,Ryan Bhargava,Toilets locked,25.0
INSP02475,2025-04-07,SCH0496,1.0,1.0,1.0,1.0,0.0,Onkar Karan,No Remarks,20.0
INSP00061,2025-05-11,SCH0518,0.0,1.0,1.0,0.0,0.0,Anamika Kapur,Good condition,60.0
INSP02890,2025-07-29,SCH0008,1.0,0.0,1.0,1.0,1.0,Samaksh Aurora,Needs repair,20.0
INSP00672,2025-11-30,SCH0230,1.0,0.0,1.0,1.0,0.0,Victor Bhakta,Average,40.0
INSP00093,2025-07-21,SCH0366,0.0,1.0,0.0,0.0,1.0,Yamini Maharaj,Average,60.0
INSP00667,2025-05-13,SCH0412,1.0,1.0,,1.0,,Suhani Nath,No Remarks,0.0
INSP01888,2025-04-11,SCH0417,1.0,1.0,1.0,0.0,0.0,Krisha Ravi,Good condition,40.0
INSP00281,2026-03-02,SCH0477,0.0,0.0,1.0,0.0,,Hemani Chopra,Toilets locked,75.0
INSP01720,2025-06-15,SCH0337,1.0,1.0,1.0,0.0,0.0,Radhika Kalla,Good condition,40.0
INSP00360,2025-10-20,SCH0382,0.0,0.0,1.0,0.0,1.0,Aarna Sharma,No remarks,60.0
INSP00900,2025-11-22,SCH0036,1.0,1.0,,0.0,0.0,Nicholas Roy,Toilets locked,50.0
INSP01936,2025-09-23,SCH0141,0.0,1.0,1.0,1.0,1.0,Unknown Inspector,Good condition,20.0
INSP01995,2026-03-23,SCH0223,1.0,1.0,1.0,1.0,0.0,Advaith Prabhakar,Good condition,20.0
INSP00761,2025-07-01,SCH0520,0.0,,1.0,1.0,,Vasana Keer,Toilets locked,33.33
INSP02159,2025-04-04,SCH0090,1.0,,,1.0,0.0,Unknown Inspector,Needs repair,33.33
INSP02758,2025-12-23,SCH0096,0.0,1.0,0.0,,0.0,Ishanvi Ratti,Average,75.0
INSP00043,2025-07-15,SCH0032,,,,1.0,0.0,Unnati Shankar,No Remarks,50.0
INSP02174,2025-04-30,SCH0509,0.0,1.0,,1.0,0.0,Rachana Sem,No remarks,50.0
INSP00205,2025-11-16,SCH0411,,0.0,1.0,1.0,1.0,Brijesh Virk,Toilets locked,25.0
INSP01474,2025-11-04,SCH0548,1.0,0.0,,,,Ekapad Keer,Average,50.0
INSP02101,2025-10-07,SCH0004,1.0,1.0,1.0,0.0,0.0,Unknown Inspector,No Remarks,40.0
INSP00069,2026-02-18,SCH0532,1.0,1.0,1.0,0.0,0.0,Anika Warrior,Needs repair,40.0
INSP01876,2025-10-01,SCH0587,,1.0,1.0,,1.0,Finn Khurana,Needs repair,0.0
INSP02600,2025-09-10,0414,1.0,,1.0,,1.0,Faraj Mishra,No Remarks,0.0
INSP02232,2025-07-17,SCH0375,1.0,1.0,0.0,0.0,,Baghyawati Oak,No remarks,50.0
INSP00138,2025-08-22,SCH0075,1.0,0.0,0.0,0.0,1.0,Ira Atwal,Toilets locked,60.0
INSP00797,2025-05-06,SCH0319,1.0,1.0,1.0,0.0,1.0,Pranav Krishna,Needs repair,20.0
INSP02181,2025-08-05,SCH0033,1.0,1.0,1.0,,0.0,Fariq Lad,Toilets locked,25.0
INSP02129,2026-03-04,S0244,,0.0,1.0,1.0,1.0,Pavani Pal,Average,25.0
INSP00759,2025-09-22,SCH0246,0.0,,0.0,0.0,1.0,Jhalak Thaman,No remarks,75.0
INSP00542,2026-02-22,SCH0411,,1.0,1.0,0.0,0.0,Bhavna Subramanian,Average,50.0
INSP01020,2025-05-13,SCH0178,,1.0,1.0,0.0,0.0,Unknown Inspector,Average,50.0
INSP02412,2025-07-24,SCH0457,0.0,1.0,0.0,,,Naksh Ghosh,Average,66.67
INSP00166,2025-07-05,S0309,0.0,1.0,1.0,,,Unknown Inspector,No Remarks,33.33
INSP00249,2025-10-29,SCH0371,1.0,,1.0,0.0,1.0,Onkar Dua,Toilets locked,25.0
INSP01332,2025-04-23,SCH0220,1.0,1.0,1.0,0.0,0.0,Ekansh Nayak,Good condition,40.0
INSP02018,2025-07-10,S0471,0.0,1.0,,1.0,0.0,Eiravati Jani,No remarks,50.0
INSP00447,2026-02-01,S0143,1.0,1.0,1.0,1.0,0.0,Dalaja Rao,Needs repair,20.0
INSP01359,2025-05-20,SCH0446,0.0,1.0,1.0,1.0,1.0,Anmol Mand,Needs repair,20.0
INSP02146,2025-12-25,SCH0085,0.0,1.0,1.0,1.0,1.0,Gavin D’Alia,Toilets locked,20.0
INSP01330,2025-04-01,SCH0463,1.0,1.0,1.0,1.0,,Champak Warrior,No remarks,0.0
INSP02151,2026-01-14,SCH0371,1.0,1.0,1.0,1.0,1.0,Indali Walla,Good condition,0.0
INSP00435,2025-11-19,S0189,1.0,,1.0,,1.0,Unknown Inspector,Needs repair,0.0
INSP02123,2026-01-23,0226,,0.0,1.0,1.0,,Warjas Mall,Good condition,33.33
INSP00578,2025-12-24,SCH0109,1.0,1.0,1.0,0.0,0.0,Andrew Ahuja,Toilets locked,40.0
INSP02515,2025-06-01,SCH0135,0.0,1.0,1.0,1.0,1.0,Ijaya Karpe,No remarks,20.0
INSP01849,2025-05-14,S0345,1.0,1.0,,1.0,1.0,Qasim Kanda,No Remarks,0.0
INSP00763,2025-05-18,SCH0092,1.0,1.0,1.0,1.0,,Isha Kohli,No Remarks,0.0
INSP00389,2025-08-16,SCH0238,1.0,1.0,1.0,1.0,0.0,Aradhana Bumb,Average,20.0
INSP00236,2025-09-11,0329,1.0,1.0,1.0,0.0,1.0,Fariq Sen,Average,20.0
INSP02740,2025-05-29,SCH0543,,1.0,1.0,1.0,0.0,Tanmayi Puri,Average,25.0
INSP01985,2025-12-11,SCH0531,,1.0,1.0,1.0,0.0,Tanvi Padmanabhan,Good condition,25.0
INSP00268,2025-12-30,SCH0206,,1.0,1.0,1.0,1.0,Irya Mody,Needs repair,0.0
INSP00771,2025-05-09,SCH0309,1.0,,1.0,,0.0,Om Shenoy,No Remarks,33.33
INSP02166,2025-12-12,SCH0471,,,1.0,,1.0,Harshil Bhargava,Good condition,0.0
INSP00438,2025-04-28,S0417,1.0,0.0,1.0,0.0,0.0,Mitali Nair,Needs repair,60.0
INSP00674,2025-04-15,SCH0059,0.0,1.0,1.0,,,Chaman Naik,No remarks,33.33
INSP00250,2026-06-03,SCH0098,1.0,1.0,1.0,1.0,0.0,Ojas Doshi,Average,20.0
INSP02202,2026-05-03,S0312,1.0,1.0,,0.0,,Lakshmi Sami,Good condition,33.33
INSP01575,2025-09-17,SCH0311,1.0,1.0,,1.0,0.0,Irya Narasimhan,Good condition,25.0
INSP02143,2026-02-13,SCH0452,1.0,1.0,0.0,0.0,0.0,Lila Taneja,Average,60.0
INSP02082,2025-04-13,SCH0181,1.0,1.0,,1.0,0.0,Krisha Bal,No remarks,25.0
INSP02753,2025-09-28,S0270,1.0,1.0,1.0,,1.0,Raagini Wason,No remarks,0.0
INSP02701,2025-09-07,0025,1.0,1.0,1.0,0.0,,Krishna Korpal,Toilets locked,25.0
INSP00449,2025-08-15,SCH0310,,1.0,1.0,0.0,1.0,Anay Ben,No remarks,25.0
INSP01470,2026-03-07,SCH0268,0.0,1.0,1.0,1.0,1.0,Anika Sahota,Toilets locked,20.0
INSP00717,2026-02-16,SCH0242,1.0,1.0,,1.0,,Bachittar Talwar,Toilets locked,0.0
INSP02682,2025-09-23,SCH0574,,1.0,1.0,0.0,1.0,Raagini Dube,No remarks,25.0
INSP02750,2025-02-10,SCH0187,1.0,1.0,1.0,0.0,1.0,Sara Chandra,Good condition,20.0
INSP02049,2025-06-16,SCH0259,1.0,1.0,1.0,1.0,0.0,Unknown Inspector,Average,20.0
INSP01902,2026-02-24,SCH0417,0.0,1.0,1.0,1.0,1.0,Ekanta Ganguly,Good condition,20.0
INSP01169,2025-06-01,SCH0435,1.0,1.0,0.0,1.0,,Nikita Borah,No Remarks,25.0
INSP00083,2025-12-30,S0130,,1.0,1.0,1.0,,Jai Sheth,No Remarks,0.0
INSP02550,2026-01-03,SCH0330,1.0,0.0,,,0.0,Eesha Banerjee,Needs repair,66.67
INSP01461,2025-07-23,SCH0590,1.0,1.0,1.0,1.0,1.0,Qarin Wali,Needs repair,0.0
INSP01894,2025-12-18,SCH0238,,1.0,1.0,0.0,0.0,Kai Oak,Average,50.0
INSP01669,2025-07-04,SCH0080,0.0,1.0,,,1.0,Charan Sura,Needs repair,33.33
INSP02001,2025-04-20,SCH0425,1.0,1.0,1.0,0.0,1.0,Jagvi Gour,No Remarks,20.0
INSP00476,2025-10-25,SCH0241,1.0,1.0,,1.0,0.0,Leela Palla,Toilets locked,25.0
INSP00518,2025-08-31,SCH0272,1.0,1.0,1.0,1.0,0.0,Alka Shere,No remarks,20.0
INSP00405,2025-09-03,SCH0290,1.0,1.0,0.0,0.0,1.0,Unknown Inspector,Good condition,40.0
INSP00385,2026-05-03,SCH0387,1.0,1.0,1.0,,1.0,Kritika Setty,Toilets locked,0.0
INSP02762,2025-04-09,SCH0238,0.0,0.0,1.0,,,Faraj Sagar,No remarks,66.67
INSP02153,2025-11-04,SCH0354,1.0,1.0,1.0,1.0,0.0,Vasatika Suresh,Needs repair,20.0
INSP01634,2026-01-16,SCH0469,,1.0,1.0,0.0,0.0,Chaman Chhabra,No remarks,50.0
INSP00689,2025-11-07,S0017,0.0,0.0,1.0,,1.0,Unknown Inspector,No Remarks,50.0
INSP01241,2025-07-18,SCH0170,0.0,1.0,1.0,,0.0,Jai Mandal,Toilets locked,50.0
INSP00063,2025-07-20,S0464,1.0,,,,0.0,Harsh Nagy,Average,50.0
INSP00853,2025-04-23,SCH0329,1.0,1.0,1.0,1.0,,Atharv Balakrishnan,Good condition,0.0
INSP02892,2026-02-03,SCH0225,,1.0,1.0,0.0,1.0,Sai Ram,Toilets locked,25.0
INSP02606,2025-07-24,SCH0429,0.0,1.0,1.0,1.0,,Ria Bedi,Needs repair,25.0
INSP01263,2025-07-12,SCH0540,0.0,0.0,1.0,,1.0,Gabriel Jaggi,No remarks,50.0
INSP00224,2025-12-13,SCH0562,1.0,1.0,0.0,0.0,1.0,Manan Patla,No remarks,40.0
INSP02194,2025-08-22,SCH0263,0.0,,1.0,0.0,1.0,Qarin Suri,Average,50.0
INSP00374,2025-04-07,SCH0017,1.0,1.0,1.0,1.0,1.0,Fitan Yogi,Needs repair,0.0
INSP01825,2025-04-21,SCH0214,1.0,1.0,1.0,,,Lekha Chaudhari,Good condition,0.0
INSP02668,2025-08-16,SCH0580,0.0,1.0,1.0,1.0,1.0,Upkaar Khurana,No remarks,20.0
INSP02731,2026-01-11,SCH0585,1.0,1.0,1.0,1.0,1.0,Wakeeta Merchant,Needs repair,0.0
INSP02822,2026-01-13,SCH0432,,1.0,1.0,1.0,1.0,Zayyan Oza,Good condition,0.0
INSP00010,2025-10-11,SCH0020,0.0,1.0,0.0,1.0,1.0,Wriddhish Golla,Needs repair,40.0
INSP01945,2026-03-17,SCH0235,1.0,,1.0,,1.0,Garima Devi,Good condition,0.0
INSP01839,2025-11-18,SCH0497,1.0,1.0,1.0,0.0,,Mugdha Lad,Toilets locked,25.0
INSP00709,2026-02-13,SCH0377,1.0,1.0,,1.0,1.0,Pooja D’Alia,No remarks,0.0
INSP00256,2026-07-03,SCH0478,,1.0,1.0,1.0,,Yashasvi Gade,No remarks,0.0
INSP01618,2025-11-22,SCH0116,0.0,,1.0,1.0,0.0,Upma Savant,No remarks,50.0
INSP00390,2025-09-24,SCH0042,1.0,1.0,1.0,1.0,1.0,Xavier Keer,Needs repair,0.0
INSP01582,2025-12-01,S0279,1.0,1.0,1.0,0.0,0.0,Ojasvi Bassi,Needs repair,40.0
INSP00925,2025-12-11,SCH0488,0.0,,1.0,0.0,1.0,Dalaja Nath,Good condition,50.0
INSP02037,2025-09-03,SCH0410,1.0,1.0,,1.0,1.0,Sarthak Bhatti,Toilets locked,0.0
INSP02527,2025-12-27,S0430,,1.0,1.0,1.0,,Chatresh Mohan,Good condition,0.0
INSP01225,2025-06-21,SCH0596,0.0,1.0,,1.0,0.0,Janani Mitter,Needs repair,50.0
INSP01947,2025-06-29,SCH0514,1.0,1.0,1.0,,0.0,Nirja Toor,Average,25.0
INSP00740,2025-10-06,SCH0008,1.0,1.0,1.0,0.0,1.0,Praneel Chahal,Toilets locked,20.0
INSP00041,2025-09-22,SCH0116,1.0,1.0,1.0,1.0,,Tanveer Garde,Needs repair,0.0
INSP00869,2026-02-21,SCH0441,1.0,1.0,1.0,0.0,1.0,Warinder Bhardwaj,Average,20.0
INSP00540,2025-01-10,SCH0067,1.0,,0.0,1.0,1.0,Osha Kara,No remarks,25.0
INSP01372,2026-01-08,0206,0.0,1.0,0.0,1.0,0.0,Upma Guha,No remarks,60.0
INSP01146,2025-04-22,SCH0341,1.0,1.0,1.0,1.0,,Reyansh Yogi,Needs repair,0.0
INSP01032,2026-01-16,SCH0195,1.0,1.0,,0.0,1.0,Aarnav Mittal,Average,25.0
INSP00373,2025-04-26,S0524,1.0,0.0,0.0,1.0,,Benjamin Modi,No Remarks,50.0
INSP00668,2025-06-07,SCH0127,,1.0,1.0,1.0,0.0,Qabil Desai,Needs repair,25.0
INSP00358,2026-02-25,SCH0051,1.0,1.0,1.0,0.0,,Ekapad Bava,Toilets locked,25.0
INSP00968,2026-02-23,S0203,1.0,1.0,1.0,1.0,1.0,Gavin Bera,Needs repair,0.0
INSP01354,2025-04-20,SCH0506,1.0,1.0,1.0,1.0,0.0,Irya Amble,Average,20.0
INSP01036,2026-01-24,SCH0586,,1.0,,1.0,1.0,Jack Rai,No Remarks,0.0
INSP00471,2025-06-12,SCH0042,,1.0,1.0,1.0,,Unknown Inspector,No remarks,0.0
INSP01397,2026-02-13,SCH0596,0.0,1.0,1.0,0.0,0.0,Hamsini Sekhon,Good condition,60.0
INSP02756,2025-05-21,SCH0252,1.0,0.0,1.0,,1.0,Saksham Hora,No Remarks,25.0
INSP01550,2025-08-11,SCH0403,0.0,,0.0,1.0,,Teerth Narain,No remarks,66.67
INSP01257,2025-09-18,SCH0192,1.0,1.0,,0.0,0.0,Unknown Inspector,Needs repair,50.0
INSP02095,2025-07-06,SCH0258,1.0,1.0,1.0,0.0,1.0,Bakhshi Bali,Good condition,20.0
INSP01556,2026-03-18,SCH0331,1.0,1.0,1.0,1.0,1.0,Unknown Inspector,Needs repair,0.0
INSP02722,2025-12-01,SCH0084,,1.0,1.0,0.0,0.0,Madhav Dhawan,Good condition,50.0
INSP01251,2025-10-24,SCH0232,1.0,1.0,,0.0,0.0,Ekanta Kuruvilla,Good condition,50.0
INSP01700,2025-07-12,SCH0208,,1.0,1.0,0.0,0.0,Kamala Murty,Average,50.0
INSP01253,2025-04-05,SCH0421,1.0,1.0,,1.0,,Unknown Inspector,No Remarks,0.0
INSP02923,2025-08-28,S0344,1.0,1.0,1.0,0.0,0.0,Darpan Dhaliwal,No remarks,40.0
INSP00080,2025-01-10,SCH0526,0.0,,0.0,1.0,0.0,Jasmit Sampath,Average,75.0
INSP01173,2026-01-11,SCH0398,0.0,1.0,1.0,1.0,1.0,Unknown Inspector,Good condition,20.0
INSP00815,2025-09-22,SCH0419,1.0,1.0,1.0,1.0,1.0,Ayaan Din,Toilets locked,0.0
INSP01853,2025-08-16,SCH0132,1.0,,1.0,0.0,1.0,Advik Korpal,Good condition,25.0
INSP02221,2026-03-26,SCH0499,0.0,1.0,,1.0,0.0,Unknown Inspector,Good condition,50.0
INSP02765,2025-09-11,SCH0103,,1.0,1.0,0.0,0.0,Pratyush Khosla,No remarks,50.0
INSP02106,2025-04-07,SCH0466,1.0,1.0,1.0,1.0,1.0,Elijah Dugar,Good condition,0.0
INSP00134,2025-04-24,SCH0266,1.0,1.0,1.0,1.0,0.0,Hredhaan Shere,Needs repair,20.0
INSP01141,2025-09-23,SCH0018,1.0,,1.0,0.0,0.0,Unknown Inspector,No Remarks,50.0
INSP00934,2026-01-24,SCH0156,,,1.0,1.0,0.0,Nitesh Varughese,Toilets locked,33.33
INSP00929,2025-04-01,SCH0534,1.0,0.0,,,0.0,Noah Deol,No remarks,66.67
INSP00824,2025-11-17,SCH0427,1.0,1.0,1.0,,,Harsh Konda,Average,0.0
INSP01532,2025-12-05,SCH0003,1.0,1.0,,1.0,,Bakhshi Butala,Toilets locked,0.0
INSP01215,2025-06-28,SCH0143,0.0,1.0,0.0,1.0,0.0,Jason Gill,Average,60.0
INSP00505,2026-02-25,SCH0109,0.0,1.0,1.0,,,Ekavir Tara,No Remarks,33.33
INSP02396,2025-12-09,SCH0579,0.0,1.0,1.0,0.0,0.0,Alka Dua,Needs repair,60.0
INSP01997,2025-06-14,SCH0142,,1.0,1.0,1.0,,Unknown Inspector,Needs repair,0.0
INSP02435,2025-04-17,0249,1.0,,1.0,0.0,1.0,Unknown Inspector,Average,25.0
INSP01959,2025-05-22,SCH0567,,0.0,1.0,1.0,1.0,Hredhaan Madan,Good condition,25.0
INSP01385,2025-11-18,S0212,1.0,1.0,1.0,1.0,0.0,Shravya Aggarwal,No remarks,20.0
INSP00895,2026-01-17,SCH0204,1.0,1.0,1.0,0.0,0.0,Vasana Chaudhuri,No remarks,40.0
INSP00829,2025-11-14,SCH0086,1.0,1.0,0.0,1.0,1.0,Amara Choudhry,Good condition,20.0
INSP02524,2025-04-23,SCH0558,1.0,1.0,1.0,1.0,0.0,Harrison Bhatnagar,Good condition,20.0
INSP01684,2025-09-19,SCH0248,1.0,1.0,1.0,0.0,1.0,Ekalinga Sachdeva,No Remarks,20.0
INSP02707,2025-12-03,SCH0472,1.0,1.0,1.0,1.0,,Aarush Agate,Toilets locked,0.0
INSP02643,2025-07-31,SCH0183,1.0,1.0,1.0,1.0,1.0,Samuel Dugar,Needs repair,0.0
INSP00653,2026-02-07,SCH0572,1.0,1.0,0.0,0.0,0.0,Aarini Narasimhan,No Remarks,60.0
INSP00173,2025-06-07,S0151,,1.0,,1.0,,Unknown Inspector,Good condition,0.0
INSP00039,2025-09-18,SCH0246,0.0,1.0,,1.0,,Ikshita Lanka,Needs repair,33.33
INSP00714,2026-01-24,SCH0147,1.0,1.0,1.0,,1.0,Anamika Borde,No remarks,0.0
INSP00091,2026-01-06,SCH0496,1.0,1.0,0.0,1.0,1.0,Triveni Rao,Average,20.0
INSP01206,2025-07-17,SCH0278,,1.0,1.0,1.0,0.0,Unknown Inspector,No remarks,25.0
INSP02603,2025-09-15,SCH0203,1.0,0.0,1.0,1.0,1.0,Qushi Merchant,Needs repair,20.0
INSP02718,2026-02-20,SCH0318,,1.0,,1.0,0.0,Manan Joshi,Good condition,33.33
INSP01828,2026-01-25,SCH0586,1.0,1.0,1.0,1.0,0.0,Unknown Inspector,Average,20.0
INSP01156,2025-03-08,SCH0214,1.0,1.0,0.0,0.0,0.0,Logan Kuruvilla,Needs repair,60.0
INSP01325,2026-03-13,SCH0278,1.0,1.0,1.0,1.0,0.0,Isaac Prabhakar,Average,20.0
INSP00217,2026-02-18,SCH0082,1.0,1.0,1.0,1.0,0.0,Ekani Sahni,No remarks,20.0
INSP00511,2026-01-20,SCH0265,0.0,1.0,0.0,,0.0,Turvi Sundaram,Toilets locked,75.0
INSP01681,2025-07-10,SCH0037,1.0,1.0,0.0,1.0,0.0,Anjali Dua,Good condition,40.0
INSP00500,2025-08-23,SCH0062,,1.0,0.0,1.0,,Ekta Pandey,No Remarks,33.33
INSP02609,2025-10-09,SCH0057,1.0,,0.0,1.0,0.0,Manbir Sood,No remarks,50.0
INSP01857,2025-04-11,SCH0436,0.0,1.0,1.0,0.0,1.0,Amol Dutta,Needs repair,40.0
INSP01389,2025-05-26,S0306,1.0,1.0,1.0,,1.0,Omaja Bal,No remarks,0.0
INSP01520,2025-04-23,SCH0498,,1.0,,0.0,0.0,Unknown Inspector,Toilets locked,66.67
INSP02387,2025-11-07,SCH0062,,1.0,0.0,1.0,0.0,Unni Chauhan,Needs repair,50.0
INSP02861,2025-08-16,SCH0016,1.0,1.0,,1.0,1.0,Vrishti Goel,Toilets locked,0.0
INSP02077,2025-07-17,SCH0077,,0.0,1.0,1.0,0.0,David Patel,Average,50.0
INSP01541,2026-01-23,SCH0123,0.0,,1.0,1.0,1.0,Yagnesh Buch,Average,25.0
INSP01218,2025-12-12,SCH0433,1.0,1.0,1.0,1.0,0.0,Priya Sen,No Remarks,20.0
INSP01417,2025-07-19,SCH0094,1.0,1.0,1.0,1.0,,Reyansh Tara,Needs repair,0.0
INSP02218,2026-01-26,SCH0013,1.0,1.0,1.0,1.0,1.0,Yashodhara Gopal,Average,0.0
INSP02650,2025-11-04,SCH0582,1.0,1.0,1.0,,0.0,Nicholas Garg,Toilets locked,25.0
INSP01677,2025-10-19,SCH0599,1.0,1.0,1.0,0.0,1.0,Tanvi Kannan,Average,20.0
INSP01198,2025-04-28,SCH0322,1.0,1.0,,0.0,0.0,Panini Narang,Needs repair,50.0
INSP01543,2025-04-23,SCH0365,1.0,,1.0,0.0,0.0,Vritti Bassi,Average,50.0
INSP02540,2025-06-22,SCH0230,1.0,,1.0,1.0,1.0,Hemal Jain,Good condition,0.0
INSP00954,2025-10-30,SCH0158,1.0,1.0,1.0,0.0,,Vritti Tara,Average,25.0
INSP00751,2025-08-23,SCH0538,,1.0,1.0,,1.0,Lohit Karpe,Needs repair,0.0
INSP00235,2025-10-04,SCH0222,,1.0,,,,Isha Devan,Toilets locked,0.0
INSP00733,2025-04-04,0235,1.0,1.0,1.0,0.0,0.0,Anamika Srivastava,No remarks,40.0
INSP01157,2025-11-08,SCH0361,1.0,1.0,,1.0,1.0,Wishi Bhardwaj,Good condition,0.0
INSP02706,2026-02-28,SCH0450,0.0,1.0,1.0,0.0,1.0,Yoshita Jani,Good condition,40.0
INSP02446,2025-01-05,SCH0338,1.0,0.0,1.0,1.0,1.0,Urmi Thakur,Toilets locked,20.0
INSP01210,2026-02-04,S0287,0.0,1.0,1.0,1.0,,Unknown Inspector,Good condition,25.0
INSP01066,2025-10-16,SCH0334,1.0,1.0,1.0,0.0,0.0,Zarna Oommen,Needs repair,40.0
INSP02157,2026-01-25,SCH0488,1.0,1.0,,1.0,0.0,Samaksh Pant,Toilets locked,25.0
INSP01063,2025-05-30,0554,1.0,0.0,1.0,,1.0,Siddharth Divan,No remarks,25.0
INSP01168,2025-10-11,SCH0442,0.0,1.0,1.0,1.0,1.0,Ranveer Yohannan,Average,20.0
INSP01493,2025-04-12,SCH0330,1.0,1.0,1.0,1.0,1.0,Chaitanya Chand,Average,0.0
INSP00885,2025-11-12,SCH0531,,1.0,1.0,0.0,0.0,Unknown Inspector,Good condition,50.0
INSP00144,2025-05-22,SCH0229,1.0,1.0,,0.0,1.0,Brijesh Yadav,Toilets locked,25.0
INSP00851,2026-01-17,0412,,1.0,1.0,,1.0,Devansh Sanghvi,No Remarks,0.0
INSP00718,2025-09-09,SCH0555,1.0,,1.0,1.0,,Unknown Inspector,No remarks,0.0
INSP02985,2025-04-12,SCH0271,1.0,1.0,,0.0,0.0,Adya Vasa,Average,50.0
INSP02503,2025-08-06,SCH0196,0.0,1.0,1.0,1.0,1.0,Lavanya Talwar,No remarks,20.0
INSP00265,2025-06-13,SCH0321,1.0,,,1.0,,Chavvi Upadhyay,No remarks,0.0
INSP00076,2026-01-22,S0330,1.0,1.0,1.0,1.0,0.0,Girik Venkatesh,No Remarks,20.0
INSP02493,2025-11-16,S0339,1.0,0.0,1.0,1.0,1.0,Meghana Sehgal,No remarks,20.0
INSP00396,2025-10-19,S0593,1.0,1.0,0.0,0.0,1.0,Chandran Solanki,No Remarks,40.0
INSP02678,2025-11-19,SCH0451,1.0,1.0,1.0,0.0,1.0,Fariq Dixit,No remarks,20.0
INSP02225,2025-10-18,SCH0263,0.0,1.0,1.0,0.0,0.0,Falguni Ramanathan,Toilets locked,60.0
INSP02942,2025-07-02,SCH0254,0.0,0.0,1.0,,0.0,Yash Bhakta,Average,75.0
INSP00397,2025-08-28,SCH0572,1.0,1.0,,0.0,0.0,Gaurang Soni,Toilets locked,50.0
INSP01366,2025-07-14,SCH0012,1.0,0.0,,,,Unknown Inspector,Needs repair,50.0
INSP02631,2026-03-04,SCH0527,0.0,1.0,,1.0,,Ayushman Apte,Toilets locked,33.33
INSP01904,2026-02-14,SCH0289,,1.0,,1.0,0.0,Chaman Hans,Needs repair,33.33
INSP00596,2025-12-14,0055,1.0,0.0,1.0,1.0,0.0,Sanya Bhargava,No remarks,40.0
INSP02110,2025-10-07,SCH0565,,,1.0,0.0,0.0,Jagdish Kothari,Good condition,66.67
INSP01297,2025-08-02,SCH0020,1.0,1.0,1.0,1.0,0.0,Krish Chaudry,Toilets locked,20.0
INSP01822,2025-05-05,SCH0073,0.0,1.0,1.0,0.0,1.0,Tanmayi Sridhar,Toilets locked,40.0
INSP00873,2025-09-09,SCH0507,1.0,1.0,1.0,1.0,0.0,Vrinda Halder,No remarks,20.0
INSP02327,2025-11-04,SCH0273,1.0,,,1.0,1.0,Unknown Inspector,Good condition,0.0
INSP01549,2025-06-09,SCH0328,1.0,1.0,1.0,0.0,0.0,Pranav Tata,Needs repair,40.0
INSP00037,2025-06-27,S0369,0.0,0.0,1.0,,1.0,Forum Tata,No remarks,50.0
INSP02658,2026-03-13,SCH0515,1.0,1.0,1.0,1.0,0.0,Nathan Jain,Good condition,20.0
INSP02144,2025-06-10,SCH0315,1.0,1.0,1.0,1.0,0.0,Krishna Munshi,Needs repair,20.0
INSP02689,2026-02-11,SCH0028,,1.0,0.0,1.0,1.0,Unknown Inspector,No Remarks,25.0
INSP00978,2026-03-10,SCH0041,1.0,1.0,1.0,1.0,1.0,Sai Prasad,No remarks,0.0
INSP01572,2025-05-31,SCH0442,0.0,1.0,1.0,0.0,0.0,Lucky Khurana,No remarks,60.0
INSP01123,2025-04-16,SCH0003,1.0,1.0,1.0,0.0,1.0,Omaja Shanker,Average,20.0
INSP02240,2025-04-28,SCH0160,1.0,1.0,1.0,,0.0,Prisha Raghavan,Good condition,25.0
INSP02505,2025-12-16,SCH0461,0.0,1.0,1.0,,1.0,Oliver Goda,Good condition,25.0
INSP01893,2026-02-28,SCH0560,1.0,1.0,1.0,,,Yash Singh,Average,0.0
INSP00676,2025-09-11,SCH0514,,1.0,0.0,,0.0,Sudiksha Thaker,Average,66.67
INSP00729,2026-02-09,S0555,1.0,1.0,1.0,1.0,1.0,Yashasvi Parsa,No remarks,0.0
INSP00413,2025-04-21,SCH0468,,1.0,1.0,1.0,0.0,Unknown Inspector,Average,25.0
INSP01517,2025-10-11,SCH0208,1.0,1.0,0.0,0.0,1.0,Lohit Shenoy,Needs repair,40.0
INSP01650,2025-07-19,S0566,1.0,1.0,0.0,0.0,1.0,Ria Dyal,Toilets locked,40.0
INSP00826,2026-02-10,SCH0062,,,1.0,,,Upasna Badal,Average,0.0
INSP00617,2025-08-29,SCH0474,0.0,1.0,1.0,1.0,0.0,Peter Gulati,No remarks,40.0
INSP00115,2026-01-19,SCH0070,,1.0,1.0,1.0,1.0,Wriddhish Shere,Toilets locked,0.0
INSP00418,2026-02-17,SCH0265,1.0,1.0,1.0,1.0,1.0,Unknown Inspector,No Remarks,0.0
INSP01626,2025-05-16,SCH0196,1.0,,,1.0,1.0,Harish Pathak,Good condition,0.0
INSP00090,2026-02-13,SCH0175,1.0,0.0,1.0,0.0,1.0,Nidra Goswami,Toilets locked,40.0
INSP02083,2025-06-11,SCH0441,1.0,,0.0,,0.0,Januja Rajagopal,Toilets locked,66.67
INSP00754,2025-11-17,SCH0437,0.0,,,0.0,0.0,Unknown Inspector,No Remarks,100.0
INSP02547,2025-09-25,SCH0331,1.0,1.0,1.0,0.0,0.0,Anjali Handa,Toilets locked,40.0
INSP01631,2025-06-16,SCH0016,1.0,0.0,1.0,,0.0,Abeer Vora,Good condition,50.0
INSP00012,2025-10-18,SCH0202,1.0,0.0,1.0,1.0,0.0,Pavani Nair,Toilets locked,40.0
INSP02445,2025-04-16,SCH0533,1.0,1.0,1.0,0.0,1.0,Omisha Konda,Good condition,20.0
INSP00285,2025-09-20,SCH0327,0.0,1.0,1.0,1.0,,Gauri Gill,Good condition,25.0
INSP01067,2026-02-26,SCH0080,1.0,1.0,0.0,1.0,0.0,Bhavna Modi,Needs repair,40.0
INSP01192,2025-06-16,SCH0600,1.0,1.0,1.0,1.0,0.0,Unknown Inspector,No remarks,20.0
INSP01441,2025-06-06,SCH0133,1.0,1.0,1.0,,,Harsh Vohra,Needs repair,0.0
INSP02944,2025-12-26,SCH0334,1.0,1.0,1.0,1.0,1.0,Chanakya Wagle,Needs repair,0.0
INSP02943,2026-02-15,SCH0206,1.0,1.0,1.0,0.0,1.0,Ranveer Mani,Toilets locked,20.0
INSP02850,2025-10-13,0204,1.0,1.0,1.0,1.0,,Jeremiah Buch,Average,0.0
INSP01569,2025-10-20,SCH0189,1.0,1.0,0.0,1.0,0.0,Unknown Inspector,No Remarks,40.0
INSP02428,2026-10-01,SCH0254,0.0,1.0,1.0,1.0,0.0,Dayamai Yadav,Needs repair,40.0
INSP02710,2025-09-10,SCH0447,0.0,1.0,,0.0,1.0,Alka Mani,Toilets locked,50.0
INSP01688,2025-07-29,SCH0466,1.0,0.0,1.0,0.0,1.0,Mason Bahl,Average,40.0
INSP00852,2025-09-05,SCH0435,0.0,1.0,1.0,1.0,0.0,Triveni Bhagat,Toilets locked,40.0
INSP02208,2025-04-05,SCH0390,0.0,1.0,1.0,0.0,1.0,Dev Char,Needs repair,40.0
INSP00896,2025-06-22,S0132,1.0,1.0,1.0,1.0,0.0,Advaith Grewal,Needs repair,20.0
INSP00497,2025-12-22,SCH0510,,1.0,1.0,1.0,0.0,Unknown Inspector,Needs repair,25.0
INSP02306,2025-12-17,SCH0100,1.0,1.0,0.0,0.0,0.0,Mason Lal,Average,60.0
INSP01783,2025-05-20,S0474,1.0,1.0,0.0,1.0,0.0,Bishakha Narain,No remarks,40.0
INSP00336,2025-08-24,SCH0132,1.0,1.0,1.0,0.0,0.0,Dayita Sibal,Toilets locked,40.0
INSP00516,2025-05-10,SCH0197,1.0,1.0,1.0,1.0,0.0,Nimrat Chada,No Remarks,20.0
INSP01349,2025-06-30,SCH0249,1.0,0.0,1.0,0.0,0.0,Abhiram Radhakrishnan,No remarks,60.0
INSP01016,2025-07-20,SCH0029,1.0,1.0,1.0,1.0,0.0,Joshua Bali,Good condition,20.0
INSP02951,2025-05-04,SCH0061,,1.0,0.0,0.0,0.0,Abhimanyu Srivastava,Good condition,75.0
INSP01782,2025-10-04,SCH0100,1.0,1.0,1.0,1.0,,Siddharth Sarin,No Remarks,0.0
INSP02570,2026-03-22,S0028,1.0,0.0,1.0,0.0,1.0,Kalpit Bava,Needs repair,40.0
INSP01786,2025-11-27,SCH0166,1.0,,1.0,1.0,,Pahal Venkataraman,Average,0.0
INSP02071,2025-10-30,SCH0396,1.0,1.0,1.0,1.0,1.0,Vrinda Parmar,Toilets locked,0.0
INSP00357,2025-05-16,SCH0010,1.0,,1.0,0.0,0.0,Yashvi Bhat,No remarks,50.0
INSP02995,2025-06-21,0598,1.0,1.0,1.0,1.0,0.0,Zilmil Contractor,No Remarks,20.0
INSP01313,2025-09-24,SCH0600,,0.0,1.0,1.0,,William Pall,Toilets locked,33.33
INSP01636,2026-02-27,0187,,1.0,1.0,1.0,,Reva Venkatesh,Toilets locked,0.0
INSP00551,2025-04-09,SCH0036,0.0,1.0,1.0,1.0,,Vinaya Shukla,Good condition,25.0
INSP02389,2025-07-06,SCH0273,1.0,,1.0,1.0,,Wishi Baral,No remarks,0.0
INSP02480,2025-12-18,SCH0055,,1.0,1.0,0.0,0.0,Kamya Swamy,Average,50.0
INSP02522,2025-04-18,S0393,,1.0,1.0,0.0,1.0,Keya Karnik,No Remarks,25.0
INSP02266,2025-12-21,SCH0089,,1.0,1.0,1.0,1.0,Unknown Inspector,No remarks,0.0
INSP01228,2025-11-05,SCH0142,0.0,,1.0,0.0,1.0,Unknown Inspector,Average,50.0
INSP02818,2026-03-25,SCH0585,1.0,1.0,1.0,1.0,1.0,Rayaan Nori,Average,0.0
INSP00958,2026-02-28,SCH0125,1.0,1.0,0.0,1.0,0.0,Veer Andra,Good condition,40.0
INSP01774,2026-01-26,0004,0.0,0.0,1.0,1.0,0.0,Irya Devan,No remarks,60.0
INSP02142,2025-05-25,SCH0089,1.0,1.0,1.0,0.0,0.0,Gauri Sangha,No remarks,40.0
INSP01009,2025-10-13,SCH0106,,,1.0,1.0,1.0,Unknown Inspector,Needs repair,0.0
INSP01093,2026-02-27,SCH0073,,1.0,,1.0,1.0,Unknown Inspector,Good condition,0.0
INSP02907,2025-09-07,0288,1.0,0.0,,1.0,,Dominic Dua,Average,33.33
INSP00997,2025-06-14,SCH0599,1.0,1.0,1.0,1.0,0.0,Wriddhish Jaggi,Toilets locked,20.0
INSP01680,2025-07-06,SCH0107,1.0,1.0,1.0,0.0,0.0,Mohini Choudhury,Good condition,40.0
INSP00154,2025-01-06,SCH0260,,0.0,1.0,0.0,0.0,Ladli Dora,Toilets locked,75.0
INSP02925,2025-06-04,0296,0.0,1.0,0.0,1.0,0.0,Aarav Chad,Good condition,60.0
INSP00581,2025-10-31,0326,,1.0,1.0,1.0,1.0,Patrick Ramakrishnan,Toilets locked,0.0
INSP01471,2025-04-13,SCH0539,1.0,1.0,1.0,1.0,1.0,Dayamai Swamy,Good condition,0.0
INSP00704,2025-08-29,SCH0056,0.0,1.0,,0.0,0.0,Akshay Choudhry,Needs repair,75.0
INSP01213,2025-07-13,0464,1.0,1.0,1.0,,1.0,Jhalak Chawla,Needs repair,0.0
INSP00897,2026-01-27,SCH0202,1.0,1.0,,1.0,,Unknown Inspector,No Remarks,0.0
INSP00488,2025-07-28,S0254,1.0,1.0,1.0,,1.0,Unknown Inspector,Toilets locked,0.0
INSP00560,2025-04-05,SCH0005,0.0,1.0,1.0,1.0,0.0,Atharv Krish,Toilets locked,40.0
INSP01142,2025-01-08,S0523,1.0,1.0,1.0,1.0,1.0,Samesh Korpal,Good condition,0.0
INSP01120,2025-11-30,SCH0371,1.0,1.0,1.0,0.0,0.0,Eesha Sarkar,Needs repair,40.0
INSP00513,2025-05-30,S0317,1.0,1.0,1.0,0.0,,Faqid Mittal,No Remarks,25.0
INSP00634,2025-05-23,SCH0551,1.0,0.0,1.0,0.0,,Rushil Datta,Toilets locked,50.0
INSP02717,2025-05-11,SCH0132,1.0,0.0,1.0,,,Jagrati Sarna,Average,33.33
INSP01665,2025-12-05,SCH0010,1.0,1.0,1.0,1.0,,Owen Lall,Needs repair,0.0
INSP01013,2025-09-15,SCH0091,,1.0,1.0,0.0,,Chakrika Gole,Good condition,33.33
INSP01932,2025-11-23,SCH0076,1.0,1.0,1.0,1.0,1.0,Amruta Sankar,Average,0.0
INSP01151,2026-01-17,SCH0539,,1.0,1.0,1.0,,Zansi Sarin,Toilets locked,0.0
INSP02948,2025-03-09,SCH0021,0.0,1.0,1.0,0.0,,Isaiah Bava,Toilets locked,50.0
INSP00117,2026-02-19,SCH0532,,1.0,,,0.0,Vritti Bahri,Needs repair,50.0
INSP00741,2025-06-29,SCH0568,1.0,1.0,1.0,0.0,1.0,Zinal Majumdar,Toilets locked,20.0
INSP02904,2025-04-21,SCH0451,1.0,1.0,1.0,0.0,1.0,Caleb Sha,Toilets locked,20.0
INSP01975,2025-10-01,SCH0497,1.0,1.0,1.0,0.0,0.0,Advik De,Average,40.0
INSP01082,2025-11-27,SCH0108,1.0,1.0,0.0,1.0,1.0,George Bandi,Needs repair,20.0
INSP01811,2026-01-30,S0260,0.0,1.0,0.0,0.0,1.0,Elijah Kapoor,No remarks,60.0
INSP00831,2025-06-23,SCH0206,,1.0,1.0,1.0,0.0,Zaid Gour,No Remarks,25.0
INSP00120,2025-06-23,SCH0416,1.0,1.0,,0.0,1.0,Triveni Kara,Good condition,25.0
INSP00657,2026-02-21,SCH0022,,0.0,1.0,1.0,1.0,Parth Dewan,Average,25.0
INSP02873,2026-01-12,SCH0360,1.0,,1.0,0.0,0.0,Anay Boase,Good condition,50.0
INSP02830,2026-07-02,SCH0494,0.0,0.0,1.0,0.0,1.0,Vidhi Madan,Average,60.0
INSP00636,2026-01-20,SCH0086,1.0,,1.0,,,Adweta Jaggi,Good condition,0.0
INSP00370,2025-09-18,SCH0403,0.0,0.0,1.0,0.0,1.0,Vasatika Rana,Average,60.0
INSP00269,2025-08-23,S0481,1.0,1.0,,1.0,0.0,Zashil Rout,Toilets locked,25.0
INSP02704,2025-04-06,SCH0466,1.0,1.0,1.0,1.0,,Manthan Peri,No Remarks,0.0
INSP00047,2025-10-07,SCH0354,0.0,,1.0,0.0,,Vritti More,Good condition,66.67
INSP00992,2025-07-18,SCH0593,1.0,0.0,1.0,1.0,,Vasana Shanker,No Remarks,25.0
INSP00877,2025-04-05,SCH0114,1.0,,1.0,0.0,0.0,Nirja Mutti,Toilets locked,50.0
INSP00774,2025-10-05,SCH0077,1.0,0.0,1.0,0.0,1.0,Chaaya Bose,Needs repair,40.0
INSP01220,2026-03-15,SCH0068,,1.0,1.0,0.0,1.0,Fiyaz Brar,Average,25.0
INSP01127,2026-01-26,SCH0283,0.0,0.0,1.0,0.0,1.0,Unknown Inspector,Good condition,60.0
INSP00005,2025-06-17,SCH0123,1.0,1.0,1.0,,0.0,Darpan Dani,Average,25.0
INSP01596,2026-01-28,SCH0199,1.0,1.0,,1.0,0.0,Tanmayi Toor,Needs repair,25.0
INSP02312,2025-07-31,SCH0431,1.0,1.0,,0.0,,Tanvi Dass,No remarks,33.33
INSP02492,2025-07-06,SCH0495,0.0,1.0,0.0,0.0,0.0,Quincy Goel,Average,80.0
INSP01078,2025-12-10,SCH0135,1.0,1.0,,0.0,1.0,Unknown Inspector,Average,25.0
INSP00838,2025-03-11,SCH0233,0.0,1.0,0.0,1.0,0.0,Eesha Boase,Average,60.0
INSP00682,2025-06-22,SCH0445,1.0,1.0,,0.0,1.0,Samuel Bassi,Needs repair,25.0
INSP01716,2025-04-24,SCH0429,1.0,1.0,1.0,1.0,,Urishilla Chandran,Average,0.0
INSP02353,2025-10-05,SCH0329,1.0,1.0,1.0,1.0,0.0,Amrita Walla,Average,20.0
INSP02618,2025-12-14,SCH0063,0.0,1.0,0.0,1.0,1.0,Vedant Sandhu,Good condition,40.0
INSP02362,2025-08-11,SCH0366,1.0,1.0,1.0,1.0,,Harshil Tella,Average,0.0
INSP02198,2026-01-22,SCH0586,1.0,1.0,1.0,0.0,0.0,Tarak Palla,No Remarks,40.0
INSP01149,2025-10-16,S0501,,1.0,1.0,,1.0,Yachana Nagy,Good condition,0.0
INSP00575,2025-03-08,SCH0077,1.0,1.0,0.0,,1.0,Tanay Misra,No Remarks,25.0
INSP00051,2025-11-01,SCH0243,1.0,1.0,1.0,1.0,,Noah Behl,Average,0.0
INSP00854,2026-01-12,SCH0525,1.0,1.0,,1.0,,Varenya Raghavan,Average,0.0
INSP01983,2025-10-15,0101,0.0,,1.0,1.0,,Ganga Boase,Needs repair,33.33
INSP01824,2025-03-05,SCH0203,,,1.0,,0.0,Vivaan Raghavan,Needs repair,50.0
INSP00834,2026-02-23,SCH0566,0.0,1.0,1.0,0.0,1.0,Unknown Inspector,Needs repair,40.0
INSP01116,2025-09-27,SCH0090,1.0,1.0,1.0,1.0,0.0,Advika Mitra,No remarks,20.0
INSP01167,2025-10-08,SCH0305,1.0,1.0,,1.0,0.0,Neha Singhal,Good condition,25.0
INSP02519,2025-03-04,SCH0379,1.0,1.0,1.0,1.0,,Unknown Inspector,Average,0.0
INSP01907,2025-09-17,SCH0131,1.0,,1.0,,,Alka Natt,Needs repair,0.0
INSP00972,2025-09-29,SCH0581,,1.0,1.0,1.0,1.0,Yashica Char,Toilets locked,0.0
INSP02702,2025-11-07,SCH0024,1.0,1.0,1.0,1.0,1.0,Owen Korpal,Needs repair,0.0
INSP00400,2025-05-15,SCH0141,1.0,1.0,1.0,0.0,,Saumya Sangha,Average,25.0
INSP02560,2025-08-24,SCH0570,0.0,1.0,1.0,1.0,0.0,Unknown Inspector,Needs repair,40.0
INSP02369,2025-10-14,SCH0401,1.0,1.0,,,1.0,Zaid Mann,Toilets locked,0.0
INSP00020,2025-05-04,SCH0025,1.0,1.0,0.0,1.0,1.0,Kashvi Sathe,No Remarks,20.0
INSP00685,2026-07-03,SCH0389,1.0,0.0,1.0,1.0,0.0,Shravya Sami,Good condition,40.0
INSP00036,2025-12-24,SCH0125,0.0,1.0,1.0,1.0,1.0,Dev Deshmukh,Good condition,20.0
INSP02972,2025-11-22,SCH0321,,1.0,,,,Unknown Inspector,No Remarks,0.0
INSP00525,2025-02-06,SCH0203,1.0,1.0,,0.0,0.0,Chatura Sur,Needs repair,50.0
INSP02456,2026-03-14,S0051,1.0,1.0,1.0,1.0,1.0,Nicholas Sachar,No remarks,0.0
INSP00921,2025-09-23,SCH0037,1.0,1.0,1.0,0.0,1.0,Anthony Sangha,No remarks,20.0
INSP01842,2026-03-12,SCH0371,1.0,1.0,,1.0,0.0,Forum Dugar,Good condition,25.0
INSP01891,2026-11-01,SCH0184,,1.0,1.0,1.0,1.0,Om Chaudhuri,No remarks,0.0
INSP00538,2026-03-18,SCH0343,1.0,1.0,0.0,0.0,1.0,Rushil Rajagopal,Good condition,40.0
INSP01706,2025-10-06,SCH0593,0.0,0.0,1.0,1.0,1.0,Nirja Dugar,No remarks,40.0
INSP00246,2026-03-10,SCH0196,1.0,0.0,1.0,1.0,1.0,George Kadakia,No Remarks,20.0
INSP00785,2026-03-02,SCH0276,1.0,1.0,,1.0,0.0,Ekalinga Chauhan,Toilets locked,25.0
INSP01410,2025-09-19,SCH0076,1.0,1.0,1.0,0.0,,Xiti Naik,Average,25.0
INSP02538,2025-08-04,SCH0308,1.0,1.0,1.0,1.0,1.0,Yasti Dhawan,Good condition,0.0
INSP00155,2025-12-05,SCH0096,1.0,1.0,1.0,0.0,,Vincent Toor,No remarks,25.0
INSP01687,2025-06-18,SCH0444,0.0,1.0,,1.0,0.0,Lajita Sandal,Good condition,50.0
INSP00626,2025-09-09,SCH0456,1.0,0.0,1.0,1.0,1.0,Jhalak Kibe,Toilets locked,20.0
INSP02734,2025-11-14,SCH0320,1.0,1.0,,0.0,0.0,Theodore Sarkar,No Remarks,50.0
INSP01347,2025-09-29,SCH0505,1.0,1.0,1.0,0.0,1.0,Jack Dutt,Needs repair,20.0
INSP00570,2026-03-13,SCH0043,1.0,0.0,1.0,1.0,,Yadavi Krishnamurthy,Average,25.0
INSP01759,2025-10-05,SCH0416,0.0,1.0,1.0,1.0,1.0,Unknown Inspector,Good condition,20.0
INSP01817,2025-06-23,S0368,1.0,1.0,1.0,1.0,0.0,Daksh Narasimhan,Toilets locked,20.0
INSP02066,2025-10-16,SCH0151,0.0,0.0,1.0,0.0,1.0,Triya Bedi,Good condition,60.0
INSP00128,2025-05-27,SCH0312,1.0,0.0,1.0,0.0,1.0,Yashasvi Manda,Average,40.0
INSP02007,2025-12-20,SCH0217,,1.0,1.0,,1.0,Darika Atwal,Toilets locked,0.0
INSP00981,2026-01-26,SCH0476,1.0,1.0,1.0,,1.0,Unknown Inspector,Good condition,0.0
INSP00191,2026-03-09,SCH0213,1.0,1.0,1.0,,0.0,Maanav Pai,Toilets locked,25.0
INSP01140,2025-07-08,SCH0159,0.0,1.0,1.0,,,Theodore Krishnan,Needs repair,33.33
INSP00993,2025-10-29,SCH0165,0.0,0.0,1.0,0.0,0.0,Ria Sandhu,No remarks,80.0
INSP00700,2026-08-01,SCH0596,1.0,1.0,1.0,1.0,1.0,Hiral Issac,Good condition,0.0
INSP00607,2025-06-07,S0321,1.0,1.0,1.0,,,Chandran Balay,Good condition,0.0
INSP00181,2025-05-02,SCH0560,1.0,,1.0,1.0,0.0,Chameli Kadakia,No Remarks,25.0
INSP00302,2025-12-24,SCH0187,0.0,1.0,1.0,0.0,1.0,Girik Kumer,Toilets locked,40.0
INSP02545,2025-09-11,SCH0290,0.0,1.0,1.0,1.0,0.0,Unknown Inspector,No Remarks,40.0
INSP02918,2026-07-01,SCH0132,1.0,1.0,1.0,,1.0,Omkaar Mody,Toilets locked,0.0
INSP01061,2026-01-21,SCH0078,1.0,1.0,1.0,,,Vyanjana Gera,Average,0.0
INSP02962,2025-07-13,SCH0082,1.0,1.0,0.0,1.0,0.0,Unknown Inspector,No Remarks,40.0
INSP02566,2025-10-27,SCH0535,1.0,1.0,,1.0,1.0,Sai Ratti,Toilets locked,0.0
INSP01070,2025-05-19,SCH0265,0.0,1.0,0.0,1.0,1.0,Hemal Padmanabhan,No Remarks,40.0
INSP02525,2026-10-02,SCH0124,1.0,1.0,1.0,0.0,,Unknown Inspector,Needs repair,25.0
INSP02206,2025-07-08,SCH0541,0.0,0.0,1.0,0.0,1.0,Amruta Sankaran,Toilets locked,60.0
INSP01244,2026-03-16,S0382,0.0,1.0,1.0,1.0,,Janani Arora,Good condition,25.0
INSP00017,2025-07-13,0453,1.0,1.0,1.0,,1.0,Aadhya Bajwa,No Remarks,0.0
INSP00547,2025-12-06,0279,,1.0,1.0,1.0,,Gagan Shankar,Good condition,0.0
INSP00659,2026-04-01,SCH0286,0.0,1.0,1.0,0.0,1.0,Unknown Inspector,Good condition,40.0
INSP02844,2026-02-26,SCH0022,,1.0,1.0,,,Jairaj Bora,Average,0.0
INSP02876,2025-09-04,SCH0195,1.0,,,1.0,0.0,Qushi Bal,No Remarks,33.33
INSP01505,2025-05-09,SCH0430,1.0,1.0,,1.0,1.0,Zayan Bhavsar,No Remarks,0.0
INSP00960,2025-07-14,S0185,1.0,1.0,,0.0,,Teerth Gole,Needs repair,33.33
INSP02332,2025-12-24,SCH0287,1.0,1.0,1.0,0.0,1.0,Unknown Inspector,No remarks,20.0
INSP00798,2026-01-14,SCH0593,1.0,1.0,1.0,0.0,1.0,Harinakshi Modi,Toilets locked,20.0
INSP00226,2025-08-08,SCH0064,1.0,0.0,0.0,1.0,0.0,Unknown Inspector,Toilets locked,60.0
INSP02075,2025-04-16,SCH0567,0.0,,,0.0,0.0,Unknown Inspector,Good condition,100.0
INSP01800,2025-08-13,SCH0404,1.0,1.0,1.0,1.0,1.0,Lavanya Varty,No remarks,0.0
INSP02486,2025-08-20,SCH0425,1.0,0.0,1.0,,0.0,Ayaan Sabharwal,Average,50.0
INSP02278,2025-12-22,SCH0502,,,1.0,1.0,,Unknown Inspector,Needs repair,0.0
INSP02086,2025-11-10,SCH0161,1.0,1.0,1.0,1.0,0.0,Fariq Sekhon,Average,20.0
INSP01694,2026-03-02,SCH0220,0.0,0.0,1.0,0.0,0.0,Ekansh Naik,Good condition,80.0
INSP02798,2025-09-12,S0037,1.0,1.0,1.0,1.0,0.0,Samaksh Munshi,No Remarks,20.0
INSP01046,2026-03-04,S0052,1.0,1.0,,1.0,0.0,Kalpit Gandhi,Average,25.0
INSP00470,2025-05-08,SCH0462,1.0,1.0,0.0,1.0,,Alka Sule,Good condition,25.0
INSP00955,2025-12-12,SCH0116,0.0,,1.0,0.0,1.0,Ati Behl,No remarks,50.0
INSP02736,2025-09-11,SCH0228,1.0,1.0,1.0,0.0,0.0,Avni Grewal,No Remarks,40.0
INSP00640,2025-10-17,S0424,1.0,1.0,1.0,1.0,,Qabil Balasubramanian,Good condition,0.0
INSP02921,2025-10-26,SCH0287,1.0,0.0,,0.0,,Gopal Sibal,Average,66.67
INSP01219,2025-01-11,SCH0302,1.0,1.0,1.0,1.0,0.0,Sachi Raju,Toilets locked,20.0
INSP01159,2026-02-16,SCH0338,1.0,,1.0,0.0,1.0,Naveen Sabharwal,Average,25.0
INSP01416,2025-05-01,SCH0252,1.0,1.0,,1.0,0.0,Unknown Inspector,No remarks,25.0
INSP02853,2025-06-13,0544,1.0,1.0,,1.0,1.0,Zehaan More,Toilets locked,0.0
INSP01528,2025-11-22,SCH0047,0.0,1.0,1.0,1.0,1.0,Megha Saini,No Remarks,20.0
INSP01301,2025-09-24,SCH0118,1.0,1.0,1.0,1.0,1.0,Unknown Inspector,Needs repair,0.0
INSP01604,2025-08-12,SCH0477,1.0,1.0,0.0,1.0,,Ikbal Guha,Toilets locked,25.0
INSP00161,2026-03-14,SCH0060,0.0,0.0,1.0,1.0,1.0,Advaith Kapur,Toilets locked,40.0
INSP01705,2025-06-04,SCH0380,1.0,1.0,0.0,0.0,1.0,Unknown Inspector,No Remarks,40.0
INSP00957,2025-08-27,SCH0319,0.0,1.0,1.0,1.0,1.0,Isha Patel,Needs repair,20.0
INSP00878,2025-07-20,SCH0534,1.0,1.0,,1.0,0.0,Bhavani Sodhi,No Remarks,25.0
INSP01920,2025-04-04,SCH0293,1.0,1.0,1.0,1.0,0.0,Veda Singh,Average,20.0
INSP01885,2026-12-03,SCH0199,0.0,1.0,1.0,,0.0,Om Dewan,Toilets locked,50.0
INSP02201,2025-08-24,SCH0059,1.0,1.0,1.0,0.0,0.0,Frederick Kohli,No Remarks,40.0
INSP00099,2026-03-06,SCH0123,,1.0,1.0,1.0,0.0,Chandran Savant,Average,25.0
INSP02970,2025-10-23,SCH0522,1.0,1.0,1.0,0.0,0.0,Amruta Hari,Good condition,40.0
INSP02558,2025-10-21,SCH0111,,1.0,0.0,1.0,0.0,Unknown Inspector,Toilets locked,50.0
INSP00254,2025-02-09,SCH0406,1.0,1.0,1.0,1.0,0.0,Jonathan Pillai,No remarks,20.0
INSP00104,2025-07-17,SCH0205,1.0,1.0,1.0,,1.0,Advaith Bhavsar,No Remarks,0.0
INSP01446,2026-03-25,SCH0539,1.0,1.0,1.0,1.0,,Harsh Mall,Good condition,0.0
INSP01444,2025-04-22,SCH0521,1.0,1.0,1.0,0.0,,Nakul Saxena,No remarks,25.0
INSP01649,2025-11-14,SCH0082,1.0,1.0,1.0,0.0,,Anya Sankaran,Toilets locked,25.0
INSP00587,2025-05-05,SCH0268,1.0,1.0,1.0,1.0,0.0,Jagat Patla,Good condition,20.0
INSP00628,2025-06-30,SCH0081,1.0,1.0,1.0,1.0,,Unknown Inspector,Average,0.0
INSP01697,2025-07-27,SCH0449,1.0,1.0,0.0,,1.0,Ansh Rout,No remarks,25.0
INSP02102,2026-03-03,SCH0422,1.0,,1.0,0.0,0.0,Amruta Patel,Needs repair,50.0
INSP02200,2025-10-28,SCH0476,1.0,,1.0,1.0,,Nidra Radhakrishnan,Average,0.0
INSP00404,2025-07-22,S0015,1.0,1.0,1.0,,1.0,Rayaan Gill,Good condition,0.0
INSP01155,2025-10-03,SCH0458,,1.0,,0.0,0.0,Aashi Bajaj,No remarks,66.67
INSP02256,2025-05-23,SCH0597,1.0,,1.0,0.0,1.0,Unknown Inspector,No Remarks,25.0
INSP02864,2025-11-10,SCH0473,1.0,1.0,1.0,0.0,0.0,Zehaan Krishnan,Toilets locked,40.0
INSP01683,2026-02-20,SCH0152,,1.0,0.0,1.0,1.0,Daniel Balay,Average,25.0
INSP02057,2025-11-29,SCH0369,1.0,1.0,1.0,1.0,0.0,Baljiwan Saxena,Good condition,20.0
INSP00453,2025-10-07,SCH0026,,1.0,1.0,1.0,0.0,Bishakha Nagar,No remarks,25.0
INSP02302,2026-02-15,SCH0536,1.0,0.0,1.0,1.0,1.0,Amara Mahal,No remarks,20.0
INSP01328,2025-04-18,SCH0081,1.0,,1.0,,0.0,Dayita Menon,Toilets locked,33.33
INSP02050,2026-01-07,SCH0280,1.0,1.0,,1.0,,Aashi Prashad,Toilets locked,0.0
INSP00881,2025-05-17,SCH0184,1.0,1.0,0.0,1.0,0.0,Nandini Tella,Average,40.0
INSP00624,2025-01-09,SCH0256,0.0,0.0,,0.0,1.0,Darsh Datta,Average,75.0
INSP02394,2025-08-27,SCH0377,1.0,1.0,0.0,,,Laban Luthra,No remarks,33.33
INSP02914,2025-07-09,SCH0543,1.0,1.0,1.0,1.0,1.0,Unni Varma,Needs repair,0.0
INSP01788,2025-11-12,S0495,,1.0,1.0,1.0,1.0,Kai Sankar,No remarks,0.0
INSP00263,2025-10-18,S0444,,1.0,1.0,0.0,0.0,Keya Randhawa,Needs repair,50.0
INSP01635,2025-12-15,SCH0393,1.0,0.0,,1.0,0.0,Vasudha Venkatesh,Average,50.0
INSP01439,2025-11-29,SCH0577,1.0,1.0,1.0,1.0,1.0,Ekiya Nayak,No Remarks,0.0
INSP02199,2025-08-13,SCH0383,1.0,1.0,1.0,1.0,,Orinder Dutta,Average,0.0
INSP01970,2025-08-08,SCH0164,,1.0,1.0,0.0,0.0,Pavani Gola,Average,50.0
INSP02521,2025-12-09,SCH0443,1.0,1.0,1.0,,1.0,Unknown Inspector,Good condition,0.0
INSP01803,2026-02-22,SCH0314,1.0,1.0,1.0,1.0,1.0,Triveni Goel,Needs repair,0.0
INSP00641,2025-07-04,SCH0079,1.0,1.0,1.0,,,Devika Kumar,No remarks,0.0
INSP02386,2025-12-31,S0357,1.0,0.0,1.0,1.0,0.0,Unknown Inspector,No Remarks,40.0
INSP02599,2026-02-20,SCH0191,,1.0,,1.0,,Unknown Inspector,No Remarks,0.0
INSP02973,2026-03-03,SCH0028,1.0,1.0,1.0,1.0,0.0,Faqid Parmer,Needs repair,20.0
INSP01960,2026-02-28,SCH0240,1.0,0.0,1.0,0.0,1.0,Unknown Inspector,Good condition,40.0
INSP00489,2026-02-19,SCH0195,1.0,1.0,1.0,,0.0,Kavya Gade,Good condition,25.0
INSP01844,2025-12-21,SCH0048,1.0,,1.0,,1.0,Harinakshi Gole,Average,0.0
INSP01735,2025-06-19,SCH0107,1.0,1.0,1.0,1.0,1.0,Eshana Bhatia,Needs repair,0.0
INSP00147,2025-07-09,SCH0201,1.0,1.0,1.0,1.0,1.0,Tejas Hora,Average,0.0
INSP01535,2025-09-06,SCH0247,1.0,1.0,1.0,0.0,,Yutika Dugal,Toilets locked,25.0
INSP01987,2025-05-12,SCH0274,1.0,1.0,1.0,0.0,0.0,Jai Sarkar,Needs repair,40.0
INSP01370,2026-01-31,SCH0165,0.0,0.0,1.0,1.0,1.0,Manan Ravel,No remarks,40.0
INSP02451,2025-07-11,SCH0371,1.0,,0.0,0.0,,Maanas Patla,No Remarks,66.67
INSP02812,2025-11-14,SCH0371,0.0,,1.0,0.0,1.0,Unknown Inspector,No Remarks,50.0
INSP00660,2025-09-01,SCH0055,,0.0,0.0,1.0,,Ranbir Mitra,No remarks,66.67
INSP01795,2025-04-23,S0197,1.0,1.0,0.0,1.0,1.0,Jacob Gaba,Good condition,20.0
INSP02512,2025-04-03,SCH0096,0.0,1.0,,1.0,1.0,Unknown Inspector,Average,25.0
INSP00187,2025-10-22,SCH0527,,1.0,1.0,1.0,1.0,Ganga Murty,No remarks,0.0
INSP01148,2025-09-06,SCH0363,1.0,1.0,1.0,1.0,1.0,Darika Sarna,Good condition,0.0
INSP00609,2025-12-05,SCH0593,0.0,1.0,1.0,,1.0,Falak Kamdar,No Remarks,25.0
INSP02192,2026-02-27,SCH0231,1.0,1.0,1.0,0.0,0.0,Unknown Inspector,No remarks,40.0
INSP02800,2025-05-20,SCH0019,1.0,1.0,1.0,,1.0,Rajata Salvi,Good condition,0.0
INSP01931,2025-07-23,SCH0045,,1.0,1.0,1.0,0.0,Veer Naik,No Remarks,25.0
INSP00198,2025-12-27,SCH0403,1.0,0.0,1.0,1.0,1.0,Gaurika Kaur,Needs repair,20.0
INSP02328,2026-03-27,SCH0161,,1.0,1.0,1.0,,Charvi Parmer,Needs repair,0.0
INSP00294,2026-03-18,SCH0064,1.0,,1.0,,0.0,Michael Badami,No Remarks,33.33
INSP00767,2025-08-23,SCH0248,1.0,1.0,1.0,1.0,,Devansh Ganesh,Average,0.0
INSP00401,2025-07-14,SCH0040,1.0,,0.0,,1.0,Gunbir Sekhon,Average,33.33
INSP00123,2025-09-11,SCH0312,1.0,1.0,1.0,,0.0,Pahal Parmar,No Remarks,25.0
INSP00203,2025-07-18,SCH0274,0.0,1.0,1.0,0.0,0.0,Aadhya Sarna,Good condition,60.0
INSP00836,2026-02-13,SCH0504,1.0,1.0,1.0,1.0,0.0,Brinda Joshi,Good condition,20.0
INSP02295,2025-09-05,SCH0446,,1.0,1.0,,0.0,Yochana Mahal,No Remarks,33.33
INSP01440,2025-11-12,0352,0.0,1.0,,1.0,1.0,Damini Comar,Good condition,25.0
INSP01734,2025-06-27,SCH0372,1.0,,1.0,1.0,1.0,Christopher Sharaf,No Remarks,0.0
INSP01696,2025-10-11,SCH0578,1.0,,,,,Pavani Vyas,Toilets locked,0.0
INSP01708,2025-04-16,SCH0037,1.0,,0.0,0.0,,Amol Keer,Average,66.67
INSP01154,2025-09-12,0503,0.0,1.0,1.0,1.0,0.0,Vincent Modi,Toilets locked,40.0
INSP01662,2025-09-13,SCH0219,0.0,0.0,1.0,1.0,1.0,Upma Mammen,Good condition,40.0
INSP02433,2025-08-15,SCH0237,0.0,1.0,1.0,1.0,1.0,Harini Dhar,No remarks,20.0
INSP01760,2025-02-09,SCH0413,1.0,1.0,1.0,1.0,,Chaaya Garg,Average,0.0
INSP00855,2026-01-26,SCH0431,,1.0,1.0,1.0,1.0,Sanya Ganesan,Average,0.0
INSP01590,2025-12-23,SCH0340,,,1.0,1.0,1.0,Hardik Mistry,Good condition,0.0
INSP02268,2025-09-11,0542,1.0,1.0,1.0,0.0,0.0,Nitesh Bhavsar,No remarks,40.0
INSP00642,2025-07-11,SCH0387,1.0,1.0,1.0,1.0,1.0,Kamya Sahota,Average,0.0
INSP00002,2026-02-26,SCH0529,1.0,1.0,0.0,,1.0,Charita Rout,Toilets locked,25.0
INSP02161,2025-04-21,SCH0299,1.0,0.0,0.0,1.0,0.0,Isha Rattan,Good condition,60.0
INSP00699,2025-07-09,SCH0148,,1.0,1.0,1.0,1.0,Mitali Kakar,Average,0.0
INSP01637,2025-07-04,S0445,1.0,1.0,0.0,,0.0,Chandani Bedi,No Remarks,50.0
INSP01292,2026-03-14,SCH0203,,,1.0,1.0,0.0,Xavier Banerjee,Toilets locked,33.33
INSP02999,2025-12-07,SCH0514,0.0,,,1.0,0.0,Harita Deep,Needs repair,66.67
INSP02490,2025-10-06,S0527,1.0,1.0,0.0,1.0,0.0,Yatin Nayak,No Remarks,40.0
INSP01521,2025-07-02,SCH0515,,1.0,0.0,0.0,0.0,Dalaja Comar,Needs repair,75.0
INSP01854,2026-01-31,SCH0201,,1.0,0.0,1.0,1.0,Yasti Savant,Toilets locked,25.0
INSP01137,2025-11-05,SCH0358,1.0,1.0,1.0,1.0,1.0,Unknown Inspector,Toilets locked,0.0
INSP01632,2025-07-31,SCH0269,0.0,1.0,1.0,0.0,0.0,Baghyawati Dash,No Remarks,60.0
INSP01999,2025-10-11,SCH0558,1.0,1.0,0.0,1.0,0.0,Oscar Bir,Needs repair,40.0
INSP00664,2025-09-10,SCH0235,1.0,0.0,1.0,1.0,,Unknown Inspector,No Remarks,25.0
INSP00684,2025-08-24,SCH0586,1.0,1.0,,1.0,1.0,Edhitha Palla,Average,0.0
INSP01258,2025-05-05,SCH0388,1.0,1.0,1.0,0.0,1.0,Chandani Comar,No Remarks,20.0
INSP00318,2025-08-21,SCH0387,,1.0,1.0,1.0,0.0,Triveni Walla,Needs repair,25.0
INSP00649,2025-12-10,SCH0223,1.0,1.0,1.0,1.0,,Kamala Parikh,Needs repair,0.0
INSP01435,2025-05-05,S0545,1.0,1.0,1.0,1.0,,Harish Shroff,Average,0.0
INSP01480,2025-10-16,SCH0004,0.0,1.0,1.0,1.0,1.0,Meghana Sahota,No Remarks,20.0
INSP00710,2025-12-13,S0336,1.0,1.0,1.0,1.0,1.0,Chanakya Nayak,Good condition,0.0
INSP01283,2025-07-12,SCH0021,,,0.0,1.0,0.0,Unknown Inspector,Good condition,66.67
INSP01769,2025-07-13,S0186,1.0,1.0,1.0,,0.0,Yauvani Gulati,Needs repair,25.0
INSP00973,2026-03-22,SCH0534,0.0,1.0,1.0,,1.0,Dipta Lad,Toilets locked,25.0
INSP02676,2025-05-11,SCH0385,1.0,0.0,0.0,,,Thomas Munshi,Good condition,66.67
INSP02681,2025-10-19,SCH0557,1.0,1.0,1.0,,,Qasim Dugar,Good condition,0.0
INSP01307,2025-10-12,SCH0534,0.0,1.0,0.0,1.0,,Gauri Chaudhari,Toilets locked,50.0
INSP01401,2025-06-18,SCH0519,1.0,0.0,1.0,0.0,1.0,Liam Sandhu,Average,40.0
INSP01409,2025-08-07,SCH0110,1.0,1.0,,1.0,1.0,Pahal Pillay,Average,0.0
INSP02238,2025-07-12,SCH0140,1.0,1.0,1.0,,0.0,Kamya Tripathi,Toilets locked,25.0
INSP01497,2025-07-31,SCH0535,0.0,,1.0,0.0,1.0,Chaaya Lalla,Average,50.0
INSP02039,2025-12-27,SCH0024,1.0,1.0,0.0,1.0,1.0,Luke Mann,Good condition,20.0
INSP01530,2025-06-05,SCH0182,0.0,1.0,0.0,1.0,1.0,Janya Swaminathan,No remarks,40.0
INSP01664,2025-11-30,SCH0076,0.0,1.0,1.0,0.0,1.0,Unknown Inspector,Good condition,40.0
INSP01355,2026-02-28,SCH0254,,1.0,0.0,1.0,,Abhimanyu Gera,Good condition,33.33
INSP01644,2026-08-01,SCH0229,1.0,1.0,1.0,1.0,0.0,Ekapad Butala,Average,20.0
INSP01052,2025-02-08,SCH0263,1.0,1.0,,0.0,,Avi Borra,Good condition,33.33
INSP00796,2026-03-25,SCH0552,1.0,1.0,1.0,,1.0,Harita Prabhu,Good condition,0.0
INSP02694,2026-02-19,SCH0590,,0.0,1.0,1.0,,Unknown Inspector,Needs repair,33.33
INSP01598,2025-05-01,S0028,,1.0,,1.0,1.0,Tanveer Doctor,Good condition,0.0
INSP02605,2025-08-31,SCH0052,0.0,1.0,,1.0,0.0,Zashil Khurana,Toilets locked,50.0
INSP02730,2026-03-17,SCH0524,0.0,1.0,0.0,1.0,0.0,Ishanvi Gokhale,No remarks,60.0
INSP02626,2025-06-18,SCH0050,1.0,1.0,,,0.0,Unknown Inspector,No Remarks,33.33
INSP01820,2025-07-01,S0195,1.0,0.0,0.0,0.0,0.0,Ekiya Golla,Good condition,80.0
INSP01723,2026-02-02,SCH0304,0.0,1.0,0.0,0.0,0.0,Advika Babu,No Remarks,80.0
INSP01184,2025-04-08,0073,,1.0,,1.0,1.0,Aarnav Karan,No remarks,0.0
INSP02573,2025-10-15,S0264,1.0,1.0,1.0,1.0,0.0,Netra Mahal,Average,20.0
INSP01060,2026-02-15,SCH0598,1.0,1.0,0.0,1.0,1.0,Urvashi Mitter,Average,20.0
INSP00541,2025-07-25,SCH0485,1.0,1.0,,1.0,,Vasana Hegde,No Remarks,0.0
INSP01679,2025-08-10,SCH0325,1.0,,1.0,1.0,0.0,Mitali Deshmukh,Toilets locked,25.0
INSP02797,2025-06-13,SCH0594,1.0,1.0,1.0,,,Vinaya Oommen,No remarks,0.0
INSP02533,2025-12-28,SCH0182,1.0,1.0,1.0,1.0,1.0,Ekanta Bhandari,No remarks,0.0
INSP01758,2025-07-27,SCH0427,1.0,1.0,1.0,1.0,1.0,Anjali Sani,No Remarks,0.0
INSP01924,2025-10-12,SCH0438,1.0,1.0,1.0,1.0,0.0,Rayaan Lala,No remarks,20.0
INSP00096,2025-06-13,S0244,1.0,1.0,1.0,0.0,0.0,Vrinda Karnik,No Remarks,40.0
INSP01021,2025-06-01,0103,1.0,1.0,,0.0,1.0,Yoshita Borah,No Remarks,25.0
INSP00564,2026-03-12,SCH0182,0.0,1.0,0.0,,0.0,Jonathan Kanda,Toilets locked,75.0
INSP02791,2025-07-02,SCH0056,1.0,,,,1.0,Max Agate,Average,0.0
INSP00864,2025-05-26,SCH0212,1.0,,0.0,1.0,0.0,Zashil Srivastava,No Remarks,50.0
INSP01485,2025-09-07,SCH0107,1.0,1.0,0.0,1.0,0.0,Unknown Inspector,No remarks,40.0
INSP02940,2025-08-02,S0356,0.0,0.0,1.0,1.0,1.0,Falguni Ganesan,No remarks,40.0
INSP01882,2026-03-23,S0223,,1.0,0.0,1.0,0.0,Chatresh Muni,Toilets locked,50.0
INSP01039,2026-01-26,SCH0254,,0.0,1.0,1.0,0.0,Unknown Inspector,Toilets locked,50.0
INSP00207,2025-06-10,SCH0297,1.0,1.0,1.0,1.0,1.0,Qadim Taneja,No remarks,0.0
INSP00393,2025-12-30,SCH0098,1.0,,1.0,1.0,,Abdul Mitter,Needs repair,0.0
INSP02843,2025-04-21,SCH0269,0.0,1.0,1.0,1.0,1.0,Chaaya Pall,No Remarks,20.0
INSP00871,2025-10-26,SCH0510,1.0,0.0,,0.0,,Upadhriti Dhar,Average,66.67
INSP00398,2025-11-14,SCH0292,1.0,0.0,1.0,,1.0,Ekansh Magar,No Remarks,25.0
INSP02815,2025-05-15,SCH0173,0.0,0.0,1.0,0.0,1.0,Azaan Pingle,Toilets locked,60.0
INSP01029,2025-05-10,SCH0282,1.0,0.0,0.0,1.0,1.0,Mitali Sane,Needs repair,40.0
INSP02691,2026-01-16,SCH0084,1.0,1.0,1.0,1.0,1.0,Krishna Mukhopadhyay,No Remarks,0.0
INSP01486,2026-01-19,SCH0210,1.0,0.0,,,1.0,Caleb Sha,Needs repair,33.33
INSP02661,2025-09-06,SCH0555,1.0,1.0,1.0,0.0,1.0,Netra Tiwari,Needs repair,20.0
INSP00961,2025-04-23,0355,1.0,1.0,1.0,0.0,,Aadi Kuruvilla,Toilets locked,25.0
INSP01571,2026-02-15,SCH0236,1.0,1.0,1.0,0.0,0.0,Damini Iyengar,Needs repair,40.0
INSP02774,2026-03-02,S0534,1.0,0.0,0.0,1.0,1.0,Unknown Inspector,Good condition,40.0
INSP01896,2025-07-22,SCH0507,1.0,1.0,,0.0,1.0,Naveen Narain,Needs repair,25.0
INSP02732,2026-03-17,SCH0156,,0.0,1.0,1.0,1.0,Dayamai Goyal,Good condition,25.0
INSP02147,2025-05-11,0367,1.0,1.0,1.0,1.0,0.0,Ayushman Dixit,No remarks,20.0
INSP00805,2025-11-25,SCH0174,,1.0,1.0,1.0,1.0,Unknown Inspector,Needs repair,0.0
INSP01752,2026-01-31,0229,,1.0,,1.0,0.0,Abha Thakur,No Remarks,33.33
INSP02455,2025-10-27,SCH0439,1.0,1.0,1.0,1.0,0.0,Unknown Inspector,Needs repair,20.0
INSP00503,2026-03-21,SCH0389,,1.0,1.0,0.0,0.0,Krishna Dave,Toilets locked,50.0
INSP02978,2026-01-29,SCH0039,,1.0,1.0,0.0,,Kamya Goswami,Needs repair,33.33
INSP00780,2025-06-06,SCH0295,1.0,0.0,1.0,,1.0,Balveer Sani,Toilets locked,25.0
INSP01864,2025-05-16,SCH0221,,1.0,1.0,0.0,0.0,Aditya Ganguly,No Remarks,50.0
INSP00201,2025-05-17,SCH0024,1.0,1.0,1.0,0.0,,Unknown Inspector,Good condition,25.0
INSP02183,2025-05-20,SCH0267,1.0,1.0,,,1.0,Niharika De,Average,0.0
INSP02089,2026-02-19,SCH0557,,1.0,0.0,0.0,0.0,Eesha Minhas,No Remarks,75.0
INSP02279,2025-07-18,SCH0443,1.0,1.0,1.0,1.0,,Jonathan Bava,No remarks,0.0
INSP01797,2025-08-19,SCH0267,1.0,1.0,1.0,,1.0,Anthony Mani,Good condition,0.0
INSP00379,2025-09-17,SCH0024,1.0,0.0,1.0,,0.0,Aarini Nagy,Good condition,50.0
INSP02337,2025-08-01,SCH0355,1.0,,1.0,0.0,1.0,Chatresh Datta,No Remarks,25.0
INSP00419,2025-07-07,SCH0522,1.0,1.0,,1.0,1.0,Tanveer Vala,Good condition,0.0
INSP01699,2025-07-28,SCH0012,0.0,1.0,0.0,1.0,,Unknown Inspector,No Remarks,50.0
INSP00392,2025-09-25,SCH0403,1.0,,,,1.0,Orinder Nanda,Needs repair,0.0
INSP02641,2026-07-03,0233,0.0,1.0,0.0,0.0,1.0,Baghyawati Johal,Toilets locked,60.0
INSP01523,2025-10-06,SCH0463,0.0,1.0,0.0,1.0,0.0,Frado Chandran,Needs repair,60.0
INSP01163,2025-10-12,SCH0377,1.0,1.0,1.0,0.0,0.0,Xiti Chandra,Needs repair,40.0
INSP01496,2025-04-20,SCH0300,1.0,1.0,1.0,,0.0,Umang Raman,No Remarks,25.0
INSP02696,2025-11-14,SCH0159,1.0,1.0,1.0,0.0,0.0,Saumya Buch,Average,40.0
INSP02028,2025-09-03,0104,1.0,1.0,1.0,1.0,1.0,Falak Patil,No Remarks,0.0
INSP01153,2025-10-21,SCH0049,1.0,1.0,1.0,1.0,1.0,Bimala Hayer,Average,0.0
INSP01368,2025-05-12,SCH0132,1.0,,,0.0,0.0,Radha Tara,Good condition,66.67
INSP02569,2026-03-25,0148,0.0,0.0,1.0,0.0,1.0,Warinder Chatterjee,No Remarks,60.0
INSP00065,2025-11-26,SCH0368,1.0,,1.0,1.0,,Aarna Kala,No Remarks,0.0
INSP02063,2026-02-06,SCH0136,0.0,1.0,,,,Brijesh Sule,Needs repair,50.0
INSP01181,2025-09-26,SCH0285,0.0,,0.0,0.0,0.0,Waida Shan,Toilets locked,100.0
INSP00493,2026-05-03,SCH0472,1.0,1.0,0.0,1.0,,Daksh Thaker,Needs repair,25.0
INSP00380,2026-01-22,SCH0578,1.0,1.0,,1.0,1.0,Unknown Inspector,Toilets locked,0.0
INSP02236,2026-01-21,SCH0526,1.0,1.0,1.0,0.0,0.0,Damyanti Pant,No Remarks,40.0
INSP00764,2025-04-09,SCH0222,0.0,1.0,1.0,1.0,1.0,Girik Sethi,No Remarks,20.0
INSP02265,2026-02-06,SCH0420,1.0,1.0,1.0,1.0,1.0,Mekhala Pingle,No Remarks,0.0
INSP00792,2025-12-22,SCH0419,,1.0,1.0,1.0,1.0,Girish Barad,Average,0.0
INSP01077,2026-02-13,SCH0302,1.0,1.0,1.0,1.0,1.0,Jatin Sarma,Toilets locked,0.0
INSP00879,2025-11-11,SCH0588,1.0,1.0,1.0,0.0,,Yashodhara Chaudhuri,Good condition,25.0
INSP00338,2026-03-13,SCH0512,1.0,,1.0,1.0,1.0,Hredhaan Bumb,Good condition,0.0
INSP02768,2026-12-01,SCH0095,1.0,1.0,1.0,1.0,,Alka Srinivasan,No remarks,0.0
INSP02344,2026-01-03,S0343,1.0,1.0,1.0,1.0,0.0,Nathaniel Kata,Toilets locked,20.0
INSP01017,2025-04-06,SCH0331,0.0,0.0,1.0,1.0,0.0,Kala Wason,Good condition,60.0
INSP01276,2025-06-14,SCH0343,1.0,,0.0,0.0,0.0,Unknown Inspector,Good condition,75.0
INSP00456,2025-04-10,SCH0302,1.0,1.0,1.0,1.0,1.0,Aahana Contractor,Good condition,0.0
INSP00816,2025-06-25,SCH0492,1.0,1.0,1.0,0.0,0.0,Amol Brahmbhatt,Average,40.0
INSP02318,2026-03-08,SCH0523,1.0,1.0,,1.0,0.0,Brijesh Pai,Average,25.0
INSP00996,2025-06-23,SCH0389,0.0,1.0,0.0,0.0,1.0,Sathvik Pillai,Needs repair,60.0
INSP01982,2025-08-24,S0100,1.0,1.0,1.0,0.0,,Avi Ratta,No remarks,25.0
INSP00202,2025-05-27,SCH0045,0.0,1.0,1.0,0.0,1.0,Upadhriti Bandi,Average,40.0
INSP00162,2025-07-11,SCH0395,,1.0,0.0,1.0,0.0,Anmol Nagy,No Remarks,50.0
INSP01580,2025-11-04,0043,1.0,,0.0,0.0,0.0,Unknown Inspector,Needs repair,75.0
INSP02778,2025-12-05,SCH0574,1.0,1.0,1.0,1.0,0.0,Adweta Deep,Toilets locked,20.0
INSP02450,2025-10-16,SCH0375,1.0,1.0,,1.0,0.0,Unknown Inspector,No Remarks,25.0
INSP00703,2025-08-31,SCH0463,1.0,1.0,,,0.0,Indali Mann,Good condition,33.33
INSP01501,2025-05-02,SCH0596,1.0,1.0,1.0,,1.0,Ekaja Chhabra,No remarks,0.0
INSP01130,2025-12-28,SCH0411,0.0,1.0,1.0,,0.0,Omkaar Bora,Toilets locked,50.0
INSP02614,2025-07-08,SCH0263,1.0,1.0,,1.0,1.0,Charles Barad,No Remarks,0.0
INSP01022,2026-04-01,SCH0261,,,,1.0,0.0,Yashawini Mani,Needs repair,50.0
INSP01586,2025-05-04,S0182,,1.0,1.0,1.0,,Rudra Puri,Toilets locked,0.0
INSP01956,2025-07-15,SCH0409,0.0,1.0,1.0,1.0,0.0,Warhi Prasad,Good condition,40.0
INSP02254,2025-12-31,SCH0528,1.0,1.0,0.0,1.0,0.0,Triya Oommen,Average,40.0
INSP00035,2025-08-28,SCH0336,,1.0,,1.0,0.0,Warhi Gulati,Toilets locked,33.33
INSP00776,2025-04-07,SCH0091,,0.0,1.0,1.0,1.0,Jatin Ahluwalia,No remarks,25.0
INSP02557,2026-02-06,SCH0078,0.0,1.0,0.0,0.0,1.0,Laksh Khatri,Needs repair,60.0
INSP01479,2025-01-12,S0245,0.0,1.0,1.0,1.0,1.0,Ekalinga Banerjee,Good condition,20.0
INSP01391,2025-03-06,SCH0083,0.0,1.0,,0.0,1.0,Riya Pandey,Average,50.0
INSP02140,2025-05-15,SCH0450,1.0,1.0,0.0,,1.0,David Bhardwaj,Good condition,25.0
INSP01364,2025-02-08,S0391,1.0,1.0,1.0,1.0,1.0,Kalpit Dixit,Needs repair,0.0
INSP02946,2026-02-16,S0479,1.0,1.0,0.0,0.0,1.0,Ethan Balay,No remarks,40.0
INSP02613,2025-04-22,S0288,,,1.0,0.0,0.0,Unknown Inspector,No remarks,66.67
INSP02825,2025-05-18,SCH0563,1.0,1.0,1.0,0.0,0.0,Vidhi Borah,No Remarks,40.0
INSP02042,2025-08-23,SCH0255,0.0,0.0,1.0,1.0,1.0,Omya Kurian,Toilets locked,40.0
INSP00242,2025-05-23,SCH0160,1.0,1.0,,1.0,1.0,Samaksh Kaul,Needs repair,0.0
INSP02062,2026-01-08,SCH0366,1.0,1.0,,1.0,1.0,Panini Mukhopadhyay,No Remarks,0.0
INSP02364,2025-07-31,S0288,1.0,1.0,,,1.0,Saumya Dyal,No remarks,0.0
INSP00601,2025-09-27,S0260,1.0,1.0,0.0,0.0,0.0,Dominic Sehgal,Needs repair,60.0
INSP02436,2025-11-11,SCH0229,1.0,0.0,0.0,1.0,0.0,Indira Ganesan,No Remarks,60.0
INSP01298,2025-07-11,SCH0410,0.0,0.0,1.0,,1.0,Mitesh Gokhale,Toilets locked,50.0
INSP02215,2026-01-03,SCH0108,0.0,1.0,1.0,,1.0,Vrinda Srinivasan,Toilets locked,25.0
INSP02889,2025-11-06,SCH0258,0.0,1.0,,1.0,,Viraj Dua,Average,33.33
INSP02069,2026-03-27,SCH0164,,1.0,,0.0,1.0,Unknown Inspector,No remarks,33.33
INSP00647,2025-10-06,S0385,1.0,1.0,,0.0,0.0,Akshay Saha,Average,50.0
INSP01529,2025-11-20,S0412,,1.0,,1.0,0.0,Nikita Pandya,No Remarks,33.33
INSP02880,2025-07-23,SCH0151,1.0,1.0,1.0,0.0,,Anmol Saxena,Toilets locked,25.0
INSP01268,2025-05-31,SCH0550,1.0,1.0,0.0,,1.0,Oni Jaggi,Average,25.0
INSP01900,2025-08-10,SCH0293,,0.0,1.0,1.0,0.0,Priya Sankar,Good condition,50.0
INSP00563,2025-08-30,SCH0221,0.0,0.0,1.0,,,Lohit Uppal,Good condition,66.67
INSP02735,2026-02-09,SCH0373,1.0,0.0,1.0,1.0,0.0,Hardik Ray,No Remarks,40.0
INSP00190,2025-12-17,SCH0053,1.0,0.0,1.0,0.0,0.0,Rayaan Hayer,Average,60.0
INSP01807,2026-03-10,SCH0300,1.0,1.0,1.0,1.0,0.0,Jhalak Gopal,Needs repair,20.0
INSP00976,2025-04-02,SCH0068,1.0,,1.0,1.0,0.0,Umang Dora,Needs repair,25.0
INSP02748,2025-09-04,SCH0562,1.0,1.0,1.0,0.0,1.0,Bhavika Balakrishnan,Needs repair,20.0
INSP02048,2026-03-03,SCH0142,1.0,1.0,,1.0,1.0,Dhruv Shanker,No remarks,0.0
INSP02559,2026-02-23,SCH0007,0.0,1.0,1.0,1.0,1.0,Patrick Tak,No remarks,20.0
INSP01083,2025-12-16,SCH0139,1.0,1.0,0.0,,0.0,Inaya Reddy,Toilets locked,50.0
INSP00475,2025-05-01,SCH0196,0.0,1.0,1.0,0.0,0.0,Yoshita Parmer,Average,60.0
INSP02905,2025-10-11,SCH0086,1.0,1.0,1.0,1.0,0.0,Avi Keer,No remarks,20.0
INSP00748,2025-04-16,SCH0141,1.0,1.0,1.0,0.0,1.0,Unknown Inspector,Needs repair,20.0
INSP02301,2025-08-20,SCH0509,0.0,,1.0,1.0,1.0,Unknown Inspector,Good condition,25.0
INSP00022,2026-02-20,SCH0268,1.0,1.0,,1.0,0.0,Aarini Baral,Good condition,25.0
INSP00460,2025-06-15,SCH0398,1.0,1.0,1.0,,0.0,Charita Agate,No Remarks,25.0
INSP01185,2026-02-26,SCH0279,,1.0,1.0,,,Ekta Kamdar,Average,0.0
INSP02325,2025-09-01,SCH0008,1.0,1.0,,1.0,0.0,Qushi Loyal,Average,25.0
INSP00956,2025-06-03,0367,0.0,1.0,,0.0,0.0,Gauri Bali,Toilets locked,75.0
INSP01216,2025-08-13,SCH0040,0.0,1.0,1.0,1.0,1.0,Kalpit Varkey,Needs repair,20.0
INSP02434,2025-05-10,SCH0105,0.0,1.0,1.0,0.0,0.0,Pahal Shukla,Toilets locked,60.0
INSP02854,2025-09-09,SCH0217,1.0,1.0,1.0,0.0,1.0,Tejas Aurora,Needs repair,20.0
INSP01516,2025-05-27,SCH0504,0.0,1.0,,1.0,,Dhruv Chander,Toilets locked,33.33
INSP02392,2026-01-07,SCH0224,1.0,1.0,1.0,0.0,1.0,Gayathri Panchal,Average,20.0
INSP00770,2025-05-12,SCH0349,,,1.0,0.0,0.0,Unnati Ram,Toilets locked,66.67
INSP01686,2025-08-24,SCH0452,1.0,1.0,,1.0,0.0,Unknown Inspector,Average,25.0
INSP00131,2025-12-08,SCH0169,1.0,1.0,1.0,1.0,,Kala Dubey,Average,0.0
INSP02920,2026-01-31,SCH0315,1.0,1.0,1.0,0.0,1.0,Lakshmi Mangal,Toilets locked,20.0
INSP02136,2026-01-22,SCH0114,0.0,1.0,1.0,,1.0,Chaitaly Bhasin,No Remarks,25.0
INSP01483,2025-07-24,SCH0354,1.0,1.0,1.0,1.0,1.0,Yashoda Sehgal,Good condition,0.0
INSP00331,2025-12-04,SCH0420,1.0,1.0,1.0,1.0,1.0,Balhaar Chatterjee,Average,0.0
INSP01239,2025-07-22,SCH0174,1.0,,1.0,1.0,0.0,Qarin Mukhopadhyay,Needs repair,25.0
INSP00467,2025-05-05,SCH0438,1.0,1.0,1.0,1.0,1.0,Leela Bumb,Average,0.0
INSP02170,2025-05-16,0490,1.0,1.0,1.0,1.0,0.0,Akshay Muni,No Remarks,20.0
INSP01639,2025-09-09,SCH0305,1.0,1.0,1.0,1.0,0.0,Unknown Inspector,No Remarks,20.0
INSP01096,2025-07-10,SCH0435,,1.0,1.0,1.0,0.0,Caleb Bhakta,No Remarks,25.0
INSP01131,2025-09-08,SCH0035,1.0,0.0,1.0,1.0,1.0,Chanchal Modi,Good condition,20.0
INSP01295,2025-09-29,SCH0549,0.0,,,1.0,1.0,Gaurang Raman,Good condition,33.33
INSP00861,2025-11-01,SCH0301,1.0,1.0,,1.0,0.0,Unknown Inspector,No remarks,25.0
