inspection_id,date,school_id,has_electricity,has_drinking_water,has_functional_toilet,has_boundary_wall,has_playground,inspector_name,remarks
INSP02966,2025-04-02,SCH0476,True,True,True,True,,Fariq Tripathi,Good condition
INSP00970,2025-05-13,SCH0337,True,True,True,True,True,Unnati Kulkarni,Good condition
INSP01386,2025-06-26,SCH0127,True,True,False,True,True,Girik Natt,Toilets locked
INSP01234,2025-06-02,SCH0372,False,False,True,True,False,Rudra Kurian,Good condition
INSP02997,2025-10-29,SCH0517,True,True,True,True,False,Mohammed Dara,Average
INSP02408,2025-10-30,SCH0334,,False,True,False,True,,No remarks
INSP02849,2025-07-23,SCH0229,True,True,True,True,False,Meera Sachar,Needs repair
INSP01240,2025-12-29,SCH0072,True,True,True,False,False,Shivani Konda,Toilets locked
INSP02649,2026-01-20,SCH0516,True,True,True,True,True,Yachana Mody,Good condition
INSP01667,2025-05-12,SCH0182,True,True,True,False,True,Eiravati Choudhry,Good condition
INSP02398,2026-01-05,SCH0221,True,False,True,False,True,Ira Choudhary,No remarks
INSP01451,2025-12-29,SCH0026,True,False,True,True,True,,Needs repair
INSP00613,2025-10-04,SCH0092,True,True,True,,False,Maya Chada,Good condition
INSP01189,2025-12-25,SCH0063,True,False,True,True,False,Caleb Lala,Toilets locked
INSP00832,2025-10-02,SCH0509,False,,True,True,False,Xavier Gade,
INSP02501,2025-05-10,SCH0033,True,True,True,False,False,Kamya Ravi,Toilets locked
INSP00333,2025-09-10,SCH0477,True,,True,False,True,Jasmit Ramachandran,Toilets locked
INSP02727,2025-10-06,SCH0522,True,True,True,True,True,Chasmum Uppal,Good condition
INSP00145,2025-11-22,SCH0215,False,True,True,True,False,Yachana Mangat,Toilets locked
INSP02233,2025-10-23,SCH0428,True,True,True,True,False,Samaksh Khare,Average
INSP01671,2025-12-22,SCH0042,True,True,True,False,True,Manan Mangat,Needs repair
INSP01776,2025-09-14,SCH0403,False,True,True,True,,Manbir Sodhi,Needs repair
INSP01733,2025-10-23,SCH0175,True,True,False,True,True,Qarin Nayar,Toilets locked
INSP02204,2026-02-06,SCH0010,False,True,True,False,True,,
INSP02552,2025-08-04,SCH0140,False,True,True,True,True,Gaurangi Ratti,Toilets locked
INSP00219,2025-09-09,SCH0325,False,True,True,True,False,Zehaan Deshpande,Average
INSP00292,2025-11-25,SCH0371,True,True,True,False,True,Chasmum Ganguly,No remarks
INSP02177,2025-04-26,SCH0583,True,True,,False,True,Jonathan Jain,Good condition
INSP00818,2025-09-16,SCH0078,True,False,True,True,False,Krishna Gaba,Average
INSP00602,2025-11-20,SCH0360,True,True,True,True,False,Umang Sagar,Average
INSP00018,2026-03-15,SCH0582,True,True,True,True,False,Unnati Goel,
INSP00171,2025-04-02,SCH0067,False,True,False,False,False,Sneha Ghosh,Good condition
INSP01738,2025-10-02,SCH0230,True,True,True,False,False,Osha Bajwa,
INSP02283,2025-09-21,SCH0559,True,True,True,True,True,Sai Warrior,Average
INSP02803,2026-02-19,SCH0238,False,True,True,False,False,Ekaraj Sehgal,
INSP01408,2026-03-10,SCH0274,,True,True,False,True,Kamala Roy,Average
INSP00179,2025-09-12,SCH0577,True,True,True,True,True,Riya Kant,Good condition
INSP01337,2025-06-03,SCH0011,True,True,True,False,False,Imaran Tandon,Toilets locked
INSP01815,2025-05-01,SCH0240,False,False,True,True,False,Lavanya Choudhry,Average
INSP02205,2025-11-07,SCH0037,True,True,True,False,False,Rudra Bail,Toilets locked
INSP01412,2025-08-05,SCH0596,False,True,True,False,False,Sai Bhasin,Average
INSP02746,2025-11-13,SCH0422,True,True,True,True,,Isaac Kalla,
INSP01663,2026-03-06,SCH0456,False,True,True,False,,Neel Ganesh,Needs repair
INSP01227,2025-06-29,SCH0398,True,False,,True,True,Isaiah Mangat,
INSP02025,2025-10-08,SCH0219,True,True,True,True,True,Bhanumati Chaudhari,
INSP02771,2026-02-03,SCH0339,True,True,True,True,False,Rajata Mistry,Toilets locked
INSP02097,2025-05-05,SCH0564,False,False,True,True,,Laksh Dugar,Good condition
INSP00135,2026-09-03,SCH0542,,True,True,False,True,Jackson Narasimhan,Toilets locked
INSP02846,2026-02-12,SCH0258,False,True,True,True,False,Ishanvi Arya,Average
INSP02987,2025-06-24,SCH0131,,True,True,False,True,Kevin Gade,Needs repair
INSP00103,2026-02-24,SCH0022,True,True,True,True,True,Netra Ram,Average
INSP00415,2025-11-05,SCH0093,True,True,True,True,True,Liam Sibal,Average
INSP02697,2026-02-12,SCH0122,True,True,True,False,True,Hritik Naidu,Toilets locked
INSP01484,2025-12-21,SCH0362,True,True,True,True,True,Hamsini Pandya,Toilets locked
INSP01188,2025-06-15,SCH0005,False,False,True,False,True,Max Shenoy,Toilets locked
INSP01730,2025-10-26,SCH0476,False,True,True,True,False,,Good condition
INSP02006,2025-08-02,SCH0075,True,True,True,False,False,Zashil Hegde,Average
INSP02154,2025-10-12,SCH0434,True,False,True,True,False,,No remarks
INSP02572,2025-04-28,SCH0556,True,False,True,False,True,Girindra Tiwari,
INSP01147,2025-09-30,SCH0535,True,False,True,False,False,Vritti Agarwal,No remarks
INSP00310,2026-02-20,SCH0037,True,True,True,True,False,,
INSP02274,2025-12-19,SCH0434,True,True,True,True,False,Baghyawati Chana,Toilets locked
INSP02440,2026-01-09,SCH0458,False,True,True,True,False,Shivansh Trivedi,Toilets locked
INSP00193,2026-03-12,SCH0533,False,True,True,True,True,Shivansh Tara,No remarks
INSP00195,2025-12-07,SCH0346,True,True,True,True,False,Nimrat Hayer,Toilets locked
INSP00777,2025-06-18,SCH0058,True,False,True,True,False,Oeshi Pradhan,Needs repair
INSP01678,2026-03-24,SCH0263,True,True,True,True,False,Fitan Halder,Toilets locked
INSP01236,2025-11-03,SCH0442,False,True,False,False,False,,Good condition
INSP01394,2025-09-14,SCH0261,True,True,True,False,False,Yamini Naidu,Needs repair
INSP00045,2025-04-11,SCH0003,True,True,False,True,True,Nicholas Keer,No remarks
INSP01765,2025-04-28,SCH0167,False,True,False,False,False,Zinal Bhavsar,Average
INSP00946,2025-06-09,SCH0129,True,True,True,False,True,Isaac Khatri,
INSP02052,2025-08-18,SCH0398,True,True,False,True,False,Peter Mody,No remarks
INSP00830,2025-07-20,SCH0526,True,False,True,True,False,Yatin Ghose,Toilets locked
INSP02967,2025-09-16,SCH0153,False,True,True,False,False,Falak Jaggi,Good condition
INSP02922,2026-02-04,SCH0194,True,True,True,True,False,Isaiah Nagarajan,
INSP01279,2025-12-13,SCH0475,True,True,False,True,False,Ekani Oommen,Average
INSP02900,2025-06-28,SCH0138,False,True,True,True,False,Maya Sastry,
INSP02808,2025-04-30,SCH0052,False,True,True,False,True,Vyanjana Badal,Good condition
INSP01802,2026-02-28,SCH0364,False,True,True,True,False,Aishani Dhillon,Needs repair
INSP00486,2025-09-06,SCH0501,,True,True,False,True,Faras Yohannan,Average
INSP02372,2026-03-13,SCH0600,True,False,True,True,False,Upkaar Narang,Good condition
INSP00443,2025-05-15,SCH0530,True,False,True,True,,Gauri Deshmukh,Average
INSP01642,2025-11-26,SCH0239,True,True,True,,True,Vasudha Jayaraman,Average
INSP02598,2025-04-28,SCH0223,True,True,True,True,True,Pranav Master,Average
INSP01714,2025-07-05,SCH0320,False,True,True,True,True,,Good condition
INSP02982,2025-09-26,SCH0169,False,True,,,True,Sanya Choudhry,Toilets locked
INSP00757,2025-10-22,SCH0129,False,True,True,False,True,Bhanumati Sridhar,Needs repair
INSP01881,2025-04-29,SCH0593,True,True,True,True,False,Hemani Chander,No remarks
INSP00241,2025-11-09,SCH0360,True,True,True,True,True,Peter Rajagopalan,Needs repair
INSP02355,2026-01-22,SCH0211,True,True,False,True,True,Alexander Gokhale,
INSP01666,2025-12-27,SCH0199,True,True,False,False,False,Diya Saini,
INSP02431,2026-03-16,SCH0083,True,True,True,False,True,Ikshita Dhillon,No remarks
INSP01744,2026-10-02,SCH0308,True,True,True,False,True,Ekansh Bhandari,No remarks
INSP00140,2025-07-10,SCH0103,True,True,False,True,False,Zaitra Chandran,Good condition
INSP00347,2025-09-16,SCH0194,,True,False,True,True,Neel Murthy,
INSP01537,2025-10-29,SCH0105,True,True,True,False,True,Chandran Gopal,
INSP00315,2025-11-13,SCH0483,True,True,True,False,False,Anvi Tara,Needs repair
INSP01743,2026-02-06,SCH0257,True,True,True,True,True,,
INSP00323,2025-10-02,SCH0316,True,True,True,False,False,Raksha Jain,Good condition
INSP01682,2026-01-07,SCH0302,True,True,True,True,True,Vaishnavi Rau,Average
INSP01460,2025-05-09,SCH0289,True,False,True,False,,Charles Bahri,Average
INSP02034,2026-01-12,SCH0386,True,False,False,False,False,Zarna Rau,
INSP00257,2025-07-21,SCH0408,,True,True,True,True,Advay Rama,Average
INSP02300,2026-01-17,SCH0566,,False,True,False,True,Balhaar Wable,Toilets locked
INSP01732,2025-12-11,SCH0529,True,False,False,True,False,Dalaja Lala,Needs repair
INSP02601,2026-03-01,SCH0154,True,True,True,False,False,Vrishti Dugar,Toilets locked
INSP00204,2025-06-09,SCH0590,True,True,False,True,True,Jacob Mani,No remarks
INSP01785,2025-03-04,SCH0488,False,True,True,False,False,Vidhi Om,Good condition
INSP00299,2025-12-14,SCH0599,False,True,True,False,False,Odika Bhandari,
INSP00052,2025-12-07,SCH0320,False,True,True,False,False,Daksha Kapadia,Good condition
INSP00215,2025-05-19,SCH0419,True,True,True,False,False,Ikbal Nagy,Needs repair
INSP00064,2026-03-03,SCH0051,True,True,True,False,False,Forum Choudhary,Toilets locked
INSP02497,2026-02-23,SCH0004,True,True,True,True,False,Ayushman Vyas,Needs repair
INSP02801,2025-08-05,SCH0473,False,False,False,True,True,Lavanya Thaker,Needs repair
INSP01358,2025-12-11,SCH0527,True,False,True,False,False,Ojasvi Chad,Toilets locked
INSP00300,2025-04-13,SCH0443,False,True,True,False,True,Yauvani Narang,Toilets locked
INSP00433,2025-08-27,SCH0523,True,True,True,True,True,Viraj Munshi,Toilets locked
INSP01101,2026-02-26,SCH0512,False,True,True,False,True,Abdul Dayal,Average
INSP00053,2025-04-05,SCH0112,True,True,True,True,False,Lipika Agarwal,Needs repair
INSP00795,2025-10-20,SCH0458,False,True,True,True,,Caleb Pandya,No remarks
INSP02078,2025-10-15,SCH0542,False,True,True,False,False,Raghav Bakshi,Average
INSP01252,2025-10-22,SCH0450,True,True,True,False,False,Dev Sawhney,Average
INSP01075,2025-09-03,SCH0176,False,True,False,True,False,Oviya Sidhu,Average
INSP02378,2025-07-03,SCH0441,True,True,True,True,False,Manthan Bora,
INSP01588,2025-12-12,SCH0440,True,True,True,True,True,Yatin Mander,Toilets locked
INSP01289,2025-10-31,SCH0546,True,True,True,True,True,Brijesh Natarajan,Toilets locked
INSP01675,2025-08-26,SCH0035,True,True,True,True,,Rachana Vaidya,No remarks
INSP02133,2026-01-12,SCH0367,True,False,True,False,False,Krishna Viswanathan,Toilets locked
INSP01448,2026-03-03,SCH0422,True,True,True,,False,Isaac Pall,Average
INSP02897,2025-10-14,SCH0263,True,True,False,False,False,Idika Muni,No remarks
INSP00071,2025-08-20,SCH0047,True,,True,False,False,Advaith Ghosh,No remarks
INSP00643,2026-03-30,SCH0506,True,True,True,True,True,Anjali Lalla,No remarks
INSP02543,2026-03-04,SCH0164,False,True,True,False,True,Quincy Ramaswamy,No remarks
INSP00945,2025-12-11,SCH0073,True,True,True,False,True,Omaja Ghose,Toilets locked
INSP02852,2026-01-11,SCH0050,True,True,True,,False,Hardik Venkatesh,
INSP02539,2025-04-21,SCH0131,True,,True,True,True,Jeet Swaminathan,
INSP01106,2025-04-13,SCH0254,True,,True,True,False,,No remarks
INSP01175,2025-04-22,SCH0422,False,False,True,False,False,Amaira Tara,Average
INSP02670,2025-08-10,SCH0525,False,True,False,True,False,Krish Kala,
INSP01757,2025-04-25,SCH0354,,True,True,True,True,Siya Kashyap,
INSP00479,2025-07-09,SCH0535,True,False,True,False,,Eiravati Buch,Toilets locked
INSP02178,2026-01-03,SCH0160,True,True,False,False,True,Madhav Rattan,Needs repair
INSP02429,2025-06-14,SCH0291,True,True,False,True,False,Ekantika Nath,Needs repair
INSP00730,2025-09-10,SCH0305,True,False,True,True,False,Eshana Dey,Needs repair
INSP01761,2025-07-18,SCH0564,False,True,True,True,,Tanveer Reddy,Average
INSP02282,2025-10-30,SCH0168,True,True,True,False,True,Yug Sur,Average
INSP00290,2025-12-28,SCH0416,,True,,True,True,Warjas Vala,
INSP01092,2025-12-23,SCH0532,True,True,True,False,True,Balendra Warrior,Needs repair
INSP01420,2025-05-01,SCH0040,False,True,True,True,,Darsh Nori,Needs repair
INSP00451,2025-07-15,SCH0490,True,True,False,False,False,Qushi Tella,Average
INSP02443,2026-02-23,SCH0473,True,,True,True,,Chavvi Pradhan,
INSP00808,2025-07-02,SCH0493,True,False,False,True,,Azaan Basak,
INSP00464,2025-06-30,SCH0227,True,True,True,True,False,Bhavya Doshi,Average
INSP02529,2025-07-19,SCH0041,True,True,False,True,True,Advik Raja,Needs repair
INSP02699,2025-03-12,SCH0482,True,True,False,True,False,,
INSP00568,2026-03-31,SCH0043,True,True,False,False,False,Edhitha Srivastava,Needs repair
INSP01611,2025-06-11,SCH0493,True,True,True,True,True,Zehaan Virk,Needs repair
INSP00077,2025-08-18,SCH0186,False,False,True,True,False,Aachal Chandra,Good condition
INSP00332,2025-08-20,SCH0450,True,True,True,True,True,Fiyaz Chanda,Average
INSP00612,2026-03-17,SCH0327,True,True,True,False,,Geetika Raman,
INSP01074,2025-12-10,SCH0265,False,True,True,True,False,Tanvi Wagle,Toilets locked
INSP00786,2026-02-13,SCH0313,False,False,False,True,True,Zarna Bhargava,No remarks
INSP00046,2025-11-14,SCH0280,True,True,True,True,False,Naksh Ray,Good condition
INSP02908,2025-06-12,SCH0248,True,True,False,True,False,Bhavani Gaba,Toilets locked
INSP00344,2026-06-01,SCH0451,True,True,True,True,True,Ganga Korpal,Toilets locked
INSP02171,2025-11-27,SCH0171,True,True,False,False,False,Anirudh Muni,Good condition
INSP01560,2025-09-06,SCH0554,True,True,True,False,False,,Needs repair
INSP00545,2025-06-02,SCH0302,False,True,True,True,True,Ishanvi Wason,Needs repair
INSP01024,2025-08-11,SCH0428,True,True,True,True,True,Rehaan Ahluwalia,No remarks
INSP00153,2025-10-15,SCH0540,True,True,True,True,True,Geetika Kulkarni,
INSP01981,2025-05-03,SCH0499,True,True,True,False,False,,Toilets locked
INSP01323,2025-09-07,SCH0264,True,True,True,True,False,Triya Dutta,No remarks
INSP01019,2025-06-06,SCH0303,True,True,True,True,False,Vedant Hayer,No remarks
INSP02182,2026-01-29,SCH0248,True,True,True,False,True,Krisha Mital,Good condition
INSP00001,2025-09-22,SCH0087,True,True,True,True,,Ira Ranganathan,Good condition
INSP01463,2025-06-28,SCH0247,False,True,False,True,True,Alexander Garde,Needs repair
INSP00622,2025-10-05,SCH0089,False,True,True,False,False,Girish Batta,Average
INSP00409,2025-04-17,SCH0069,True,True,True,False,True,Vaishnavi Sarkar,No remarks
INSP02837,2025-04-06,SCH0424,False,False,False,False,False,Gabriel Biswas,Average
INSP01967,2025-08-30,SCH0105,True,False,True,False,False,Yoshita Sridhar,Toilets locked
INSP02845,2025-11-29,SCH0341,True,True,True,True,True,Parth Bawa,Average
INSP01622,2026-03-15,SCH0546,True,True,False,False,True,Chaman Dubey,
INSP01367,2025-12-21,SCH0078,True,True,True,True,True,Suhani Viswanathan,Good condition
INSP00888,2025-08-21,SCH0179,False,False,True,,False,Niharika Subramaniam,
INSP01845,2025-05-20,SCH0105,True,True,True,True,False,Wridesh Patil,
INSP00033,2025-06-24,SCH0323,True,True,True,True,True,Urvi Dani,
INSP00212,2025-05-22,SCH0080,True,True,True,False,False,Daksh Vora,Good condition
INSP02551,2025-12-20,SCH0186,True,True,True,True,False,David Cheema,Toilets locked
INSP00015,2025-04-05,SCH0124,True,True,False,True,True,Yashoda Jani,Average
INSP00094,2025-10-28,SCH0234,True,False,True,False,True,Ekapad Rattan,Needs repair
INSP01256,2025-08-30,SCH0037,True,True,True,True,True,Manya Mody,No remarks
INSP01398,2025-11-05,SCH0517,True,True,True,False,False,Wahab Patil,Toilets locked
INSP02819,2025-11-10,SCH0116,True,True,False,,True,,Good condition
INSP00355,2026-02-03,SCH0410,True,True,,True,False,Yoshita Nazareth,Average
INSP00150,2025-12-30,SCH0428,True,False,False,False,True,Christopher Dutt,Good condition
INSP00255,2025-05-05,SCH0540,True,True,False,True,True,Jai Varughese,Average
INSP02030,2025-04-04,SCH0010,True,True,False,True,False,,
INSP00599,2025-04-13,SCH0292,True,True,False,True,False,Bakhshi Shan,
INSP00185,2025-05-30,SCH0041,False,True,True,False,False,Osha Iyengar,No remarks
INSP00579,2025-06-07,SCH0345,False,True,False,False,False,,Average
INSP01091,2025-09-12,SCH0447,True,True,True,True,True,,
INSP01174,2025-11-25,SCH0340,True,True,True,True,False,Maanav Rau,Needs repair
INSP02252,2025-12-04,SCH0476,True,True,True,False,False,Anita Kannan,
INSP00472,2025-08-26,SCH0242,True,True,True,False,True,Janya Lalla,Average
INSP01966,2026-03-13,SCH0281,True,True,False,False,True,Vihaan Varma,Good condition
INSP01964,2025-06-21,SCH0598,True,True,True,True,False,Jeevika Pandit,Average
INSP01303,2026-03-17,SCH0359,True,True,,True,False,Vihaan Bora,Good condition
INSP02998,2026-03-20,SCH0117,True,True,,True,False,Arya Shenoy,Toilets locked
INSP00258,2025-06-07,SCH0067,False,True,True,True,False,Unnati Iyengar,Toilets locked
INSP00933,2025-07-02,SCH0176,False,True,True,True,True,Yashasvi Sethi,No remarks
INSP01685,2025-11-20,SCH0505,True,True,False,False,False,Ayushman Chand,Average
INSP00719,2025-06-12,SCH0533,True,True,True,True,True,Harinakshi Boase,
INSP00597,2026-02-06,SCH0014,False,True,False,True,False,Rohan Rau,No remarks
INSP00611,2025-09-01,SCH0432,True,True,True,True,True,Nachiket Purohit,No remarks
INSP00756,2025-10-24,SCH0489,,True,True,False,False,Suhani Baral,Toilets locked
INSP02326,2025-08-14,SCH0196,True,True,True,True,True,Wazir Varty,Good condition
INSP01507,2025-09-28,SCH0177,False,,True,False,True,Chanchal Parmer,
INSP02488,2025-12-13,SCH0209,True,False,True,True,False,Urvi Datta,Toilets locked
INSP01887,2025-07-16,SCH0019,True,True,True,True,False,Balvan Vohra,
INSP01339,2025-04-11,SCH0428,False,True,False,True,True,,Good condition
INSP02612,2025-09-08,SCH0400,,True,True,False,False,Wahab Thakkar,No remarks
INSP00175,2025-04-18,SCH0427,True,True,True,False,False,Abdul Ratti,Average
INSP01392,2025-07-10,SCH0428,True,True,True,True,True,Yug Pradhan,Needs repair
INSP02249,2026-03-17,SCH0026,True,True,True,True,False,Tanmayi Goel,
INSP00121,2025-09-08,SCH0480,True,True,True,True,True,Ekanta Ramesh,No remarks
INSP02893,2026-01-09,SCH0257,True,True,True,True,True,Maya Cheema,Toilets locked
INSP00529,2026-03-25,SCH0080,True,True,True,,True,Jacob Buch,Needs repair
INSP02568,2026-01-24,SCH0356,True,True,False,True,True,Mahika Swaminathan,
INSP00904,2026-02-13,SCH0380,,True,True,,False,Sai Vasa,Toilets locked
INSP02916,2026-03-19,SCH0327,True,True,False,False,True,Aditya Korpal,Needs repair
INSP00440,2025-10-15,SCH0026,True,True,True,True,True,Ronith Desai,Toilets locked
INSP01379,2025-04-06,SCH0026,True,True,True,True,,Samar Sandal,Average
INSP02773,2025-08-27,SCH0124,True,True,True,True,True,Pratyush Parsa,Good condition
INSP02145,2025-12-07,SCH0522,True,,False,True,True,Hemal Contractor,Good condition
INSP00189,2025-10-12,SCH0311,True,True,True,True,True,Ishanvi Mangal,Average
INSP01951,2025-08-13,SCH0202,True,True,False,True,True,,Average
INSP01265,2026-01-12,SCH0122,True,True,True,False,False,Maanas Murty,Toilets locked
INSP02351,2025-04-20,SCH0204,True,False,True,False,False,Leena Wason,
INSP01115,2025-04-09,SCH0269,,False,False,True,True,Darsh Krishna,No remarks
INSP00271,2026-12-01,SCH0240,True,True,True,True,False,Timothy Ghosh,Toilets locked
INSP00252,2025-10-04,SCH0111,True,True,True,True,False,Mohini Soni,
INSP00369,2026-03-27,SCH0347,False,True,False,True,True,Geetika Mishra,Toilets locked
INSP00388,2025-06-27,SCH0573,True,True,True,False,True,Ishaan Chandran,Average
INSP01422,2026-01-09,SCH0024,True,True,,True,False,George Rai,Good condition
INSP00810,2025-10-25,SCH0511,False,True,True,False,False,Ira Lall,
INSP01953,2025-06-06,SCH0033,False,,False,False,True,Ria Ray,No remarks
INSP02483,2025-06-27,SCH0237,,True,True,True,True,Bhanumati Balay,Needs repair
INSP00247,2025-12-19,SCH0255,False,True,False,True,False,,Needs repair
INSP01238,2025-05-20,SCH0211,True,True,False,True,True,Finn Oommen,No remarks
INSP02432,2025-08-05,SCH0406,True,,True,False,True,Lekha Khanna,Average
INSP01150,2025-10-09,SCH0432,False,True,True,False,False,Abhimanyu Gopal,Needs repair
INSP02168,2025-09-03,SCH0592,False,True,True,True,False,Isha Nazareth,
INSP00977,2025-08-28,SCH0305,True,True,True,True,False,Samar Modi,Good condition
INSP02500,2025-09-14,SCH0294,True,True,True,True,,,Needs repair
INSP02165,2025-10-31,SCH0541,True,True,True,True,True,Vansha Mand,Toilets locked
INSP00444,2026-02-04,SCH0458,True,True,True,True,True,Abha Om,Toilets locked
INSP02806,2025-10-12,SCH0599,True,True,False,False,True,Abhiram Karnik,Needs repair
INSP00565,2025-07-21,SCH0573,True,False,True,True,False,Lohit Palan,Good condition
INSP02093,2025-10-29,SCH0375,True,True,True,True,True,Rudra Master,Toilets locked
INSP00677,2025-04-11,SCH0143,False,True,True,True,False,Turvi Agarwal,Needs repair
INSP00880,2025-07-08,SCH0590,True,True,True,,False,,Toilets locked
INSP02660,2026-03-07,SCH0552,True,True,False,True,False,Nidra Bhatt,No remarks
INSP01860,2025-08-17,SCH0576,True,True,True,True,False,Onveer Kalla,Toilets locked
INSP02795,2025-12-15,SCH0260,True,True,True,True,False,Arin Seshadri,Average
INSP00176,2025-11-13,SCH0556,True,True,True,False,False,Tanay Master,Toilets locked
INSP00556,2025-06-16,SCH0479,False,True,True,False,False,Banjeet Garde,Toilets locked
INSP02222,2025-11-19,SCH0140,True,True,True,,,Tanvi Gupta,Average
INSP01557,2025-04-23,SCH0097,False,True,True,True,True,Vidhi Dora,Good condition
INSP02959,2026-02-24,SCH0062,False,True,True,True,False,Zinal Halder,No remarks
INSP02293,2026-03-07,SCH0237,False,True,True,False,False,Janani Varkey,No remarks
INSP01809,2025-12-19,SCH0294,True,True,,False,True,Nathaniel Mani,Needs repair
INSP00868,2025-04-09,SCH0321,True,False,True,False,False,,Good condition
INSP02119,2025-04-30,SCH0022,True,True,True,True,True,Dalbir Tandon,Good condition
INSP00450,2025-12-28,SCH0066,False,True,True,False,True,,Toilets locked
INSP01135,2025-10-20,SCH0317,True,False,False,False,False,Advik Peri,Needs repair
INSP01851,2026-02-28,SCH0294,True,True,True,True,True,Keya Dua,
INSP00582,2025-12-27,SCH0312,False,True,False,,False,Lekha Mammen,
INSP02491,2026-01-27,SCH0066,False,True,True,False,True,Eta Lalla,Average
INSP02051,2025-10-22,SCH0072,True,True,True,True,True,Thomas Dhar,Good condition
INSP02664,2025-06-13,SCH0199,False,True,False,,False,Bakhshi Koshy,No remarks
INSP01426,2026-01-18,SCH0067,True,True,True,True,True,Urvi Chandra,Average
INSP02172,2025-05-25,SCH0172,False,True,True,True,True,Upadhriti Singhal,No remarks
INSP00765,2025-04-26,SCH0333,False,True,False,False,False,Maanas Gupta,
INSP02549,2025-10-04,SCH0193,True,True,True,False,False,Advik Morar,Good condition
INSP00508,2026-03-14,SCH0042,True,True,False,True,True,,Good condition
INSP01946,2025-11-13,SCH0282,True,True,True,False,True,Yug Sachdeva,Average
INSP00267,2025-12-26,SCH0482,True,True,True,False,False,Manthan Maharaj,Needs repair
INSP00197,2026-01-14,SCH0416,True,False,,True,True,Rajata Sarraf,Average
INSP02941,2025-04-18,SCH0198,True,,True,False,False,Jalsa Dhar,Average
INSP00089,2025-06-14,SCH0256,True,True,False,False,True,Thomas Kar,No remarks
INSP02884,2025-06-12,SCH0265,True,True,True,False,True,Nitara Chandra,Needs repair
INSP01318,2025-06-06,SCH0350,True,True,True,True,False,,Good condition
INSP02826,2025-04-13,SCH0414,True,True,True,True,True,Warinder Palan,Good condition
INSP00679,2025-07-25,SCH0278,True,True,False,True,False,Wishi Hayre,No remarks
INSP00913,2025-05-03,SCH0592,False,True,True,True,False,Aarini Korpal,Toilets locked
INSP00728,2026-03-30,SCH0033,True,True,True,True,True,Ridhi Gour,No remarks
INSP00411,2026-01-23,SCH0049,True,True,True,True,False,Harita Bala,Needs repair
INSP00991,2026-01-22,SCH0546,True,True,True,True,False,Keya Sampath,Good condition
INSP00583,2025-06-25,SCH0152,False,False,True,True,False,,Needs repair
INSP02724,2025-12-23,SCH0574,True,True,True,,False,Urvi D’Alia,
INSP00026,2025-09-25,SCH0114,,True,True,True,True,,Needs repair
INSP02359,2025-03-08,SCH0388,,True,True,True,False,Eshana Devan,
INSP02709,2025-12-11,SCH0525,True,True,True,True,,,No remarks
INSP01948,2025-11-04,SCH0221,True,True,True,True,True,Wahab Nadig,Toilets locked
INSP02015,2025-08-22,SCH0162,True,True,True,False,False,Isaac Verma,Toilets locked
INSP02164,2026-01-23,SCH0093,True,True,True,False,False,Chameli Ravel,No remarks
INSP01840,2026-03-12,SCH0388,True,,True,False,False,Laksh Puri,Toilets locked
INSP00322,2025-08-25,SCH0408,True,False,True,False,True,Harrison Sharaf,Toilets locked
INSP01427,2025-04-25,SCH0474,True,True,True,True,False,Siddharth Rajagopalan,Average
INSP02426,2025-07-14,SCH0567,True,False,True,True,True,Jack Thaker,Average
INSP01610,2025-08-30,SCH0406,True,False,,True,False,Abhiram Kapadia,
INSP00424,2025-10-22,SCH0072,True,True,True,True,False,Jonathan Murty,Needs repair
INSP01413,2025-05-09,SCH0543,True,True,True,False,True,Jairaj Buch,
INSP00068,2025-05-08,SCH0361,True,True,True,False,True,Wahab Vala,
INSP02294,2026-03-07,SCH0319,True,True,True,True,False,Yashica Chatterjee,Toilets locked
INSP01619,2025-09-13,SCH0001,False,True,,False,False,Devika Walia,Toilets locked
INSP02607,2026-01-17,SCH0046,True,False,,True,False,Yuvraj Dey,Average
INSP00032,2025-05-28,SCH0556,True,True,True,True,True,Sai Rana,Good condition
INSP02679,2025-12-05,SCH0412,False,True,True,False,,Samesh Koshy,Good condition
INSP00528,2025-08-11,SCH0415,False,True,True,True,True,Ekavir Jayaraman,
INSP02288,2025-12-12,SCH0332,True,True,True,False,True,Geetika Chatterjee,Average
INSP00458,2026-01-14,SCH0311,True,True,True,True,False,Zansi Dhar,No remarks
INSP02659,2026-12-02,SCH0175,True,True,True,False,False,Michael Doctor,Average
INSP02902,2025-04-19,SCH0217,True,True,True,True,True,Chasmum Sheth,
INSP02454,2025-06-28,SCH0341,True,True,True,False,False,,No remarks
INSP02919,2026-08-01,SCH0463,True,True,True,True,True,Gaurika Acharya,Good condition
INSP00863,2025-06-22,SCH0195,False,True,True,True,True,Caleb Thaman,Good condition
INSP02675,2025-05-12,SCH0065,True,True,True,False,True,Lavanya Chad,Needs repair
INSP00167,2026-03-01,SCH0002,True,True,True,True,True,Ekapad Bandi,Average
INSP00125,2025-08-09,SCH0213,False,True,True,True,False,Yashica Dhar,Average
INSP02595,2025-04-07,SCH0201,True,True,True,True,False,,Good condition
INSP00683,2025-06-02,SCH0075,False,True,True,False,False,Aarna Khalsa,Average
INSP02330,2025-07-18,SCH0296,False,True,True,False,True,Manya Vasa,Average
INSP00573,2025-05-26,SCH0521,False,False,False,True,True,Hema Badal,Toilets locked
INSP01199,2025-12-16,SCH0448,True,,True,True,False,Gaurav Ramaswamy,Toilets locked
INSP01090,2026-05-03,SCH0425,True,True,True,True,,Sneha Bhalla,
INSP01360,2025-07-13,SCH0168,True,True,True,True,True,Triya Dewan,Toilets locked
INSP02365,2025-07-03,SCH0260,True,True,True,True,True,Chanakya Manne,Good condition
INSP00507,2025-11-09,SCH0570,True,True,True,True,True,Anamika Parmar,Average
INSP01273,2025-12-23,SCH0191,True,True,True,True,True,Aachal Garg,Good condition
INSP02712,2025-05-20,SCH0016,True,False,True,True,True,Jacob Dani,Toilets locked
INSP02046,2025-04-12,SCH0228,False,False,True,True,True,Warda Mander,Needs repair
INSP01711,2025-07-07,SCH0017,False,True,True,True,True,Yamini Venkataraman,
INSP02871,2025-05-25,SCH0126,True,True,True,False,False,Devansh Jaggi,Average
INSP02468,2025-08-07,SCH0528,True,True,True,True,True,Arjun Dyal,Toilets locked
INSP00931,2025-09-11,SCH0040,True,True,True,True,False,Chaitanya Palla,No remarks
INSP00177,2026-01-27,SCH0137,True,False,False,False,,Shivani Dutt,Good condition
INSP00595,2025-04-23,SCH0586,True,True,True,True,True,Upadhriti Parmar,Good condition
INSP01564,2025-07-14,SCH0588,True,True,True,True,True,Patrick Pant,
INSP02031,2025-03-10,SCH0018,False,True,False,False,True,Madhav Dass,Needs repair
INSP02452,2025-12-26,SCH0043,True,True,True,True,False,Ikbal Viswanathan,
INSP01002,2025-10-27,SCH0208,True,True,True,True,False,Harsh Jani,Toilets locked
INSP01232,2025-04-24,SCH0471,False,True,True,,True,David Sant,Average
INSP00802,2025-06-17,SCH0517,True,False,True,False,True,Advay Dugal,No remarks
INSP00434,2026-02-22,SCH0535,True,True,True,False,True,Nicholas Guha,No remarks
INSP00081,2025-06-09,SCH0314,True,False,True,True,False,Kamya Sandhu,Good condition
INSP02263,2025-06-16,SCH0494,False,True,,True,False,Krishna Dash,Average
INSP01197,2026-01-10,SCH0073,True,True,,False,False,Zaid Ram,Toilets locked
INSP02094,2025-06-04,SCH0431,True,True,True,True,False,Urvashi Mane,No remarks
INSP00417,2025-10-25,SCH0200,True,True,False,False,True,Pranit Luthra,Toilets locked
INSP02957,2025-09-24,SCH0212,True,True,True,True,True,Jalsa Choudhry,No remarks
INSP00496,2026-01-23,SCH0380,True,True,False,False,True,Sanya Bava,Toilets locked
INSP01628,2025-09-25,SCH0044,True,True,True,True,False,Karan D’Alia,Good condition
INSP00938,2025-06-11,SCH0053,True,True,True,False,False,Advika Garde,Toilets locked
INSP02885,2025-08-24,SCH0225,True,True,True,True,True,Ranbir Rajagopalan,Average
INSP00371,2025-09-28,SCH0214,False,True,True,True,False,Samarth Patla,Needs repair
INSP01548,2025-06-20,SCH0224,True,False,True,True,False,Fitan Upadhyay,Toilets locked
INSP01695,2025-05-25,SCH0577,False,True,True,,False,Chaaya Boase,Good condition
INSP01941,2025-06-30,SCH0478,True,False,True,False,True,Vasatika Jayaraman,Toilets locked
INSP01787,2025-04-03,SCH0258,True,True,False,True,False,Jagat Sachar,Average
INSP01927,2026-02-09,SCH0053,True,False,True,True,True,Vinaya Pau,Needs repair
INSP01573,2025-05-22,SCH0553,True,False,True,True,True,Chatresh Devi,Toilets locked
INSP02196,2025-04-08,SCH0194,False,True,False,True,False,Tejas Subramaniam,
INSP00839,2025-11-15,SCH0552,True,False,True,True,False,Banjeet Nigam,Toilets locked
INSP01243,2026-02-04,SCH0269,True,True,True,True,False,Hardik Anne,Good condition
INSP01865,2025-06-30,SCH0387,,True,False,True,True,Panini Raja,Average
INSP00142,2025-09-25,SCH0510,False,False,True,True,False,Mugdha Dugal,Average
INSP01207,2025-01-11,SCH0036,True,,False,True,True,Yauvani Karan,No remarks
INSP01728,2025-11-06,SCH0252,False,True,True,,False,Wriddhish Rege,
INSP01481,2025-04-04,SCH0032,True,False,,,True,Raksha Rajagopal,
INSP01937,2025-05-21,SCH0523,True,,True,True,False,Agastya Patla,Average
INSP01939,2025-12-20,SCH0241,False,True,True,True,True,Sathvik Agate,Toilets locked
INSP00533,2026-01-08,SCH0135,True,False,True,True,True,Harita Mukherjee,Needs repair
INSP02895,2025-12-01,SCH0104,True,True,True,True,False,Hardik Bir,Good condition
INSP02245,2025-10-09,SCH0253,True,True,False,True,False,Omkaar Kothari,No remarks
INSP00655,2026-01-13,SCH0121,True,True,True,True,True,Yatin Mann,No remarks
INSP02413,2025-05-12,SCH0157,True,,True,False,False,Aishani Bumb,No remarks
INSP00412,2025-04-02,SCH0426,True,True,False,True,False,Anirudh Ganesh,Needs repair
INSP00901,2025-12-10,SCH0096,True,True,False,True,True,Neel Roy,
INSP00178,2025-10-24,SCH0112,True,False,False,False,,Inaya Batta,Needs repair
INSP00928,2026-03-07,SCH0085,False,True,True,False,True,Yashoda Halder,No remarks
INSP02887,2025-10-16,SCH0295,True,True,True,False,True,Gabriel Doctor,Average
INSP02535,2026-02-22,SCH0228,True,True,True,True,False,Zansi Varty,Toilets locked
INSP01821,2025-12-12,SCH0457,True,False,True,,True,Darpan Dara,Toilets locked
INSP01000,2025-10-20,SCH0210,True,True,True,,False,Jasmit Bora,Toilets locked
INSP02345,2025-12-21,SCH0007,True,True,True,True,True,Jagvi Borde,Good condition
INSP00480,2025-04-08,SCH0216,False,False,True,False,False,Damini Jha,Good condition
INSP00184,2025-06-13,SCH0332,False,True,True,True,False,Ekbal Ranganathan,Toilets locked
INSP00696,2025-06-27,SCH0441,False,True,True,True,True,Krishna Kale,Average
INSP01158,2025-04-11,SCH0489,True,True,True,,False,Neel Dutta,Toilets locked
INSP00671,2025-07-25,SCH0350,False,,True,True,False,Veda Korpal,Needs repair
INSP00606,2025-07-13,SCH0261,False,True,True,False,,Mekhala Verma,
INSP02272,2025-07-28,SCH0277,True,True,True,True,False,Janaki Shetty,No remarks
INSP01799,2025-04-25,SCH0421,True,True,True,False,True,Warda Kade,No remarks
INSP00760,2025-09-21,SCH0181,False,True,True,True,False,Kashvi Chander,Good condition
INSP02875,2025-03-06,SCH0239,True,True,True,False,False,Arya Dey,Good condition
INSP00686,2025-12-12,SCH0268,True,True,,True,True,Chanakya Raval,Needs repair
INSP00487,2026-03-19,SCH0291,True,True,True,True,True,Aarini Joshi,Average
INSP01579,2025-08-07,SCH0142,True,True,True,True,False,Omaja Bhasin,Needs repair
INSP00394,2025-10-05,SCH0114,True,True,True,True,True,Dhruv Jain,Needs repair
INSP01152,2025-05-27,SCH0430,True,True,False,False,True,Laban Doshi,
INSP02029,2026-02-28,SCH0463,True,True,True,True,False,,Needs repair
INSP02862,2025-09-30,SCH0350,True,True,True,,True,Reyansh Uppal,Good condition
INSP00163,2025-10-09,SCH0005,False,True,True,False,False,Anvi Sani,Average
INSP01223,2025-06-15,SCH0325,True,True,True,True,False,Girik Tella,Good condition
INSP01916,2025-03-10,SCH0302,False,True,False,True,False,Balveer Bhatt,Toilets locked
INSP01049,2025-09-05,SCH0416,True,True,True,True,True,Leela Gera,Average
INSP00431,2025-08-30,SCH0582,True,True,False,True,True,Chakradev Contractor,No remarks
INSP01104,2025-10-12,SCH0386,True,True,False,False,False,Utkarsh Sarin,Good condition
INSP00439,2025-05-09,SCH0279,True,True,True,True,True,Rachana Aggarwal,No remarks
INSP01884,2025-09-05,SCH0133,False,True,True,True,False,Aarini Sandal,No remarks
INSP01226,2026-01-30,SCH0070,False,True,True,True,False,Neha Yadav,Average
INSP02032,2025-10-13,SCH0497,True,True,True,True,False,Yoshita Konda,
INSP01037,2025-11-13,SCH0322,True,True,True,True,True,Krish Divan,Average
INSP01076,2025-10-02,SCH0024,False,True,True,True,True,,No remarks
INSP01749,2026-02-05,SCH0301,True,,False,True,,,Toilets locked
INSP00031,2025-06-06,SCH0159,True,True,False,False,True,Noah Misra,Average
INSP02021,2025-06-05,SCH0019,True,True,False,True,False,Faras Behl,Needs repair
INSP02103,2025-08-18,SCH0526,True,True,True,True,False,,
INSP00963,2025-10-18,SCH0375,True,True,,False,False,Tanvi Seth,
INSP02285,2026-01-27,SCH0593,True,True,True,False,True,Saumya Suri,
INSP00174,2025-12-15,SCH0093,True,True,True,True,False,Vedika Chacko,Toilets locked
INSP02213,2025-12-15,SCH0411,False,False,True,False,False,Gaurika Bail,Good condition
INSP00297,2026-01-26,SCH0018,True,True,True,False,True,Ayush Anne,No remarks
INSP00326,2026-02-10,SCH0180,True,True,False,True,True,Daksha Gole,No remarks
INSP01290,2025-11-10,SCH0102,True,True,True,True,False,Nikita Baria,No remarks
INSP00280,2025-06-29,SCH0138,False,True,True,False,False,Triya Chaudhuri,No remarks
INSP02655,2026-02-20,SCH0117,True,True,False,False,False,Aarav Mannan,
INSP02414,2025-08-08,SCH0417,True,True,True,False,True,Mason Kara,Average
INSP01984,2025-09-14,SCH0383,False,True,True,False,False,Aditya Kar,Needs repair
INSP00813,2025-10-28,SCH0506,True,True,True,True,False,Gautam Divan,Average
INSP01217,2025-04-25,SCH0455,False,True,True,False,True,Upasna Rao,No remarks
INSP02617,2025-05-15,SCH0155,True,False,True,False,False,Kabir Borde,Good condition
INSP00701,2025-09-11,SCH0078,False,True,True,True,True,Benjamin Jani,No remarks
INSP00558,2025-08-21,SCH0236,False,False,True,False,True,Baljiwan Yohannan,No remarks
INSP01899,2025-09-21,SCH0184,True,True,True,True,False,Mitali Singh,No remarks
INSP02518,2025-09-30,SCH0344,True,True,True,False,True,Zayyan Varughese,Needs repair
INSP01512,2025-11-30,SCH0487,True,True,True,True,,Yashawini Seth,Good condition
INSP00074,2025-07-18,SCH0365,True,,True,True,True,Raagini Krish,Average
INSP02255,2025-10-18,SCH0270,True,True,True,True,False,Lavanya Subramanian,Toilets locked
INSP00049,2025-05-07,SCH0083,True,True,True,True,True,Brijesh Mallick,Good condition
INSP00603,2026-03-20,SCH0058,True,False,True,False,True,Zinal Kant,No remarks
INSP00681,2026-01-28,SCH0239,True,True,False,True,False,Vinaya Dayal,No remarks
INSP01452,2025-11-24,SCH0218,True,True,True,False,True,Gopal Sridhar,No remarks
INSP01903,2025-09-24,SCH0056,True,True,True,False,True,Aarini Kapadia,Average
INSP02406,2026-01-16,SCH0269,,True,False,True,False,Fariq Garg,
INSP01445,2025-06-11,SCH0177,True,True,True,False,True,Shravya Srinivas,No remarks
INSP02878,2025-12-23,SCH0317,True,True,False,True,False,Darpan Bala,Toilets locked
INSP01578,2025-09-20,SCH0524,False,True,True,False,True,Zaid Brar,Good condition
INSP00403,2025-04-20,SCH0590,True,,True,True,True,Orinder Sarna,Needs repair
INSP01746,2026-02-06,SCH0303,True,False,True,False,False,Tarak Rattan,Needs repair
INSP02755,2025-04-09,SCH0029,True,True,True,True,True,,Needs repair
INSP01555,2026-02-15,SCH0078,False,True,True,False,False,Avi Om,Good condition
INSP02738,2025-12-09,SCH0201,True,,True,False,False,Chavvi Datta,Good condition
INSP01212,2025-10-04,SCH0380,True,True,False,True,False,Ayushman Saxena,Toilets locked
INSP02561,2025-07-22,SCH0571,False,True,True,True,False,Mekhala Goyal,Average
INSP02270,2026-01-19,SCH0268,True,,False,False,True,Indali Peri,Good condition
INSP02237,2025-12-30,SCH0357,True,True,False,True,True,Warda Nair,Average
INSP01513,2026-01-12,SCH0467,True,True,False,True,False,Hemang Krishnamurthy,Average
INSP02356,2025-07-12,SCH0030,True,True,True,True,True,Ishani Doctor,Needs repair
INSP01875,2025-12-02,SCH0556,True,True,,True,False,Urvi Loyal,No remarks
INSP01012,2025-11-04,SCH0185,True,True,True,True,True,Neha Doctor,Average
INSP01072,2026-03-04,SCH0258,True,True,False,True,False,Daksh Sarma,
INSP00680,2025-12-18,SCH0443,False,True,False,False,False,Ethan Kurian,Good condition
INSP01712,2025-06-30,SCH0563,False,,True,True,False,Lucky Wadhwa,Average
INSP00325,2025-07-03,SCH0447,True,False,True,False,True,Krishna Saxena,Toilets locked
INSP00820,2026-01-16,SCH0307,True,True,True,False,False,Rachita Wable,Average
INSP01489,2025-11-01,SCH0055,True,False,True,True,False,Samarth Hayre,
INSP01812,2026-01-29,SCH0434,True,True,True,False,True,Arya Dara,Good condition
INSP00811,2025-10-29,SCH0585,False,False,False,True,True,Chasmum Vyas,
INSP01973,2025-11-28,SCH0396,True,False,True,True,True,Sathvik Acharya,
INSP02840,2025-04-18,SCH0232,True,True,True,False,True,,Needs repair
INSP02212,2026-03-29,SCH0046,True,True,True,True,False,Ekantika Manne,No remarks
INSP01129,2025-11-16,SCH0032,True,False,True,False,True,Harish Vohra,Needs repair
INSP00502,2025-07-06,SCH0297,True,True,True,False,True,,
INSP02642,2025-08-13,SCH0003,True,,True,False,False,Bhavini Wagle,Toilets locked
INSP02125,2025-11-08,SCH0076,True,True,True,True,True,Guneet Wali,No remarks
INSP02828,2025-07-05,SCH0126,False,False,True,False,False,Elijah Sen,Average
INSP00240,2025-11-07,SCH0029,True,False,True,True,True,Vanya Sem,No remarks
INSP00762,2025-05-16,SCH0543,False,True,True,False,False,,Good condition
INSP01717,2025-12-15,SCH0390,False,True,True,False,True,Chandran Kapadia,Good condition
INSP01229,2025-08-03,SCH0125,True,True,,False,True,Prisha Bhat,Average
INSP01473,2025-10-16,SCH0221,True,True,True,True,True,Arunima Thakkar,Average
INSP00953,2025-10-27,SCH0133,True,True,True,False,True,Oeshi Bhatia,No remarks
INSP01262,2025-07-22,SCH0195,True,True,False,True,True,Joshua Sastry,Toilets locked
INSP02307,2026-03-22,SCH0141,True,False,True,False,True,Maya Behl,Average
INSP01654,2025-04-11,SCH0554,,True,False,True,False,Praneel Jani,Average
INSP01045,2026-02-15,SCH0366,False,True,False,True,True,Ekta Goel,Average
INSP01478,2026-01-16,SCH0502,False,True,True,,False,Abha Memon,No remarks
INSP00512,2026-03-02,SCH0467,,False,False,True,True,Udyati Koshy,
INSP01361,2026-03-26,SCH0572,True,True,False,True,False,Bhavani Prabhakar,Needs repair
INSP02141,2025-10-15,SCH0513,False,True,True,True,True,Ekaja Bal,No remarks
INSP00841,2026-08-03,SCH0044,True,True,True,True,False,,
INSP02176,2026-02-22,SCH0155,True,True,True,True,False,Netra Sule,No remarks
INSP01831,2025-10-12,SCH0181,,True,True,True,False,Vrinda Comar,Good condition
INSP02769,2025-11-21,SCH0018,True,False,True,False,False,Qarin Dhingra,
INSP00638,2025-09-23,SCH0120,True,True,True,True,True,Tanvi Gaba,Good condition
INSP01950,2025-09-29,SCH0080,True,False,False,False,True,Zinal Buch,
INSP02954,2025-04-07,SCH0065,True,True,True,True,True,Nisha Manda,Needs repair
INSP01722,2026-02-07,SCH0268,True,True,True,True,True,Ridhi Ahuja,Good condition
INSP00600,2025-05-26,SCH0008,False,True,True,True,True,Zayyan Om,No remarks
INSP01475,2025-12-21,SCH0235,True,True,,True,True,Anita Acharya,Good condition
INSP02135,2026-03-17,SCH0131,True,False,True,True,True,Sneha Shanker,No remarks
INSP02602,2025-11-11,SCH0514,True,False,True,False,,,
INSP00109,2025-09-01,SCH0002,True,True,True,True,False,Sai Sarma,Good condition
INSP02401,2025-07-02,SCH0117,True,False,True,False,False,,
INSP01583,2025-12-01,SCH0590,True,False,True,False,False,Guneet Pai,Average
INSP00319,2026-01-22,SCH0477,False,True,True,True,False,Ladli Buch,Good condition
INSP02983,2026-03-20,SCH0229,True,True,True,False,False,,Good condition
INSP02725,2026-03-23,SCH0281,True,True,True,True,True,,Needs repair
INSP01095,2025-04-17,SCH0469,True,True,True,True,True,Ronith Kakar,Needs repair
INSP00569,2025-06-15,SCH0449,False,True,False,False,False,Vasana Dugar,
INSP02687,2025-12-26,SCH0202,True,True,True,False,True,Widisha Bhatti,Needs repair
INSP02298,2025-11-27,SCH0085,True,True,True,True,,Madhavi Talwar,Needs repair
INSP02872,2025-10-01,SCH0148,True,True,True,True,True,Fiyaz Puri,No remarks
INSP01546,2025-06-29,SCH0052,False,True,True,False,False,Hemang Dar,Needs repair
INSP02974,2026-02-19,SCH0569,True,True,True,True,False,Gunbir Khare,Good condition
INSP01925,2026-02-06,SCH0393,True,True,False,True,False,Gaurang Pandey,Toilets locked
INSP02692,2025-06-04,SCH0189,,True,True,False,True,Watika Toor,Average
INSP02805,2025-05-10,SCH0337,True,True,True,False,False,,Good condition
INSP01469,2025-09-21,SCH0230,True,True,True,True,True,Janya Baral,Average
INSP00057,2025-06-30,SCH0456,True,,False,True,False,Wriddhish Merchant,
INSP01789,2026-01-21,SCH0547,True,True,True,True,True,Quincy Thaker,No remarks
INSP02275,2026-03-27,SCH0474,True,True,True,True,False,Zayan Vig,Toilets locked
INSP02131,2025-05-26,SCH0354,True,True,True,False,False,Charles Prashad,
INSP02197,2025-08-02,SCH0131,,True,True,True,False,Dhriti Kanda,Needs repair
INSP00469,2025-05-19,SCH0416,True,True,False,False,True,Isha Solanki,Average
INSP01886,2026-02-17,SCH0564,True,True,True,False,True,Vinaya Nagar,No remarks
INSP00941,2025-10-24,SCH0310,True,True,True,False,False,Girik Butala,
INSP00536,2025-06-24,SCH0141,True,True,True,False,True,Omisha Sankaran,Toilets locked
INSP01428,2026-01-21,SCH0140,True,True,True,True,True,Kavya Lall,Average
INSP00555,2025-08-16,SCH0197,True,True,False,False,False,Yashodhara Mammen,Needs repair
INSP02621,2025-04-26,SCH0101,True,True,True,False,False,Ekantika Oommen,Average
INSP02211,2025-06-02,SCH0566,True,True,True,False,False,Rajeshri Mohan,Toilets locked
INSP02536,2026-02-14,SCH0466,True,True,False,,False,Forum Sachdev,
INSP00692,2025-10-04,SCH0355,True,True,True,True,,Isaiah Bali,No remarks
INSP00070,2026-02-15,SCH0496,False,True,True,False,True,Vasana Mahajan,Good condition
INSP02764,2026-02-26,SCH0433,,False,True,False,True,Omya Karan,Average
INSP01740,2025-07-20,SCH0394,,True,True,False,False,Hema Khosla,
INSP00437,2026-03-18,SCH0438,True,,True,True,True,Jagat Sawhney,Good condition
INSP02122,2025-12-08,SCH0553,False,False,True,True,False,Liam Tata,Needs repair
INSP01004,2026-03-29,SCH0145,True,True,True,True,True,Chatura Ben,Toilets locked
INSP01254,2025-07-19,SCH0379,True,True,True,,True,Anmol Puri,Needs repair
INSP00566,2025-04-04,SCH0304,False,True,False,False,True,Isaiah Nayar,Needs repair
INSP00314,2025-07-27,SCH0189,True,True,False,True,True,,Good condition
INSP00234,2025-11-24,SCH0340,True,True,True,True,False,,No remarks
INSP02381,2025-12-07,SCH0273,True,True,True,,False,Samesh Bala,Good condition
INSP00735,2025-06-08,SCH0481,True,True,True,True,False,Aryan Seth,
INSP01378,2025-04-10,SCH0030,True,True,True,False,False,Mahika Sarkar,Needs repair
INSP00112,2025-06-30,SCH0399,True,True,False,True,False,Anusha Kalita,Needs repair
INSP01345,2025-11-05,SCH0236,True,True,True,True,False,Ishita Deep,
INSP01506,2025-04-16,SCH0055,True,False,True,True,False,Advika Ahuja,No remarks
INSP01053,2025-04-04,SCH0468,True,True,True,True,False,Chameli Gour,
INSP02321,2025-07-11,SCH0528,True,True,False,,True,Balendra Saxena,Good condition
INSP02043,2025-12-21,SCH0141,False,True,True,False,False,Alexander Sami,Toilets locked
INSP00473,2025-08-14,SCH0183,True,True,True,False,False,Henry Hayre,Needs repair
INSP01377,2025-11-12,SCH0389,False,True,True,True,False,Dalbir Keer,
INSP01614,2025-06-10,SCH0483,True,True,True,False,False,Ekta Kari,Good condition
INSP01178,2025-07-13,SCH0211,True,True,True,True,False,Aishani Behl,
INSP01753,2025-06-25,SCH0344,True,,True,True,True,Dalbir Patel,Needs repair
INSP01374,2026-02-20,SCH0430,True,True,False,True,False,Qushi Bhandari,
INSP02210,2025-05-23,SCH0214,True,True,True,False,True,Oeshi Kuruvilla,Toilets locked
INSP01341,2025-09-21,SCH0238,True,False,True,False,False,Qabil Dubey,Needs repair
INSP00747,2025-11-27,SCH0027,True,True,True,True,True,Darsh Raja,No remarks
INSP02003,2025-10-18,SCH0009,True,True,True,False,,Aradhana Parmar,Toilets locked
INSP01300,2025-12-28,SCH0084,False,True,True,False,True,Upma Chander,Needs repair
INSP00362,2026-01-04,SCH0386,True,False,True,True,False,,No remarks
INSP00136,2025-11-24,SCH0281,True,True,True,True,False,Banjeet Rajagopalan,Needs repair
INSP01591,2025-08-11,SCH0032,True,True,True,True,True,Manan Tripathi,No remarks
INSP02286,2025-05-28,SCH0150,True,True,False,True,True,,Average
INSP00860,2026-10-01,SCH0343,False,True,False,True,False,Aadi Johal,Good condition
INSP02380,2026-01-06,SCH0332,True,True,True,True,False,Girik Narain,No remarks
INSP00367,2025-09-07,SCH0321,False,False,True,False,False,Udyati Garde,
INSP01867,2025-07-15,SCH0459,True,False,True,True,True,Osha Chaudhary,Needs repair
INSP00030,2026-01-08,SCH0484,True,True,True,True,,Panini Choudhary,Needs repair
INSP02632,2026-02-18,SCH0051,True,False,True,False,False,Upma Bir,Toilets locked
INSP00023,2025-07-26,SCH0082,True,True,True,True,True,,Needs repair
INSP02507,2025-04-19,SCH0501,True,True,True,False,True,Abeer Pingle,Average
INSP01134,2025-07-01,SCH0284,True,True,True,False,True,,No remarks
INSP01035,2026-02-27,SCH0442,True,True,True,False,True,Nirja Cherian,Average
INSP00421,2025-07-07,SCH0273,,True,True,True,False,Om Shah,Good condition
INSP01538,2026-03-11,SCH0496,True,True,False,False,False,Lucky Prabhu,Good condition
INSP00461,2025-12-10,SCH0399,False,True,False,False,True,Bhanumati Balasubramanian,No remarks
INSP00044,2025-09-28,SCH0456,True,True,True,False,False,Girindra Chana,Needs repair
INSP00088,2025-11-23,SCH0282,False,False,True,,True,Yuvraj Bhargava,Good condition
INSP00930,2025-12-10,SCH0012,True,True,False,True,True,Watika Subramaniam,No remarks
INSP01125,2026-01-18,SCH0530,True,True,True,True,True,Gauri Chaudry,
INSP01772,2025-11-04,SCH0231,True,False,True,True,True,Indira Wali,Toilets locked
INSP01018,2026-01-07,SCH0531,True,True,True,True,True,Udant Kumer,Needs repair
INSP00283,2026-02-28,SCH0486,True,True,False,False,,Abhiram Singh,
INSP00694,2025-05-14,SCH0341,True,True,True,True,False,Maya Saraf,Average
INSP01942,2026-02-12,SCH0137,True,True,True,True,False,Reyansh Kata,Average
INSP02910,2025-06-09,SCH0070,True,True,False,True,True,Krisha Tailor,Toilets locked
INSP02990,2026-03-08,SCH0521,True,True,False,True,False,Upma Soman,Needs repair
INSP02112,2025-09-28,SCH0265,False,True,True,True,True,Jhalak Vig,Toilets locked
INSP00534,2025-12-24,SCH0219,True,True,True,True,False,Aadi Mukhopadhyay,Toilets locked
INSP01179,2025-06-19,SCH0336,True,True,True,,False,Ekantika Char,
INSP02581,2026-01-11,SCH0014,True,True,True,False,True,David Dyal,
INSP00790,2025-05-02,SCH0457,,True,True,True,False,,Average
INSP02482,2025-07-03,SCH0513,True,True,True,True,True,Leena Mohan,Toilets locked
INSP02516,2025-10-24,SCH0293,True,True,True,False,,Samaksh Thakkar,
INSP02228,2025-07-28,SCH0210,True,True,True,True,False,Dominic Salvi,Average
INSP00875,2025-06-18,SCH0146,True,True,True,True,False,Diya Suresh,
INSP00766,2026-02-20,SCH0268,True,True,True,True,True,Ayush Bakshi,Needs repair
INSP01042,2026-02-21,SCH0330,True,True,True,False,True,Gautami Ganguly,Good condition
INSP00791,2025-07-28,SCH0466,False,True,True,False,,Ishanvi Khatri,No remarks
INSP02816,2025-09-27,SCH0503,True,True,True,True,True,Warda Chander,No remarks
INSP01566,2025-06-14,SCH0298,True,True,True,True,False,Sathvik Mallick,Good condition
INSP02311,2026-02-27,SCH0090,True,True,True,True,False,Abhimanyu Srinivasan,
INSP02190,2025-11-17,SCH0600,True,True,True,False,False,Sanya Gokhale,Average
INSP02305,2025-07-07,SCH0151,True,True,False,False,False,Nitara Devi,Good condition
INSP02989,2025-04-20,SCH0380,False,True,True,True,False,Advika Mitra,
INSP00222,2025-10-13,SCH0015,True,True,True,,True,Warjas Goda,
INSP00544,2025-08-06,SCH0233,True,True,True,True,False,Amara Tiwari,
INSP01424,2025-08-01,SCH0354,False,False,True,True,False,Nikita Sampath,
INSP02259,2025-06-29,SCH0136,True,True,True,True,False,Vedant Prashad,Needs repair
INSP00706,2025-02-10,SCH0307,True,True,True,False,,Vincent Singh,Average
INSP02466,2025-09-10,SCH0421,True,True,True,False,False,Arya Pal,Needs repair
INSP01007,2025-08-20,SCH0410,True,True,True,,False,Darsh Lala,
INSP01794,2025-12-08,SCH0208,True,True,True,False,True,Ekani Rajagopal,Average
INSP02782,2025-10-05,SCH0592,True,False,True,True,True,Anmol Palla,Needs repair
INSP02930,2026-02-27,SCH0288,True,,True,False,True,Peter Lala,Needs repair
INSP00979,2025-08-04,SCH0488,True,True,True,False,False,Shaurya Krishnan,Needs repair
INSP01905,2025-09-22,SCH0562,True,True,True,False,False,Ganga Bahri,Needs repair
INSP00273,2025-09-08,SCH0413,True,False,True,False,True,Eiravati Gara,
INSP00522,2025-12-24,SCH0509,True,True,True,False,True,Jason Swamy,Needs repair
INSP00523,2025-10-15,SCH0419,True,True,False,True,False,Gagan Acharya,Good condition
INSP01069,2025-08-30,SCH0439,True,True,True,True,True,Qadim Barad,Needs repair
INSP02068,2025-07-01,SCH0378,True,True,True,False,True,Tanay Vala,
INSP00351,2025-08-19,SCH0141,False,True,True,True,,Rachit Das,
INSP02248,2025-12-18,SCH0306,True,True,False,False,False,Yatan Sandal,Good condition
INSP01850,2025-07-24,SCH0161,True,False,True,False,False,Nisha Datta,Needs repair
INSP02439,2025-10-31,SCH0212,True,True,True,False,True,Chakradhar Kohli,Good condition
INSP00652,2025-05-08,SCH0276,True,True,True,True,True,,
INSP01808,2025-09-19,SCH0007,True,True,True,False,True,Mugdha Jayaraman,Toilets locked
INSP02726,2026-02-03,SCH0314,False,True,False,True,True,Warhi Shetty,Needs repair
INSP02528,2025-10-27,SCH0096,False,True,True,True,True,Urvi Chaudhry,
INSP01346,2025-08-29,SCH0341,True,True,False,True,False,Samar Keer,Toilets locked
INSP01079,2025-05-11,SCH0420,False,True,True,True,False,Rishi Mani,No remarks
INSP02745,2026-01-21,SCH0436,True,True,True,False,False,Janya Jayaraman,Toilets locked
INSP00169,2025-11-04,SCH0373,True,True,True,True,False,Samuel Barad,Good condition
INSP02636,2026-02-01,SCH0209,True,True,True,True,True,Fariq Samra,No remarks
INSP02604,2025-04-14,SCH0411,True,True,True,True,True,Anay Karan,
INSP02924,2025-07-18,SCH0042,False,True,True,True,False,Manthan Bali,Good condition
INSP02070,2025-07-27,SCH0344,True,True,True,False,True,Reyansh Narayanan,Average
INSP02324,2025-08-13,SCH0493,True,False,False,False,True,Ati Wagle,Average
INSP01934,2025-05-25,SCH0404,False,True,False,True,True,Wahab Chaudhry,Average
INSP01638,2026-01-21,SCH0392,False,False,True,True,False,Keya Jain,Good condition
INSP01838,2025-08-30,SCH0579,True,True,True,False,True,Peter Varkey,Average
INSP01376,2025-07-23,SCH0513,True,True,True,True,True,Tejas Patla,Good condition
INSP02354,2025-09-25,SCH0484,False,True,True,False,False,Charles Patla,No remarks
INSP00220,2025-06-23,SCH0228,True,True,,True,False,Ayush Chada,No remarks
INSP00368,2025-04-06,SCH0445,True,True,True,True,False,,Toilets locked
INSP02804,2025-08-04,SCH0220,,True,True,True,True,Pushti Wagle,
INSP00950,2025-12-28,SCH0446,True,True,True,True,False,Varenya Ramaswamy,
INSP02399,2026-01-27,SCH0077,True,,True,False,False,Anamika Parekh,No remarks
INSP02253,2026-02-13,SCH0533,False,True,True,True,False,,Needs repair
INSP01457,2025-10-17,SCH0334,False,True,False,True,False,Yauvani Gade,
INSP00352,2025-04-27,SCH0196,True,True,True,True,False,Charita Kant,Needs repair
INSP01098,2026-01-29,SCH0340,False,True,,,False,Theodore Chaudhari,
INSP01264,2025-06-25,SCH0083,True,True,True,False,False,,
INSP02239,2025-06-19,SCH0190,False,True,True,True,True,Yatan Iyengar,Needs repair
INSP00491,2025-06-29,SCH0218,,True,True,False,True,Zashil Narang,
INSP02827,2025-10-16,SCH0196,True,True,False,True,False,Mekhala Wadhwa,Good condition
INSP02494,2026-03-09,SCH0516,True,True,True,False,True,Nathaniel Das,Toilets locked
INSP00499,2025-04-24,SCH0447,False,True,True,True,False,Qabil Varty,No remarks
INSP02789,2025-09-01,SCH0100,True,True,True,True,False,Alka Prabhu,
INSP00211,2026-02-09,SCH0164,True,True,False,False,False,Ekapad Kulkarni,Needs repair
INSP00898,2025-07-03,SCH0006,False,False,False,True,True,Warda Basak,Needs repair
INSP01205,2026-02-12,SCH0352,True,True,True,True,False,Wakeeta Dar,No remarks
INSP00651,2025-12-31,SCH0206,True,True,False,True,False,Henry Om,Needs repair
INSP00228,2026-03-23,SCH0168,True,True,True,True,True,,
INSP00366,2026-02-20,SCH0238,True,True,True,True,False,Ira Bhagat,
INSP02223,2025-06-10,SCH0369,False,True,False,True,False,,
INSP00277,2026-02-17,SCH0318,True,True,True,True,True,Robert Tandon,Good condition
INSP02099,2025-05-14,SCH0073,True,True,True,True,False,Janaki Kulkarni,Average
INSP01114,2025-11-19,SCH0431,True,False,True,False,True,Mitesh Bains,Toilets locked
INSP00737,2026-01-12,SCH0465,True,True,True,True,True,Siddharth Kakar,No remarks
INSP02575,2026-07-01,SCH0335,True,True,True,False,False,Laksh Nayak,Average
INSP01994,2025-12-08,SCH0017,False,True,True,False,False,,No remarks
INSP00408,2025-06-09,SCH0411,False,True,True,False,True,Eesha Khalsa,Needs repair
INSP02417,2025-04-03,SCH0482,True,False,True,True,True,Devansh Sathe,Needs repair
INSP02506,2025-05-01,SCH0521,True,True,True,True,False,Xalak Dixit,Average
INSP02458,2026-01-17,SCH0411,True,True,False,,False,Alexander Varughese,Average
INSP02247,2025-06-03,SCH0378,,True,False,False,False,Jackson Sinha,No remarks
INSP02531,2025-07-06,SCH0580,True,True,True,True,False,Azad Sengupta,No remarks
INSP01771,2025-08-11,SCH0085,True,False,,True,False,Azaan Ramanathan,Toilets locked
INSP00008,2025-06-04,SCH0059,True,True,True,True,False,Falak Karpe,Good condition
INSP01492,2025-12-12,SCH0268,False,False,True,True,,,
INSP01533,2025-05-30,SCH0032,True,True,True,True,False,Charles Sagar,Average
INSP01801,2025-09-26,SCH0417,True,True,True,True,False,Barkha Upadhyay,Needs repair
INSP00416,2025-07-22,SCH0024,False,True,True,True,False,Jason Kannan,Needs repair
INSP01607,2026-01-21,SCH0064,True,,True,True,True,Jasmit Kurian,Average
INSP00840,2025-08-30,SCH0226,True,True,True,,True,Omisha Dua,Toilets locked
INSP01763,2025-02-07,SCH0420,True,True,False,False,True,,Good condition
INSP00865,2026-11-01,SCH0583,False,True,False,False,True,Atharv Dara,Average
INSP00200,2025-11-26,SCH0193,True,True,True,True,False,Oviya Keer,Average
INSP01117,2025-09-23,SCH0413,True,True,True,False,False,Varsha Mohanty,
INSP00284,2025-04-24,SCH0493,False,True,False,False,True,Bhavani Tak,
INSP00232,2026-01-10,SCH0433,True,True,False,True,False,Jairaj D’Alia,Average
INSP02992,2026-03-22,SCH0015,False,True,True,False,False,Megha Keer,No remarks
INSP01081,2025-04-10,SCH0226,True,True,True,True,False,Vritti Bhalla,Toilets locked
INSP00097,2025-07-11,SCH0429,True,True,True,True,True,Abhiram Kapadia,Average
INSP01508,2025-07-29,SCH0310,True,True,True,False,True,Vidhi Butala,Good condition
INSP02760,2025-09-10,SCH0170,True,True,True,True,True,Anmol Venkataraman,No remarks
INSP01813,2025-12-14,SCH0532,True,True,True,False,True,Hemani Lad,
INSP02936,2025-08-14,SCH0151,True,True,True,False,False,Ojas Gola,Toilets locked
INSP01201,2025-12-06,SCH0297,True,False,True,False,False,Samar Bhatt,
INSP02587,2025-04-24,SCH0338,True,True,False,True,True,David Shanker,No remarks
INSP02720,2026-03-12,SCH0294,True,True,True,True,True,Janani Keer,Average
INSP02556,2025-11-17,SCH0524,True,True,True,False,True,Jagat Kade,No remarks
INSP01890,2025-09-21,SCH0312,True,True,True,False,False,Samaksh Kant,No remarks
INSP00105,2025-07-28,SCH0086,,True,True,True,True,Maya Tella,
INSP02350,2025-09-29,SCH0094,True,True,True,True,True,,Needs repair
INSP01928,2025-07-19,SCH0096,True,True,True,True,True,Sai Karan,No remarks
INSP02715,2025-05-10,SCH0239,False,True,True,True,True,Anvi Gara,Needs repair
INSP01124,2026-01-31,SCH0364,False,True,False,True,True,Gavin Mall,
INSP02009,2025-12-11,SCH0146,True,True,True,True,True,Vrinda Ratta,
INSP00806,2025-12-28,SCH0231,False,True,True,False,False,,Good condition
INSP02409,2026-03-15,SCH0182,True,True,True,True,False,Riya Dewan,No remarks
INSP02582,2026-03-23,SCH0500,True,True,True,False,,Maya Mammen,No remarks
INSP00745,2025-09-20,SCH0264,True,True,True,True,True,Ijaya Ramesh,No remarks
INSP00227,2025-12-07,SCH0420,True,True,True,False,True,Bhavika Gandhi,Needs repair
INSP01222,2025-11-10,SCH0556,False,True,False,True,False,,No remarks
INSP01293,2025-11-20,SCH0385,True,True,True,True,False,Wyatt Doctor,Toilets locked
INSP02421,2025-11-20,SCH0110,False,True,False,True,False,Yash Sagar,Needs repair
INSP02092,2026-03-30,SCH0466,True,True,True,False,False,Maanav Gour,Needs repair
INSP01030,2026-03-11,SCH0547,True,True,True,False,False,Vedhika Saha,Average
INSP00890,2025-09-20,SCH0423,False,True,True,False,True,,No remarks
INSP01617,2026-02-28,SCH0432,True,True,True,False,True,Chanchal Bhardwaj,Average
INSP01111,2026-01-04,SCH0438,True,True,True,False,False,Avni Kuruvilla,
INSP02116,2025-07-14,SCH0215,True,True,True,False,False,Pavani Saini,Needs repair
INSP02763,2025-11-05,SCH0330,False,True,True,True,False,Isha Walia,No remarks
INSP01043,2025-10-28,SCH0379,True,True,True,True,True,,
INSP01777,2025-06-04,SCH0080,True,True,True,True,True,Zaitra Keer,Needs repair
INSP00465,2025-09-07,SCH0211,True,False,True,True,False,,Needs repair
INSP00882,2025-04-02,SCH0313,True,,True,True,,Hardik Guha,No remarks
INSP02156,2025-04-28,SCH0302,,True,True,False,False,Aadhya Baral,Good condition
INSP01423,2025-07-04,SCH0416,True,True,True,False,False,Geetika Garde,Average
INSP00773,2025-09-09,SCH0413,True,True,True,False,True,Vidhi Karpe,Toilets locked
INSP01768,2025-11-26,SCH0544,True,True,True,False,False,Pranit Deep,Needs repair
INSP01065,2025-06-27,SCH0074,True,True,False,True,False,Jalsa Gokhale,Good condition
INSP00213,2025-05-23,SCH0284,True,True,True,False,False,Vasudha Bal,No remarks
INSP00013,2026-01-05,SCH0345,False,True,True,True,False,Advik Edwin,No remarks
INSP00423,2025-10-17,SCH0321,False,True,,False,True,Sathvik Balasubramanian,Average
INSP02368,2025-09-05,SCH0384,True,True,True,True,True,Zinal Chaudhary,Toilets locked
INSP01054,2025-06-22,SCH0476,True,,False,True,,Varenya Ramakrishnan,Needs repair
INSP01230,2025-10-07,SCH0456,True,True,False,True,True,Lila Contractor,No remarks
INSP01456,2026-11-03,SCH0323,True,True,True,True,False,,Toilets locked
INSP00742,2025-11-06,SCH0455,False,,True,False,True,Oviya Panchal,Needs repair
INSP02776,2025-07-09,SCH0139,True,True,True,False,True,Lakshit Sur,
INSP02700,2026-03-17,SCH0252,True,True,True,True,False,Rachita Rana,Needs repair
INSP02329,2026-03-13,SCH0596,True,False,True,True,False,Baljiwan Mani,
INSP00799,2026-01-19,SCH0035,False,True,False,True,False,Megha Sanghvi,Average
INSP01432,2025-05-20,SCH0057,True,False,True,True,True,Hamsini Dugar,Toilets locked
INSP02427,2025-09-11,SCH0074,False,True,False,True,False,Pooja Kunda,Needs repair
INSP00510,2025-05-08,SCH0101,False,True,True,True,True,Radha Sunder,Average
INSP00645,2025-10-18,SCH0589,True,True,False,True,False,Amaira Padmanabhan,Average
INSP00598,2025-10-06,SCH0276,True,True,True,,False,Niharika Pillai,Needs repair
INSP02714,2025-07-10,SCH0592,False,True,False,False,False,Andrew Batta,Good condition
INSP01162,2025-05-28,SCH0527,True,True,True,True,False,Sathvik Lala,Average
INSP01362,2025-07-13,SCH0206,False,False,True,False,,Vritti Som,No remarks
INSP00858,2025-07-05,SCH0189,False,True,True,True,True,Imaran Mohan,No remarks
INSP02780,2025-12-12,SCH0072,True,True,,False,False,Charita Mangat,No remarks
INSP00519,2025-07-27,SCH0309,True,False,True,False,True,,No remarks
INSP00965,2025-02-07,SCH0287,True,True,True,True,True,Kashish Sankaran,Toilets locked
INSP02968,2025-10-04,SCH0074,True,False,False,False,True,Kavya Shan,
INSP00574,2025-08-17,SCH0434,True,True,False,True,True,Yashasvi More,No remarks
INSP02865,2025-04-27,SCH0095,False,True,False,True,True,Isaiah Rastogi,Average
INSP02544,2025-05-10,SCH0046,True,True,True,True,True,,
INSP02107,2025-12-27,SCH0459,True,True,True,False,True,Fitan Devan,Needs repair
INSP02754,2025-10-12,SCH0363,False,True,True,True,False,Vansha Buch,Good condition
INSP01308,2025-07-15,SCH0173,True,True,False,True,True,Jack Subramanian,
INSP01587,2025-04-18,SCH0254,True,True,True,False,True,Ryan Srinivasan,Needs repair
INSP00124,2025-12-18,SCH0515,False,False,True,True,False,Deepa Parmar,Average
INSP01498,2025-10-26,SCH0324,True,True,True,False,False,Advik Lata,No remarks
INSP00221,2025-07-19,SCH0090,True,True,True,False,True,Finn Ranganathan,Needs repair
INSP00359,2025-09-02,SCH0288,False,True,True,False,True,Irya Bhatnagar,No remarks
INSP02530,2025-04-13,SCH0084,True,True,True,False,True,Amaira Upadhyay,Needs repair
INSP02777,2025-10-22,SCH0270,True,True,False,True,False,Advika Chacko,
INSP02113,2025-05-14,SCH0325,True,True,True,True,False,Kiaan Wable,Toilets locked
INSP01796,2026-03-26,SCH0041,True,True,True,False,False,Hitesh Atwal,Good condition
INSP01698,2025-12-29,SCH0552,True,True,False,True,False,Chakradev Sengupta,Average
INSP00260,2025-12-14,SCH0057,True,True,False,False,True,Zayyan Solanki,No remarks
INSP02913,2025-10-21,SCH0015,True,False,True,True,False,Atharv Varty,Good condition
INSP02415,2025-10-23,SCH0259,True,True,True,False,False,Akshay Bahri,No remarks
INSP01351,2025-11-01,SCH0462,True,True,True,True,True,Ekantika Nazareth,Average
INSP02517,2025-05-23,SCH0266,False,False,True,False,False,Pranit Tata,
INSP01107,2025-12-04,SCH0179,True,False,True,False,True,Devika Kari,Good condition
INSP02532,2025-09-26,SCH0116,True,True,False,True,True,William Biswas,Needs repair
INSP01878,2026-03-20,SCH0053,True,True,True,True,True,Onkar Din,Good condition
INSP01657,2025-05-15,SCH0163,True,False,True,False,True,Vidhi Mall,No remarks
INSP01094,2025-11-02,SCH0489,True,True,True,True,True,Advika Munshi,
INSP02856,2026-01-07,SCH0547,True,True,True,False,False,Wishi Narang,
INSP02449,2025-11-20,SCH0486,True,,False,False,False,George Om,
INSP00457,2025-12-18,SCH0232,True,True,True,True,True,Zehaan Guha,
INSP00463,2025-10-26,SCH0078,True,False,True,False,True,Oeshi Krishna,Average
INSP01692,2025-01-07,SCH0156,True,True,True,True,False,Aditya Mukhopadhyay,Needs repair
INSP01668,2025-04-10,SCH0339,True,False,True,False,True,,Average
INSP01414,2025-05-15,SCH0096,False,True,True,True,True,Nirja Chawla,Toilets locked
INSP00382,2026-01-19,SCH0242,True,True,False,False,True,Harsh Chadha,No remarks
INSP02939,2025-09-22,SCH0433,True,True,True,False,True,Varsha Tandon,Average
INSP01534,2025-10-07,SCH0208,False,False,True,True,True,Libni Deol,
INSP02473,2025-11-03,SCH0205,True,,True,,True,Upadhriti Rai,
INSP02442,2026-02-21,SCH0512,False,False,True,True,True,Krish Sinha,Good condition
INSP00966,2025-06-19,SCH0426,False,True,True,True,True,Aishani Kara,No remarks
INSP02842,2025-07-18,SCH0113,True,True,False,False,True,Chakrika Kata,Good condition
INSP01778,2026-03-12,SCH0556,True,True,True,False,False,Urvashi Batra,Toilets locked
INSP00943,2025-05-05,SCH0356,False,True,True,False,False,Anmol Deshmukh,Good condition
INSP00060,2025-05-31,SCH0564,True,,True,True,True,Geetika Kapoor,Average
INSP02391,2026-01-07,SCH0301,False,True,True,True,False,Irya Mittal,
INSP02859,2026-03-12,SCH0279,False,True,False,True,True,,Average
INSP01766,2026-01-05,SCH0360,True,True,False,False,False,Ayush Mann,Needs repair
INSP01576,2025-08-11,SCH0099,True,True,True,True,False,Omya Swaminathan,Toilets locked
INSP02484,2026-03-19,SCH0510,True,True,True,False,False,Panini Nayar,Good condition
INSP02411,2025-12-22,SCH0105,False,False,True,True,True,Andrew Chahal,Toilets locked
INSP01028,2026-01-22,SCH0107,False,True,True,False,True,Isha Vohra,Good condition
INSP00658,2026-03-21,SCH0117,,True,True,False,True,Peter Rao,Good condition
INSP01314,2025-08-11,SCH0351,False,True,False,True,False,Siya Sahni,Toilets locked
INSP00846,2025-06-28,SCH0190,True,,True,False,True,,Needs repair
INSP00543,2026-01-24,SCH0327,True,True,True,,True,Advaith Rajagopal,Toilets locked
INSP00870,2025-08-20,SCH0454,True,True,True,True,False,Rachana Mani,No remarks
INSP01710,2025-05-15,SCH0016,True,True,True,False,False,Harrison Bera,Toilets locked
INSP01310,2025-09-08,SCH0249,True,True,True,True,False,,Needs repair
INSP02227,2025-08-11,SCH0097,True,True,True,,False,Xiti Walla,Needs repair
INSP02579,2025-12-12,SCH0008,True,True,True,True,False,Frederick Mistry,Good condition
INSP01447,2026-03-24,SCH0035,True,True,True,True,False,Advay Rege,
INSP02644,2025-12-11,SCH0130,True,True,True,True,False,Madhavi Dey,Average
INSP01656,2025-12-03,SCH0543,False,True,True,True,True,Maanas Basu,No remarks
INSP01504,2025-10-29,SCH0236,True,True,True,False,False,Akshay Iyengar,No remarks
INSP01085,2026-02-07,SCH0262,True,True,True,False,,Yashasvi Amble,Average
INSP02379,2026-03-30,SCH0284,True,,True,True,True,Oscar Basak,No remarks
INSP01433,2025-05-30,SCH0590,True,True,False,True,False,Akshay Narayan,Average
INSP02546,2025-11-06,SCH0182,True,False,True,True,True,Anjali Magar,Needs repair
INSP01892,2025-08-31,SCH0238,True,True,True,True,False,Jairaj Hegde,Good condition
INSP01062,2025-05-13,SCH0009,False,True,False,True,True,Lipika Cherian,Average
INSP00436,2025-12-23,SCH0581,True,True,True,True,False,Aachal Pai,Good condition
INSP02474,2026-01-10,SCH0352,True,True,True,True,True,Abeer Toor,No remarks
INSP00238,2025-08-09,SCH0166,False,True,True,True,,Hiral Goda,Toilets locked
INSP01488,2025-08-17,SCH0242,True,True,True,True,True,Irya Prabhu,Toilets locked
INSP02728,2025-06-30,SCH0282,False,True,True,True,True,Hiral Morar,
INSP00110,2025-04-23,SCH0119,False,True,True,False,False,Eiravati Chaudhuri,Toilets locked
INSP02084,2025-09-11,SCH0283,,False,True,True,False,Naveen Bhandari,Good condition
INSP00782,2026-01-10,SCH0162,True,True,True,True,True,Tanveer Dyal,Toilets locked
INSP00164,2026-05-02,SCH0163,False,False,True,True,False,Vedhika Bora,Good condition
INSP00289,2025-12-27,SCH0457,True,True,True,True,False,Parth Bhatnagar,
INSP00253,2025-07-07,SCH0006,,True,False,True,True,Nicholas Agate,Toilets locked
INSP01118,2025-08-07,SCH0382,True,True,False,False,True,Aishani Keer,Needs repair
INSP02127,2025-12-15,SCH0350,True,True,True,True,False,Tara Oza,Good condition
INSP01739,2025-06-06,SCH0436,,True,False,True,True,Zilmil Kumar,
INSP00768,2026-02-19,SCH0172,False,False,True,False,False,Chatura Pradhan,Good condition
INSP00788,2025-06-07,SCH0421,True,True,True,False,True,Jeet Roy,Average
INSP01443,2025-09-30,SCH0463,True,True,True,True,True,Jairaj Chaudhary,Good condition
INSP00927,2025-03-04,SCH0420,False,True,False,True,True,,Good condition
INSP01836,2025-07-19,SCH0134,True,False,True,False,True,Lavanya Seshadri,Average
INSP01287,2025-05-29,SCH0119,True,True,,True,True,Qarin Bhavsar,No remarks
INSP01554,2026-01-21,SCH0575,True,True,True,False,,Urvashi Mann,Average
INSP02457,2025-08-02,SCH0475,True,False,True,True,False,Liam Munshi,Good condition
INSP02230,2025-05-20,SCH0207,True,True,True,True,False,Nachiket Gara,Good condition
INSP02752,2025-11-21,SCH0255,True,True,True,True,True,Urmi Shetty,No remarks
INSP02313,2025-08-17,SCH0542,True,True,True,True,True,Gunbir Pingle,Average
INSP02563,2026-01-23,SCH0049,True,True,True,False,False,,Average
INSP00848,2025-07-02,SCH0009,True,True,False,False,True,Vasatika Khanna,Good condition
INSP01438,2026-01-01,SCH0081,True,False,True,True,False,Diya Anand,Toilets locked
INSP02541,2025-07-27,SCH0566,,True,True,False,False,Vamakshi Sura,Good condition
INSP00462,2025-04-01,SCH0277,False,True,True,True,False,Tanmayi Vasa,Toilets locked
INSP02357,2025-06-29,SCH0059,True,True,,False,True,Robert Rattan,
INSP01603,2025-04-10,SCH0473,True,True,True,True,True,,Toilets locked
INSP00158,2025-07-17,SCH0331,True,True,True,True,True,Umang Pai,Toilets locked
INSP02523,2025-07-30,SCH0256,True,True,False,False,False,Anita Dhingra,Good condition
INSP02087,2025-06-11,SCH0140,True,True,True,True,False,Noah Narayanan,Good condition
INSP01805,2025-05-12,SCH0594,True,True,True,True,True,Gavin Chahal,Needs repair
INSP00678,2026-02-17,SCH0230,True,True,True,,False,Praneel Borde,Average
INSP01874,2025-10-17,SCH0304,False,True,False,False,False,Luke Pingle,Toilets locked
INSP02373,2026-02-22,SCH0532,False,True,True,False,True,,Toilets locked
INSP00239,2026-03-04,SCH0449,True,False,True,False,True,,
INSP00980,2025-07-20,SCH0600,True,True,True,True,False,Geetika Srinivasan,Needs repair
INSP01221,2025-05-27,SCH0542,True,True,False,False,False,Chanchal Narula,Toilets locked
INSP00244,2025-09-11,SCH0353,True,True,True,True,True,Samaksh Barad,Toilets locked
INSP00101,2025-09-16,SCH0478,True,True,False,True,True,Jalsa Chaudry,Good condition
INSP00316,2025-07-14,SCH0212,True,True,True,True,False,,Average
INSP01011,2026-03-03,SCH0556,False,True,True,True,True,Umang Sahota,No remarks
INSP02584,2026-02-10,SCH0380,False,True,True,True,True,Jacob Jha,Toilets locked
INSP02583,2025-10-20,SCH0116,False,True,True,True,True,Nirja Rama,
INSP01056,2025-09-03,SCH0467,True,True,True,,False,Alka Gopal,No remarks
INSP00262,2025-06-25,SCH0232,True,True,True,True,True,Utkarsh Oak,No remarks
INSP01834,2025-09-11,SCH0295,True,True,True,False,True,,Good condition
INSP00196,2025-11-02,SCH0465,False,False,,True,False,Om Issac,
INSP01980,2025-07-06,SCH0115,True,,True,True,False,,Average
INSP02950,2026-02-26,SCH0314,False,True,True,True,True,Mahika Sankaran,Average
INSP02384,2025-10-28,SCH0346,False,False,True,False,False,Zehaan Dugar,Toilets locked
INSP00180,2025-09-09,SCH0417,False,True,True,False,True,Urishilla Shere,Good condition
INSP00835,2026-02-24,SCH0572,False,False,True,False,False,Krishna Sama,No remarks
INSP00843,2026-02-10,SCH0229,False,,True,True,False,Vaishnavi Salvi,No remarks
INSP02441,2026-02-07,SCH0485,True,,True,True,True,Nirja Khurana,No remarks
INSP01581,2025-08-01,SCH0205,True,True,True,False,False,Anirudh Purohit,Toilets locked
INSP01038,2026-01-23,SCH0465,True,,True,True,False,Vrishti Balakrishnan,Good condition
INSP00341,2025-05-07,SCH0098,True,True,False,True,False,Lohit Bala,Needs repair
INSP01180,2025-10-02,SCH0451,,False,,False,False,Rachana Chander,Needs repair
INSP01988,2025-12-26,SCH0188,True,False,False,True,False,Veda Rao,Average
INSP00749,2026-09-03,SCH0065,True,False,False,,False,Kala Kale,No remarks
INSP01193,2025-04-30,SCH0137,True,True,True,False,True,Faraj Sura,Average
INSP00663,2025-11-30,SCH0424,True,False,True,True,False,Manan Bhattacharyya,
INSP00481,2025-05-29,SCH0019,True,True,,False,True,Amaira Balakrishnan,No remarks
INSP00804,2025-03-12,SCH0524,True,True,True,False,False,Waida Handa,Good condition
INSP01455,2025-12-26,SCH0322,True,True,True,True,False,Nihal Dasgupta,
INSP01499,2025-08-01,SCH0512,True,False,,False,True,Urvi Warrior,Good condition
INSP02562,2026-03-25,SCH0118,False,True,True,True,True,,Toilets locked
INSP00550,2025-10-17,SCH0554,True,True,False,False,False,Unnati Chacko,Toilets locked
INSP01741,2025-06-09,SCH0125,True,,True,True,True,Yochana Dhillon,Needs repair
INSP00784,2025-06-06,SCH0334,False,True,False,False,False,Daksh Sachdev,No remarks
INSP02848,2025-04-18,SCH0146,True,False,False,False,True,Lajita Mohanty,Average
INSP02314,2025-04-22,SCH0159,False,True,True,True,True,Lila Sundaram,Average
INSP00743,2025-04-24,SCH0420,True,True,True,False,True,Tanay Borde,Needs repair
INSP02578,2025-11-21,SCH0514,True,True,True,True,True,Manan Kapur,Toilets locked
INSP02611,2025-05-19,SCH0097,True,True,False,False,True,,Average
INSP01764,2026-01-31,SCH0019,True,True,True,,True,,Good condition
INSP02273,2025-05-25,SCH0483,True,,True,True,False,Wishi Sachdeva,No remarks
INSP02085,2025-09-12,SCH0286,,True,True,True,True,Ekta Gala,Good condition
INSP01781,2025-09-19,SCH0492,True,True,True,True,False,Divya Chaudhuri,Needs repair
INSP02419,2026-08-01,SCH0221,True,True,True,True,False,Kamala Sampath,No remarks
INSP01128,2026-03-18,SCH0022,True,True,True,False,True,Neel Singhal,Toilets locked
INSP00248,2026-03-24,SCH0286,True,True,True,True,False,Wyatt Parmar,Toilets locked
INSP00872,2025-06-12,SCH0577,True,True,True,True,True,Chavvi Upadhyay,Average
INSP01026,2026-03-02,SCH0592,,True,True,True,False,Veer Biswas,Toilets locked
INSP02955,2025-12-21,SCH0306,False,True,True,False,True,Faris Dave,No remarks
INSP02860,2025-05-21,SCH0335,True,True,True,True,True,Jeevika Rama,Toilets locked
INSP00627,2026-02-14,SCH0256,False,True,True,,False,,Average
INSP00348,2026-01-18,SCH0025,True,True,True,True,False,,
INSP00279,2025-04-26,SCH0174,True,True,True,,True,Hemal Lalla,Good condition
INSP01989,2025-08-29,SCH0436,True,True,,True,True,Damyanti Kashyap,Good condition
INSP02404,2026-03-06,SCH0011,True,True,True,True,False,Warjas Deol,No remarks
INSP00656,2025-05-03,SCH0143,True,True,False,False,False,Ati Sandhu,
INSP01357,2025-11-11,SCH0106,True,True,False,True,False,Lajita Saha,Toilets locked
INSP01033,2025-08-16,SCH0150,False,True,True,True,True,Kiaan Raval,No remarks
INSP00908,2025-11-25,SCH0572,True,True,True,False,True,Ojasvi Thaman,No remarks
INSP02761,2025-04-08,SCH0334,,True,True,True,False,Champak Upadhyay,Good condition
INSP02721,2025-11-10,SCH0164,True,True,True,True,False,Harita Saran,Good condition
INSP01136,2025-07-14,SCH0461,True,False,True,False,,Hitesh Dixit,No remarks
INSP00912,2025-07-10,SCH0493,True,False,True,True,False,Yashawini Lalla,Needs repair
INSP01908,2025-07-29,SCH0101,True,True,True,False,True,Ekaja Yohannan,Good condition
INSP00633,2026-02-24,SCH0376,False,,True,False,False,Leela Deshmukh,
INSP01103,2025-09-08,SCH0389,False,True,True,False,True,Varsha Shankar,
INSP00446,2026-03-10,SCH0059,False,True,True,False,False,Tanish Sunder,Toilets locked
INSP00618,2026-03-18,SCH0185,True,True,True,True,True,Adweta Divan,Needs repair
INSP01363,2025-05-06,SCH0108,True,True,True,,False,,Needs repair
INSP01196,2025-07-27,SCH0553,False,True,False,False,True,Gaurika Narasimhan,Average
INSP01191,2025-09-20,SCH0272,True,True,False,True,True,Vihaan Ramaswamy,Toilets locked
INSP02292,2025-10-29,SCH0013,True,True,True,True,False,Niharika Gara,Good condition
INSP01748,2025-08-30,SCH0488,True,,True,True,True,Abhimanyu Bansal,Good condition
INSP00845,2026-03-16,SCH0131,False,True,True,True,True,,No remarks
INSP02685,2025-10-10,SCH0512,,False,False,False,True,Ekanta Nagar,Toilets locked
INSP00548,2026-03-07,SCH0455,True,,True,True,,Yauvani Nagar,Average
INSP01979,2026-02-28,SCH0041,True,True,True,False,False,,Needs repair
INSP02179,2025-08-07,SCH0213,True,True,False,True,False,Wriddhish Grewal,
INSP01058,2026-03-06,SCH0262,False,True,True,False,True,Gayathri Baria,No remarks
INSP00264,2025-12-15,SCH0139,True,True,True,True,True,Veer Gera,Toilets locked
INSP02996,2025-04-05,SCH0492,True,True,True,False,True,Naveen Swamy,No remarks
INSP02477,2026-03-18,SCH0280,True,,True,True,,,No remarks
INSP02024,2025-06-15,SCH0583,True,True,True,False,False,Hamsini Majumdar,Needs repair
INSP00354,2025-08-21,SCH0301,True,True,True,False,True,Veer Chana,Average
INSP00803,2026-03-22,SCH0180,True,False,False,True,False,Qushi Zachariah,Average
INSP00209,2025-04-24,SCH0294,True,True,False,True,False,Naksh Andra,Good condition
INSP00614,2026-03-23,SCH0027,True,True,True,False,,Jasmit Rama,Good condition
INSP01048,2025-07-03,SCH0133,True,False,True,True,False,Ethan Sarkar,Toilets locked
INSP02158,2026-02-21,SCH0593,True,True,False,False,True,Faras Grewal,Average
INSP01676,2025-12-11,SCH0381,True,False,False,True,True,Yashawini Sem,
INSP01272,2025-07-17,SCH0020,True,True,True,False,False,Maanas Chaudhry,Good condition
INSP01271,2025-12-29,SCH0557,True,True,False,True,False,Onkar Behl,Toilets locked
INSP01954,2025-05-01,SCH0029,True,False,True,True,True,Osha Loyal,Toilets locked
INSP02693,2025-06-01,SCH0526,False,False,True,True,False,Warinder Vora,Average
INSP00058,2026-03-14,SCH0064,True,True,True,True,False,,Needs repair
INSP02348,2026-01-09,SCH0424,False,True,,True,False,Isaac Natarajan,Needs repair
INSP00812,2026-03-07,SCH0548,False,True,True,False,False,Varsha Pingle,Good condition
INSP01552,2025-07-25,SCH0089,True,False,True,False,True,Amaira Gandhi,No remarks
INSP02737,2025-04-03,SCH0348,True,True,True,True,True,Hardik Borde,Average
INSP00562,2025-05-03,SCH0072,True,True,True,True,True,Lakshmi Ganesh,No remarks
INSP02310,2025-06-05,SCH0452,True,True,True,False,True,Indali Bhatt,No remarks
INSP00230,2025-07-12,SCH0124,False,True,True,False,True,Mason Hari,
INSP02640,2025-08-20,SCH0169,True,True,True,True,False,Gaurav Bobal,Toilets locked
INSP02033,2025-06-09,SCH0099,True,True,True,True,True,Ryan Trivedi,
INSP02933,2025-09-24,SCH0177,True,True,,False,True,Anusha Parekh,Good condition
INSP00539,2025-06-15,SCH0302,,True,True,True,True,Vamakshi Shroff,Needs repair
INSP01736,2026-02-17,SCH0259,True,False,False,True,,Janaki Upadhyay,Average
INSP02576,2026-03-17,SCH0249,True,True,True,False,True,Sarthak Warrior,Good condition
INSP02229,2026-03-14,SCH0307,True,True,True,False,True,Eiravati Baral,Needs repair
INSP02870,2025-04-12,SCH0402,True,True,True,True,False,Anmol Chawla,Average
INSP00561,2026-01-16,SCH0113,True,True,True,True,True,Mitali Setty,
INSP00708,2026-01-01,SCH0121,True,True,False,True,False,Aayush Krish,No remarks
INSP01235,2025-06-12,SCH0486,True,False,False,False,True,Ishanvi Gera,Needs repair
INSP00425,2025-05-06,SCH0068,True,False,True,False,True,Aahana Ravi,Average
INSP00648,2025-04-10,SCH0425,False,False,True,True,True,Lajita Radhakrishnan,Average
INSP01883,2025-08-10,SCH0185,True,True,True,False,True,Shivansh Bir,Good condition
INSP01324,2025-07-17,SCH0553,True,True,False,True,True,,Good condition
INSP02596,2025-05-14,SCH0031,True,True,True,False,False,Anay Atwal,
INSP01160,2025-12-30,SCH0388,,True,False,True,False,Samuel Sankaran,Good condition
INSP01006,2025-11-29,SCH0053,False,True,True,False,False,Irya Bawa,Toilets locked
INSP00621,2025-08-06,SCH0451,True,True,True,,False,Neel Dugal,No remarks
INSP00554,2025-08-08,SCH0124,,True,True,True,False,,Average
INSP02802,2026-01-02,SCH0505,True,True,True,True,True,Onkar Chadha,No remarks
INSP01558,2026-01-11,SCH0220,True,True,True,True,False,,
INSP00999,2025-07-17,SCH0557,False,True,True,True,True,Amol Brahmbhatt,Needs repair
INSP01365,2026-01-16,SCH0239,True,True,True,,True,Dhruv Lad,
INSP01755,2026-02-09,SCH0039,True,True,False,True,True,Nachiket Varty,No remarks
INSP02886,2025-12-27,SCH0063,False,True,,False,False,Alexander Hayre,Good condition
INSP01645,2025-06-14,SCH0280,True,True,True,False,True,Sanaya Ramakrishnan,Needs repair
INSP00441,2026-02-09,SCH0356,True,True,True,True,True,Niharika Bansal,Toilets locked
INSP00509,2025-10-05,SCH0322,False,True,True,False,False,Abdul Dugar,Good condition
INSP00590,2026-03-12,SCH0487,,True,True,True,False,Yashica Tiwari,Average
INSP01237,2025-12-17,SCH0448,True,True,True,False,False,Aarush Bassi,Good condition
INSP00650,2025-12-23,SCH0534,True,False,False,False,False,Vedika Kohli,Needs repair
INSP02041,2025-07-12,SCH0236,,True,True,False,False,Yashawini Ganesan,
INSP02683,2025-04-23,SCH0186,True,True,True,True,False,Vihaan Saini,Good condition
INSP01317,2025-07-14,SCH0315,True,True,True,True,True,Harita Chatterjee,
INSP01335,2026-01-11,SCH0210,True,True,True,True,False,Mitali Lad,Good condition
INSP01843,2026-03-15,SCH0032,True,True,False,True,False,Meera Sampath,
INSP00631,2026-01-11,SCH0292,False,True,True,True,True,Vasatika Grewal,
INSP01403,2025-11-13,SCH0469,False,True,True,True,True,Kabir Cheema,No remarks
INSP00483,2025-07-06,SCH0389,True,True,True,False,,,Average
INSP01245,2025-12-29,SCH0463,False,True,False,True,True,Ekanta Bahri,Toilets locked
INSP02571,2025-11-05,SCH0079,True,True,,True,True,Wridesh Soni,Needs repair
INSP02231,2025-08-29,SCH0263,True,True,True,False,True,Aayush Ratti,No remarks
INSP02096,2025-10-29,SCH0362,True,True,True,False,,Reva Sidhu,No remarks
INSP00857,2025-11-07,SCH0368,False,True,True,True,True,Fitan De,Good condition
INSP00531,2026-03-15,SCH0594,,True,True,True,False,Ranveer Tank,
INSP01996,2025-11-04,SCH0188,True,True,True,True,True,Yagnesh Borra,No remarks
INSP00050,2025-10-03,SCH0466,True,False,True,True,False,Hamsini Golla,Toilets locked
INSP00859,2025-12-17,SCH0578,True,True,True,True,False,Pallavi Wagle,Needs repair
INSP01073,2025-09-27,SCH0583,True,True,True,False,True,Wriddhish Bal,Toilets locked
INSP00720,2026-03-01,SCH0370,True,False,True,True,False,Anita Sengupta,Toilets locked
INSP01826,2026-02-08,SCH0416,True,True,False,False,True,Xalak Raghavan,Average
INSP01430,2025-09-07,SCH0255,False,False,True,True,False,Veda Parikh,Needs repair
INSP02370,2025-12-11,SCH0058,True,False,True,False,True,Brinda Buch,
INSP01449,2025-12-07,SCH0317,True,True,True,,False,Chandresh Gokhale,
INSP01633,2025-11-25,SCH0554,True,True,True,False,True,Tara Mahal,Good condition
INSP02244,2026-03-25,SCH0475,True,True,False,True,False,Vinaya Vala,Average
INSP02888,2025-04-23,SCH0061,True,True,True,False,True,Advika Raghavan,Needs repair
INSP02744,2025-06-20,SCH0105,True,True,True,False,True,Brijesh Naidu,No remarks
INSP01544,2025-12-17,SCH0236,True,True,True,,False,Logan Sarin,
INSP02167,2025-04-08,SCH0365,False,True,True,True,True,,No remarks
INSP01792,2026-03-29,SCH0032,True,False,True,True,True,Dhriti Boase,Average
INSP01393,2025-05-01,SCH0397,True,True,True,True,True,Veer Ramaswamy,
INSP02257,2025-08-26,SCH0036,,True,True,False,True,Dalaja Karnik,Good condition
INSP02766,2025-08-05,SCH0287,True,True,True,,True,Gaurangi Barad,Average
INSP01651,2025-07-25,SCH0026,True,True,True,True,True,Dev Kata,
INSP00298,2025-12-01,SCH0141,,True,True,True,True,Jagdish Gulati,Toilets locked
INSP01327,2026-02-05,SCH0276,True,True,True,False,True,Parth Krishnamurthy,Needs repair
INSP01458,2026-03-22,SCH0067,True,True,True,True,True,Forum Handa,No remarks
INSP00959,2025-05-05,SCH0128,True,True,True,True,True,Aadhya Baral,Needs repair
INSP01321,2026-01-30,SCH0524,False,True,True,True,True,,Average
INSP01609,2026-02-26,SCH0290,False,True,True,True,True,Kala Nath,Toilets locked
INSP01214,2025-11-30,SCH0212,True,False,False,False,False,Vedhika Ahluwalia,
INSP00350,2025-12-05,SCH0285,True,,True,True,True,Anamika Choudhury,No remarks
INSP02565,2025-12-30,SCH0579,True,True,True,False,False,Nathan Padmanabhan,Average
INSP00644,2026-01-31,SCH0260,True,True,True,False,False,Ekaja Wason,Needs repair
INSP01897,2025-09-28,SCH0567,True,,False,False,True,Dhruv Batra,Needs repair
INSP01284,2025-11-03,SCH0489,True,True,True,True,False,Avni Modi,Toilets locked
INSP00670,2025-10-08,SCH0291,True,False,True,False,True,Warjas Mody,Average
INSP02537,2025-04-17,SCH0265,False,True,True,False,True,,Average
INSP01643,2025-10-15,SCH0111,True,True,True,True,True,Aarini Chawla,Toilets locked
INSP01955,2026-01-15,SCH0561,False,True,False,False,True,Siya Parekh,
INSP02591,2026-01-31,SCH0252,True,True,True,True,True,Chaman Mistry,Average
INSP02499,2026-03-15,SCH0322,True,True,True,False,,Chaitaly Bath,
INSP01553,2025-12-17,SCH0071,True,True,,False,True,Indrajit Nori,Good condition
INSP01715,2026-03-20,SCH0262,True,True,False,True,False,,Needs repair
INSP00787,2025-10-02,SCH0244,True,True,True,True,True,Arya Ramesh,No remarks
INSP02833,2025-10-21,SCH0138,True,True,False,True,False,Harita Ratta,Toilets locked
INSP00141,2025-05-14,SCH0318,True,True,True,True,False,Hemani Rastogi,Toilets locked
INSP00789,2025-11-21,SCH0074,True,True,True,False,False,Qasim Mody,Good condition
INSP01726,2025-11-13,SCH0316,True,False,True,True,True,Chakradhar Kapoor,Average
INSP02688,2025-07-19,SCH0009,,True,True,False,False,Baljiwan Gaba,No remarks
INSP00715,2025-09-30,SCH0334,,True,,True,True,Udyati Soman,Average
INSP01466,2025-10-24,SCH0047,True,True,True,False,False,Hitesh Chana,No remarks
INSP01718,2025-06-11,SCH0443,True,True,True,True,True,Peter Tella,No remarks
INSP01601,2025-07-21,SCH0468,False,False,True,True,False,Harinakshi Suri,
INSP01627,2025-11-14,SCH0018,False,True,True,True,True,Qasim Krishnamurthy,Average
INSP00619,2025-07-07,SCH0033,False,True,True,True,False,Arin Nagarajan,
INSP00407,2025-09-29,SCH0344,True,True,False,True,False,Lekha Radhakrishnan,
INSP01519,2025-09-23,SCH0173,True,True,True,False,False,Tanveer Tiwari,
INSP02017,2026-02-09,SCH0420,False,True,True,True,True,Orinder Ahuja,Good condition
INSP02937,2026-03-18,SCH0344,False,True,True,,,Raghav Mall,No remarks
INSP01269,2025-10-04,SCH0488,True,True,True,False,,Ojasvi Rattan,
INSP01780,2026-02-15,SCH0453,,False,True,True,False,Qadim Prabhu,Needs repair
INSP00498,2025-05-11,SCH0590,True,True,False,True,True,Divya Kari,Toilets locked
INSP00343,2025-05-28,SCH0346,True,True,False,True,False,Yamini Badami,Average
INSP02879,2025-12-15,SCH0063,,,True,True,True,Devika Tank,Toilets locked
INSP02390,2025-06-12,SCH0119,False,True,False,True,True,Onveer Jaggi,Good condition
INSP00783,2025-06-16,SCH0078,True,False,True,False,False,Harish Kaul,Average
INSP02291,2025-07-04,SCH0008,True,True,False,True,False,Nitesh Zachariah,Average
INSP00304,2025-11-03,SCH0325,False,True,False,True,False,Faqid Mitter,
INSP01952,2025-10-27,SCH0086,True,True,True,False,False,Urvi Pai,Needs repair
INSP00665,2026-03-15,SCH0450,True,True,True,True,True,Harinakshi Shenoy,Toilets locked
INSP01814,2026-01-19,SCH0197,False,False,True,True,False,Zarna Saxena,Toilets locked
INSP01624,2025-06-23,SCH0401,True,,False,True,False,,Average
INSP02836,2025-10-18,SCH0370,False,True,True,False,False,Lavanya Nazareth,Toilets locked
INSP01629,2025-09-03,SCH0321,True,True,False,False,False,Isaac Wagle,Average
INSP00085,2025-05-14,SCH0466,True,True,False,True,True,Bhanumati Gaba,Needs repair
INSP02333,2026-01-25,SCH0590,True,True,False,False,True,Yuvraj Butala,No remarks
INSP00942,2025-09-28,SCH0494,False,False,True,False,False,Ikbal Verma,Average
INSP00962,2025-07-24,SCH0143,True,False,False,False,True,Vasatika Barad,No remarks
INSP00842,2026-01-21,SCH0142,True,True,True,False,,Veda Ratta,Good condition
INSP02502,2026-01-05,SCH0335,False,True,True,False,True,Rachit Sibal,Good condition
INSP02651,2026-01-06,SCH0106,,True,True,False,True,Nilima Kannan,Toilets locked
INSP01415,2025-08-19,SCH0330,True,True,True,True,False,Odika Deol,Toilets locked
INSP00291,2026-02-05,SCH0441,True,True,True,True,True,Ikbal Swamy,Needs repair
INSP02195,2025-05-01,SCH0509,True,True,True,True,False,Qushi Zachariah,Needs repair
INSP01242,2025-12-31,SCH0386,False,True,True,True,False,Abha Bal,Average
INSP00605,2026-02-25,SCH0138,True,True,False,False,True,Kalpit Varma,Average
INSP02150,2025-04-27,SCH0047,True,True,,False,True,Elijah Kade,Average
INSP00917,2025-05-06,SCH0474,True,True,True,False,True,Lakshmi Menon,
INSP02622,2026-03-16,SCH0216,False,True,True,False,True,,Toilets locked
INSP01823,2025-11-03,SCH0221,False,,True,False,True,Bishakha Pant,Toilets locked
INSP01100,2025-05-08,SCH0486,True,True,False,False,False,Advay Kamdar,
INSP01089,2025-08-07,SCH0600,True,True,False,True,False,Lakshit Sem,Average
INSP02214,2026-02-07,SCH0103,True,True,True,,False,Nitara Ghosh,Needs repair
INSP01442,2025-07-15,SCH0205,,True,True,True,False,,No remarks
INSP00822,2025-07-12,SCH0393,True,True,True,False,True,Aachal Babu,
INSP02597,2025-09-27,SCH0084,True,True,,True,False,,Toilets locked
INSP01001,2025-05-29,SCH0240,True,True,True,False,True,,No remarks
INSP01495,2025-08-30,SCH0062,False,False,True,False,False,Garima Sodhi,
INSP00019,2026-03-03,SCH0418,False,True,True,False,True,,Needs repair
INSP02975,2026-02-18,SCH0543,True,True,True,True,False,,Needs repair
INSP01126,2025-11-11,SCH0219,True,True,,False,True,Wriddhish Kalla,Needs repair
INSP01352,2025-07-08,SCH0545,True,False,,True,True,Jack Munshi,
INSP02251,2025-10-07,SCH0497,True,,True,True,False,Jasmit Ghose,Good condition
INSP01396,2025-06-13,SCH0390,False,True,True,False,False,,Good condition
INSP01719,2026-01-07,SCH0538,True,True,False,False,True,,Average
INSP01594,2025-11-04,SCH0378,False,True,True,False,False,Ranveer Randhawa,Good condition
INSP01810,2026-01-30,SCH0343,True,True,,True,True,Divya Purohit,Toilets locked
INSP01658,2025-05-17,SCH0247,False,True,True,False,True,Sudiksha Nagy,Average
INSP02128,2025-04-23,SCH0059,True,True,True,True,False,Avi Chawla,Toilets locked
INSP01518,2025-05-10,SCH0190,True,True,False,True,True,Zansi Kaul,Toilets locked
INSP01010,2025-06-10,SCH0566,False,True,True,,True,Yutika Chowdhury,No remarks
INSP00361,2025-09-12,SCH0410,True,False,True,False,False,Faris Lad,Average
INSP02690,2025-07-05,SCH0292,True,True,True,False,False,Ethan Gala,Toilets locked
INSP02013,2025-08-16,SCH0098,True,True,True,False,True,Kamala Khatri,Good condition
INSP02739,2025-12-10,SCH0198,True,True,True,True,False,Urvashi Kala,Toilets locked
INSP01841,2025-10-14,SCH0164,False,False,True,False,False,Samaksh Murthy,Good condition
INSP00345,2025-04-12,SCH0535,True,False,True,False,True,Deepa Goyal,Toilets locked
INSP00987,2025-04-15,SCH0385,True,True,True,True,True,Anya Palla,
INSP02026,2026-03-06,SCH0382,False,True,True,True,False,Tanmayi Gokhale,Toilets locked
INSP01912,2026-03-17,SCH0459,True,True,False,True,False,Priya Das,Needs repair
INSP01476,2025-06-27,SCH0258,True,False,False,False,False,Caleb Mallick,No remarks
INSP01299,2025-11-01,SCH0075,True,,True,True,True,Warjas Jani,Toilets locked
INSP00114,2025-06-16,SCH0302,True,True,True,True,True,Sara Palla,
INSP01211,2025-06-28,SCH0306,True,True,True,True,False,Rajeshri Sheth,Needs repair
INSP02023,2025-10-04,SCH0181,False,True,True,False,False,Hitesh Rajan,Good condition
INSP01895,2025-05-23,SCH0220,True,False,True,False,False,Jai Kara,Toilets locked
INSP00086,2026-01-12,SCH0244,True,True,True,True,False,Dipta Rastogi,Toilets locked
INSP02175,2025-11-01,SCH0020,True,True,True,False,True,Triya Sibal,No remarks
INSP00669,2026-01-29,SCH0321,True,True,True,False,False,,
INSP01015,2025-12-07,SCH0060,,True,True,False,False,Daksha Wadhwa,No remarks
INSP00129,2026-01-31,SCH0030,True,True,False,True,False,Pooja Pillai,No remarks
INSP02498,2026-02-10,SCH0236,True,True,False,True,False,Eshana Chanda,No remarks
INSP02961,2025-08-18,SCH0144,True,True,False,True,True,Azad Sachar,
INSP00892,2025-04-29,SCH0400,False,True,True,True,True,Vedika Krish,Good condition
INSP01584,2025-11-27,SCH0151,True,True,True,False,True,Zinal Rege,Good condition
INSP00308,2025-12-21,SCH0116,True,True,True,True,True,Nicholas Pathak,No remarks
INSP00384,2025-10-15,SCH0051,True,False,True,False,True,Maanas Mangat,Good condition
INSP02044,2025-10-23,SCH0245,True,True,True,True,True,William Mohanty,
INSP01296,2025-12-12,SCH0346,True,True,,False,False,Azaan Deol,
INSP02067,2025-11-05,SCH0215,True,True,True,True,False,Jagrati Grover,Needs repair
INSP00427,2026-01-12,SCH0452,True,True,True,True,True,Chakrika Bajaj,Good condition
INSP00495,2026-02-16,SCH0491,True,False,True,False,True,Kai Mitra,Needs repair
INSP01208,2025-04-03,SCH0526,True,False,True,True,True,Shivani Chahal,Toilets locked
INSP01209,2026-01-30,SCH0479,False,True,True,True,True,Krishna Iyer,Good condition
INSP02317,2025-08-14,SCH0241,,True,True,True,True,Daniel Nagy,No remarks
INSP01400,2025-10-24,SCH0072,True,,True,True,True,Balendra Sundaram,Needs repair
INSP01767,2025-06-22,SCH0105,True,False,True,True,False,Krisha Sheth,Toilets locked
INSP00276,2026-02-10,SCH0512,True,True,True,False,True,,Toilets locked
INSP00490,2025-06-08,SCH0353,False,True,True,True,False,Charvi Iyer,No remarks
INSP02667,2026-03-31,SCH0114,False,False,,False,True,Jeremiah Tandon,No remarks
INSP00691,2025-10-12,SCH0310,False,True,False,False,False,,Average
INSP01798,2026-02-28,SCH0582,True,True,True,True,True,,Toilets locked
INSP01770,2026-03-21,SCH0105,False,True,True,True,True,Isha Issac,
INSP02258,2026-03-07,SCH0567,True,True,True,False,True,Guneet Kannan,No remarks
INSP01331,2025-12-10,SCH0498,True,True,False,True,True,Nitesh Baria,No remarks
INSP02868,2026-02-13,SCH0322,True,,True,True,False,Girish Zachariah,Good condition
INSP01059,2025-08-27,SCH0425,True,True,False,False,False,,Toilets locked
INSP00119,2025-05-08,SCH0009,True,False,False,True,True,Owen Koshy,Average
INSP01025,2026-03-19,SCH0056,True,True,True,True,True,Amara Sura,Average
INSP02784,2026-07-01,SCH0042,True,True,False,True,True,Aishani Butala,Needs repair
INSP00282,2025-04-26,SCH0148,False,True,True,True,True,Yuvraj Suri,Good condition
INSP01672,2026-02-27,SCH0540,True,True,True,False,False,Bahadurjit Jhaveri,
INSP02459,2026-02-01,SCH0298,False,True,True,,False,Zaitra Brahmbhatt,
INSP00969,2025-09-18,SCH0290,False,True,False,True,False,Sanya Dutta,Toilets locked
INSP02064,2026-01-25,SCH0080,True,False,True,True,False,Ethan Muni,
INSP01919,2025-06-01,SCH0536,,True,True,False,True,Chaaya Parekh,
INSP01790,2025-08-14,SCH0213,False,False,True,True,False,Yoshita Rastogi,No remarks
INSP00156,2025-11-04,SCH0331,False,True,False,True,False,Christopher Kohli,
INSP00305,2026-03-01,SCH0416,,True,True,True,False,Krisha Patel,No remarks
INSP02054,2025-11-12,SCH0232,True,True,True,True,True,Vasatika Dyal,
INSP02684,2025-12-05,SCH0340,False,True,True,True,True,,Average
INSP01690,2025-04-05,SCH0237,True,False,True,True,False,Anirudh Swaminathan,Needs repair
INSP02781,2025-04-19,SCH0405,True,True,True,False,True,Saksham Palla,No remarks
INSP02360,2025-12-18,SCH0040,False,False,True,False,True,Qabil Mani,Toilets locked
INSP01526,2026-01-26,SCH0418,,True,False,True,False,Netra Puri,No remarks
INSP00576,2026-03-31,SCH0018,False,True,True,False,True,Ubika Nath,Needs repair
INSP02065,2026-02-17,SCH0487,False,True,True,True,False,Unnati Dayal,Needs repair
INSP02705,2026-02-27,SCH0063,True,True,True,True,False,Chatresh Gala,Good condition
INSP02759,2025-04-05,SCH0448,True,True,False,False,False,Upkaar Kamdar,Toilets locked
INSP01322,2025-04-28,SCH0209,True,True,False,False,False,Harita Zachariah,Good condition
INSP00844,2025-07-26,SCH0053,False,,True,,True,Warjas Sundaram,No remarks
INSP01407,2025-11-24,SCH0459,False,True,False,False,False,,No remarks
INSP00270,2025-12-26,SCH0175,True,True,True,,True,,Good condition
INSP00630,2026-01-26,SCH0104,True,True,True,True,True,Dayamai Gola,No remarks
INSP01034,2025-10-13,SCH0111,True,True,True,True,False,Charan Bhakta,Needs repair
INSP00287,2025-05-09,SCH0395,True,True,True,True,True,Warhi Kanda,
INSP02331,2026-03-29,SCH0379,,True,False,True,False,Siya Shan,Good condition
INSP00301,2025-10-31,SCH0078,True,True,True,False,True,Saanvi Tripathi,Toilets locked
INSP01510,2025-08-23,SCH0336,True,True,True,True,False,Jagdish Warrior,Toilets locked
INSP02020,2025-12-31,SCH0209,True,,False,False,False,Anmol Pau,Needs repair
INSP01868,2026-01-19,SCH0283,True,True,True,True,True,Ayaan Handa,Good condition
INSP01468,2026-01-18,SCH0452,,True,True,False,False,Quincy Dewan,Toilets locked
INSP00066,2025-07-01,SCH0242,True,True,True,True,True,Yadavi Krishnan,
INSP02340,2026-03-02,SCH0174,True,False,True,False,False,Lohit Sahni,Toilets locked
INSP00891,2025-12-08,SCH0446,False,True,True,False,True,Radha Mahajan,Average
INSP01879,2025-09-29,SCH0430,True,True,True,True,False,,No remarks
INSP01972,2025-07-21,SCH0168,True,True,True,True,True,Kalpit Varkey,Needs repair
INSP02657,2025-12-16,SCH0125,False,True,True,True,True,,
INSP02976,2026-01-09,SCH0388,True,True,True,,True,,Average
INSP00231,2025-07-01,SCH0365,True,True,True,True,True,Irya Patla,Needs repair
INSP00504,2025-04-17,SCH0265,True,True,False,True,True,Balvan Babu,Needs repair
INSP01353,2025-08-17,SCH0179,True,True,True,True,True,Veda Sethi,No remarks
INSP01511,2025-04-24,SCH0419,,True,True,True,,Gabriel Bhakta,Average
INSP01613,2026-01-12,SCH0361,False,True,True,False,True,Ekta Pingle,No remarks
INSP01375,2025-09-29,SCH0310,True,True,,True,True,Ojas Mohanty,No remarks
INSP01005,2025-04-19,SCH0138,True,False,True,False,False,Qasim Walia,Average
INSP00837,2025-05-03,SCH0428,True,True,True,True,True,Ethan Som,Good condition
INSP01724,2025-06-15,SCH0348,,True,True,True,True,Yadavi Suresh,No remarks
INSP00375,2026-02-19,SCH0204,False,True,,True,True,Warjas Solanki,No remarks
INSP01399,2025-07-12,SCH0517,True,True,True,True,True,Osha Mandal,
INSP02226,2025-10-09,SCH0431,True,False,True,True,True,Ekanta Karpe,Toilets locked
INSP01993,2025-11-21,SCH0214,True,,False,True,False,Raghav Saxena,
INSP02012,2025-11-25,SCH0223,True,False,True,False,False,,
INSP00752,2026-04-01,SCH0381,True,True,True,True,True,Rajata Srinivas,Toilets locked
INSP00100,2025-08-01,SCH0033,True,True,True,True,True,Onkar Sarma,Average
INSP01923,2025-04-05,SCH0253,True,True,True,True,False,Harita Toor,Needs repair
INSP00867,2025-10-01,SCH0495,True,True,True,True,True,Robert Pradhan,
INSP00911,2025-09-18,SCH0400,False,True,True,True,True,,Toilets locked
INSP01477,2025-09-15,SCH0297,False,True,True,True,True,Sanya Tata,Average
INSP00530,2025-12-15,SCH0524,True,,True,False,True,Jonathan Narasimhan,Average
INSP01261,2025-04-07,SCH0204,True,False,True,False,False,,Toilets locked
INSP01832,2025-11-15,SCH0362,False,True,True,False,True,Devansh Rai,
INSP00637,2025-10-27,SCH0038,True,False,True,False,False,Noah Mittal,Good condition
INSP01270,2025-11-11,SCH0056,True,True,True,True,True,Jeevika Gola,Good condition
INSP00186,2025-08-28,SCH0179,True,True,True,True,True,Charita Karan,
INSP01382,2025-11-16,SCH0306,True,False,False,True,True,Ekbal Dalal,No remarks
INSP01568,2025-06-27,SCH0076,True,True,,True,False,Abdul Kara,Average
INSP00932,2025-09-23,SCH0311,True,,True,,False,Barkha Chaudhuri,Toilets locked
INSP02877,2025-06-08,SCH0404,False,True,True,True,False,Anika Deshmukh,
INSP01559,2025-03-11,SCH0544,True,True,False,False,False,Triya Acharya,No remarks
INSP02810,2025-08-16,SCH0587,False,True,True,False,True,Mohammed Wable,Average
INSP01274,2025-07-14,SCH0356,,True,False,True,True,Ekaja Guha,Average
INSP02180,2025-10-25,SCH0591,True,True,True,False,True,Advaith Badal,Average
INSP00608,2025-08-26,SCH0580,True,True,False,True,False,David Viswanathan,Toilets locked
INSP01503,2025-10-16,SCH0140,True,True,True,True,True,Krishna Thaman,Needs repair
INSP00152,2025-10-05,SCH0127,False,True,True,True,False,Zayan Ramakrishnan,Good condition
INSP01437,2025-04-03,SCH0373,True,True,True,False,False,Aadhya Sachar,Needs repair
INSP02260,2025-06-22,SCH0239,True,True,,False,True,Girik Wable,No remarks
INSP00732,2025-09-13,SCH0480,True,True,False,True,True,Lopa Balay,No remarks
INSP02857,2026-10-02,SCH0305,False,False,True,True,True,Vasudha Badami,Toilets locked
INSP02869,2025-04-21,SCH0566,True,True,True,True,True,Rajeshri Mitra,Toilets locked
INSP00024,2026-09-03,SCH0056,True,True,True,True,False,Bhavna Kamdar,No remarks
INSP02627,2025-09-16,SCH0495,False,True,True,True,True,Arunima Krishna,Average
INSP00159,2025-10-14,SCH0559,True,True,True,False,False,Nidra Rout,Good condition
INSP00862,2025-05-09,SCH0168,False,True,False,True,False,Ishanvi Patil,
INSP00903,2026-02-24,SCH0331,True,True,False,False,True,Aachal Tella,Toilets locked
INSP02981,2026-02-25,SCH0253,True,True,False,False,True,Balendra More,Toilets locked
INSP01231,2025-08-25,SCH0243,True,True,True,,True,Balveer Garde,Needs repair
INSP02377,2025-12-12,SCH0540,True,True,True,False,False,Bina Deshpande,Average
INSP00445,2025-07-09,SCH0569,True,True,True,False,False,Hiral Ray,Toilets locked
INSP00755,2025-07-15,SCH0575,True,True,True,True,False,Dayita Om,Toilets locked
INSP00924,2025-10-12,SCH0155,True,True,True,True,True,Lucky Ratti,Needs repair
INSP02988,2025-05-03,SCH0242,False,True,True,True,False,Janaki Bajwa,Average
INSP00312,2026-03-23,SCH0175,True,True,True,False,True,Nihal Panchal,Needs repair
INSP00549,2026-01-29,SCH0429,True,True,True,False,False,Lila Oak,Toilets locked
INSP02105,2026-01-23,SCH0173,True,True,False,False,False,Ati Sankar,No remarks
INSP01625,2025-04-13,SCH0498,False,True,True,False,False,Kevin Gole,
INSP00307,2025-12-28,SCH0595,True,True,True,True,False,David Pillai,Good condition
INSP00288,2025-11-03,SCH0283,True,False,True,True,True,,Needs repair
INSP00695,2025-04-09,SCH0278,True,True,True,True,True,Nimrat Prashad,Needs repair
INSP00309,2025-05-10,SCH0487,True,True,True,False,False,Osha Kant,Average
INSP02444,2026-01-01,SCH0286,True,True,False,True,True,Qarin Mandal,Average
INSP00750,2026-03-24,SCH0080,False,True,True,True,True,Udant Sehgal,Toilets locked
INSP01602,2026-02-03,SCH0323,True,True,True,,True,Zarna Rama,
INSP01691,2025-07-29,SCH0570,True,True,True,True,False,Advay Sandhu,Average
INSP01577,2026-03-24,SCH0552,,True,True,,False,,Good condition
INSP00909,2025-06-16,SCH0112,True,True,,True,True,Zarna Purohit,No remarks
INSP00087,2025-12-27,SCH0568,False,True,True,True,True,Sachi Vyas,Average
INSP02504,2025-08-06,SCH0059,True,True,True,True,False,Fitan Kanda,No remarks
INSP02958,2025-06-28,SCH0264,True,True,False,True,False,Michael Amble,Toilets locked
INSP02624,2025-09-01,SCH0035,False,True,True,True,True,Mugdha Dasgupta,No remarks
INSP00971,2025-08-22,SCH0547,True,True,True,,True,Jairaj Jaggi,Needs repair
INSP00014,2026-01-05,SCH0325,True,True,False,True,True,Falan Sankaran,Needs repair
INSP00874,2025-09-12,SCH0011,True,True,True,False,True,,Needs repair
INSP00809,2026-01-28,SCH0064,False,True,False,False,True,Viraj Barad,Good condition
INSP02711,2026-02-23,SCH0168,False,True,False,False,True,Zehaan Kumer,Toilets locked
INSP00515,2025-04-05,SCH0548,True,True,True,True,False,Vidhi Khalsa,No remarks
INSP02779,2026-02-08,SCH0481,True,True,True,True,False,Sai Mahal,Needs repair
INSP00410,2025-11-03,SCH0072,True,True,True,False,False,Wishi Babu,
INSP02010,2025-09-18,SCH0206,True,True,True,False,True,Praneel Bhandari,No remarks
INSP01338,2026-01-17,SCH0261,True,True,,True,False,Mitali Krishnamurthy,No remarks
INSP02383,2026-05-02,SCH0199,False,True,True,False,False,Siya Grover,No remarks
INSP01462,2025-06-03,SCH0138,False,True,True,True,False,Nidra Dasgupta,Toilets locked
INSP01371,2026-03-01,SCH0275,False,True,True,,False,Laban Menon,Average
INSP02807,2025-09-02,SCH0259,True,True,True,False,False,Aachal Johal,Good condition
INSP01585,2025-09-15,SCH0263,True,True,,True,True,Chasmum Mittal,Good condition
INSP00383,2025-09-17,SCH0473,True,True,True,False,False,Fariq Naidu,Needs repair
INSP02016,2025-07-04,SCH0201,True,False,True,False,True,Ojas Garde,Good condition
INSP02663,2025-09-29,SCH0229,True,True,True,True,True,Falguni Dasgupta,
INSP02496,2025-09-10,SCH0243,False,True,False,True,True,Garima Mane,No remarks
INSP02462,2025-07-07,SCH0016,True,True,True,True,,Viraj Batta,Toilets locked
INSP01848,2026-01-18,SCH0051,True,True,True,True,False,Oscar Maharaj,Good condition
INSP02059,2026-01-16,SCH0145,True,True,True,False,,Chaitaly Mutti,Good condition
INSP02629,2026-03-22,SCH0448,True,True,True,False,True,Jeremiah Sidhu,Toilets locked
INSP00553,2025-08-25,SCH0245,True,True,True,False,False,Jagvi Kumar,
INSP00223,2025-10-14,SCH0027,False,False,,False,False,Shravya Divan,
INSP01097,2025-07-25,SCH0530,True,True,,True,False,Jagat Pathak,Toilets locked
INSP00009,2025-12-29,SCH0555,True,True,True,True,True,Benjamin Bali,Needs repair
INSP02863,2026-01-23,SCH0586,,True,True,False,True,Onkar Mohanty,Needs repair
INSP00317,2026-02-25,SCH0154,True,True,False,True,True,Chatresh Naik,
INSP01329,2025-04-16,SCH0151,True,True,False,True,False,Praneel Keer,Toilets locked
INSP00428,2025-06-28,SCH0207,,True,True,False,True,Robert Sarraf,Average
INSP00106,2026-01-17,SCH0441,True,True,True,True,True,Pahal Upadhyay,Needs repair
INSP02241,2025-05-22,SCH0505,True,True,False,False,False,Zaitra Narula,No remarks
INSP00143,2025-12-13,SCH0402,True,True,True,True,True,Bhavya Mannan,Good condition
INSP00122,2025-07-03,SCH0359,True,True,False,True,False,Geetika Sampath,Average
INSP02495,2025-07-26,SCH0504,,True,True,True,False,Vedhika Srinivas,Average
INSP01190,2026-03-08,SCH0496,False,True,True,True,True,Damini Madan,Good condition
INSP02081,2026-02-14,SCH0443,,True,False,True,False,Hema Basu,Good condition
INSP02783,2025-07-17,SCH0480,True,True,True,True,False,Oni Bhagat,
INSP02114,2025-10-24,SCH0388,False,True,True,False,False,,
INSP00116,2026-01-07,SCH0071,False,False,True,True,False,Ekbal Mohanty,Average
INSP01570,2026-02-10,SCH0257,True,True,True,True,False,Deepa Kalla,Toilets locked
INSP02269,2026-02-08,SCH0558,True,True,True,True,True,Prisha Tank,No remarks
INSP02261,2025-09-20,SCH0509,True,True,True,True,True,Yash Andra,Good condition
INSP01818,2025-06-26,SCH0211,True,True,True,True,False,Krisha Sabharwal,Average
INSP01784,2025-07-30,SCH0397,True,True,True,True,False,,Good condition
INSP02004,2025-10-05,SCH0132,,True,False,True,True,Andrew Raju,Average
INSP00673,2025-09-04,SCH0173,True,False,False,True,True,Vrishti Misra,No remarks
INSP01727,2025-07-26,SCH0371,False,True,True,True,False,Irya Suri,
INSP01819,2026-03-30,SCH0495,True,True,True,False,True,,
INSP02186,2025-05-04,SCH0193,False,True,True,False,True,Aayush Viswanathan,Average
INSP00592,2025-12-03,SCH0329,True,,False,True,False,Laksh Narayanan,
INSP02187,2026-01-14,SCH0049,True,True,True,True,True,Idika Vasa,Good condition
INSP00889,2025-07-01,SCH0379,True,True,True,False,False,Wriddhish Lal,
INSP01958,2025-10-18,SCH0525,False,True,True,True,True,Christopher Choudhury,Toilets locked
INSP02058,2025-10-16,SCH0588,True,True,,True,False,Vritti Om,No remarks
INSP00214,2025-08-30,SCH0147,True,True,True,True,True,Balveer Din,Needs repair
INSP00779,2025-08-08,SCH0418,True,True,True,False,,Gaurika Dugal,Good condition
INSP01863,2025-08-27,SCH0092,False,,True,False,False,Pratyush Mani,
INSP00801,2025-08-06,SCH0552,False,True,True,True,True,Henry Modi,Average
INSP02610,2025-12-19,SCH0145,,True,True,True,False,Bishakha Subramaniam,No remarks
INSP01615,2025-05-22,SCH0534,True,True,True,True,False,Bishakha Baria,Needs repair
INSP01703,2025-05-30,SCH0242,True,True,True,True,False,Harini Ahluwalia,Needs repair
INSP02407,2026-01-16,SCH0533,False,False,,True,False,Ati Lala,Needs repair
INSP02915,2025-11-21,SCH0144,,True,True,False,False,Oliver Dubey,
INSP02986,2025-09-04,SCH0293,True,True,True,True,True,Nandini Mann,Good condition
INSP02851,2026-03-22,SCH0442,True,False,True,False,True,Yug Chand,Needs repair
INSP01344,2026-03-10,SCH0450,False,True,True,False,False,Omya Minhas,Good condition
INSP00274,2025-07-21,SCH0453,True,True,True,False,False,Lekha Khanna,Average
INSP00072,2025-09-23,SCH0321,,True,True,False,False,,Good condition
INSP02534,2025-05-29,SCH0023,True,True,True,False,False,Avi Rau,
INSP01088,2025-07-31,SCH0316,True,True,True,True,False,Chatura Cheema,No remarks
INSP00395,2026-02-28,SCH0191,True,,True,True,False,Harita Balan,Average
INSP00584,2025-08-09,SCH0196,True,True,True,False,False,Tanmayi Mann,Good condition
INSP01704,2025-04-06,SCH0433,False,,True,True,True,Gaurang Bandi,No remarks
INSP02124,2025-04-27,SCH0043,True,True,True,True,True,,
INSP02130,2025-10-02,SCH0199,True,True,True,False,True,,No remarks
INSP00501,2025-05-22,SCH0126,True,False,True,False,False,Chandresh Bava,Toilets locked
INSP02894,2025-06-19,SCH0479,True,,False,False,False,Faraj Nori,Good condition
INSP02343,2025-07-09,SCH0320,True,False,True,True,False,Zayyan Khare,Good condition
INSP02881,2025-12-25,SCH0080,False,True,,True,True,Vansha Solanki,Average
INSP01652,2025-12-25,SCH0088,True,True,True,True,True,Ayaan Tak,Good condition
INSP01260,2025-05-12,SCH0477,False,True,,True,True,Avni Butala,Average
INSP02909,2025-12-16,SCH0308,False,False,,False,True,Laban Hari,Needs repair
INSP02242,2025-11-29,SCH0171,True,True,True,,False,Balendra Thaker,Needs repair
INSP00206,2025-11-23,SCH0218,True,True,True,True,False,Yahvi Brahmbhatt,Average
INSP00734,2025-05-28,SCH0419,True,False,True,True,True,Anay Dubey,Good condition
INSP02514,2025-06-07,SCH0442,True,True,False,False,True,Benjamin Mahajan,
INSP00527,2026-03-30,SCH0209,True,False,True,False,False,Bhavini Contractor,No remarks
INSP01917,2025-10-25,SCH0232,True,True,,False,True,Garima Dhawan,Toilets locked
INSP00899,2025-07-30,SCH0108,False,False,False,False,True,Upma Mani,
INSP00378,2025-08-21,SCH0299,True,True,True,True,False,Ikshita Kadakia,Toilets locked
INSP01926,2025-06-04,SCH0247,True,True,True,True,True,,Needs repair
INSP02820,2025-12-17,SCH0328,False,True,True,True,False,Yasti Arya,
INSP01612,2025-04-30,SCH0205,False,True,True,False,True,Azad Narayan,Needs repair
INSP00387,2025-05-07,SCH0307,True,True,True,True,True,Gaurang Chowdhury,Needs repair
INSP00199,2025-08-06,SCH0253,False,True,True,True,False,Harshil Choudhury,
INSP01051,2025-12-25,SCH0319,,True,True,True,True,Ubika Kari,Good condition
INSP00591,2026-03-27,SCH0384,True,True,True,False,True,Anirudh Dewan,Needs repair
INSP00520,2026-03-19,SCH0220,False,True,False,False,False,,No remarks
INSP02132,2025-07-31,SCH0568,True,False,False,False,True,Yadavi Dora,Average
INSP02747,2025-07-23,SCH0174,True,True,True,False,False,Nathaniel Purohit,No remarks
INSP00430,2026-01-31,SCH0412,False,True,True,False,True,Chandran Singhal,Toilets locked
INSP01084,2026-03-01,SCH0194,False,True,True,,False,Nirja Bandi,Average
INSP00208,2025-11-24,SCH0376,True,True,True,,False,,No remarks
INSP00492,2025-04-10,SCH0536,True,True,True,True,False,Ethan Samra,No remarks
INSP02104,2025-10-17,SCH0321,False,True,False,False,True,Siddharth Ramesh,
INSP00793,2025-09-06,SCH0228,True,True,False,False,True,,No remarks
INSP02623,2025-04-16,SCH0074,True,True,False,True,False,Faras Deo,Needs repair
INSP01187,2025-12-19,SCH0269,True,True,True,False,False,Fariq Kunda,
INSP01186,2025-04-26,SCH0540,False,False,False,False,False,Saumya Parsa,Toilets locked
INSP01965,2026-02-07,SCH0079,True,True,True,True,True,Hardik Dhillon,No remarks
INSP01816,2025-09-25,SCH0216,True,True,False,True,True,Urishilla Gour,No remarks
INSP02352,2025-07-19,SCH0348,True,True,True,True,False,Siya Mody,No remarks
INSP01411,2025-10-01,SCH0289,,True,True,True,False,,Needs repair
INSP00084,2026-02-01,SCH0093,,True,True,True,,Meera Sura,Good condition
INSP02554,2025-12-22,SCH0278,False,True,False,True,True,Irya Srinivas,Needs repair
INSP02346,2025-07-02,SCH0523,True,True,True,False,False,Girindra Gade,
INSP00021,2025-04-12,SCH0199,True,True,False,True,False,,No remarks
INSP01539,2025-05-08,SCH0149,False,True,False,True,True,Ubika Kala,Average
INSP01707,2025-04-15,SCH0550,True,,True,True,False,Arjun Bava,No remarks
INSP01745,2026-03-21,SCH0599,True,True,True,True,True,Ijaya Andra,Average
INSP01406,2025-10-20,SCH0111,True,True,True,True,True,Aarush Venkataraman,No remarks
INSP02867,2026-01-14,SCH0535,False,True,True,True,True,Mohammed Prashad,
INSP02832,2025-05-15,SCH0063,True,True,True,False,False,Eiravati Tripathi,Toilets locked
INSP02883,2025-08-05,SCH0449,True,True,True,False,True,,No remarks
INSP00974,2025-05-25,SCH0276,,True,False,True,True,Keya Zacharia,Good condition
INSP02932,2025-08-19,SCH0516,False,True,True,True,False,Devansh Loyal,
INSP00884,2025-10-17,SCH0377,True,True,,True,True,Ishita Raja,
INSP01099,2025-04-25,SCH0239,True,True,True,False,,Orinder Sur,Good condition
INSP00157,2025-10-09,SCH0201,True,True,True,True,False,Wazir Panchal,Needs repair
INSP02400,2025-07-05,SCH0464,True,True,True,True,False,,Average
INSP00887,2025-09-23,SCH0105,True,True,,True,True,Balhaar Dhawan,Needs repair
INSP01779,2025-09-17,SCH0063,True,True,True,False,False,Zayan Aurora,Average
INSP02608,2025-08-04,SCH0290,True,False,True,True,True,Fariq Mitra,Toilets locked
INSP01673,2026-02-26,SCH0471,True,False,True,True,False,Sarthak Bhardwaj,Good condition
INSP02666,2025-04-21,SCH0600,False,True,True,False,False,Ganga Nayak,Needs repair
INSP02487,2025-12-10,SCH0438,False,True,True,True,False,Chanakya Hayer,
INSP02977,2025-04-14,SCH0359,False,True,True,True,False,Jeremiah Chaudhari,
INSP01454,2025-09-02,SCH0141,True,False,True,True,False,Adya Issac,No remarks
INSP02786,2025-05-19,SCH0358,True,,False,True,False,Ayush Deshmukh,
INSP00459,2025-12-27,SCH0307,True,True,False,True,True,Reyansh Raval,
INSP00079,2025-12-13,SCH0207,True,True,True,True,False,,No remarks
INSP01057,2025-06-06,SCH0009,True,True,True,False,False,Veda Chada,No remarks
INSP00907,2026-03-12,SCH0598,True,True,False,False,True,Turvi Banerjee,Needs repair
INSP01750,2025-05-21,SCH0089,False,True,True,False,,Yashvi Mohan,
INSP02334,2025-11-22,SCH0046,True,True,True,False,False,Samesh Krishnan,Toilets locked
INSP02835,2025-10-28,SCH0273,True,True,True,False,False,Nathan Keer,Good condition
INSP00381,2025-11-03,SCH0235,True,True,True,True,False,George Arya,No remarks
INSP00948,2026-12-03,SCH0071,False,True,True,False,True,Nihal Devan,Good condition
INSP01911,2025-05-19,SCH0423,True,True,,True,False,Owen Nagy,Average
INSP02118,2026-01-03,SCH0429,True,True,True,True,True,Maanas Handa,Average
INSP00716,2025-10-27,SCH0117,True,True,True,True,True,Jagdish Gour,No remarks
INSP02108,2025-10-14,SCH0295,True,True,True,False,True,Widisha Pall,Toilets locked
INSP00687,2025-10-17,SCH0284,True,True,True,True,False,Yug Kamdar,No remarks
INSP02698,2025-06-03,SCH0282,True,True,True,True,False,Gaurika Upadhyay,
INSP01294,2025-10-23,SCH0099,False,True,True,True,True,Udant Muni,Needs repair
INSP00306,2025-06-17,SCH0447,True,,False,False,True,Isaiah Golla,Toilets locked
INSP00210,2025-12-22,SCH0500,False,True,True,True,True,Divya Atwal,Toilets locked
INSP01660,2026-01-27,SCH0026,True,,True,True,False,,Good condition
INSP02341,2025-09-14,SCH0561,False,True,False,False,True,Nitara Comar,Toilets locked
INSP01721,2025-04-08,SCH0600,False,True,True,True,True,Om Sanghvi,Needs repair
INSP00886,2025-12-07,SCH0409,True,True,True,True,False,Gautam Krishnan,Toilets locked
INSP02615,2025-05-31,SCH0129,False,True,True,False,False,,No remarks
INSP00918,2025-08-01,SCH0221,True,True,True,False,False,Umang Kulkarni,
INSP01861,2025-09-25,SCH0061,True,True,True,False,False,Aarush Ramakrishnan,Toilets locked
INSP00192,2026-03-30,SCH0188,True,False,True,True,True,Tanvi Bahri,No remarks
INSP01949,2026-01-23,SCH0203,True,True,True,,True,Ganga Nayak,Needs repair
INSP02148,2025-09-21,SCH0058,False,False,True,True,,Netra Shetty,Needs repair
INSP01266,2026-03-20,SCH0479,True,False,True,True,False,Wyatt Shroff,Needs repair
INSP00484,2025-08-14,SCH0004,True,True,True,True,False,Michael Thakur,Toilets locked
INSP00916,2025-08-11,SCH0274,True,False,True,False,False,Ethan Swaminathan,No remarks
INSP02733,2025-09-08,SCH0071,True,True,True,True,True,,Average
INSP00278,2026-02-06,SCH0530,False,True,True,False,False,Joshua Rajagopalan,Toilets locked
INSP00989,2026-03-31,SCH0413,True,False,True,True,,Gavin Taneja,Toilets locked
INSP01957,2026-03-26,SCH0210,True,True,False,True,False,Ayushman Raju,No remarks
INSP01246,2025-07-06,SCH0285,True,True,True,False,,Henry Basak,Good condition
INSP00572,2026-02-21,SCH0369,True,True,False,True,True,Bakhshi Raman,Toilets locked
INSP01436,2025-04-09,SCH0312,False,True,True,True,False,Manthan Raja,Average
INSP00994,2026-02-08,SCH0595,True,False,False,False,True,,Good condition
INSP01567,2026-01-08,SCH0434,False,True,False,False,False,Jatin Ganesh,
INSP01563,2025-10-10,SCH0589,False,False,True,False,False,Waida Thakkar,No remarks
INSP00586,2025-04-21,SCH0569,False,True,,True,True,,Needs repair
INSP02526,2025-10-28,SCH0484,False,True,False,True,False,Dayita Nayar,Needs repair
INSP02788,2026-02-18,SCH0508,,True,True,,False,Samar Munshi,
INSP01350,2025-08-21,SCH0169,True,True,False,True,False,Tarak Shetty,
INSP01008,2025-04-04,SCH0583,False,True,False,True,False,Omisha Oza,
INSP00675,2025-07-31,SCH0513,True,False,True,True,True,,Average
INSP02203,2025-07-10,SCH0472,True,True,,True,True,Chanakya Tandon,Average
INSP00856,2025-08-01,SCH0373,True,True,False,False,True,Jagrati Krishnamurthy,Needs repair
INSP00448,2025-06-01,SCH0066,True,True,True,,True,Odika Maharaj,Needs repair
INSP01862,2025-04-11,SCH0243,True,True,True,True,False,Praneel Kalla,Toilets locked
INSP01804,2025-05-13,SCH0246,True,True,False,,False,Madhav Wali,Needs repair
INSP02382,2025-09-25,SCH0043,True,True,True,False,True,Caleb Thakur,Needs repair
INSP02813,2025-12-03,SCH0281,True,True,False,False,True,Anita Tara,
INSP02509,2025-03-11,SCH0589,True,True,True,True,False,Chanakya Taneja,Needs repair
INSP01915,2025-05-03,SCH0390,True,True,True,True,,Anay Golla,
INSP02809,2025-08-01,SCH0326,True,True,True,True,False,Anthony Jha,
INSP02619,2025-12-21,SCH0320,True,True,True,True,False,Vihaan Parsa,Average
INSP01248,2026-03-22,SCH0520,True,True,True,False,False,Logan Balasubramanian,Average
INSP00295,2025-07-20,SCH0283,True,True,True,True,False,Unnati Tella,Needs repair
INSP00589,2026-03-30,SCH0044,False,False,True,False,False,Jacob Pandit,Toilets locked
INSP01282,2025-04-18,SCH0086,,True,True,True,False,Manbir Sethi,
INSP01589,2025-11-13,SCH0438,True,False,,True,False,Dhriti Pandit,No remarks
INSP02035,2025-05-04,SCH0445,True,,True,False,False,Chavvi Khurana,Good condition
INSP02695,2025-05-13,SCH0276,True,True,True,False,False,Upasna Kade,Good condition
INSP02520,2026-01-30,SCH0039,False,True,True,True,True,Ria Menon,Good condition
INSP02376,2025-04-14,SCH0417,True,True,True,False,True,,Good condition
INSP01418,2025-07-18,SCH0204,True,True,True,True,True,Tara Loyal,Average
INSP00426,2025-07-19,SCH0254,False,False,True,False,True,Wishi Rama,Average
INSP00535,2025-04-14,SCH0280,True,True,True,True,True,Yahvi Sengupta,Good condition
INSP01055,2026-01-03,SCH0500,True,True,True,False,True,Janya Saxena,Needs repair
INSP02567,2026-03-27,SCH0524,True,True,True,True,False,Arin Sood,
INSP02635,2025-05-28,SCH0003,True,True,True,True,False,,Average
INSP02928,2025-08-01,SCH0508,False,False,False,True,False,Vinaya Ghosh,Needs repair
INSP00133,2025-04-08,SCH0250,False,True,True,True,True,Mugdha Varma,Average
INSP02184,2025-11-05,SCH0230,True,False,False,True,True,Yatin Prasad,Average
INSP00422,2025-12-31,SCH0093,True,True,True,False,True,Leela Narula,Needs repair
INSP02796,2025-07-06,SCH0600,False,True,True,True,,Anay Mahal,No remarks
INSP02149,2025-08-22,SCH0566,True,True,False,False,True,Alka Bawa,
INSP01369,2025-04-28,SCH0287,True,True,True,False,False,Rachana Dass,Toilets locked
INSP00557,2025-04-30,SCH0356,False,True,True,False,True,Saumya Narang,Average
INSP02460,2025-04-16,SCH0257,True,True,False,False,False,Dipta De,Toilets locked
INSP01661,2025-12-25,SCH0119,True,True,True,False,True,Wyatt Sharaf,Toilets locked
INSP02817,2025-06-22,SCH0054,False,True,,True,,Aahana Sani,
INSP02045,2025-07-06,SCH0458,True,True,True,False,False,Rishi Sridhar,Good condition
INSP00571,2025-07-30,SCH0223,True,True,True,True,,Yash Sami,
INSP00353,2025-06-17,SCH0276,True,True,True,False,False,Patrick Rau,
INSP00092,2026-01-07,SCH0555,True,True,True,False,False,Warda Krishna,
INSP02969,2025-09-10,SCH0329,True,True,True,True,True,Rayaan Mital,Needs repair
INSP02665,2025-04-11,SCH0314,False,True,True,False,False,,No remarks
INSP01171,2025-11-29,SCH0534,True,False,True,True,True,Chaitaly Balan,No remarks
INSP02896,2025-06-09,SCH0075,False,False,False,,True,Praneel Deo,
INSP01286,2026-03-24,SCH0423,True,,True,True,False,Wazir Sehgal,Average
INSP02169,2025-06-16,SCH0037,True,True,False,True,False,Qarin Parmar,No remarks
INSP02216,2025-09-27,SCH0318,True,True,False,False,False,Vedika Deshpande,
INSP01592,2025-06-17,SCH0234,True,True,True,True,False,Jhalak Choudhry,
INSP02634,2026-02-11,SCH0442,True,False,True,True,True,Wazir Kapur,Toilets locked
INSP00698,2025-08-15,SCH0351,True,True,True,True,True,Victor Bhandari,
INSP02637,2025-09-17,SCH0327,True,True,False,False,True,Oscar Sunder,No remarks
INSP00349,2026-02-05,SCH0207,False,True,True,True,False,Qushi Shere,Good condition
INSP01747,2025-05-30,SCH0344,False,True,True,False,False,Edhitha Soman,No remarks
INSP02470,2025-10-14,SCH0078,,True,False,False,True,Yauvani Mistry,Average
INSP02858,2025-07-10,SCH0154,True,True,True,False,True,Reyansh Bhatnagar,
INSP02358,2025-06-24,SCH0109,True,True,True,True,True,Wakeeta Gaba,Average
INSP01138,2025-12-06,SCH0007,True,True,True,False,True,Brinda Nanda,No remarks
INSP02005,2025-04-08,SCH0422,True,,False,False,True,Ranveer Chadha,Toilets locked
INSP01621,2025-10-01,SCH0482,True,False,True,True,False,Darsh Narang,Needs repair
INSP02979,2025-03-08,SCH0031,True,True,,False,True,Samesh Dar,Needs repair
INSP02963,2025-08-19,SCH0398,True,True,True,True,False,Anika Pandya,Toilets locked
INSP01340,2026-03-15,SCH0223,True,True,True,False,True,Lipika Kara,Average
INSP02620,2026-02-09,SCH0584,True,False,True,False,True,Ucchal Kapur,Needs repair
INSP00454,2025-06-22,SCH0071,False,,True,True,True,Yashvi Talwar,Toilets locked
INSP00914,2025-09-12,SCH0323,True,True,True,True,False,Ati Suri,Average
INSP02339,2026-07-01,SCH0069,True,False,True,True,True,Hritik Dutt,
INSP01200,2025-06-24,SCH0009,True,,True,True,False,Janya Murty,Good condition
INSP01275,2026-03-29,SCH0562,True,True,False,False,True,Ekanta Mangat,Average
INSP02060,2025-12-20,SCH0571,False,True,False,True,True,Dev Walia,
INSP00038,2025-08-16,SCH0496,True,True,True,False,True,Deepa Mahal,Needs repair
INSP00975,2025-05-26,SCH0464,False,True,True,True,True,Gaurika Ranganathan,Good condition
INSP02912,2025-11-24,SCH0404,False,True,True,True,True,Veer Narayanan,Needs repair
INSP00984,2025-10-14,SCH0114,,True,False,True,False,,Needs repair
INSP02014,2025-04-28,SCH0409,False,True,True,True,,Kiaan Vaidya,Average
INSP02120,2025-07-26,SCH0457,True,True,True,False,False,Victor Subramaniam,Needs repair
INSP01419,2026-02-17,SCH0280,False,True,True,True,False,Joshua Korpal,Needs repair
INSP01285,2026-03-30,SCH0291,True,False,True,True,False,Yutika Behl,Average
INSP02162,2025-07-10,SCH0001,True,True,True,False,False,Imaran Iyengar,No remarks
INSP00040,2025-04-18,SCH0180,True,True,True,False,True,Xavier Manda,Needs repair
INSP01487,2025-05-18,SCH0280,True,True,True,True,True,,
INSP01992,2025-06-09,SCH0382,True,True,True,True,False,Indali Gandhi,No remarks
INSP00170,2025-07-04,SCH0102,True,True,True,True,True,Ekani Kaul,Good condition
INSP01356,2025-05-18,SCH0017,True,True,False,False,False,Dipta Kapoor,
INSP00738,2025-08-28,SCH0497,False,True,True,True,False,,Good condition
INSP01737,2025-05-10,SCH0181,True,True,True,True,False,,
INSP02839,2026-02-11,SCH0511,True,True,True,True,True,Rudra Memon,
INSP01565,2025-05-26,SCH0533,True,False,True,,True,,Average
INSP02088,2026-03-05,SCH0087,True,True,True,True,True,Rachana Wali,Toilets locked
INSP00635,2025-10-30,SCH0523,True,True,False,True,False,,
INSP02785,2025-07-04,SCH0067,True,False,True,True,False,Yatin Dara,Average
INSP02090,2025-07-24,SCH0491,,True,True,False,False,Jonathan Iyer,Toilets locked
INSP01641,2026-01-26,SCH0430,True,True,False,False,True,Darpan Ganesh,Good condition
INSP01291,2026-03-29,SCH0163,,True,False,True,True,Sachi Mahal,
INSP02461,2026-03-04,SCH0435,True,True,False,False,False,Adya Date,No remarks
INSP01381,2026-02-13,SCH0460,True,True,False,False,False,Ishaan Sharaf,Good condition
INSP00580,2025-04-15,SCH0164,False,True,False,False,False,Nathan Dhar,Good condition
INSP00329,2025-12-23,SCH0294,True,True,True,True,False,Simon Koshy,No remarks
INSP01833,2025-05-17,SCH0252,True,True,True,False,True,Nirja Bhardwaj,Toilets locked
INSP00893,2025-09-02,SCH0062,False,False,True,True,True,Vaishnavi Setty,Toilets locked
INSP01144,2025-07-11,SCH0112,False,True,False,True,False,Utkarsh Mallick,Toilets locked
INSP00781,2025-09-05,SCH0441,False,False,True,True,True,Samaksh Shukla,No remarks
INSP00160,2026-01-01,SCH0200,False,False,True,True,False,Nidra Hayer,No remarks
INSP01731,2025-06-22,SCH0149,True,True,True,False,True,Ishani Goel,Toilets locked
INSP01930,2025-12-30,SCH0396,True,False,True,False,,Madhavi Bassi,Good condition
INSP02448,2025-07-28,SCH0445,True,True,True,False,False,,No remarks
INSP00062,2026-02-04,SCH0502,True,True,False,False,False,Abhiram Gandhi,
INSP00850,2025-07-03,SCH0055,True,False,True,True,False,Niharika Kannan,Toilets locked
INSP02246,2025-06-21,SCH0081,True,True,True,True,False,Upadhriti Chada,Toilets locked
INSP01597,2026-01-10,SCH0326,True,,False,True,False,Aashi Bassi,Toilets locked
INSP01044,2026-03-16,SCH0066,True,True,True,True,True,Chandresh Varghese,Toilets locked
INSP02984,2025-05-15,SCH0311,True,True,True,True,True,Bishakha Sood,No remarks
INSP01545,2025-10-24,SCH0116,False,True,True,False,False,Rayaan Chauhan,Average
INSP02100,2025-08-05,SCH0194,True,True,True,False,False,Priya Tank,Needs repair
INSP01071,2025-05-25,SCH0456,True,True,False,True,True,Daniel Oak,No remarks
INSP00054,2025-04-12,SCH0271,True,True,True,True,False,,Toilets locked
INSP02672,2025-10-29,SCH0229,,True,True,True,True,Ekani Devi,Needs repair
INSP00259,2025-10-28,SCH0392,True,True,True,False,False,Baghyawati Mani,Toilets locked
INSP00506,2026-01-21,SCH0207,True,True,True,,,Vansha Chaudhary,Toilets locked
INSP00753,2025-09-19,SCH0109,True,True,True,False,True,Mahika Sabharwal,Needs repair
INSP02402,2026-03-30,SCH0033,True,True,True,,False,Indrajit Sarma,Needs repair
INSP00218,2025-04-19,SCH0457,True,True,True,True,True,Tanvi Ramakrishnan,Good condition
INSP00825,2025-10-19,SCH0152,True,True,False,True,False,Qabil Khanna,Average
INSP01962,2026-02-01,SCH0172,True,True,,False,False,Chatura Bassi,Toilets locked
INSP02397,2025-05-15,SCH0095,True,True,True,,False,Kamya Virk,Average
INSP01390,2025-06-20,SCH0390,True,True,False,True,False,Inaya Grewal,Good condition
INSP02633,2025-08-05,SCH0174,,True,True,False,True,Champak Chander,Average
INSP01267,2025-10-09,SCH0343,True,True,True,True,True,Amrita Buch,Toilets locked
INSP02594,2025-06-24,SCH0107,True,True,True,True,False,Daksh Oza,No remarks
INSP01910,2025-04-05,SCH0439,True,False,True,False,False,Baljiwan Kunda,Good condition
INSP01599,2026-02-18,SCH0303,True,True,True,False,True,Balvan Naik,Needs repair
INSP02160,2025-05-07,SCH0594,True,True,True,False,False,Vrishti Dhaliwal,Toilets locked
INSP01608,2025-09-05,SCH0367,True,False,True,True,False,Bakhshi Sani,
INSP01830,2025-09-11,SCH0390,,True,True,,True,Yauvani Mani,Average
INSP00772,2025-12-12,SCH0104,True,True,True,False,True,Finn Bath,Good condition
INSP02945,2025-11-11,SCH0551,False,,True,False,False,Aayush Vora,Toilets locked
INSP01961,2025-08-01,SCH0007,True,True,True,True,False,,No remarks
INSP02823,2025-07-29,SCH0587,True,True,False,True,False,Kashvi Sarin,Toilets locked
INSP01086,2025-11-19,SCH0383,True,True,True,,False,Meera Narain,
INSP02250,2025-08-27,SCH0023,True,,True,True,False,Jagvi Bhardwaj,
INSP02347,2026-02-14,SCH0556,True,True,True,True,True,Aadhya Ramanathan,Good condition
INSP01326,2025-05-19,SCH0360,,True,True,False,False,Vihaan Soman,Needs repair
INSP02235,2026-01-18,SCH0014,True,,True,False,False,,No remarks
INSP01742,2026-09-03,SCH0501,True,True,True,False,True,Ojasvi Nigam,Average
INSP01913,2025-08-09,SCH0553,True,True,True,True,False,,No remarks
INSP02363,2026-03-26,SCH0076,True,True,True,False,True,Azaan Rastogi,Needs repair
INSP01404,2025-09-23,SCH0083,True,True,,True,True,Warinder Kari,Good condition
INSP02994,2025-12-18,SCH0150,True,True,False,False,True,Rachana Seth,Needs repair
INSP02366,2025-05-09,SCH0436,False,True,True,False,False,Xiti Sandhu,Toilets locked
INSP01914,2025-11-22,SCH0444,True,False,False,False,False,Zashil Bora,
INSP01164,2025-05-10,SCH0456,True,True,True,False,False,Finn Jhaveri,No remarks
INSP00964,2025-10-04,SCH0430,True,,True,True,False,Chakradev Loke,Toilets locked
INSP02564,2025-09-28,SCH0114,False,True,True,True,False,Bahadurjit Ben,
INSP00399,2025-05-15,SCH0555,False,True,True,True,False,Jonathan Sharma,Toilets locked
INSP00585,2026-03-02,SCH0495,False,True,True,False,True,Agastya Varma,Toilets locked
INSP00949,2025-11-01,SCH0136,True,True,True,True,True,Parth Wagle,Good condition
INSP00705,2025-12-05,SCH0266,True,True,True,True,False,Kiaan Date,No remarks
INSP00432,2026-01-28,SCH0254,True,True,True,True,False,Max Bath,Good condition
INSP01689,2025-04-27,SCH0130,True,False,True,False,True,Libni Agarwal,No remarks
INSP00293,2025-08-23,SCH0064,True,True,True,True,True,Warinder Sachar,Needs repair
INSP00146,2025-07-07,SCH0518,True,True,False,False,False,Xiti Rege,Toilets locked
INSP00324,2026-01-22,SCH0564,True,True,False,True,False,Max Garg,Needs repair
INSP02723,2025-07-05,SCH0103,True,True,True,True,False,Theodore Sidhu,Needs repair
INSP02224,2025-07-11,SCH0536,True,True,True,True,False,Amrita Raju,
INSP01166,2025-07-16,SCH0067,True,False,True,True,True,,Toilets locked
INSP01453,2025-04-17,SCH0029,True,True,False,True,False,Nathan Shenoy,Needs repair
INSP00003,2025-06-04,SCH0568,,False,True,True,False,Azad Pingle,Good condition
INSP01713,2025-12-11,SCH0300,True,True,True,True,True,Kritika Wason,Toilets locked
INSP00577,2026-02-25,SCH0536,False,True,True,True,,Krish Manda,No remarks
INSP02424,2025-12-10,SCH0296,False,True,False,True,False,Ekaja Madan,Needs repair
INSP00340,2026-01-10,SCH0300,True,False,True,True,True,Neha Devi,Average
INSP02903,2025-11-18,SCH0450,True,True,True,True,True,Yug Nair,Average
INSP02479,2025-05-02,SCH0326,True,True,True,False,False,Upadhriti Chander,No remarks
INSP00926,2025-04-16,SCH0403,True,True,True,True,True,Yadavi Madan,Needs repair
INSP00266,2025-04-12,SCH0237,True,True,True,False,False,Manthan Bal,Good condition
INSP00377,2025-10-29,SCH0050,True,False,False,False,False,,No remarks
INSP02469,2025-09-25,SCH0037,,True,False,True,False,Anamika Kunda,Average
INSP01464,2025-11-11,SCH0070,True,True,True,True,True,Dakshesh Memon,Good condition
INSP00272,2025-10-25,SCH0239,True,True,True,False,True,Jasmit Sampath,No remarks
INSP00697,2026-01-21,SCH0010,True,True,False,True,False,Parth Natt,No remarks
INSP00245,2026-02-22,SCH0474,True,True,False,False,False,Rudra Jha,Good condition
INSP02956,2025-10-15,SCH0368,True,True,False,True,False,Quincy Bath,No remarks
INSP00477,2025-05-26,SCH0505,False,True,True,True,,Manya Mani,Toilets locked
INSP02011,2025-07-05,SCH0120,True,True,True,True,True,Varsha Gupta,Average
INSP01922,2025-02-06,SCH0228,True,True,True,True,True,,Needs repair
INSP00814,2026-03-06,SCH0221,True,,True,True,True,Ayushman Parmar,Good condition
INSP01872,2025-10-06,SCH0184,True,True,True,False,True,Ekanta Bose,Needs repair
INSP02669,2026-01-11,SCH0505,False,False,True,True,False,Harinakshi Contractor,Good condition
INSP02926,2025-09-25,SCH0064,False,True,True,True,True,,Needs repair
INSP01165,2025-08-21,SCH0463,False,True,True,False,True,,Toilets locked
INSP02289,2026-03-25,SCH0210,True,True,True,True,True,Chandresh Mahal,Needs repair
INSP00251,2025-04-09,SCH0554,True,True,False,True,True,Laban Saini,Toilets locked
INSP00414,2026-03-17,SCH0401,True,True,True,False,False,Ekapad Sibal,Toilets locked
INSP00546,2025-06-09,SCH0219,True,True,True,,False,,Good condition
INSP01194,2025-07-21,SCH0231,True,True,False,True,True,Pranav Sagar,Average
INSP00739,2025-04-12,SCH0583,False,True,True,True,True,Sai Issac,Good condition
INSP00311,2025-11-22,SCH0143,False,True,True,True,True,Divya Sankaran,
INSP00894,2025-10-14,SCH0347,True,True,True,False,True,Sarthak Dey,Good condition
INSP01132,2025-10-22,SCH0317,True,True,True,True,False,Akshay Magar,Average
INSP01450,2025-07-12,SCH0147,True,True,False,False,False,Lakshmi Mandal,Needs repair
INSP00016,2025-05-16,SCH0028,True,True,True,True,True,Nidhi Kadakia,Good condition
INSP02109,2025-07-21,SCH0122,True,,True,False,True,Nirja Bassi,Toilets locked
INSP00722,2025-06-09,SCH0212,True,True,True,True,True,,Needs repair
INSP01421,2025-04-08,SCH0352,True,False,True,False,False,Diya Guha,Average
INSP02770,2026-01-14,SCH0119,True,True,True,False,False,Yamini Agate,Toilets locked
INSP00982,2025-07-31,SCH0128,False,,True,False,False,Aarini Atwal,No remarks
INSP02219,2025-05-23,SCH0159,True,True,True,False,True,Ekbal Bakshi,Average
INSP01540,2025-07-21,SCH0559,,True,False,True,True,Faqid Kapur,Needs repair
INSP02662,2026-02-03,SCH0122,True,True,True,False,False,Janya Joshi,Needs repair
INSP01551,2025-06-20,SCH0096,False,True,True,False,True,Ekavir Mallick,Needs repair
INSP02548,2025-05-31,SCH0033,False,True,False,True,True,Odika Nori,
INSP00364,2025-10-22,SCH0100,True,True,True,True,True,Aachal Toor,No remarks
INSP00983,2026-01-26,SCH0584,True,True,True,True,False,Ridhi Pathak,Toilets locked
INSP00183,2025-04-01,SCH0257,True,True,True,False,True,Meghana Chowdhury,
INSP00986,2025-10-28,SCH0122,,,True,False,False,Yatan Prabhu,Needs repair
INSP01195,2026-03-26,SCH0070,True,True,True,True,False,Yashasvi Ahluwalia,Good condition
INSP01974,2025-10-14,SCH0275,True,True,,False,True,Bahadurjit Mallick,Average
INSP01870,2025-07-23,SCH0173,True,True,True,False,False,,No remarks
INSP01122,2025-12-05,SCH0157,True,True,False,False,False,,Good condition
INSP00188,2025-04-18,SCH0509,True,True,True,False,False,Ekansh Dayal,No remarks
INSP00620,2025-06-18,SCH0368,True,True,True,False,False,Timothy Balasubramanian,Toilets locked
INSP02899,2025-05-02,SCH0154,False,True,True,True,False,Urvashi Barad,
INSP01176,2025-06-13,SCH0345,False,True,True,True,True,Yug Parsa,
INSP01183,2025-09-03,SCH0133,True,True,True,True,True,Zilmil Doshi,Average
INSP02508,2025-04-19,SCH0566,True,True,True,,False,Tanay Sahota,No remarks
INSP02320,2025-11-10,SCH0277,False,True,True,True,True,Ati Sama,Good condition
INSP00615,2025-07-20,SCH0372,True,True,True,False,True,Nandini Golla,Good condition
INSP01514,2025-09-10,SCH0402,False,True,True,False,True,Vivaan Bhattacharyya,Average
INSP01467,2025-12-28,SCH0368,True,,True,True,False,,Average
INSP00402,2025-08-31,SCH0357,True,True,True,True,False,Siddharth Sethi,Average
INSP00995,2026-01-14,SCH0031,True,False,True,False,False,Rajata Dhaliwal,Toilets locked
INSP00935,2026-02-22,SCH0364,False,False,True,True,True,Ronith Gole,Average
INSP00372,2025-05-24,SCH0315,True,True,True,True,False,,Needs repair
INSP02091,2025-06-13,SCH0199,True,True,True,False,False,,No remarks
INSP02284,2025-08-04,SCH0556,True,True,True,False,True,Samesh Gulati,Good condition
INSP00594,2026-03-20,SCH0203,True,True,True,True,True,Raghav Chaudhuri,Toilets locked
INSP02829,2025-07-12,SCH0491,True,False,True,True,False,Januja Pal,
INSP00727,2025-11-09,SCH0022,True,True,True,True,True,Unni Sama,No remarks
INSP00827,2025-06-29,SCH0080,,True,True,False,True,Aditya Vyas,No remarks
INSP01869,2025-09-01,SCH0394,True,True,,,True,Yash Nadig,Needs repair
INSP00688,2025-12-19,SCH0141,True,True,True,False,False,Rayaan Sundaram,No remarks
INSP02335,2025-10-26,SCH0107,True,True,True,True,False,Faqid Amble,Average
INSP00137,2025-04-17,SCH0237,True,True,False,True,False,Leela Mangal,Toilets locked
INSP02577,2026-03-01,SCH0184,True,True,True,False,True,,Average
INSP00629,2026-02-26,SCH0035,True,True,True,True,False,,Good condition
INSP00335,2026-03-29,SCH0248,False,True,False,True,False,Christopher Yadav,Good condition
INSP01806,2025-11-24,SCH0102,True,False,True,True,True,Aadhya Lad,Toilets locked
INSP00391,2025-08-16,SCH0600,False,True,True,True,False,Forum Shetty,No remarks
INSP02934,2026-03-14,SCH0535,True,True,False,False,False,,Average
INSP01110,2025-07-20,SCH0391,True,True,True,False,False,Adya Gara,Good condition
INSP01938,2025-12-20,SCH0150,True,True,True,False,False,Arin Nagi,
INSP02838,2025-07-12,SCH0170,False,True,,False,False,Divya Bhalla,Needs repair
INSP00711,2025-12-26,SCH0513,True,False,True,True,False,,Average
INSP01040,2025-08-27,SCH0348,True,True,True,True,True,,Toilets locked
INSP02072,2025-06-26,SCH0032,True,True,True,False,True,Warjas Doshi,Good condition
INSP02874,2025-07-24,SCH0443,True,True,True,False,False,Bhavika Om,Toilets locked
INSP02729,2025-09-25,SCH0355,True,True,True,,False,Ganga Shere,Toilets locked
INSP01562,2025-08-04,SCH0372,True,True,False,False,,Pooja Gill,Toilets locked
INSP02898,2025-11-25,SCH0095,True,False,True,False,False,Max Dewan,Good condition
INSP01595,2025-07-26,SCH0538,,True,True,True,,Ira Bala,Good condition
INSP02991,2025-11-23,SCH0205,True,,False,False,True,Avi Vig,No remarks
INSP02652,2025-04-22,SCH0019,True,False,True,True,True,Ayush Mangat,
INSP01113,2025-07-17,SCH0319,True,True,True,True,,,Toilets locked
INSP00466,2026-01-16,SCH0397,True,True,,True,True,Ojas Behl,
INSP01561,2025-01-05,SCH0306,False,True,True,False,False,Gautam Sahota,Needs repair
INSP01224,2026-02-18,SCH0144,True,True,False,True,False,Forum Minhas,
INSP02111,2025-04-15,SCH0214,,True,True,True,True,Radha Prabhu,
INSP02472,2025-12-02,SCH0430,True,True,False,True,True,Wakeeta Dey,
INSP01509,2025-10-15,SCH0292,True,False,True,False,True,,Good condition
INSP02716,2026-01-09,SCH0120,True,True,True,False,,,No remarks
INSP01105,2025-05-06,SCH0153,True,False,True,True,True,Dalbir Sur,Average
INSP00661,2025-08-28,SCH0276,True,True,True,False,True,Bhavika Venkataraman,Good condition
INSP00339,2025-08-15,SCH0493,False,True,True,True,False,Maanav Luthra,No remarks
INSP00216,2025-08-03,SCH0545,,False,False,True,False,Mohammed Varghese,
INSP01616,2025-09-06,SCH0081,True,False,True,False,True,Nisha Wason,
INSP01342,2026-03-31,SCH0330,True,True,True,True,False,Jatin Date,
INSP02646,2025-09-06,SCH0226,False,True,True,False,False,Chaman Maharaj,Average
INSP02965,2025-07-21,SCH0460,True,True,True,False,False,Jagdish Bakshi,Toilets locked
INSP02947,2025-08-27,SCH0146,False,True,True,True,False,Charles Balasubramanian,
INSP01847,2025-07-10,SCH0469,True,True,True,False,True,Quincy Pau,
INSP01593,2025-10-05,SCH0436,True,True,False,True,False,Janaki Jhaveri,Toilets locked
INSP02047,2025-04-19,SCH0114,True,,True,,True,Aryan Sachdeva,Good condition
INSP02654,2025-04-07,SCH0489,True,True,True,False,True,Hardik Bhatia,Good condition
INSP00817,2025-06-07,SCH0301,False,True,True,True,True,Ayushman Viswanathan,No remarks
INSP01068,2025-08-13,SCH0086,True,True,True,,True,Balveer Jhaveri,
INSP02139,2026-03-04,SCH0067,True,True,,False,True,Widisha Badal,Good condition
INSP00275,2026-02-06,SCH0351,False,True,True,True,True,Advik Baria,
INSP02367,2025-05-23,SCH0095,True,True,False,True,True,Alka Comar,Needs repair
INSP00866,2026-01-05,SCH0103,False,True,True,True,True,Zehaan Nigam,Needs repair
INSP00102,2025-12-08,SCH0332,True,True,True,True,True,Jalsa Kumer,Needs repair
INSP01502,2025-12-01,SCH0258,True,True,True,False,True,Arunima Ramakrishnan,Good condition
INSP02938,2026-03-11,SCH0014,True,True,True,False,False,Nidra Barad,Toilets locked
INSP00172,2025-04-01,SCH0334,False,True,True,False,False,Ria Palla,
INSP00108,2025-07-07,SCH0568,True,True,,True,False,Januja Patla,Good condition
INSP02217,2025-05-01,SCH0552,True,True,True,,False,Girik Prashad,Toilets locked
INSP01522,2025-11-11,SCH0384,True,True,True,True,False,Amol Khalsa,
INSP01827,2025-09-08,SCH0231,False,True,True,False,True,Omaja Bhatnagar,Average
INSP02322,2026-03-24,SCH0304,True,True,True,False,False,Nathan Pathak,Needs repair
INSP01968,2025-12-05,SCH0096,True,True,False,True,True,Upma Kulkarni,Needs repair
INSP02416,2025-09-03,SCH0285,True,True,False,True,False,Varsha Manda,Toilets locked
INSP02121,2025-07-27,SCH0414,True,False,True,True,False,Ayush Deo,No remarks
INSP02374,2025-05-17,SCH0485,False,True,False,True,True,Anirudh Korpal,Average
INSP02464,2025-08-29,SCH0273,False,True,True,True,True,Baghyawati Sen,Needs repair
INSP02708,2025-05-26,SCH0014,False,True,False,False,,Ishanvi Viswanathan,Toilets locked
INSP01963,2026-03-20,SCH0429,True,True,False,True,False,Eshana Singh,No remarks
INSP00296,2026-01-05,SCH0300,True,True,False,,True,Jason Randhawa,
INSP00713,2026-01-04,SCH0059,,False,False,True,True,Viraj Mitra,Needs repair
INSP00073,2025-11-06,SCH0560,False,True,True,,True,Ishanvi Mander,Average
INSP01525,2025-05-13,SCH0353,True,False,True,False,True,Timothy Borra,Average
INSP02393,2026-02-06,SCH0328,False,True,True,False,True,Orinder Subramanian,Toilets locked
INSP02980,2025-12-21,SCH0481,False,False,True,True,True,Prisha Kaur,Good condition
INSP00482,2026-12-02,SCH0092,True,True,True,False,True,Tejas Maharaj,Good condition
INSP02338,2025-05-21,SCH0542,True,True,True,True,True,Mason Bhavsar,Needs repair
INSP01531,2025-12-04,SCH0509,False,True,,False,True,Saksham Bera,No remarks
INSP02686,2025-04-20,SCH0243,False,True,True,True,False,Vedant Som,Needs repair
INSP01873,2026-03-08,SCH0165,True,True,True,True,True,,Good condition
INSP01515,2025-07-11,SCH0029,False,True,True,False,True,Omkaar Krishnan,Average
INSP01491,2025-11-12,SCH0230,,False,True,False,True,Harsh Sagar,No remarks
INSP01172,2025-11-19,SCH0151,True,True,True,False,True,Samaksh Sidhu,Good condition
INSP02580,2025-07-01,SCH0546,True,,True,True,True,Ayushman Sahota,No remarks
INSP02038,2025-04-08,SCH0428,False,True,True,,False,Zaitra Rege,Needs repair
INSP02673,2025-06-14,SCH0214,True,True,True,False,True,Laksh Babu,Good condition
INSP02185,2025-05-29,SCH0186,False,False,False,False,True,Timothy Ganguly,
INSP02336,2025-10-16,SCH0443,True,True,False,False,False,Lucky Natt,Toilets locked
INSP02395,2025-11-13,SCH0141,True,True,True,False,False,Madhavi Ben,
INSP00406,2025-07-16,SCH0367,False,True,True,True,True,Vedika Sodhi,Average
INSP00758,2025-12-10,SCH0034,True,True,True,,False,Inaya Barman,Toilets locked
INSP02115,2025-11-10,SCH0381,False,True,False,True,True,Meghana Sama,Average
INSP02303,2025-09-24,SCH0334,True,True,True,True,True,Vyanjana Tandon,Good condition
INSP00098,2025-09-14,SCH0520,,False,True,True,False,Mitesh Mahajan,No remarks
INSP01334,2026-01-24,SCH0260,True,True,False,,False,Amruta Talwar,Needs repair
INSP02513,2025-05-11,SCH0468,False,True,False,True,False,,No remarks
INSP00744,2025-06-28,SCH0268,False,True,True,False,False,,Needs repair
INSP00807,2025-08-20,SCH0131,True,True,False,,False,Hiral Bhattacharyya,No remarks
INSP02911,2025-11-28,SCH0153,True,True,False,,True,Qushi Gulati,Needs repair
INSP02079,2025-08-13,SCH0212,True,True,False,False,True,Vasana Kaul,No remarks
INSP02630,2025-07-01,SCH0490,True,True,True,True,True,Dayita Choudhry,Toilets locked
INSP01536,2025-06-04,SCH0474,True,True,False,True,False,Nandini Parikh,Needs repair
INSP02308,2026-09-01,SCH0486,False,True,,True,False,Ekansh Natarajan,Average
INSP02267,2025-05-15,SCH0347,True,True,True,,True,Thomas Lala,Toilets locked
INSP02467,2026-02-13,SCH0435,True,True,True,False,True,Faris Parmar,
INSP00149,2025-07-08,SCH0465,True,True,True,False,False,Azaan Sani,Needs repair
INSP01978,2025-10-26,SCH0311,False,True,False,True,True,Mugdha Badami,Average
INSP02163,2025-10-10,SCH0043,True,True,True,,True,Ayaan Solanki,Good condition
INSP02304,2025-08-31,SCH0539,True,True,True,True,False,Shivansh Loke,Toilets locked
INSP01316,2026-03-17,SCH0293,False,True,True,True,False,Ranveer Dutt,No remarks
INSP00693,2026-10-03,SCH0102,True,True,False,,False,,Toilets locked
INSP00819,2025-08-24,SCH0058,True,True,False,,True,Harrison Shah,Good condition
INSP01729,2026-01-03,SCH0354,True,False,True,False,False,Ojasvi Venkataraman,
INSP01387,2026-02-21,SCH0566,False,False,True,True,False,Samarth Narain,No remarks
INSP01846,2025-07-28,SCH0163,True,False,False,True,False,Ucchal Ramaswamy,No remarks
INSP02405,2026-01-24,SCH0559,False,True,False,True,True,Hemangini Garg,
INSP02430,2026-03-05,SCH0298,True,True,True,False,True,Liam Prabhakar,No remarks
INSP01600,2025-09-12,SCH0172,False,True,False,False,True,Radhika Oza,Toilets locked
INSP02485,2025-01-05,SCH0334,True,True,True,True,True,Eiravati Naidu,Good condition
INSP02585,2026-02-14,SCH0555,False,True,True,True,False,Benjamin Chatterjee,
INSP00702,2025-12-12,SCH0364,True,True,True,,True,Abha Agarwal,
INSP01500,2026-03-19,SCH0094,True,True,True,False,True,Diya Parmer,Needs repair
INSP02794,2025-09-18,SCH0230,True,True,True,True,True,Akshay Pingle,Needs repair
INSP00922,2025-12-03,SCH0132,True,True,False,True,True,,Average
INSP01425,2025-08-21,SCH0409,True,True,,True,True,Eiravati Mangal,
INSP01709,2026-03-08,SCH0270,True,False,,True,True,Vasatika Sinha,
INSP00906,2025-12-27,SCH0033,,True,True,True,True,Anvi Kant,Needs repair
INSP00455,2026-03-16,SCH0205,True,True,True,False,False,Ekansh Gulati,
INSP02471,2025-08-05,SCH0431,True,True,,False,True,Ikshita Shroff,Needs repair
INSP02209,2025-11-13,SCH0193,False,True,True,False,,Amara Sathe,Needs repair
INSP02656,2025-10-16,SCH0205,False,True,True,False,False,Andrew Nigam,Average
INSP02299,2025-08-16,SCH0449,True,False,True,False,True,Abhimanyu Om,Needs repair
INSP00168,2025-09-04,SCH0568,False,True,True,True,True,Ranveer Magar,Good condition
INSP00731,2025-11-05,SCH0371,True,,True,False,True,Widisha Dalal,Toilets locked
INSP02277,2025-05-20,SCH0569,False,True,True,False,False,Yatin Magar,Needs repair
INSP01311,2025-05-08,SCH0145,False,True,True,False,False,Sudiksha Tank,Average
INSP02422,2025-09-30,SCH0188,False,True,True,True,False,Dayamai Luthra,No remarks
INSP00027,2025-08-11,SCH0023,True,True,True,False,True,,Toilets locked
INSP02098,2025-11-29,SCH0329,,True,False,False,True,,
INSP01898,2025-12-23,SCH0418,True,True,True,True,False,Yahvi Divan,Needs repair
INSP01653,2026-03-07,SCH0346,True,True,True,False,True,Abha Raval,Average
INSP01623,2025-04-24,SCH0257,False,True,True,True,True,Rachit Rastogi,Toilets locked
INSP00588,2026-10-02,SCH0309,True,True,True,True,False,Dayita Mahal,
INSP01402,2025-04-26,SCH0262,True,True,True,False,True,Bhavna Chandra,
INSP00998,2026-02-23,SCH0040,True,True,True,True,False,Chanakya Kata,Good condition
INSP01177,2025-09-02,SCH0148,True,True,True,True,True,Triya Singh,Good condition
INSP01701,2025-12-14,SCH0256,False,True,True,False,False,Vasana Wagle,Toilets locked
INSP01041,2026-01-17,SCH0029,True,True,True,True,True,Devansh Chaudhary,No remarks
INSP00034,2025-04-13,SCH0403,True,True,True,True,False,Chanakya Baria,No remarks
INSP02410,2025-05-12,SCH0417,False,True,False,True,True,Harshil Mall,Toilets locked
INSP01380,2026-03-03,SCH0181,True,True,False,True,True,Udant Wali,Average
INSP00042,2026-02-23,SCH0196,True,True,True,True,False,Varenya Parmer,Toilets locked
INSP01877,2025-10-15,SCH0265,True,True,True,False,True,Raghav Doshi,No remarks
INSP02952,2025-11-06,SCH0393,True,True,True,True,True,Ishita Chokshi,Good condition
INSP02309,2025-08-11,SCH0142,True,True,True,True,False,Tanish Zacharia,No remarks
INSP02741,2025-07-24,SCH0302,True,True,True,False,False,Aryan Roy,Average
INSP02280,2025-12-07,SCH0226,True,True,True,True,False,Anita Parmar,Needs repair
INSP02019,2025-05-28,SCH0282,True,True,True,True,True,Samarth Deshpande,Toilets locked
INSP02000,2025-09-01,SCH0217,False,True,True,True,True,Triya Dhawan,
INSP00610,2025-06-08,SCH0062,True,True,True,False,True,Niharika Nori,Good condition
INSP01133,2025-05-13,SCH0489,True,False,True,True,False,Yug Halder,
INSP00029,2025-06-03,SCH0132,True,True,,True,True,Arin Lall,Toilets locked
INSP00442,2025-09-01,SCH0564,True,True,True,False,True,Yamini Sridhar,Needs repair
INSP00666,2025-05-27,SCH0431,,True,False,True,False,Nidra Kashyap,No remarks
INSP02993,2026-02-24,SCH0544,True,True,,False,True,Advika Sehgal,No remarks
INSP00494,2026-01-10,SCH0537,True,False,True,False,False,Lucky Chauhan,Average
INSP01259,2025-05-24,SCH0338,True,True,True,True,False,Daksha Gupta,No remarks
INSP01302,2026-02-06,SCH0286,True,True,True,True,False,Priya Kala,Good condition
INSP02671,2025-10-28,SCH0489,True,True,True,True,True,Owen Dhaliwal,No remarks
INSP02489,2025-08-24,SCH0544,True,True,True,False,True,Oni Khurana,Needs repair
INSP01383,2025-12-01,SCH0133,True,False,True,,False,Robert Bahri,No remarks
INSP01305,2025-08-15,SCH0402,,True,True,,False,Azad Prakash,Needs repair
INSP00237,2025-12-17,SCH0180,,True,True,True,False,Ria Babu,Toilets locked
INSP01986,2025-12-03,SCH0115,False,True,True,True,True,Christopher Chakraborty,Average
INSP00552,2025-10-15,SCH0162,False,True,False,True,False,Adweta Gupta,Good condition
INSP00521,2025-04-13,SCH0018,True,True,True,False,False,,Average
INSP01233,2025-07-19,SCH0395,True,True,True,True,True,Chatresh Misra,Toilets locked
INSP01139,2025-04-20,SCH0376,True,,True,False,False,Krish Hayer,Needs repair
INSP01906,2025-05-01,SCH0400,True,True,True,True,True,Eta Kanda,Needs repair
INSP00721,2025-10-04,SCH0009,False,False,False,True,False,Prisha Chandran,Good condition
INSP00736,2025-05-23,SCH0224,True,True,True,True,False,Gautam Kannan,Toilets locked
INSP03000,2025-09-08,SCH0349,False,True,True,False,True,Bimala Talwar,Needs repair
INSP01751,2025-06-11,SCH0234,True,True,True,True,True,Jonathan Setty,Good condition
INSP00059,2026-03-09,SCH0030,,False,True,True,False,Janaki Bora,
INSP00632,2026-02-09,SCH0166,False,True,True,False,False,Aashi Srinivasan,
INSP01182,2026-02-05,SCH0368,True,True,True,False,False,Azad Kota,Needs repair
INSP02323,2025-04-03,SCH0176,True,True,True,False,False,,No remarks
INSP00593,2025-05-23,SCH0155,False,True,True,True,False,Vamakshi Deshpande,Needs repair
INSP01304,2025-07-20,SCH0176,True,True,True,True,True,Omya Shenoy,Toilets locked
INSP01388,2025-12-19,SCH0351,True,True,True,True,False,Aarav Sandhu,No remarks
INSP02751,2025-07-19,SCH0157,True,,True,True,True,,Needs repair
INSP02767,2025-05-05,SCH0081,True,True,False,True,False,Finn Prashad,Needs repair
INSP02055,2025-06-03,SCH0241,True,True,True,True,False,Chaitaly Sandhu,Average
INSP02349,2025-05-17,SCH0221,True,True,True,True,False,Urmi Gole,Needs repair
INSP00940,2025-09-28,SCH0471,,True,True,False,True,Unni Balay,Needs repair
INSP02931,2025-12-26,SCH0262,True,False,True,True,,Christopher Dutt,Needs repair
INSP01250,2025-09-23,SCH0538,True,True,False,False,True,Edhitha Kata,
INSP00905,2026-02-14,SCH0417,False,True,True,True,False,Harrison Garg,No remarks
INSP02964,2026-01-11,SCH0145,True,True,False,True,False,Yauvani Bala,
INSP01280,2025-06-03,SCH0476,False,True,True,,True,Sathvik Gade,Good condition
INSP02243,2025-06-08,SCH0279,True,False,True,False,True,Sanya Ben,
INSP02511,2025-09-19,SCH0490,False,False,True,True,False,Azad Nagarajan,Average
INSP02593,2026-01-29,SCH0452,True,True,True,True,False,,No remarks
INSP01143,2025-10-12,SCH0026,False,True,False,True,True,Gabriel Sankaran,Needs repair
INSP02628,2026-03-11,SCH0019,False,True,False,True,False,,No remarks
INSP00707,2025-05-24,SCH0558,True,True,True,True,False,Dominic Goda,Average
INSP02929,2025-05-09,SCH0302,True,True,True,True,False,Barkha Purohit,Good condition
INSP01023,2025-07-20,SCH0246,True,True,True,True,True,Balvan Gopal,Toilets locked
INSP00746,2026-03-03,SCH0565,True,True,True,False,True,Maanas Ray,Needs repair
INSP01547,2025-12-05,SCH0095,False,,True,True,False,Harini Mohanty,Good condition
INSP01940,2025-08-30,SCH0526,False,False,True,False,True,Urvashi Prabhu,Needs repair
INSP02481,2025-09-21,SCH0466,False,True,,False,False,,Average
INSP02155,2025-11-07,SCH0231,False,True,True,,False,Abha Chandran,Toilets locked
INSP02824,2025-04-28,SCH0041,True,True,True,True,True,Jonathan Dutt,Toilets locked
INSP00514,2025-07-04,SCH0016,True,True,True,True,True,Arunima Dixit,No remarks
INSP00082,2025-09-24,SCH0579,True,False,True,False,True,,Needs repair
INSP02799,2025-10-22,SCH0084,True,False,False,False,True,Saumya Tata,
INSP01309,2025-09-25,SCH0584,True,True,True,False,True,Harshil Vasa,Toilets locked
INSP02625,2026-03-08,SCH0443,True,True,True,False,True,Warinder Din,Average
INSP00915,2026-03-13,SCH0034,True,True,True,True,False,Wahab Sehgal,Needs repair
INSP01405,2026-02-28,SCH0137,True,True,True,True,True,Kala Mukhopadhyay,Average
INSP01648,2025-07-05,SCH0169,True,True,True,True,False,Netra Soman,Average
INSP02901,2025-04-27,SCH0192,False,True,True,True,True,Theodore Toor,Average
INSP01109,2025-11-26,SCH0571,True,True,True,True,True,Urishilla Choudhury,
INSP00151,2025-04-06,SCH0094,True,True,True,True,False,Atharv Radhakrishnan,No remarks
INSP02866,2026-01-14,SCH0384,True,True,True,False,True,,Needs repair
INSP00775,2025-10-20,SCH0502,,True,True,True,True,Garima Oak,Good condition
INSP00330,2025-10-10,SCH0376,False,True,True,True,False,Reva Bahl,Toilets locked
INSP00007,2025-05-13,SCH0243,True,True,True,,False,,Needs repair
INSP02002,2026-03-17,SCH0175,False,True,True,True,False,Yutika Dugar,Good condition
INSP00944,2025-05-15,SCH0438,True,True,True,True,True,Chavvi Maharaj,Needs repair
INSP00823,2025-09-22,SCH0031,True,False,True,True,False,Mohini Vohra,Toilets locked
INSP00910,2025-08-29,SCH0553,True,True,False,False,False,Nitesh Pradhan,Needs repair
INSP00182,2025-08-30,SCH0322,False,True,False,True,True,Ekavir Gole,
INSP00165,2025-08-07,SCH0053,True,True,True,True,True,Varsha Chakraborty,Good condition
INSP01524,2025-04-23,SCH0225,False,True,True,True,True,Ekaraj Nigam,
INSP00452,2025-08-01,SCH0161,True,True,False,True,False,Panini Andra,
INSP01312,2025-01-11,SCH0276,True,True,False,False,True,Matthew Issac,Needs repair
INSP01112,2025-12-30,SCH0213,True,True,False,False,False,Barkha Venkatesh,No remarks
INSP01288,2026-01-12,SCH0360,False,True,True,True,True,Qushi Bains,
INSP00328,2025-11-10,SCH0567,False,True,True,False,False,Balvan Chakrabarti,Average
INSP01791,2025-04-09,SCH0541,False,True,,False,False,Riya Kala,Toilets locked
INSP02793,2026-02-06,SCH0563,True,True,True,True,True,Nisha Madan,Average
INSP02008,2025-11-25,SCH0028,True,True,True,True,True,Qadim Sabharwal,Average
INSP01859,2025-08-03,SCH0487,,True,True,False,True,Vansha Bhat,Needs repair
INSP00313,2025-08-04,SCH0396,True,True,True,False,True,David Mane,Needs repair
INSP00833,2025-12-13,SCH0326,True,True,False,True,False,Sanaya Varty,No remarks
INSP01202,2026-01-29,SCH0140,True,True,True,False,True,Pahal Rattan,Good condition
INSP02438,2025-04-07,SCH0237,False,True,True,True,True,Pranav Arya,Good condition
INSP02074,2026-01-14,SCH0405,False,True,False,True,,Aarav Nazareth,No remarks
INSP02447,2026-03-09,SCH0003,True,True,True,,True,Raghav Pradhan,Needs repair
INSP01482,2025-10-19,SCH0234,True,True,False,False,False,Vanya Vala,Good condition
INSP00778,2025-10-28,SCH0421,False,True,True,False,True,Advaith Ray,Toilets locked
INSP00800,2026-02-02,SCH0534,True,True,True,False,False,Manthan Dhawan,Toilets locked
INSP00055,2025-07-22,SCH0392,True,False,False,True,False,Indira Amble,Good condition
INSP01921,2026-02-28,SCH0395,False,True,True,True,,Rachana Ganesh,No remarks
INSP02719,2026-03-10,SCH0233,True,True,True,True,True,,No remarks
INSP01702,2025-12-27,SCH0030,False,True,False,True,False,Tanvi Mital,
INSP02949,2025-11-12,SCH0573,True,True,True,True,True,Viraj Sule,Needs repair
INSP00988,2026-02-20,SCH0279,True,True,True,True,False,Zaitra Batra,
INSP02271,2026-03-28,SCH0513,True,False,False,True,True,Ekta Pillai,
INSP01395,2025-04-11,SCH0118,True,True,True,False,False,Tanay Shenoy,Average
INSP00769,2025-07-11,SCH0569,True,True,,False,False,Mahika Bedi,Good condition
INSP02790,2025-12-01,SCH0578,,True,True,True,,Radha Ratta,No remarks
INSP00286,2026-03-28,SCH0503,False,True,True,False,True,Ubika Chanda,No remarks
INSP02775,2025-10-06,SCH0534,True,True,False,True,False,Chaitaly Halder,Average
INSP00429,2025-11-21,SCH0064,True,False,True,True,False,Zayyan Sura,No remarks
INSP02080,2026-03-11,SCH0401,False,False,True,True,False,Anmol Nayar,
INSP00723,2025-05-23,SCH0551,True,True,True,False,False,,Average
INSP00952,2025-05-26,SCH0132,False,True,True,True,True,Nicholas Kaul,Good condition
INSP00990,2025-06-25,SCH0386,True,True,False,False,False,Azaan Vyas,No remarks
INSP02935,2026-01-13,SCH0455,True,True,True,True,True,Upasna Sama,Average
INSP02882,2025-07-20,SCH0059,False,True,False,True,True,Christopher Agarwal,Good condition
INSP00327,2025-12-03,SCH0270,True,True,True,True,True,Nimrat Acharya,Average
INSP01384,2025-05-09,SCH0360,True,True,True,False,,,Average
INSP01725,2025-07-12,SCH0351,True,True,True,True,False,Amaira Butala,
INSP01087,2025-05-30,SCH0276,True,False,True,,True,Girish Sampath,Needs repair
INSP00342,2026-01-19,SCH0490,True,True,False,True,False,Rajata Bhardwaj,Average
INSP00148,2025-10-11,SCH0143,True,,True,True,False,Dhriti Ray,
INSP02463,2025-04-20,SCH0258,False,,True,,False,Manbir Varghese,Average
INSP01108,2025-11-25,SCH0164,True,True,False,True,False,Imaran Gara,Needs repair
INSP00849,2025-05-26,SCH0151,True,True,True,False,True,Ayushman Ramachandran,No remarks
INSP00967,2026-01-17,SCH0117,True,True,False,True,False,,No remarks
INSP02592,2026-01-01,SCH0450,True,False,True,False,True,Sara Pandya,Good condition
INSP00662,2026-03-16,SCH0271,True,True,,,False,Chameli Bali,No remarks
INSP01003,2025-12-15,SCH0260,True,True,True,True,True,Saumya Toor,
INSP02465,2026-01-17,SCH0321,True,True,True,True,True,Faraj Nazareth,Average
INSP02648,2025-05-14,SCH0023,True,True,True,,True,Falguni Barad,Needs repair
INSP02792,2025-05-06,SCH0235,True,True,False,True,True,Vansha Chokshi,Toilets locked
INSP01880,2026-01-18,SCH0509,True,True,True,False,,Abhiram Pall,Average
INSP02960,2025-06-19,SCH0423,True,True,True,True,True,Nirja Sankaran,Needs repair
INSP01204,2025-08-06,SCH0543,True,,False,True,False,Jagat Sandal,Average
INSP01991,2025-07-27,SCH0107,True,True,,True,True,,Good condition
INSP00025,2025-01-12,SCH0038,True,True,True,False,False,Saksham Ganesan,Needs repair
INSP02953,2026-03-04,SCH0097,True,True,True,False,False,Darpan Natt,Good condition
INSP02207,2026-01-24,SCH0226,True,False,True,False,True,Rayaan Parsa,Toilets locked
INSP02189,2025-09-26,SCH0370,True,False,False,True,False,Jeevika Krishnan,
INSP02423,2026-01-16,SCH0394,True,True,True,True,True,Utkarsh Behl,Good condition
INSP00876,2026-01-13,SCH0218,True,True,True,True,True,Vasana Dyal,Average
INSP02834,2025-05-19,SCH0118,True,False,True,False,True,Mohammed Ramesh,Average
INSP00939,2025-10-16,SCH0251,True,True,True,True,,Aadi Misra,Needs repair
INSP02638,2025-06-15,SCH0174,True,False,True,False,False,Leela Nath,Toilets locked
INSP00386,2025-04-16,SCH0114,True,True,False,False,True,Anthony Kamdar,Needs repair
INSP02418,2026-03-10,SCH0024,True,True,True,False,False,Rohan Ratta,Good condition
INSP02639,2026-03-26,SCH0071,True,True,True,True,False,Rishi Mitter,Toilets locked
INSP02316,2025-07-12,SCH0301,True,True,True,False,True,Jagat Bassi,
INSP02855,2025-11-16,SCH0108,,True,True,False,True,Zarna Kade,Needs repair
INSP00937,2025-06-27,SCH0395,True,True,True,False,True,Harini Kale,Toilets locked
INSP02713,2025-10-14,SCH0427,True,True,True,,False,Upadhriti Mall,No remarks
INSP01333,2025-06-28,SCH0210,False,True,True,True,False,Aarini Randhawa,Good condition
INSP01935,2025-10-10,SCH0545,True,True,True,False,True,Vyanjana De,Good condition
INSP00936,2026-02-20,SCH0215,True,True,True,True,False,Ethan Raval,
INSP00567,2025-04-02,SCH0526,True,True,True,False,True,Nilima Jha,Needs repair
INSP01855,2026-01-04,SCH0588,False,True,True,,False,Chakradev Kalita,Needs repair
INSP02553,2026-02-25,SCH0402,True,True,True,False,False,Abhiram Ganesan,No remarks
INSP01646,2025-07-09,SCH0206,False,,True,False,False,Gopal Basu,No remarks
INSP02234,2026-03-24,SCH0517,True,True,True,False,False,Samuel Dhawan,Needs repair
INSP01793,2025-04-13,SCH0050,True,True,False,True,False,Eesha Sha,Needs repair
INSP01431,2025-06-13,SCH0334,True,True,True,True,True,,No remarks
INSP02647,2025-10-18,SCH0563,True,False,False,True,True,Veda Khurana,Toilets locked
INSP01014,2025-11-28,SCH0497,False,True,True,True,False,Faqid Mishra,No remarks
INSP01929,2025-10-09,SCH0502,True,True,False,True,True,Meghana Barad,Needs repair
INSP02371,2025-12-02,SCH0586,True,True,False,True,False,Neel Sachdev,
INSP00127,2026-01-09,SCH0495,True,False,True,True,True,Triveni Tripathi,Toilets locked
INSP02811,2026-02-12,SCH0197,True,True,True,True,True,Nimrat Gupta,Average
INSP01348,2025-04-13,SCH0037,True,True,True,True,False,Bhavika Prakash,No remarks
INSP00356,2026-01-14,SCH0053,True,True,True,,False,,Toilets locked
INSP00828,2025-07-04,SCH0493,True,True,True,False,True,Ishaan Parikh,Good condition
INSP01640,2026-03-24,SCH0033,True,True,True,True,True,,Toilets locked
INSP00985,2025-04-05,SCH0481,True,True,True,True,True,Baljiwan Balakrishnan,No remarks
INSP00363,2025-09-20,SCH0521,True,False,True,True,False,Raagini Wason,
INSP00346,2025-08-28,SCH0307,True,True,True,False,False,Chameli Gulati,Good condition
INSP02674,2025-07-03,SCH0539,True,True,True,True,,Inaya Salvi,Good condition
INSP00712,2025-10-04,SCH0318,False,True,True,True,False,Deepa Rai,Average
INSP02173,2025-09-23,SCH0050,True,True,True,False,False,Kashish D’Alia,Toilets locked
INSP00011,2025-04-04,SCH0336,True,True,True,True,True,Sudiksha Johal,
INSP02542,2025-08-12,SCH0534,True,False,True,True,False,,Good condition
INSP02117,2026-01-02,SCH0097,True,True,True,True,False,Anmol Bhakta,Toilets locked
INSP01835,2025-12-05,SCH0081,True,True,True,True,False,Garima Rana,Toilets locked
INSP00794,2025-08-17,SCH0278,True,True,False,False,False,Benjamin Pai,Average
INSP02906,2025-07-05,SCH0385,False,True,True,False,False,Siya Dewan,Needs repair
INSP00095,2026-01-07,SCH0222,True,True,True,True,False,Chanakya Sodhi,No remarks
INSP00130,2025-04-28,SCH0329,True,True,True,True,False,Wishi Vasa,
INSP02361,2025-04-22,SCH0489,True,True,True,True,False,Xalak Hans,Average
INSP01901,2025-08-06,SCH0439,True,True,True,False,True,Kala Nadig,Needs repair
INSP02757,2025-11-29,SCH0372,True,True,True,True,True,Wakeeta Bawa,No remarks
INSP01933,2025-10-06,SCH0347,True,True,True,True,True,Nihal Salvi,Needs repair
INSP02264,2025-10-05,SCH0370,True,True,False,True,True,Manthan Pandey,Needs repair
INSP01866,2025-10-09,SCH0500,True,True,True,True,True,,Toilets locked
INSP01659,2025-11-27,SCH0107,,True,False,False,False,,
INSP00517,2025-10-06,SCH0051,True,True,True,True,False,Zayyan Loyal,Average
INSP01858,2026-02-18,SCH0395,True,True,True,False,False,Eshana Manda,Average
INSP01278,2026-01-07,SCH0561,False,True,False,True,False,Waida Shankar,Needs repair
INSP00951,2025-09-07,SCH0323,False,True,True,True,False,Bina Shankar,Good condition
INSP01121,2025-11-01,SCH0225,True,True,True,False,True,,Toilets locked
INSP00420,2025-10-15,SCH0148,True,True,True,True,True,Januja Magar,Needs repair
INSP00923,2025-03-12,SCH0242,,True,True,True,True,Omkaar Das,Good condition
INSP02319,2025-04-19,SCH0024,True,True,True,True,True,Azad Chokshi,Toilets locked
INSP00478,2025-08-08,SCH0410,True,True,True,False,False,,
INSP02036,2025-06-12,SCH0171,True,False,True,False,False,Manan Mohan,No remarks
INSP02296,2025-10-18,SCH0564,True,True,True,False,False,Garima Gera,Good condition
INSP01693,2025-09-20,SCH0243,True,True,True,False,False,Anjali Sandhu,Needs repair
INSP02821,2025-11-22,SCH0080,True,True,True,True,False,Vamakshi Guha,No remarks
INSP01472,2026-03-03,SCH0257,True,True,True,True,False,Tanvi Kala,Average
INSP01203,2025-09-17,SCH0208,True,True,True,False,True,Krish Agarwal,
INSP01670,2025-09-01,SCH0573,True,True,True,True,True,Eesha More,No remarks
INSP02917,2026-01-24,SCH0282,True,True,True,,True,Kashvi Mahajan,Toilets locked
INSP01971,2025-07-05,SCH0008,True,True,True,False,False,,Toilets locked
INSP02152,2025-12-16,SCH0226,True,False,True,True,True,Samarth Subramaniam,Average
INSP00821,2025-06-20,SCH0303,,True,True,False,False,Dayamai Kashyap,
INSP01998,2025-05-23,SCH0187,True,True,True,True,False,Imaran Sawhney,Average
INSP01249,2025-08-25,SCH0201,True,True,True,,True,,Good condition
INSP02315,2026-01-13,SCH0303,True,True,False,False,False,Gagan Karan,Toilets locked
INSP02831,2025-05-19,SCH0183,,False,True,True,False,Samar Sane,Needs repair
INSP02191,2026-01-02,SCH0514,True,True,True,True,False,Oliver Balay,
INSP02749,2025-10-18,SCH0209,True,,True,True,True,Devansh Oak,Toilets locked
INSP01047,2025-09-30,SCH0226,True,True,True,True,,Chandran Ramanathan,
INSP01889,2025-06-24,SCH0071,True,True,False,,False,Harrison Dara,Average
INSP00616,2025-11-09,SCH0103,True,True,True,True,True,Chanakya Agate,Good condition
INSP01319,2025-05-15,SCH0281,True,True,,,True,Kala Kumer,No remarks
INSP02137,2026-03-16,SCH0123,True,True,True,False,True,Faris Barman,Needs repair
INSP02588,2026-03-06,SCH0215,True,True,True,False,False,,Average
INSP01773,2025-08-04,SCH0101,True,True,True,False,True,Rachit Virk,No remarks
INSP00132,2026-02-15,SCH0114,True,True,True,True,True,Benjamin Kari,Good condition
INSP00078,2025-04-26,SCH0434,True,True,True,True,False,Tarak Chokshi,No remarks
INSP02053,2026-01-10,SCH0449,True,True,True,True,False,Ekbal Kalita,No remarks
INSP00725,2025-01-05,SCH0209,False,True,True,False,True,Tanay Kumer,Average
INSP01315,2025-10-07,SCH0375,,True,True,True,False,Jagat Thaker,No remarks
INSP01852,2025-05-30,SCH0465,True,True,True,True,False,Falak Gade,Average
INSP02420,2026-01-27,SCH0229,True,True,False,True,True,Samarth Chandran,No remarks
INSP02616,2026-01-16,SCH0470,True,True,False,False,True,Ayaan Bora,Good condition
INSP01373,2025-05-12,SCH0239,True,True,True,True,False,Upkaar Morar,Average
INSP01856,2025-08-25,SCH0473,True,,True,True,False,Janaki Oza,Needs repair
INSP01320,2025-04-20,SCH0125,False,False,False,True,False,Isaac Yogi,
INSP02290,2025-04-10,SCH0521,True,True,True,True,True,Matthew Batta,Good condition
INSP00376,2025-05-08,SCH0132,True,,True,,True,Harish Khosla,Good condition
INSP01909,2025-09-29,SCH0093,False,False,False,True,True,Udarsh Shere,No remarks
INSP00334,2025-09-12,SCH0456,True,False,False,True,False,Aachal Barad,Good condition
INSP02375,2026-03-12,SCH0288,False,True,True,False,True,Umang Ray,
INSP02425,2026-01-11,SCH0560,True,True,False,True,False,Thomas Khurana,Toilets locked
INSP01605,2025-12-20,SCH0130,,True,True,False,False,Aishani Chokshi,Needs repair
INSP01119,2025-10-03,SCH0547,False,True,,False,False,Upadhriti Mallick,Good condition
INSP02971,2025-10-16,SCH0249,False,True,True,True,False,Aadi Shetty,Needs repair
INSP01944,2025-10-24,SCH0466,True,,True,True,False,Tejas Bajaj,Average
INSP02385,2025-10-09,SCH0112,,,True,True,False,Widisha Lad,No remarks
INSP02653,2025-09-17,SCH0591,True,False,True,True,True,Ekaraj Pillay,Average
INSP01343,2025-05-13,SCH0565,True,True,True,,False,,Needs repair
INSP00321,2025-10-20,SCH0407,False,True,False,False,True,Tamanna Om,
INSP01620,2025-08-31,SCH0170,True,False,False,True,False,Harsh Shankar,Toilets locked
INSP02574,2025-09-14,SCH0237,False,False,True,False,True,Brijesh Pandey,Average
INSP02061,2025-12-06,SCH0494,,False,True,True,False,,Good condition
INSP02220,2026-03-18,SCH0477,True,True,True,False,False,Nihal Merchant,Toilets locked
INSP01674,2025-07-07,SCH0260,False,,True,False,True,Charles Kala,Toilets locked
INSP01943,2026-01-05,SCH0457,True,True,True,False,False,Riya Ravi,Average
INSP00261,2025-07-09,SCH0508,True,True,True,False,True,Jai Rai,Toilets locked
INSP02478,2026-02-15,SCH0452,False,True,True,False,False,Arjun Andra,Average
INSP02040,2025-11-12,SCH0045,True,False,True,True,True,Noah Parmar,No remarks
INSP00690,2025-09-23,SCH0218,True,True,True,True,True,Anusha Kadakia,Average
INSP00902,2025-09-29,SCH0592,True,False,True,True,True,Manbir Sagar,No remarks
INSP02027,2025-06-06,SCH0355,False,True,True,False,True,Eiravati Bava,Good condition
INSP00139,2026-03-27,SCH0517,True,True,True,True,False,Brinda Krishna,Good condition
INSP01918,2025-07-27,SCH0025,False,True,False,True,True,Chatura Palla,Average
INSP01829,2025-12-28,SCH0558,True,False,True,True,True,,Good condition
INSP01574,2025-12-29,SCH0125,True,True,True,False,False,Hritik Tella,No remarks
INSP00320,2025-06-23,SCH0452,True,False,True,True,False,,
INSP00654,2025-11-28,SCH0506,True,True,False,True,False,Peter Jhaveri,
INSP02138,2025-04-18,SCH0461,True,True,True,True,True,Leela Basak,Average
INSP02586,2025-07-30,SCH0193,True,True,False,True,True,,No remarks
INSP00559,2025-10-26,SCH0133,,,True,True,True,Dayamai Andra,No remarks
INSP02188,2026-03-10,SCH0555,True,True,,True,False,Rushil Chakrabarti,Average
INSP00113,2026-02-09,SCH0441,,True,False,True,True,Neelima Ganguly,Good condition
INSP00532,2025-05-08,SCH0322,False,True,True,False,True,Chanakya Kala,Good condition
INSP00225,2026-03-06,SCH0440,False,True,True,True,True,,Needs repair
INSP00724,2025-09-08,SCH0237,False,False,True,True,True,Gaurav Seshadri,Good condition
INSP02555,2025-10-27,SCH0254,True,True,True,False,True,Amruta Nayar,Toilets locked
INSP02703,2025-09-14,SCH0179,True,True,True,True,True,Isaac Kibe,Good condition
INSP01434,2025-12-15,SCH0010,True,True,False,False,True,Abhimanyu Bhalla,Good condition
INSP02453,2025-06-03,SCH0291,True,True,False,False,False,,Good condition
INSP02891,2025-11-12,SCH0436,True,True,True,False,True,Gautam Hora,Good condition
INSP01459,2025-09-22,SCH0096,True,True,True,False,,Anya Khanna,Toilets locked
INSP02841,2026-02-21,SCH0407,False,True,True,True,False,Hemal Tak,Average
INSP00847,2026-02-16,SCH0485,True,True,True,True,False,Omisha Shenoy,Toilets locked
INSP00194,2025-09-10,SCH0297,True,False,True,True,False,Anmol Raval,Good condition
INSP01465,2025-09-30,SCH0550,True,True,False,,True,Tripti Kar,Good condition
INSP00947,2025-06-03,SCH0440,True,True,True,False,True,Anvi Dara,
INSP02022,2025-08-27,SCH0257,True,True,True,True,True,,Average
INSP01630,2025-04-10,SCH0210,True,True,True,True,True,Gavin Sekhon,Toilets locked
INSP00118,2025-07-14,SCH0432,True,True,True,False,False,Anita Agarwal,
INSP00646,2026-06-01,SCH0136,False,True,True,True,False,Tanish Dhingra,Average
INSP01871,2025-12-24,SCH0028,True,True,True,True,False,Madhavi Dutta,No remarks
INSP00004,2025-11-20,SCH0322,True,True,True,False,True,Yachana Dyal,Needs repair
INSP00075,2025-07-12,SCH0493,True,True,False,,False,Farhan Nagi,Good condition
INSP01756,2026-02-12,SCH0287,False,True,False,True,True,Anvi Ray,
INSP00468,2025-09-26,SCH0531,False,True,True,True,False,Jairaj Malhotra,No remarks
INSP00006,2025-06-17,SCH0315,True,True,True,True,False,Chaitaly Yadav,
INSP01247,2025-04-30,SCH0229,True,True,True,True,False,Upkaar Gara,Toilets locked
INSP00920,2025-09-29,SCH0324,True,True,,True,,Dayita Handa,Good condition
INSP00229,2025-06-19,SCH0506,False,True,True,False,False,Naksh Koshy,Toilets locked
INSP01064,2025-11-02,SCH0558,True,True,True,True,True,Benjamin Krishna,Toilets locked
INSP00243,2025-10-28,SCH0581,True,False,False,False,True,Jai Doctor,Needs repair
INSP02403,2025-05-16,SCH0232,False,True,False,False,True,Matthew Rastogi,Good condition
INSP01161,2025-06-09,SCH0037,True,True,True,True,False,Varenya Viswanathan,
INSP02645,2026-01-11,SCH0397,False,True,True,True,True,,No remarks
INSP01527,2025-04-26,SCH0560,True,False,True,True,False,Pavani Banik,Toilets locked
INSP01606,2025-03-05,SCH0002,False,True,True,True,False,Charita Halder,
INSP02927,2025-05-01,SCH0209,True,True,True,True,False,Zashil Shetty,Average
INSP02677,2025-06-19,SCH0064,True,True,True,False,False,Indira Johal,Toilets locked
INSP01990,2026-01-04,SCH0287,,True,True,True,True,Samesh Keer,Toilets locked
INSP02476,2026-02-19,SCH0268,True,True,False,False,True,Ronith Doctor,Good condition
INSP01976,2025-10-12,SCH0209,False,True,True,,True,,Average
INSP01762,2025-12-18,SCH0509,True,False,False,True,True,Patrick Cheema,Average
INSP01306,2026-03-01,SCH0462,True,,True,True,True,Ojasvi Chahal,No remarks
INSP01542,2025-08-21,SCH0062,False,True,True,True,False,Rehaan Saini,Good condition
INSP00623,2025-11-28,SCH0047,True,True,,False,True,Abdul Kar,Needs repair
INSP02437,2026-03-06,SCH0017,True,True,False,,False,Teerth Mandal,
INSP01494,2026-03-10,SCH0014,False,True,True,False,False,Pahal Batra,Average
INSP00111,2025-07-06,SCH0060,True,True,True,True,False,Benjamin Varty,No remarks
INSP02276,2025-07-25,SCH0405,True,True,True,False,False,,Toilets locked
INSP02388,2025-12-09,SCH0217,False,False,True,True,False,Edhitha Lall,Average
INSP01170,2025-05-21,SCH0571,True,True,True,False,True,Vidhi Dutta,Needs repair
INSP02589,2025-09-05,SCH0396,False,False,True,False,True,Gagan Iyengar,Good condition
INSP00233,2025-12-29,SCH0303,False,True,True,True,True,Yagnesh Wali,Toilets locked
INSP00067,2025-12-29,SCH0546,False,True,True,False,True,Alexander Devan,
INSP02847,2026-03-31,SCH0432,True,True,True,True,False,,
INSP02073,2026-05-02,SCH0228,True,True,True,True,True,Irya Hayer,No remarks
INSP02193,2025-12-31,SCH0479,True,True,True,True,False,Ojasvi Peri,No remarks
INSP00537,2025-05-31,SCH0144,True,True,True,True,False,Parth Rau,Average
INSP00126,2026-01-19,SCH0033,False,False,True,False,False,,Good condition
INSP02134,2025-01-04,SCH0213,False,True,True,True,False,Rehaan Chaudhuri,Needs repair
INSP01255,2025-09-02,SCH0568,True,True,True,True,True,Amol Sidhu,Needs repair
INSP02787,2025-08-10,SCH0311,True,True,False,True,True,Luke Ramakrishnan,Good condition
INSP01977,2025-11-10,SCH0194,True,True,True,True,False,Advaith Chana,
INSP02590,2025-06-20,SCH0005,True,True,True,False,True,,Needs repair
INSP02076,2026-02-03,SCH0183,True,True,True,True,True,Kashvi Agarwal,Good condition
INSP00485,2025-07-11,SCH0435,False,True,True,False,True,Rachit Rattan,Toilets locked
INSP01655,2025-09-27,SCH0024,True,False,True,False,False,Jai Aggarwal,No remarks
INSP02814,2025-10-02,SCH0295,True,False,True,True,False,Reva Dasgupta,Toilets locked
INSP02680,2026-02-20,SCH0119,True,True,True,True,True,Rohan Ramesh,Average
INSP01775,2025-12-06,SCH0180,True,True,True,True,True,Logan Sachdeva,No remarks
INSP00919,2026-03-09,SCH0222,True,True,True,True,False,Nitesh Om,Toilets locked
INSP01647,2026-08-02,SCH0445,True,True,False,,False,Baghyawati Dada,Average
INSP01027,2025-04-11,SCH0318,True,,False,True,True,,No remarks
INSP01031,2026-03-19,SCH0423,True,True,True,,False,Daniel Peri,No remarks
INSP00883,2025-12-16,SCH0191,True,True,True,True,False,Bhanumati Bhatnagar,Toilets locked
INSP01336,2026-05-01,SCH0263,False,True,True,True,False,Megha Samra,Needs repair
INSP02342,2025-09-13,SCH0121,True,False,True,True,False,Leela Brar,No remarks
INSP00365,2025-05-07,SCH0482,True,True,True,True,False,Michael Narula,Toilets locked
INSP02126,2025-06-22,SCH0298,True,True,,True,False,Chanchal Palan,Average
INSP00028,2026-03-30,SCH0591,False,,True,False,False,Bhanumati Mallick,Needs repair
INSP00474,2025-09-04,SCH0496,True,True,False,True,False,Vihaan Barman,Good condition
INSP00526,2025-05-16,SCH0587,True,True,True,True,True,Yuvraj Kannan,Good condition
INSP00726,2025-10-20,SCH0261,True,False,True,True,False,Jason Majumdar,Toilets locked
INSP00056,2025-08-11,SCH0086,True,True,True,False,False,Veer Sama,
INSP00639,2025-11-27,SCH0211,False,True,True,True,True,Vasudha Kurian,No remarks
INSP00303,2025-07-31,SCH0172,False,True,True,False,True,Chatresh Manne,
INSP02743,2026-03-27,SCH0242,,True,True,False,False,,Good condition
INSP01277,2025-11-04,SCH0061,False,True,False,True,False,Wridesh Yohannan,Toilets locked
INSP02772,2025-01-05,SCH0518,True,False,True,True,False,Upadhriti Som,Average
INSP00625,2026-03-08,SCH0034,True,True,True,False,False,Imaran Konda,Good condition
INSP02056,2026-01-21,SCH0230,,True,True,,True,Advika Kala,
INSP01281,2026-01-20,SCH0458,False,True,False,False,,Ishaan Lal,Average
INSP01050,2025-10-07,SCH0587,,True,True,True,True,Finn Babu,No remarks
INSP00337,2025-11-08,SCH0492,True,True,False,True,False,Ranbir Dayal,Good condition
INSP00048,2026-03-07,SCH0324,True,True,False,False,False,Charan Kala,Needs repair
INSP00107,2025-05-29,SCH0128,True,True,True,False,True,Mugdha Narula,Average
INSP01080,2025-12-04,SCH0150,True,True,False,True,True,Kashvi Bahl,Average
INSP02287,2026-02-14,SCH0322,True,True,True,False,True,,
INSP02262,2026-02-05,SCH0176,True,True,True,False,False,Sanaya Goyal,Good condition
INSP01145,2025-10-06,SCH0024,True,True,False,False,False,Rachana Walla,Average
INSP02510,2025-07-16,SCH0427,True,True,True,True,True,Jackson Pradhan,Needs repair
INSP02297,2025-09-20,SCH0072,True,True,True,False,True,Gayathri Sharaf,Toilets locked
INSP01837,2025-05-03,SCH0193,True,True,True,True,True,Widisha Sarma,Average
INSP01754,2025-10-11,SCH0294,True,True,True,False,False,Nitara Sampath,Good condition
INSP01102,2025-06-01,SCH0039,,True,False,False,False,Frado Kota,
INSP01969,2025-12-30,SCH0297,True,True,True,True,False,Ikshita Singh,Average
INSP00524,2025-12-27,SCH0567,True,True,True,,,Triveni Pant,No remarks
INSP02281,2025-07-16,SCH0259,True,True,True,True,False,Umang Chaudhry,No remarks
INSP01429,2025-01-09,SCH0316,True,True,True,False,False,Nathan Sahni,No remarks
INSP02742,2025-04-23,SCH0231,True,True,True,False,False,Barkha Bala,Good condition
INSP00604,2025-08-03,SCH0552,True,True,True,True,True,Bhavini Narang,Needs repair
INSP01490,2025-07-05,SCH0316,False,False,True,True,True,Ryan Bhargava,Toilets locked
INSP02475,2025-07-04,SCH0496,True,True,True,True,False,Onkar Karan,
INSP00061,2025-11-05,SCH0518,False,True,True,False,False,Anamika Kapur,Good condition
INSP02890,2025-07-29,SCH0008,True,False,True,True,True,Samaksh Aurora,Needs repair
INSP00672,2025-11-30,SCH0230,True,False,True,True,False,Victor Bhakta,Average
INSP00093,2025-07-21,SCH0366,False,True,False,False,True,Yamini Maharaj,Average
INSP00667,2025-05-13,SCH0412,True,True,True,True,,Suhani Nath,
INSP01888,2025-04-11,SCH0417,True,True,True,False,False,Krisha Ravi,Good condition
INSP00281,2026-03-02,SCH0477,False,False,True,False,False,Hemani Chopra,Toilets locked
INSP01720,2025-06-15,SCH0337,True,True,True,False,False,Radhika Kalla,Good condition
INSP00360,2025-10-20,SCH0382,False,False,True,False,True,Aarna Sharma,No remarks
INSP00900,2025-11-22,SCH0036,True,True,True,False,False,Nicholas Roy,Toilets locked
INSP01936,2025-09-23,SCH0141,False,True,True,True,True,,Good condition
INSP01995,2026-03-23,SCH0223,True,True,True,True,False,Advaith Prabhakar,Good condition
INSP00761,2025-01-07,SCH0520,False,True,True,True,True,Vasana Keer,Toilets locked
INSP02159,2025-04-04,SCH0090,True,,False,True,False,,Needs repair
INSP02758,2025-12-23,SCH0096,False,True,False,False,False,Ishanvi Ratti,Average
INSP00043,2025-07-15,SCH0032,False,True,,True,False,Unnati Shankar,
INSP02174,2025-04-30,SCH0509,False,True,True,True,False,Rachana Sem,No remarks
INSP00205,2025-11-16,SCH0411,,False,True,True,True,Brijesh Virk,Toilets locked
INSP01474,2025-11-04,SCH0548,True,False,,True,,Ekapad Keer,Average
INSP02101,2025-10-07,SCH0004,True,True,True,False,False,,
INSP00069,2026-02-18,SCH0532,True,True,True,False,False,Anika Warrior,Needs repair
INSP01876,2025-10-01,SCH0587,True,True,True,True,True,Finn Khurana,Needs repair
INSP02600,2025-09-10,SCH0414,True,False,True,True,True,Faraj Mishra,
INSP02232,2025-07-17,SCH0375,True,True,False,False,True,Baghyawati Oak,No remarks
INSP00138,2025-08-22,SCH0075,True,False,False,False,True,Ira Atwal,Toilets locked
INSP00797,2025-05-06,SCH0319,True,True,True,False,True,Pranav Krishna,Needs repair
INSP02181,2025-05-08,SCH0033,True,True,True,True,False,Fariq Lad,Toilets locked
INSP02129,2026-03-04,SCH0244,False,False,True,True,True,Pavani Pal,Average
INSP00759,2025-09-22,SCH0246,False,,False,False,True,Jhalak Thaman,No remarks
INSP00542,2026-02-22,SCH0411,True,True,True,False,False,Bhavna Subramanian,Average
INSP01020,2025-05-13,SCH0178,False,True,True,False,False,,Average
INSP02412,2025-07-24,SCH0457,False,True,False,False,False,Naksh Ghosh,Average
INSP00166,2025-07-05,SCH0309,False,True,True,,True,,
INSP00249,2025-10-29,SCH0371,True,,True,False,True,Onkar Dua,Toilets locked
INSP01332,2025-04-23,SCH0220,True,True,True,False,False,Ekansh Nayak,Good condition
INSP02018,2025-10-07,SCH0471,False,True,True,True,False,Eiravati Jani,No remarks
INSP00447,2026-01-02,SCH0143,True,True,True,True,False,Dalaja Rao,Needs repair
INSP01359,2025-05-20,SCH0446,False,True,True,True,True,Anmol Mand,Needs repair
INSP02146,2025-12-25,SCH0085,False,True,True,True,True,Gavin D’Alia,Toilets locked
INSP01330,2025-01-04,SCH0463,True,True,True,True,True,Champak Warrior,No remarks
INSP02151,2026-01-14,SCH0371,True,True,True,True,True,Indali Walla,Good condition
INSP00435,2025-11-19,SCH0189,True,True,True,,True,,Needs repair
INSP02123,2026-01-23,SCH0226,True,False,True,True,False,Warjas Mall,Good condition
INSP00578,2025-12-24,SCH0109,True,True,True,False,False,Andrew Ahuja,Toilets locked
INSP02515,2025-06-01,SCH0135,False,True,True,True,True,Ijaya Karpe,No remarks
INSP01849,2025-05-14,SCH0345,True,True,False,True,True,Qasim Kanda,
INSP00763,2025-05-18,SCH0092,True,True,True,True,True,Isha Kohli,
INSP00389,2025-08-16,SCH0238,True,True,True,True,False,Aradhana Bumb,Average
INSP00236,2025-11-09,SCH0329,True,True,True,False,True,Fariq Sen,Average
INSP02740,2025-05-29,SCH0543,False,True,True,True,False,Tanmayi Puri,Average
INSP01985,2025-11-12,SCH0531,False,True,True,True,False,Tanvi Padmanabhan,Good condition
INSP00268,2025-12-30,SCH0206,,True,True,True,True,Irya Mody,Needs repair
INSP00771,2025-09-05,SCH0309,True,,True,False,False,Om Shenoy,
INSP02166,2025-12-12,SCH0471,,,True,,True,Harshil Bhargava,Good condition
INSP00438,2025-04-28,SCH0417,True,False,True,False,False,Mitali Nair,Needs repair
INSP00674,2025-04-15,SCH0059,False,True,True,True,,Chaman Naik,No remarks
INSP00250,2026-03-06,SCH0098,True,True,True,True,False,Ojas Doshi,Average
INSP02202,2026-03-05,SCH0312,True,True,True,False,,Lakshmi Sami,Good condition
INSP01575,2025-09-17,SCH0311,True,True,True,True,False,Irya Narasimhan,Good condition
INSP02143,2026-02-13,SCH0452,True,True,False,False,False,Lila Taneja,Average
INSP02082,2025-04-13,SCH0181,True,True,,True,False,Krisha Bal,No remarks
INSP02753,2025-09-28,SCH0270,True,True,True,,True,Raagini Wason,No remarks
INSP02701,2025-09-07,SCH0025,True,True,True,False,False,Krishna Korpal,Toilets locked
INSP00449,2025-08-15,SCH0310,,True,True,False,True,Anay Ben,No remarks
INSP01470,2026-07-03,SCH0268,False,True,True,True,True,Anika Sahota,Toilets locked
INSP00717,2026-02-16,SCH0242,True,True,True,True,False,Bachittar Talwar,Toilets locked
INSP02682,2025-09-23,SCH0574,True,True,True,False,True,Raagini Dube,No remarks
INSP02750,2025-10-02,SCH0187,True,True,True,False,True,Sara Chandra,Good condition
INSP02049,2025-06-16,SCH0259,True,True,True,True,False,,Average
INSP01902,2026-02-24,SCH0417,False,True,True,True,True,Ekanta Ganguly,Good condition
INSP01169,2025-06-01,SCH0435,True,True,False,True,False,Nikita Borah,
INSP00083,2025-12-30,SCH0130,True,True,True,True,False,Jai Sheth,
INSP02550,2026-03-01,SCH0330,True,False,,True,False,Eesha Banerjee,Needs repair
INSP01461,2025-07-23,SCH0590,True,True,True,True,True,Qarin Wali,Needs repair
INSP01894,2025-12-18,SCH0238,True,True,True,False,False,Kai Oak,Average
INSP01669,2025-04-07,SCH0080,False,True,True,False,True,Charan Sura,Needs repair
INSP02001,2025-04-20,SCH0425,True,True,True,False,True,Jagvi Gour,
INSP00476,2025-10-25,SCH0241,True,True,,True,False,Leela Palla,Toilets locked
INSP00518,2025-08-31,SCH0272,True,True,True,True,False,Alka Shere,No remarks
INSP00405,2025-09-03,SCH0290,True,True,False,False,True,,Good condition
INSP00385,2026-03-05,SCH0387,True,True,True,True,True,Kritika Setty,Toilets locked
INSP02762,2025-04-09,SCH0238,False,False,True,,False,Faraj Sagar,No remarks
INSP02153,2025-11-04,SCH0354,True,True,True,True,False,Vasatika Suresh,Needs repair
INSP01634,2026-01-16,SCH0469,,True,True,False,False,Chaman Chhabra,No remarks
INSP00689,2025-11-07,SCH0017,False,False,True,False,True,,
INSP01241,2025-07-18,SCH0170,False,True,True,,False,Jai Mandal,Toilets locked
INSP00063,2025-07-20,SCH0464,True,True,True,True,False,Harsh Nagy,Average
INSP00853,2025-04-23,SCH0329,True,True,True,True,,Atharv Balakrishnan,Good condition
INSP02892,2026-03-02,SCH0225,False,True,True,False,True,Sai Ram,Toilets locked
INSP02606,2025-07-24,SCH0429,False,True,True,True,False,Ria Bedi,Needs repair
INSP01263,2025-12-07,SCH0540,False,False,True,,True,Gabriel Jaggi,No remarks
INSP00224,2025-12-13,SCH0562,True,True,False,False,True,Manan Patla,No remarks
INSP02194,2025-08-22,SCH0263,False,False,True,False,True,Qarin Suri,Average
INSP00374,2025-04-07,SCH0017,True,True,True,True,True,Fitan Yogi,Needs repair
INSP01825,2025-04-21,SCH0214,True,True,True,True,False,Lekha Chaudhari,Good condition
INSP02668,2025-08-16,SCH0580,False,True,True,True,True,Upkaar Khurana,No remarks
INSP02731,2026-01-11,SCH0585,True,True,True,True,True,Wakeeta Merchant,Needs repair
INSP02822,2026-01-13,SCH0432,,True,True,True,True,Zayyan Oza,Good condition
INSP00010,2025-11-10,SCH0020,False,True,False,True,True,Wriddhish Golla,Needs repair
INSP01945,2026-03-17,SCH0235,True,,True,False,True,Garima Devi,Good condition
INSP01839,2025-11-18,SCH0497,True,True,True,False,,Mugdha Lad,Toilets locked
INSP00709,2026-02-13,SCH0377,True,True,,True,True,Pooja D’Alia,No remarks
INSP00256,2026-03-07,SCH0478,,True,True,True,True,Yashasvi Gade,No remarks
INSP01618,2025-11-22,SCH0116,False,,True,True,False,Upma Savant,No remarks
INSP00390,2025-09-24,SCH0042,True,True,True,True,True,Xavier Keer,Needs repair
INSP01582,2025-12-01,SCH0279,True,True,True,False,False,Ojasvi Bassi,Needs repair
INSP00925,2025-12-11,SCH0488,False,,True,False,True,Dalaja Nath,Good condition
INSP02037,2025-03-09,SCH0410,True,True,True,True,True,Sarthak Bhatti,Toilets locked
INSP02527,2025-12-27,SCH0430,False,True,True,True,False,Chatresh Mohan,Good condition
INSP01225,2025-06-21,SCH0596,False,True,,True,False,Janani Mitter,Needs repair
INSP01947,2025-06-29,SCH0514,True,True,True,False,False,Nirja Toor,Average
INSP00740,2025-06-10,SCH0008,True,True,True,False,True,Praneel Chahal,Toilets locked
INSP00041,2025-09-22,SCH0116,True,True,True,True,,Tanveer Garde,Needs repair
INSP00869,2026-02-21,SCH0441,True,True,True,False,True,Warinder Bhardwaj,Average
INSP00540,2025-10-01,SCH0067,True,True,False,True,True,Osha Kara,No remarks
INSP01372,2026-01-08,SCH0206,False,True,False,True,False,Upma Guha,No remarks
INSP01146,2025-04-22,SCH0341,True,True,True,True,False,Reyansh Yogi,Needs repair
INSP01032,2026-01-16,SCH0195,True,True,False,False,True,Aarnav Mittal,Average
INSP00373,2025-04-26,SCH0524,True,False,False,True,True,Benjamin Modi,
INSP00668,2025-07-06,SCH0127,,True,True,True,False,Qabil Desai,Needs repair
INSP00358,2026-02-25,SCH0051,True,True,True,False,True,Ekapad Bava,Toilets locked
INSP00968,2026-02-23,SCH0203,True,True,True,True,True,Gavin Bera,Needs repair
INSP01354,2025-04-20,SCH0506,True,True,True,True,False,Irya Amble,Average
INSP01036,2026-01-24,SCH0586,True,True,True,True,True,Jack Rai,
INSP00471,2025-12-06,SCH0042,True,True,True,True,,,No remarks
INSP01397,2026-02-13,SCH0596,False,True,True,False,False,Hamsini Sekhon,Good condition
INSP02756,2025-05-21,SCH0252,True,False,True,,True,Saksham Hora,
INSP01550,2025-11-08,SCH0403,False,,False,True,True,Teerth Narain,No remarks
INSP01257,2025-09-18,SCH0192,True,True,False,False,False,,Needs repair
INSP02095,2025-06-07,SCH0258,True,True,True,False,True,Bakhshi Bali,Good condition
INSP01556,2026-03-18,SCH0331,True,True,True,True,True,,Needs repair
INSP02722,2025-01-12,SCH0084,True,True,True,False,False,Madhav Dhawan,Good condition
INSP01251,2025-10-24,SCH0232,True,True,True,False,False,Ekanta Kuruvilla,Good condition
INSP01700,2025-12-07,SCH0208,False,True,True,False,False,Kamala Murty,Average
INSP01253,2025-05-04,SCH0421,True,True,,True,,,
INSP02923,2025-08-28,SCH0344,True,True,True,False,False,Darpan Dhaliwal,No remarks
INSP00080,2025-10-01,SCH0526,False,False,False,True,False,Jasmit Sampath,Average
INSP01173,2026-11-01,SCH0398,False,True,True,True,True,,Good condition
INSP00815,2025-09-22,SCH0419,True,True,True,True,True,Ayaan Din,Toilets locked
INSP01853,2025-08-16,SCH0132,True,,True,False,True,Advik Korpal,Good condition
INSP02221,2026-03-26,SCH0499,False,True,,True,False,,Good condition
INSP02765,2025-09-11,SCH0103,False,True,True,False,False,Pratyush Khosla,No remarks
INSP02106,2025-07-04,SCH0466,True,True,True,True,True,Elijah Dugar,Good condition
INSP00134,2025-04-24,SCH0266,True,True,True,True,False,Hredhaan Shere,Needs repair
INSP01141,2025-09-23,SCH0018,True,True,True,False,False,,
INSP00934,2026-01-24,SCH0156,True,True,True,True,False,Nitesh Varughese,Toilets locked
INSP00929,2025-04-01,SCH0534,True,False,,,False,Noah Deol,No remarks
INSP00824,2025-11-17,SCH0427,True,True,True,,,Harsh Konda,Average
INSP01532,2025-12-05,SCH0003,True,True,True,True,True,Bakhshi Butala,Toilets locked
INSP01215,2025-06-28,SCH0143,False,True,False,True,False,Jason Gill,Average
INSP00505,2026-02-25,SCH0109,False,True,True,True,False,Ekavir Tara,
INSP02396,2025-09-12,SCH0579,False,True,True,False,False,Alka Dua,Needs repair
INSP01997,2025-06-14,SCH0142,True,True,True,True,,,Needs repair
INSP02435,2025-04-17,SCH0249,True,False,True,False,True,,Average
INSP01959,2025-05-22,SCH0567,False,False,True,True,True,Hredhaan Madan,Good condition
INSP01385,2025-11-18,SCH0212,True,True,True,True,False,Shravya Aggarwal,No remarks
INSP00895,2026-01-17,SCH0204,True,True,True,False,False,Vasana Chaudhuri,No remarks
INSP00829,2025-11-14,SCH0086,True,True,False,True,True,Amara Choudhry,Good condition
INSP02524,2025-04-23,SCH0558,True,True,True,True,False,Harrison Bhatnagar,Good condition
INSP01684,2025-09-19,SCH0248,True,True,True,False,True,Ekalinga Sachdeva,
INSP02707,2025-03-12,SCH0472,True,True,True,True,,Aarush Agate,Toilets locked
INSP02643,2025-07-31,SCH0183,True,True,True,True,True,Samuel Dugar,Needs repair
INSP00653,2026-02-07,SCH0572,True,True,False,False,False,Aarini Narasimhan,
INSP00173,2025-07-06,SCH0151,True,True,True,True,,,Good condition
INSP00039,2025-09-18,SCH0246,False,True,False,True,True,Ikshita Lanka,Needs repair
INSP00714,2026-01-24,SCH0147,True,True,True,,True,Anamika Borde,No remarks
INSP00091,2026-01-06,SCH0496,True,True,False,True,True,Triveni Rao,Average
INSP01206,2025-07-17,SCH0278,True,True,True,True,False,,No remarks
INSP02603,2025-09-15,SCH0203,True,False,True,True,True,Qushi Merchant,Needs repair
INSP02718,2026-02-20,SCH0318,True,True,,True,False,Manan Joshi,Good condition
INSP01828,2026-01-25,SCH0586,True,True,True,True,False,,Average
INSP01156,2025-08-03,SCH0214,True,True,False,False,False,Logan Kuruvilla,Needs repair
INSP01325,2026-03-13,SCH0278,True,True,True,True,False,Isaac Prabhakar,Average
INSP00217,2026-02-18,SCH0082,True,True,True,True,False,Ekani Sahni,No remarks
INSP00511,2026-01-20,SCH0265,False,True,False,False,False,Turvi Sundaram,Toilets locked
INSP01681,2025-07-10,SCH0037,True,True,False,True,False,Anjali Dua,Good condition
INSP00500,2025-08-23,SCH0062,False,True,False,True,True,Ekta Pandey,
INSP02609,2025-09-10,SCH0057,True,,False,True,False,Manbir Sood,No remarks
INSP01857,2025-11-04,SCH0436,False,True,True,False,True,Amol Dutta,Needs repair
INSP01389,2025-05-26,SCH0306,True,True,True,False,True,Omaja Bal,No remarks
INSP01520,2025-04-23,SCH0498,False,True,True,False,False,,Toilets locked
INSP02387,2025-07-11,SCH0062,True,True,False,True,False,Unni Chauhan,Needs repair
INSP02861,2025-08-16,SCH0016,True,True,False,True,True,Vrishti Goel,Toilets locked
INSP02077,2025-07-17,SCH0077,,False,True,True,False,David Patel,Average
INSP01541,2026-01-23,SCH0123,False,False,True,True,True,Yagnesh Buch,Average
INSP01218,2025-12-12,SCH0433,True,True,True,True,False,Priya Sen,
INSP01417,2025-07-19,SCH0094,True,True,True,True,,Reyansh Tara,Needs repair
INSP02218,2026-01-26,SCH0013,True,True,True,True,True,Yashodhara Gopal,Average
INSP02650,2025-11-04,SCH0582,True,True,True,,False,Nicholas Garg,Toilets locked
INSP01677,2025-10-19,SCH0599,True,True,True,False,True,Tanvi Kannan,Average
INSP01198,2025-04-28,SCH0322,True,True,False,False,False,Panini Narang,Needs repair
INSP01543,2025-04-23,SCH0365,True,,True,False,False,Vritti Bassi,Average
INSP02540,2025-06-22,SCH0230,True,True,True,True,True,Hemal Jain,Good condition
INSP00954,2025-10-30,SCH0158,True,True,True,False,,Vritti Tara,Average
INSP00751,2025-08-23,SCH0538,False,True,True,False,True,Lohit Karpe,Needs repair
INSP00235,2025-04-10,SCH0222,False,True,,False,,Isha Devan,Toilets locked
INSP00733,2025-04-04,SCH0235,True,True,True,False,False,Anamika Srivastava,No remarks
INSP01157,2025-08-11,SCH0361,True,True,False,True,True,Wishi Bhardwaj,Good condition
INSP02706,2026-02-28,SCH0450,False,True,True,False,True,Yoshita Jani,Good condition
INSP02446,2025-05-01,SCH0338,True,False,True,True,True,Urmi Thakur,Toilets locked
INSP01210,2026-04-02,SCH0287,False,True,True,True,True,,Good condition
INSP01066,2025-10-16,SCH0334,True,True,True,False,False,Zarna Oommen,Needs repair
INSP02157,2026-01-25,SCH0488,True,True,False,True,False,Samaksh Pant,Toilets locked
INSP01063,2025-05-30,SCH0554,True,False,True,False,True,Siddharth Divan,No remarks
INSP01168,2025-10-11,SCH0442,False,True,True,True,True,Ranveer Yohannan,Average
INSP01493,2025-12-04,SCH0330,True,True,True,True,True,Chaitanya Chand,Average
INSP00885,2025-11-12,SCH0531,,True,True,False,False,,Good condition
INSP00144,2025-05-22,SCH0229,True,True,False,False,True,Brijesh Yadav,Toilets locked
INSP00851,2026-01-17,SCH0412,,True,True,False,True,Devansh Sanghvi,
INSP00718,2025-09-09,SCH0555,True,True,True,True,False,,No remarks
INSP02985,2025-12-04,SCH0271,True,True,True,False,False,Adya Vasa,Average
INSP02503,2025-06-08,SCH0196,False,True,True,True,True,Lavanya Talwar,No remarks
INSP00265,2025-06-13,SCH0321,True,,,True,False,Chavvi Upadhyay,No remarks
INSP00076,2026-01-22,SCH0330,True,True,True,True,False,Girik Venkatesh,
INSP02493,2025-11-16,SCH0339,True,False,True,True,True,Meghana Sehgal,No remarks
INSP00396,2025-10-19,SCH0593,True,True,False,False,True,Chandran Solanki,
INSP02678,2025-11-19,SCH0451,True,True,True,False,True,Fariq Dixit,No remarks
INSP02225,2025-10-18,SCH0263,False,True,True,False,False,Falguni Ramanathan,Toilets locked
INSP02942,2025-07-02,SCH0254,False,False,True,,False,Yash Bhakta,Average
INSP00397,2025-08-28,SCH0572,True,True,,False,False,Gaurang Soni,Toilets locked
INSP01366,2025-07-14,SCH0012,True,False,False,False,,,Needs repair
INSP02631,2026-03-04,SCH0527,False,True,True,True,,Ayushman Apte,Toilets locked
INSP01904,2026-02-14,SCH0289,False,True,False,True,False,Chaman Hans,Needs repair
INSP00596,2025-12-14,SCH0055,True,False,True,True,False,Sanya Bhargava,No remarks
INSP02110,2025-07-10,SCH0565,True,True,True,False,False,Jagdish Kothari,Good condition
INSP01297,2025-02-08,SCH0020,True,True,True,True,False,Krish Chaudry,Toilets locked
INSP01822,2025-05-05,SCH0073,False,True,True,False,True,Tanmayi Sridhar,Toilets locked
INSP00873,2025-09-09,SCH0507,True,True,True,True,False,Vrinda Halder,No remarks
INSP02327,2025-11-04,SCH0273,True,,True,True,True,,Good condition
INSP01549,2025-09-06,SCH0328,True,True,True,False,False,Pranav Tata,Needs repair
INSP00037,2025-06-27,SCH0369,False,False,True,True,True,Forum Tata,No remarks
INSP02658,2026-03-13,SCH0515,True,True,True,True,False,Nathan Jain,Good condition
INSP02144,2025-06-10,SCH0315,True,True,True,True,False,Krishna Munshi,Needs repair
INSP02689,2026-02-11,SCH0028,True,True,False,True,True,,
INSP00978,2026-03-10,SCH0041,True,True,True,True,True,Sai Prasad,No remarks
INSP01572,2025-05-31,SCH0442,False,True,True,False,False,Lucky Khurana,No remarks
INSP01123,2025-04-16,SCH0003,True,True,True,False,True,Omaja Shanker,Average
INSP02240,2025-04-28,SCH0160,True,True,True,True,False,Prisha Raghavan,Good condition
INSP02505,2025-12-16,SCH0461,False,True,True,True,True,Oliver Goda,Good condition
INSP01893,2026-02-28,SCH0560,True,True,True,False,,Yash Singh,Average
INSP00676,2025-11-09,SCH0514,,True,False,True,False,Sudiksha Thaker,Average
INSP00729,2026-09-02,SCH0555,True,True,True,True,True,Yashasvi Parsa,No remarks
INSP00413,2025-04-21,SCH0468,False,True,True,True,False,,Average
INSP01517,2025-11-10,SCH0208,True,True,False,False,True,Lohit Shenoy,Needs repair
INSP01650,2025-07-19,SCH0566,True,True,False,False,True,Ria Dyal,Toilets locked
INSP00826,2026-02-10,SCH0062,False,True,True,False,True,Upasna Badal,Average
INSP00617,2025-08-29,SCH0474,False,True,True,True,False,Peter Gulati,No remarks
INSP00115,2026-01-19,SCH0070,False,True,True,True,True,Wriddhish Shere,Toilets locked
INSP00418,2026-02-17,SCH0265,True,True,True,True,True,,
INSP01626,2025-05-16,SCH0196,True,True,,True,True,Harish Pathak,Good condition
INSP00090,2026-02-13,SCH0175,True,False,True,False,True,Nidra Goswami,Toilets locked
INSP02083,2025-06-11,SCH0441,True,True,False,False,False,Januja Rajagopal,Toilets locked
INSP00754,2025-11-17,SCH0437,False,,True,False,False,,
INSP02547,2025-09-25,SCH0331,True,True,True,False,False,Anjali Handa,Toilets locked
INSP01631,2025-06-16,SCH0016,True,False,True,False,False,Abeer Vora,Good condition
INSP00012,2025-10-18,SCH0202,True,False,True,True,False,Pavani Nair,Toilets locked
INSP02445,2025-04-16,SCH0533,True,True,True,False,True,Omisha Konda,Good condition
INSP00285,2025-09-20,SCH0327,False,True,True,True,True,Gauri Gill,Good condition
INSP01067,2026-02-26,SCH0080,True,True,False,True,False,Bhavna Modi,Needs repair
INSP01192,2025-06-16,SCH0600,True,True,True,True,False,,No remarks
INSP01441,2025-06-06,SCH0133,True,True,True,,,Harsh Vohra,Needs repair
INSP02944,2025-12-26,SCH0334,True,True,True,True,True,Chanakya Wagle,Needs repair
INSP02943,2026-02-15,SCH0206,True,True,True,False,True,Ranveer Mani,Toilets locked
INSP02850,2025-10-13,SCH0204,True,True,True,True,,Jeremiah Buch,Average
INSP01569,2025-10-20,SCH0189,True,True,False,True,False,,
INSP02428,2026-01-10,SCH0254,False,True,True,True,False,Dayamai Yadav,Needs repair
INSP02710,2025-10-09,SCH0447,False,True,True,False,True,Alka Mani,Toilets locked
INSP01688,2025-07-29,SCH0466,True,False,True,False,True,Mason Bahl,Average
INSP00852,2025-09-05,SCH0435,False,True,True,True,False,Triveni Bhagat,Toilets locked
INSP02208,2025-04-05,SCH0390,False,True,True,False,True,Dev Char,Needs repair
INSP00896,2025-06-22,SCH0132,True,True,True,True,False,Advaith Grewal,Needs repair
INSP00497,2025-12-22,SCH0510,False,True,True,True,False,,Needs repair
INSP02306,2025-12-17,SCH0100,True,True,False,False,False,Mason Lal,Average
INSP01783,2025-05-20,SCH0474,True,True,False,True,False,Bishakha Narain,No remarks
INSP00336,2025-08-24,SCH0132,True,True,True,False,False,Dayita Sibal,Toilets locked
INSP00516,2025-05-10,SCH0197,True,True,True,True,False,Nimrat Chada,
INSP01349,2025-06-30,SCH0249,True,False,True,False,False,Abhiram Radhakrishnan,No remarks
INSP01016,2025-07-20,SCH0029,True,True,True,True,False,Joshua Bali,Good condition
INSP02951,2025-05-04,SCH0061,True,True,False,False,False,Abhimanyu Srivastava,Good condition
INSP01782,2025-04-10,SCH0100,True,True,True,True,True,Siddharth Sarin,
INSP02570,2026-03-22,SCH0028,True,False,True,False,True,Kalpit Bava,Needs repair
INSP01786,2025-11-27,SCH0166,True,,True,True,True,Pahal Venkataraman,Average
INSP02071,2025-10-30,SCH0396,True,True,True,True,True,Vrinda Parmar,Toilets locked
INSP00357,2025-05-16,SCH0010,True,True,True,False,False,Yashvi Bhat,No remarks
INSP02995,2025-06-21,SCH0598,True,True,True,True,False,Zilmil Contractor,
INSP01313,2025-09-24,SCH0600,False,False,True,True,False,William Pall,Toilets locked
INSP01636,2026-02-27,SCH0187,,True,True,True,True,Reva Venkatesh,Toilets locked
INSP00551,2025-04-09,SCH0036,False,True,True,True,False,Vinaya Shukla,Good condition
INSP02389,2025-07-06,SCH0273,True,False,True,True,True,Wishi Baral,No remarks
INSP02480,2025-12-18,SCH0055,True,True,True,False,False,Kamya Swamy,Average
INSP02522,2025-04-18,SCH0393,False,True,True,False,True,Keya Karnik,
INSP02266,2025-12-21,SCH0089,True,True,True,True,True,,No remarks
INSP01228,2025-11-05,SCH0142,False,False,True,False,True,,Average
INSP02818,2026-03-25,SCH0585,True,True,True,True,True,Rayaan Nori,Average
INSP00958,2026-02-28,SCH0125,True,True,False,True,False,Veer Andra,Good condition
INSP01774,2026-01-26,SCH0004,False,False,True,True,False,Irya Devan,No remarks
INSP02142,2025-05-25,SCH0089,True,True,True,False,False,Gauri Sangha,No remarks
INSP01009,2025-10-13,SCH0106,False,True,True,True,True,,Needs repair
INSP01093,2026-02-27,SCH0073,True,True,True,True,True,,Good condition
INSP02907,2025-09-07,SCH0288,True,False,,True,False,Dominic Dua,Average
INSP00997,2025-06-14,SCH0599,True,True,True,True,False,Wriddhish Jaggi,Toilets locked
INSP01680,2025-06-07,SCH0107,True,True,True,False,False,Mohini Choudhury,Good condition
INSP00154,2025-06-01,SCH0260,,False,True,False,False,Ladli Dora,Toilets locked
INSP02925,2025-04-06,SCH0296,False,True,False,True,False,Aarav Chad,Good condition
INSP00581,2025-10-31,SCH0326,False,True,True,True,True,Patrick Ramakrishnan,Toilets locked
INSP01471,2025-04-13,SCH0539,True,True,True,True,True,Dayamai Swamy,Good condition
INSP00704,2025-08-29,SCH0056,False,True,True,False,False,Akshay Choudhry,Needs repair
INSP01213,2025-07-13,SCH0464,True,True,True,,True,Jhalak Chawla,Needs repair
INSP00897,2026-01-27,SCH0202,True,True,True,True,False,,
INSP00488,2025-07-28,SCH0254,True,True,True,False,True,,Toilets locked
INSP00560,2025-04-05,SCH0005,False,True,True,True,False,Atharv Krish,Toilets locked
INSP01142,2025-08-01,SCH0523,True,True,True,True,True,Samesh Korpal,Good condition
INSP01120,2025-11-30,SCH0371,True,True,True,False,False,Eesha Sarkar,Needs repair
INSP00513,2025-05-30,SCH0317,True,True,True,False,False,Faqid Mittal,
INSP00634,2025-05-23,SCH0551,True,False,True,False,,Rushil Datta,Toilets locked
INSP02717,2025-05-11,SCH0132,True,False,True,False,True,Jagrati Sarna,Average
INSP01665,2025-12-05,SCH0010,True,True,True,True,True,Owen Lall,Needs repair
INSP01013,2025-09-15,SCH0091,,True,True,False,False,Chakrika Gole,Good condition
INSP01932,2025-11-23,SCH0076,True,True,True,True,True,Amruta Sankar,Average
INSP01151,2026-01-17,SCH0539,True,True,True,True,,Zansi Sarin,Toilets locked
INSP02948,2025-09-03,SCH0021,False,True,True,False,,Isaiah Bava,Toilets locked
INSP00117,2026-02-19,SCH0532,False,True,,False,False,Vritti Bahri,Needs repair
INSP00741,2025-06-29,SCH0568,True,True,True,False,True,Zinal Majumdar,Toilets locked
INSP02904,2025-04-21,SCH0451,True,True,True,False,True,Caleb Sha,Toilets locked
INSP01975,2025-10-01,SCH0497,True,True,True,False,False,Advik De,Average
INSP01082,2025-11-27,SCH0108,True,True,False,True,True,George Bandi,Needs repair
INSP01811,2026-01-30,SCH0260,False,True,False,False,True,Elijah Kapoor,No remarks
INSP00831,2025-06-23,SCH0206,,True,True,True,False,Zaid Gour,
INSP00120,2025-06-23,SCH0416,True,True,,False,True,Triveni Kara,Good condition
INSP00657,2026-02-21,SCH0022,True,False,True,True,True,Parth Dewan,Average
INSP02873,2026-12-01,SCH0360,True,True,True,False,False,Anay Boase,Good condition
INSP02830,2026-02-07,SCH0494,False,False,True,False,True,Vidhi Madan,Average
INSP00636,2026-01-20,SCH0086,True,False,True,,False,Adweta Jaggi,Good condition
INSP00370,2025-09-18,SCH0403,False,False,True,False,True,Vasatika Rana,Average
INSP00269,2025-08-23,SCH0481,True,True,True,True,False,Zashil Rout,Toilets locked
INSP02704,2025-06-04,SCH0466,True,True,True,True,,Manthan Peri,
INSP00047,2025-10-07,SCH0354,False,True,True,False,False,Vritti More,Good condition
INSP00992,2025-07-18,SCH0593,True,False,True,True,True,Vasana Shanker,
INSP00877,2025-04-05,SCH0114,True,False,True,False,False,Nirja Mutti,Toilets locked
INSP00774,2025-10-05,SCH0077,True,False,True,False,True,Chaaya Bose,Needs repair
INSP01220,2026-03-15,SCH0068,True,True,True,False,True,Fiyaz Brar,Average
INSP01127,2026-01-26,SCH0283,False,False,True,False,True,,Good condition
INSP00005,2025-06-17,SCH0123,True,True,True,,False,Darpan Dani,Average
INSP01596,2026-01-28,SCH0199,True,True,False,True,False,Tanmayi Toor,Needs repair
INSP02312,2025-07-31,SCH0431,True,True,True,False,True,Tanvi Dass,No remarks
INSP02492,2025-06-07,SCH0495,False,True,False,False,False,Quincy Goel,Average
INSP01078,2025-12-10,SCH0135,True,True,,False,True,,Average
INSP00838,2025-11-03,SCH0233,False,True,False,True,False,Eesha Boase,Average
INSP00682,2025-06-22,SCH0445,True,True,True,False,True,Samuel Bassi,Needs repair
INSP01716,2025-04-24,SCH0429,True,True,True,True,True,Urishilla Chandran,Average
INSP02353,2025-05-10,SCH0329,True,True,True,True,False,Amrita Walla,Average
INSP02618,2025-12-14,SCH0063,False,True,False,True,True,Vedant Sandhu,Good condition
INSP02362,2025-08-11,SCH0366,True,True,True,True,False,Harshil Tella,Average
INSP02198,2026-01-22,SCH0586,True,True,True,False,False,Tarak Palla,
INSP01149,2025-10-16,SCH0501,,True,True,True,True,Yachana Nagy,Good condition
INSP00575,2025-08-03,SCH0077,True,True,False,False,True,Tanay Misra,
INSP00051,2025-01-11,SCH0243,True,True,True,True,False,Noah Behl,Average
INSP00854,2026-01-12,SCH0525,True,True,True,True,False,Varenya Raghavan,Average
INSP01983,2025-10-15,SCH0101,False,,True,True,True,Ganga Boase,Needs repair
INSP01824,2025-05-03,SCH0203,True,True,True,True,False,Vivaan Raghavan,Needs repair
INSP00834,2026-02-23,SCH0566,False,True,True,False,True,,Needs repair
INSP01116,2025-09-27,SCH0090,True,True,True,True,False,Advika Mitra,No remarks
INSP01167,2025-08-10,SCH0305,True,True,False,True,False,Neha Singhal,Good condition
INSP02519,2025-04-03,SCH0379,True,True,True,True,True,,Average
INSP01907,2025-09-17,SCH0131,True,,True,False,False,Alka Natt,Needs repair
INSP00972,2025-09-29,SCH0581,False,True,True,True,True,Yashica Char,Toilets locked
INSP02702,2025-11-07,SCH0024,True,True,True,True,True,Owen Korpal,Needs repair
INSP00400,2025-05-15,SCH0141,True,True,True,False,,Saumya Sangha,Average
INSP02560,2025-08-24,SCH0570,False,True,True,True,False,,Needs repair
INSP02369,2025-10-14,SCH0401,True,True,True,,True,Zaid Mann,Toilets locked
INSP00020,2025-05-04,SCH0025,True,True,False,True,True,Kashvi Sathe,
INSP00685,2026-03-07,SCH0389,True,False,True,True,False,Shravya Sami,Good condition
INSP00036,2025-12-24,SCH0125,False,True,True,True,True,Dev Deshmukh,Good condition
INSP02972,2025-11-22,SCH0321,,True,True,,False,,
INSP00525,2025-06-02,SCH0203,True,True,True,False,False,Chatura Sur,Needs repair
INSP02456,2026-03-14,SCH0051,True,True,True,True,True,Nicholas Sachar,No remarks
INSP00921,2025-09-23,SCH0037,True,True,True,False,True,Anthony Sangha,No remarks
INSP01842,2026-03-12,SCH0371,True,True,True,True,False,Forum Dugar,Good condition
INSP01891,2026-01-11,SCH0184,,True,True,True,True,Om Chaudhuri,No remarks
INSP00538,2026-03-18,SCH0343,True,True,False,False,True,Rushil Rajagopal,Good condition
INSP01706,2025-10-06,SCH0593,False,False,True,True,True,Nirja Dugar,No remarks
INSP00246,2026-03-10,SCH0196,True,False,True,True,True,George Kadakia,
INSP00785,2026-03-02,SCH0276,True,True,True,True,False,Ekalinga Chauhan,Toilets locked
INSP01410,2025-09-19,SCH0076,True,True,True,False,False,Xiti Naik,Average
INSP02538,2025-08-04,SCH0308,True,True,True,True,True,Yasti Dhawan,Good condition
INSP00155,2025-05-12,SCH0096,True,True,True,False,,Vincent Toor,No remarks
INSP01687,2025-06-18,SCH0444,False,True,False,True,False,Lajita Sandal,Good condition
INSP00626,2025-09-09,SCH0456,True,False,True,True,True,Jhalak Kibe,Toilets locked
INSP02734,2025-11-14,SCH0320,True,True,,False,False,Theodore Sarkar,
INSP01347,2025-09-29,SCH0505,True,True,True,False,True,Jack Dutt,Needs repair
INSP00570,2026-03-13,SCH0043,True,False,True,True,,Yadavi Krishnamurthy,Average
INSP01759,2025-10-05,SCH0416,False,True,True,True,True,,Good condition
INSP01817,2025-06-23,SCH0368,True,True,True,True,False,Daksh Narasimhan,Toilets locked
INSP02066,2025-10-16,SCH0151,False,False,True,False,True,Triya Bedi,Good condition
INSP00128,2025-05-27,SCH0312,True,False,True,False,True,Yashasvi Manda,Average
INSP02007,2025-12-20,SCH0217,True,True,True,,True,Darika Atwal,Toilets locked
INSP00981,2026-01-26,SCH0476,True,True,True,True,True,,Good condition
INSP00191,2026-09-03,SCH0213,True,True,True,,False,Maanav Pai,Toilets locked
INSP01140,2025-08-07,SCH0159,False,True,True,True,,Theodore Krishnan,Needs repair
INSP00993,2025-10-29,SCH0165,False,False,True,False,False,Ria Sandhu,No remarks
INSP00700,2026-01-08,SCH0596,True,True,True,True,True,Hiral Issac,Good condition
INSP00607,2025-07-06,SCH0321,True,True,True,False,False,Chandran Balay,Good condition
INSP00181,2025-02-05,SCH0560,True,True,True,True,False,Chameli Kadakia,
INSP00302,2025-12-24,SCH0187,False,True,True,False,True,Girik Kumer,Toilets locked
INSP02545,2025-11-09,SCH0290,False,True,True,True,False,,
INSP02918,2026-01-07,SCH0132,True,True,True,,True,Omkaar Mody,Toilets locked
INSP01061,2026-01-21,SCH0078,True,True,True,True,False,Vyanjana Gera,Average
INSP02962,2025-07-13,SCH0082,True,True,False,True,False,,
INSP02566,2025-10-27,SCH0535,True,True,False,True,True,Sai Ratti,Toilets locked
INSP01070,2025-05-19,SCH0265,False,True,False,True,True,Hemal Padmanabhan,
INSP02525,2026-02-10,SCH0124,True,True,True,False,False,,Needs repair
INSP02206,2025-07-08,SCH0541,False,False,True,False,True,Amruta Sankaran,Toilets locked
INSP01244,2026-03-16,SCH0382,False,True,True,True,,Janani Arora,Good condition
INSP00017,2025-07-13,SCH0453,True,True,True,,True,Aadhya Bajwa,
INSP00547,2025-12-06,SCH0279,,True,True,True,True,Gagan Shankar,Good condition
INSP00659,2026-01-04,SCH0286,False,True,True,False,True,,Good condition
INSP02844,2026-02-26,SCH0022,False,True,True,False,False,Jairaj Bora,Average
INSP02876,2025-09-04,SCH0195,True,,,True,False,Qushi Bal,
INSP01505,2025-05-09,SCH0430,True,True,True,True,True,Zayan Bhavsar,
INSP00960,2025-07-14,SCH0185,True,True,True,False,,Teerth Gole,Needs repair
INSP02332,2025-12-24,SCH0287,True,True,True,False,True,,No remarks
INSP00798,2026-01-14,SCH0593,True,True,True,False,True,Harinakshi Modi,Toilets locked
INSP00226,2025-08-08,SCH0064,True,False,False,True,False,,Toilets locked
INSP02075,2025-04-16,SCH0567,False,True,True,False,False,,Good condition
INSP01800,2025-08-13,SCH0404,True,True,True,True,True,Lavanya Varty,No remarks
INSP02486,2025-08-20,SCH0425,True,False,True,False,False,Ayaan Sabharwal,Average
INSP02278,2025-12-22,SCH0502,,True,True,True,False,,Needs repair
INSP02086,2025-10-11,SCH0161,True,True,True,True,False,Fariq Sekhon,Average
INSP01694,2026-02-03,SCH0220,False,False,True,False,False,Ekansh Naik,Good condition
INSP02798,2025-09-12,SCH0037,True,True,True,True,False,Samaksh Munshi,
INSP01046,2026-04-03,SCH0052,True,True,False,True,False,Kalpit Gandhi,Average
INSP00470,2025-08-05,SCH0462,True,True,False,True,False,Alka Sule,Good condition
INSP00955,2025-12-12,SCH0116,False,True,True,False,True,Ati Behl,No remarks
INSP02736,2025-11-09,SCH0228,True,True,True,False,False,Avni Grewal,
INSP00640,2025-10-17,SCH0424,True,True,True,True,False,Qabil Balasubramanian,Good condition
INSP02921,2025-10-26,SCH0287,True,False,,False,,Gopal Sibal,Average
INSP01219,2025-11-01,SCH0302,True,True,True,True,False,Sachi Raju,Toilets locked
INSP01159,2026-02-16,SCH0338,True,,True,False,True,Naveen Sabharwal,Average
INSP01416,2025-05-01,SCH0252,True,True,True,True,False,,No remarks
INSP02853,2025-06-13,SCH0544,True,True,True,True,True,Zehaan More,Toilets locked
INSP01528,2025-11-22,SCH0047,False,True,True,True,True,Megha Saini,
INSP01301,2025-09-24,SCH0118,True,True,True,True,True,,Needs repair
INSP01604,2025-08-12,SCH0477,True,True,False,True,False,Ikbal Guha,Toilets locked
INSP00161,2026-03-14,SCH0060,False,False,True,True,True,Advaith Kapur,Toilets locked
INSP01705,2025-04-06,SCH0380,True,True,False,False,True,,
INSP00957,2025-08-27,SCH0319,False,True,True,True,True,Isha Patel,Needs repair
INSP00878,2025-07-20,SCH0534,True,True,False,True,False,Bhavani Sodhi,
INSP01920,2025-04-04,SCH0293,True,True,True,True,False,Veda Singh,Average
INSP01885,2026-03-12,SCH0199,False,True,True,,False,Om Dewan,Toilets locked
INSP02201,2025-08-24,SCH0059,True,True,True,False,False,Frederick Kohli,
INSP00099,2026-06-03,SCH0123,True,True,True,True,False,Chandran Savant,Average
INSP02970,2025-10-23,SCH0522,True,True,True,False,False,Amruta Hari,Good condition
INSP02558,2025-10-21,SCH0111,False,True,False,True,False,,Toilets locked
INSP00254,2025-09-02,SCH0406,True,True,True,True,False,Jonathan Pillai,No remarks
INSP00104,2025-07-17,SCH0205,True,True,True,,True,Advaith Bhavsar,
INSP01446,2026-03-25,SCH0539,True,True,True,True,,Harsh Mall,Good condition
INSP01444,2025-04-22,SCH0521,True,True,True,False,False,Nakul Saxena,No remarks
INSP01649,2025-11-14,SCH0082,True,True,True,False,False,Anya Sankaran,Toilets locked
INSP00587,2025-05-05,SCH0268,True,True,True,True,False,Jagat Patla,Good condition
INSP00628,2025-06-30,SCH0081,True,True,True,True,False,,Average
INSP01697,2025-07-27,SCH0449,True,True,False,True,True,Ansh Rout,No remarks
INSP02102,2026-03-03,SCH0422,True,True,True,False,False,Amruta Patel,Needs repair
INSP02200,2025-10-28,SCH0476,True,,True,True,True,Nidra Radhakrishnan,Average
INSP00404,2025-07-22,SCH0015,True,True,True,False,True,Rayaan Gill,Good condition
INSP01155,2025-03-10,SCH0458,True,True,False,False,False,Aashi Bajaj,No remarks
INSP02256,2025-05-23,SCH0597,True,,True,False,True,,
INSP02864,2025-10-11,SCH0473,True,True,True,False,False,Zehaan Krishnan,Toilets locked
INSP01683,2026-02-20,SCH0152,False,True,False,True,True,Daniel Balay,Average
INSP02057,2025-11-29,SCH0369,True,True,True,True,False,Baljiwan Saxena,Good condition
INSP00453,2025-10-07,SCH0026,,True,True,True,False,Bishakha Nagar,No remarks
INSP02302,2026-02-15,SCH0536,True,False,True,True,True,Amara Mahal,No remarks
INSP01328,2025-04-18,SCH0081,True,,True,False,False,Dayita Menon,Toilets locked
INSP02050,2026-01-07,SCH0280,True,True,True,True,False,Aashi Prashad,Toilets locked
INSP00881,2025-05-17,SCH0184,True,True,False,True,False,Nandini Tella,Average
INSP00624,2025-09-01,SCH0256,False,False,,False,True,Darsh Datta,Average
INSP02394,2025-08-27,SCH0377,True,True,False,False,False,Laban Luthra,No remarks
INSP02914,2025-09-07,SCH0543,True,True,True,True,True,Unni Varma,Needs repair
INSP01788,2025-11-12,SCH0495,False,True,True,True,True,Kai Sankar,No remarks
INSP00263,2025-10-18,SCH0444,False,True,True,False,False,Keya Randhawa,Needs repair
INSP01635,2025-12-15,SCH0393,True,False,,True,False,Vasudha Venkatesh,Average
INSP01439,2025-11-29,SCH0577,True,True,True,True,True,Ekiya Nayak,
INSP02199,2025-08-13,SCH0383,True,True,True,True,True,Orinder Dutta,Average
INSP01970,2025-08-08,SCH0164,,True,True,False,False,Pavani Gola,Average
INSP02521,2025-09-12,SCH0443,True,True,True,False,True,,Good condition
INSP01803,2026-02-22,SCH0314,True,True,True,True,True,Triveni Goel,Needs repair
INSP00641,2025-04-07,SCH0079,True,True,True,,True,Devika Kumar,No remarks
INSP02386,2025-12-31,SCH0357,True,False,True,True,False,,
INSP02599,2026-02-20,SCH0191,,True,,True,False,,
INSP02973,2026-03-03,SCH0028,True,True,True,True,False,Faqid Parmer,Needs repair
INSP01960,2026-02-28,SCH0240,True,False,True,False,True,,Good condition
INSP00489,2026-02-19,SCH0195,True,True,True,True,False,Kavya Gade,Good condition
INSP01844,2025-12-21,SCH0048,True,,True,,True,Harinakshi Gole,Average
INSP01735,2025-06-19,SCH0107,True,True,True,True,True,Eshana Bhatia,Needs repair
INSP00147,2025-07-09,SCH0201,True,True,True,True,True,Tejas Hora,Average
INSP01535,2025-06-09,SCH0247,True,True,True,False,,Yutika Dugal,Toilets locked
INSP01987,2025-12-05,SCH0274,True,True,True,False,False,Jai Sarkar,Needs repair
INSP01370,2026-01-31,SCH0165,False,False,True,True,True,Manan Ravel,No remarks
INSP02451,2025-11-07,SCH0371,True,False,False,False,False,Maanas Patla,
INSP02812,2025-11-14,SCH0371,False,,True,False,True,,
INSP00660,2025-09-01,SCH0055,True,False,False,True,False,Ranbir Mitra,No remarks
INSP01795,2025-04-23,SCH0197,True,True,False,True,True,Jacob Gaba,Good condition
INSP02512,2025-04-03,SCH0096,False,True,False,True,True,,Average
INSP00187,2025-10-22,SCH0527,True,True,True,True,True,Ganga Murty,No remarks
INSP01148,2025-09-06,SCH0363,True,True,True,True,True,Darika Sarna,Good condition
INSP00609,2025-05-12,SCH0593,False,True,True,True,True,Falak Kamdar,
INSP02192,2026-02-27,SCH0231,True,True,True,False,False,,No remarks
INSP02800,2025-05-20,SCH0019,True,True,True,False,True,Rajata Salvi,Good condition
INSP01931,2025-07-23,SCH0045,,True,True,True,False,Veer Naik,
INSP00198,2025-12-27,SCH0403,True,False,True,True,True,Gaurika Kaur,Needs repair
INSP02328,2026-03-27,SCH0161,True,True,True,True,True,Charvi Parmer,Needs repair
INSP00294,2026-03-18,SCH0064,True,False,True,,False,Michael Badami,
INSP00767,2025-08-23,SCH0248,True,True,True,True,False,Devansh Ganesh,Average
INSP00401,2025-07-14,SCH0040,True,True,False,True,True,Gunbir Sekhon,Average
INSP00123,2025-11-09,SCH0312,True,True,True,,False,Pahal Parmar,
INSP00203,2025-07-18,SCH0274,False,True,True,False,False,Aadhya Sarna,Good condition
INSP00836,2026-02-13,SCH0504,True,True,True,True,False,Brinda Joshi,Good condition
INSP02295,2025-09-05,SCH0446,False,True,True,,False,Yochana Mahal,
INSP01440,2025-12-11,SCH0352,False,True,True,True,True,Damini Comar,Good condition
INSP01734,2025-06-27,SCH0372,True,False,True,True,True,Christopher Sharaf,
INSP01696,2025-10-11,SCH0578,True,,False,True,,Pavani Vyas,Toilets locked
INSP01708,2025-04-16,SCH0037,True,False,False,False,True,Amol Keer,Average
INSP01154,2025-12-09,SCH0503,False,True,True,True,False,Vincent Modi,Toilets locked
INSP01662,2025-09-13,SCH0219,False,False,True,True,True,Upma Mammen,Good condition
INSP02433,2025-08-15,SCH0237,False,True,True,True,True,Harini Dhar,No remarks
INSP01760,2025-09-02,SCH0413,True,True,True,True,False,Chaaya Garg,Average
INSP00855,2026-01-26,SCH0431,True,True,True,True,True,Sanya Ganesan,Average
INSP01590,2025-12-23,SCH0340,True,True,True,True,True,Hardik Mistry,Good condition
INSP02268,2025-11-09,SCH0542,True,True,True,False,False,Nitesh Bhavsar,No remarks
INSP00642,2025-11-07,SCH0387,True,True,True,True,True,Kamya Sahota,Average
INSP00002,2026-02-26,SCH0529,True,True,False,False,True,Charita Rout,Toilets locked
INSP02161,2025-04-21,SCH0299,True,False,False,True,False,Isha Rattan,Good condition
INSP00699,2025-07-09,SCH0148,True,True,True,True,True,Mitali Kakar,Average
INSP01637,2025-07-04,SCH0445,True,True,False,,False,Chandani Bedi,
INSP01292,2026-03-14,SCH0203,,False,True,True,False,Xavier Banerjee,Toilets locked
INSP02999,2025-12-07,SCH0514,False,True,False,True,False,Harita Deep,Needs repair
INSP02490,2025-06-10,SCH0527,True,True,False,True,False,Yatin Nayak,
INSP01521,2025-07-02,SCH0515,False,True,False,False,False,Dalaja Comar,Needs repair
INSP01854,2026-01-31,SCH0201,True,True,False,True,True,Yasti Savant,Toilets locked
INSP01137,2025-11-05,SCH0358,True,True,True,True,True,,Toilets locked
INSP01632,2025-07-31,SCH0269,False,True,True,False,False,Baghyawati Dash,
INSP01999,2025-10-11,SCH0558,True,True,False,True,False,Oscar Bir,Needs repair
INSP00664,2025-10-09,SCH0235,True,False,True,True,False,,
INSP00684,2025-08-24,SCH0586,True,True,True,True,True,Edhitha Palla,Average
INSP01258,2025-05-05,SCH0388,True,True,True,False,True,Chandani Comar,
INSP00318,2025-08-21,SCH0387,True,True,True,True,False,Triveni Walla,Needs repair
INSP00649,2025-10-12,SCH0223,True,True,True,True,,Kamala Parikh,Needs repair
INSP01435,2025-05-05,SCH0545,True,True,True,True,False,Harish Shroff,Average
INSP01480,2025-10-16,SCH0004,False,True,True,True,True,Meghana Sahota,
INSP00710,2025-12-13,SCH0336,True,True,True,True,True,Chanakya Nayak,Good condition
INSP01283,2025-07-12,SCH0021,False,True,False,True,False,,Good condition
INSP01769,2025-07-13,SCH0186,True,True,True,False,False,Yauvani Gulati,Needs repair
INSP00973,2026-03-22,SCH0534,False,True,True,True,True,Dipta Lad,Toilets locked
INSP02676,2025-11-05,SCH0385,True,False,False,,,Thomas Munshi,Good condition
INSP02681,2025-10-19,SCH0557,True,True,True,True,,Qasim Dugar,Good condition
INSP01307,2025-10-12,SCH0534,False,True,False,True,,Gauri Chaudhari,Toilets locked
INSP01401,2025-06-18,SCH0519,True,False,True,False,True,Liam Sandhu,Average
INSP01409,2025-08-07,SCH0110,True,True,True,True,True,Pahal Pillay,Average
INSP02238,2025-12-07,SCH0140,True,True,True,True,False,Kamya Tripathi,Toilets locked
INSP01497,2025-07-31,SCH0535,False,,True,False,True,Chaaya Lalla,Average
INSP02039,2025-12-27,SCH0024,True,True,False,True,True,Luke Mann,Good condition
INSP01530,2025-06-05,SCH0182,False,True,False,True,True,Janya Swaminathan,No remarks
INSP01664,2025-11-30,SCH0076,False,True,True,False,True,,Good condition
INSP01355,2026-02-28,SCH0254,,True,False,True,,Abhimanyu Gera,Good condition
INSP01644,2026-01-08,SCH0229,True,True,True,True,False,Ekapad Butala,Average
INSP01052,2025-08-02,SCH0263,True,True,True,False,,Avi Borra,Good condition
INSP00796,2026-03-25,SCH0552,True,True,True,,True,Harita Prabhu,Good condition
INSP02694,2026-02-19,SCH0590,True,False,True,True,False,,Needs repair
INSP01598,2025-05-01,SCH0028,True,True,,True,True,Tanveer Doctor,Good condition
INSP02605,2025-08-31,SCH0052,False,True,False,True,False,Zashil Khurana,Toilets locked
INSP02730,2026-03-17,SCH0524,False,True,False,True,False,Ishanvi Gokhale,No remarks
INSP02626,2025-06-18,SCH0050,True,True,False,False,False,,
INSP01820,2025-07-01,SCH0195,True,False,False,False,False,Ekiya Golla,Good condition
INSP01723,2026-02-02,SCH0304,False,True,False,False,False,Advika Babu,
INSP01184,2025-08-04,SCH0073,True,True,True,True,True,Aarnav Karan,No remarks
INSP02573,2025-10-15,SCH0264,True,True,True,True,False,Netra Mahal,Average
INSP01060,2026-02-15,SCH0598,True,True,False,True,True,Urvashi Mitter,Average
INSP00541,2025-07-25,SCH0485,True,True,True,True,True,Vasana Hegde,
INSP01679,2025-08-10,SCH0325,True,False,True,True,False,Mitali Deshmukh,Toilets locked
INSP02797,2025-06-13,SCH0594,True,True,True,,,Vinaya Oommen,No remarks
INSP02533,2025-12-28,SCH0182,True,True,True,True,True,Ekanta Bhandari,No remarks
INSP01758,2025-07-27,SCH0427,True,True,True,True,True,Anjali Sani,
INSP01924,2025-10-12,SCH0438,True,True,True,True,False,Rayaan Lala,No remarks
INSP00096,2025-06-13,SCH0244,True,True,True,False,False,Vrinda Karnik,
INSP01021,2025-06-01,SCH0103,True,True,True,False,True,Yoshita Borah,
INSP00564,2026-03-12,SCH0182,False,True,False,,False,Jonathan Kanda,Toilets locked
INSP02791,2025-07-02,SCH0056,True,,,False,True,Max Agate,Average
INSP00864,2025-05-26,SCH0212,True,True,False,True,False,Zashil Srivastava,
INSP01485,2025-07-09,SCH0107,True,True,False,True,False,,No remarks
INSP02940,2025-08-02,SCH0356,False,False,True,True,True,Falguni Ganesan,No remarks
INSP01882,2026-03-23,SCH0223,,True,False,True,False,Chatresh Muni,Toilets locked
INSP01039,2026-01-26,SCH0254,True,False,True,True,False,,Toilets locked
INSP00207,2025-06-10,SCH0297,True,True,True,True,True,Qadim Taneja,No remarks
INSP00393,2025-12-30,SCH0098,True,,True,True,,Abdul Mitter,Needs repair
INSP02843,2025-04-21,SCH0269,False,True,True,True,True,Chaaya Pall,
INSP00871,2025-10-26,SCH0510,True,False,,False,False,Upadhriti Dhar,Average
INSP00398,2025-11-14,SCH0292,True,False,True,False,True,Ekansh Magar,
INSP02815,2025-05-15,SCH0173,False,False,True,False,True,Azaan Pingle,Toilets locked
INSP01029,2025-10-05,SCH0282,True,False,False,True,True,Mitali Sane,Needs repair
INSP02691,2026-01-16,SCH0084,True,True,True,True,True,Krishna Mukhopadhyay,
INSP01486,2026-01-19,SCH0210,True,False,True,,True,Caleb Sha,Needs repair
INSP02661,2025-09-06,SCH0555,True,True,True,False,True,Netra Tiwari,Needs repair
INSP00961,2025-04-23,SCH0355,True,True,True,False,False,Aadi Kuruvilla,Toilets locked
INSP01571,2026-02-15,SCH0236,True,True,True,False,False,Damini Iyengar,Needs repair
INSP02774,2026-02-03,SCH0534,True,False,False,True,True,,Good condition
INSP01896,2025-07-22,SCH0507,True,True,True,False,True,Naveen Narain,Needs repair
INSP02732,2026-03-17,SCH0156,False,False,True,True,True,Dayamai Goyal,Good condition
INSP02147,2025-11-05,SCH0367,True,True,True,True,False,Ayushman Dixit,No remarks
INSP00805,2025-11-25,SCH0174,False,True,True,True,True,,Needs repair
INSP01752,2026-01-31,SCH0229,,True,,True,False,Abha Thakur,
INSP02455,2025-10-27,SCH0439,True,True,True,True,False,,Needs repair
INSP00503,2026-03-21,SCH0389,False,True,True,False,False,Krishna Dave,Toilets locked
INSP02978,2026-01-29,SCH0039,,True,True,False,False,Kamya Goswami,Needs repair
INSP00780,2025-06-06,SCH0295,True,False,True,,True,Balveer Sani,Toilets locked
INSP01864,2025-05-16,SCH0221,False,True,True,False,False,Aditya Ganguly,
INSP00201,2025-05-17,SCH0024,True,True,True,False,False,,Good condition
INSP02183,2025-05-20,SCH0267,True,True,,True,True,Niharika De,Average
INSP02089,2026-02-19,SCH0557,,True,False,False,False,Eesha Minhas,
INSP02279,2025-07-18,SCH0443,True,True,True,True,,Jonathan Bava,No remarks
INSP01797,2025-08-19,SCH0267,True,True,True,,True,Anthony Mani,Good condition
INSP00379,2025-09-17,SCH0024,True,False,True,,False,Aarini Nagy,Good condition
INSP02337,2025-08-01,SCH0355,True,,True,False,True,Chatresh Datta,
INSP00419,2025-07-07,SCH0522,True,True,False,True,True,Tanveer Vala,Good condition
INSP01699,2025-07-28,SCH0012,False,True,False,True,False,,
INSP00392,2025-09-25,SCH0403,True,True,True,,True,Orinder Nanda,Needs repair
INSP02641,2026-03-07,SCH0233,False,True,False,False,True,Baghyawati Johal,Toilets locked
INSP01523,2025-06-10,SCH0463,False,True,False,True,False,Frado Chandran,Needs repair
INSP01163,2025-10-12,SCH0377,True,True,True,False,False,Xiti Chandra,Needs repair
INSP01496,2025-04-20,SCH0300,True,True,True,False,False,Umang Raman,
INSP02696,2025-11-14,SCH0159,True,True,True,False,False,Saumya Buch,Average
INSP02028,2025-09-03,SCH0104,True,True,True,True,True,Falak Patil,
INSP01153,2025-10-21,SCH0049,True,True,True,True,True,Bimala Hayer,Average
INSP01368,2025-12-05,SCH0132,True,False,True,False,False,Radha Tara,Good condition
INSP02569,2026-03-25,SCH0148,False,False,True,False,True,Warinder Chatterjee,
INSP00065,2025-11-26,SCH0368,True,True,True,True,False,Aarna Kala,
INSP02063,2026-02-06,SCH0136,False,True,True,True,True,Brijesh Sule,Needs repair
INSP01181,2025-09-26,SCH0285,False,True,False,False,False,Waida Shan,Toilets locked
INSP00493,2026-03-05,SCH0472,True,True,False,True,,Daksh Thaker,Needs repair
INSP00380,2026-01-22,SCH0578,True,True,True,True,True,,Toilets locked
INSP02236,2026-01-21,SCH0526,True,True,True,False,False,Damyanti Pant,
INSP00764,2025-09-04,SCH0222,False,True,True,True,True,Girik Sethi,
INSP02265,2026-02-06,SCH0420,True,True,True,True,True,Mekhala Pingle,
INSP00792,2025-12-22,SCH0419,True,True,True,True,True,Girish Barad,Average
INSP01077,2026-02-13,SCH0302,True,True,True,True,True,Jatin Sarma,Toilets locked
INSP00879,2025-11-11,SCH0588,True,True,True,False,False,Yashodhara Chaudhuri,Good condition
INSP00338,2026-03-13,SCH0512,True,False,True,True,True,Hredhaan Bumb,Good condition
INSP02768,2026-01-12,SCH0095,True,True,True,True,False,Alka Srinivasan,No remarks
INSP02344,2026-01-03,SCH0343,True,True,True,True,False,Nathaniel Kata,Toilets locked
INSP01017,2025-06-04,SCH0331,False,False,True,True,False,Kala Wason,Good condition
INSP01276,2025-06-14,SCH0343,True,True,False,False,False,,Good condition
INSP00456,2025-10-04,SCH0302,True,True,True,True,True,Aahana Contractor,Good condition
INSP00816,2025-06-25,SCH0492,True,True,True,False,False,Amol Brahmbhatt,Average
INSP02318,2026-08-03,SCH0523,True,True,,True,False,Brijesh Pai,Average
INSP00996,2025-06-23,SCH0389,False,True,False,False,True,Sathvik Pillai,Needs repair
INSP01982,2025-08-24,SCH0100,True,True,True,False,True,Avi Ratta,No remarks
INSP00202,2025-05-27,SCH0045,False,True,True,False,True,Upadhriti Bandi,Average
INSP00162,2025-07-11,SCH0395,True,True,False,True,False,Anmol Nagy,
INSP01580,2025-11-04,SCH0043,True,True,False,False,False,,Needs repair
INSP02778,2025-12-05,SCH0574,True,True,True,True,False,Adweta Deep,Toilets locked
INSP02450,2025-10-16,SCH0375,True,True,True,True,False,,
INSP00703,2025-08-31,SCH0463,True,True,True,True,False,Indali Mann,Good condition
INSP01501,2025-05-02,SCH0596,True,True,True,False,True,Ekaja Chhabra,No remarks
INSP01130,2025-12-28,SCH0411,False,True,True,False,False,Omkaar Bora,Toilets locked
INSP02614,2025-08-07,SCH0263,True,True,,True,True,Charles Barad,
INSP01022,2026-01-04,SCH0261,True,False,True,True,False,Yashawini Mani,Needs repair
INSP01586,2025-04-05,SCH0182,False,True,True,True,False,Rudra Puri,Toilets locked
INSP01956,2025-07-15,SCH0409,False,True,True,True,False,Warhi Prasad,Good condition
INSP02254,2025-12-31,SCH0528,True,True,False,True,False,Triya Oommen,Average
INSP00035,2025-08-28,SCH0336,True,True,True,True,False,Warhi Gulati,Toilets locked
INSP00776,2025-07-04,SCH0091,False,False,True,True,True,Jatin Ahluwalia,No remarks
INSP02557,2026-02-06,SCH0078,False,True,False,False,True,Laksh Khatri,Needs repair
INSP01479,2025-12-01,SCH0245,False,True,True,True,True,Ekalinga Banerjee,Good condition
INSP01391,2025-06-03,SCH0083,False,True,False,False,True,Riya Pandey,Average
INSP02140,2025-05-15,SCH0450,True,True,False,True,True,David Bhardwaj,Good condition
INSP01364,2025-08-02,SCH0391,True,True,True,True,True,Kalpit Dixit,Needs repair
INSP02946,2026-02-16,SCH0479,True,True,False,False,True,Ethan Balay,No remarks
INSP02613,2025-04-22,SCH0288,,False,True,False,False,,No remarks
INSP02825,2025-05-18,SCH0563,True,True,True,False,False,Vidhi Borah,
INSP02042,2025-08-23,SCH0255,False,False,True,True,True,Omya Kurian,Toilets locked
INSP00242,2025-05-23,SCH0160,True,True,,True,True,Samaksh Kaul,Needs repair
INSP02062,2026-01-08,SCH0366,True,True,,True,True,Panini Mukhopadhyay,
INSP02364,2025-07-31,SCH0288,True,True,,,True,Saumya Dyal,No remarks
INSP00601,2025-09-27,SCH0260,True,True,False,False,False,Dominic Sehgal,Needs repair
INSP02436,2025-11-11,SCH0229,True,False,False,True,False,Indira Ganesan,
INSP01298,2025-11-07,SCH0410,False,False,True,,True,Mitesh Gokhale,Toilets locked
INSP02215,2026-03-01,SCH0108,False,True,True,False,True,Vrinda Srinivasan,Toilets locked
INSP02889,2025-11-06,SCH0258,False,True,True,True,,Viraj Dua,Average
INSP02069,2026-03-27,SCH0164,,True,True,False,True,,No remarks
INSP00647,2025-10-06,SCH0385,True,True,False,False,False,Akshay Saha,Average
INSP01529,2025-11-20,SCH0412,False,True,True,True,False,Nikita Pandya,
INSP02880,2025-07-23,SCH0151,True,True,True,False,False,Anmol Saxena,Toilets locked
INSP01268,2025-05-31,SCH0550,True,True,False,True,True,Oni Jaggi,Average
INSP01900,2025-08-10,SCH0293,,False,True,True,False,Priya Sankar,Good condition
INSP00563,2025-08-30,SCH0221,False,False,True,False,False,Lohit Uppal,Good condition
INSP02735,2026-02-09,SCH0373,True,False,True,True,False,Hardik Ray,
INSP00190,2025-12-17,SCH0053,True,False,True,False,False,Rayaan Hayer,Average
INSP01807,2026-03-10,SCH0300,True,True,True,True,False,Jhalak Gopal,Needs repair
INSP00976,2025-04-02,SCH0068,True,True,True,True,False,Umang Dora,Needs repair
INSP02748,2025-04-09,SCH0562,True,True,True,False,True,Bhavika Balakrishnan,Needs repair
INSP02048,2026-03-03,SCH0142,True,True,,True,True,Dhruv Shanker,No remarks
INSP02559,2026-02-23,SCH0007,False,True,True,True,True,Patrick Tak,No remarks
INSP01083,2025-12-16,SCH0139,True,True,False,,False,Inaya Reddy,Toilets locked
INSP00475,2025-05-01,SCH0196,False,True,True,False,False,Yoshita Parmer,Average
INSP02905,2025-11-10,SCH0086,True,True,True,True,False,Avi Keer,No remarks
INSP00748,2025-04-16,SCH0141,True,True,True,False,True,,Needs repair
INSP02301,2025-08-20,SCH0509,False,True,True,True,True,,Good condition
INSP00022,2026-02-20,SCH0268,True,True,True,True,False,Aarini Baral,Good condition
INSP00460,2025-06-15,SCH0398,True,True,True,False,False,Charita Agate,
INSP01185,2026-02-26,SCH0279,,True,True,,False,Ekta Kamdar,Average
INSP02325,2025-01-09,SCH0008,True,True,False,True,False,Qushi Loyal,Average
INSP00956,2025-06-03,SCH0367,False,True,True,False,False,Gauri Bali,Toilets locked
INSP01216,2025-08-13,SCH0040,False,True,True,True,True,Kalpit Varkey,Needs repair
INSP02434,2025-10-05,SCH0105,False,True,True,False,False,Pahal Shukla,Toilets locked
INSP02854,2025-09-09,SCH0217,True,True,True,False,True,Tejas Aurora,Needs repair
INSP01516,2025-05-27,SCH0504,False,True,True,True,True,Dhruv Chander,Toilets locked
INSP02392,2026-01-07,SCH0224,True,True,True,False,True,Gayathri Panchal,Average
INSP00770,2025-05-12,SCH0349,,,True,False,False,Unnati Ram,Toilets locked
INSP01686,2025-08-24,SCH0452,True,True,True,True,False,,Average
INSP00131,2025-08-12,SCH0169,True,True,True,True,False,Kala Dubey,Average
INSP02920,2026-01-31,SCH0315,True,True,True,False,True,Lakshmi Mangal,Toilets locked
INSP02136,2026-01-22,SCH0114,False,True,True,True,True,Chaitaly Bhasin,
INSP01483,2025-07-24,SCH0354,True,True,True,True,True,Yashoda Sehgal,Good condition
INSP00331,2025-12-04,SCH0420,True,True,True,True,True,Balhaar Chatterjee,Average
INSP01239,2025-07-22,SCH0174,True,,True,True,False,Qarin Mukhopadhyay,Needs repair
INSP00467,2025-05-05,SCH0438,True,True,True,True,True,Leela Bumb,Average
INSP02170,2025-05-16,SCH0490,True,True,True,True,False,Akshay Muni,
INSP01639,2025-09-09,SCH0305,True,True,True,True,False,,
INSP01096,2025-07-10,SCH0435,,True,True,True,False,Caleb Bhakta,
INSP01131,2025-08-09,SCH0035,True,False,True,True,True,Chanchal Modi,Good condition
INSP01295,2025-09-29,SCH0549,False,True,,True,True,Gaurang Raman,Good condition
INSP00861,2025-01-11,SCH0301,True,True,,True,False,,No remarks
