procurement_id,date,school_id,vendor_name,grain_type,quantity,unit,total_cost,payment_status
MDM008522,2026-01-14,SCH0249,Singh Brothers,Wheat,,,336,Pending
MDM010158,2025-08-10,SCH0140,Kumar General Store,Wheat,40.7,KG,1221,Cleared
MDM007882,2025-11-03,SCH0514,Kumar General Store,oil,54.2,KG,6504,Paid
MDM004875,2026-03-19,SCH0445,Sharma Traders Pvt Ltd,Rice,0.8,BAG_50KG,1600,Due
MDM011422,2025-08-16,SCH0172,Kumar Supplies,Rice,,,2104,Paid
MDM007746,2025-04-10,SCH0357,Kumar Supplies,Rice,,,596,Paid
MDM003693,2025-08-05,SCH0267,Sharma Traders Pvt Ltd,Dal,,,2826,
MDM001497,2025-12-09,SCH0210,Singh Agro,Rice,16100.0,G,644,Due
MDM001214,2025-06-25,SCH0301,Singh Agro,Dal,,,1278,Pending
MDM005465,2025-06-14,SCH0233,Singh Agro,Wheat,57.0,KG,1710,
MDM011101,2025-10-10,SCH0283,Sharma & Sons,Atta,28.5,KG,855,Pending
MDM011169,2026-02-11,SCH0113,S. Agro Works,Rice,,,1320,Due
MDM004084,2025-06-04,SCH0037,Singh Brothers,Wheat,39.6,KG,1188,Cleared
MDM008099,2025-08-27,SCH0340,Sharma Traders Pvt Ltd,Wheat,21.5,KG,645,Cleared
MDM009206,2025-08-27,SCH0366,Goyal Rice Mill,Dal,0.5539999999999999,BORI,2493,Paid
MDM002217,2025-10-01,SCH0462,Singh Agro,Rice,,,1800,Cleared
MDM001670,2026-03-23,SCH0228,Goyal Mill,Mustard Oil,37.0,KG,4440,Paid
MDM000813,2025-11-25,SCH0492,Sharma Traders,Wheat,0.8959999999999999,SACK,1344,Paid
MDM011888,2026-02-06,SCH0321,Sharma & Sons,Cooking Oil,41900.0,G,,Due
MDM008145,2025-10-03,SCH0462,Goyal Rice Mill,Mustard Oil,16.3,KG,,Pending
MDM002981,2025-12-16,SCH0183,Singh Brothers,Dal,,,3159,Pending
MDM005964,2026-02-16,SCH0424,S. Agro Works,Wheat,52.5,KG,1575,Pending
MDM007657,2025-10-07,SCH0117,S. Agro Works,oil,,,5592,Pending
MDM006963,2025-04-29,SCH0061,Kumar & Co.,oil,0.7120000000000001,BAG,4272,Paid
MDM000742,2026-03-20,SCH0076,S. Agro Works,Dal,34.2,KG,3078,
MDM005298,2026-03-20,SCH0378,Kumar Supplies,oil,41000.0,G,4920,Pending
MDM011357,2026-02-06,SCH0105,Kumar & Co.,Cooking Oil,,,6264,
MDM004065,2025-07-30,SCH0421,Kumar Supplies,Dal,47.9,KG,4311,Pending
MDM010975,2025-04-19,SCH0329,S. Agro Works,Mustard Oil,16600.0,G,1992,Cleared
MDM002616,2026-02-10,SCH0295,Singh Brothers,Dal,17400.0,G,1566,Paid
MDM009238,2026-02-09,SCH0053,Sharma & Sons,Rice,,,1244,Paid
MDM003882,2025-04-25,SCH0426,Goyal Rice Mill,Wheat,28000.0,G,840,Paid
MDM005266,2025-04-04,SCH0494,Kumar General Store,Cooking Oil,48.1,KG,5772,
MDM008835,2026-01-21,SCH0113,Sharma Traders,Rice,,,2360,Pending
MDM011468,2026-03-24,SCH0094,Sharma Traders Pvt Ltd,Dal,0.51,SACK,2295,Due
MDM006795,2026-03-20,SCH0445,S. Agro Works,Rice,0.484,SACK,968,Pending
MDM000829,2025-05-22,SCH0445,Kumar Supplies,Rice,42.2,KG,1688,Paid
MDM009677,2026-01-25,SCH0201,Singh Brothers,Mustard Oil,,,5808,
MDM004339,2025-05-11,SCH0340,Goyal Enterprises,oil,0.328,BAG,1967,Paid
MDM007788,2025-05-06,SCH0018,Singh Agro,oil,1.062,SACK,6372,Pending
MDM008820,2026-01-26,SCH0419,Goyal Enterprises,Wheat,,,474,Due
MDM001458,2025-12-29,SCH0216,Sharma & Sons,Wheat,59.6,KG,1788,
MDM002665,2025-10-12,SCH0245,Kumar Supplies,Mustard Oil,0.382,BAG,2292,
MDM005509,2025-08-03,SCH0023,Kumar Supplies,Dal,,,4608,Pending
MDM000750,2025-11-26,SCH0306,Kumar Supplies,Dal,,,3402,Paid
MDM006299,2025-11-25,SCH0566,Goyal Mill,Dal,40.0,KG,3600,Due
MDM006692,2025-07-16,SCH0476,Singh Agro,oil,49600.0,G,5952,
MDM008599,2025-06-29,SCH0259,S. Agro Works,Dal,35100.0,G,3159,Pending
MDM009422,2026-03-12,SCH0187,Goyal Enterprises,Dal,,,4257,Paid
MDM004886,2025-07-29,SCH0558,Singh Brothers,Wheat,,,1329,Due
MDM011213,2026-03-19,SCH0058,Singh Brothers,Wheat,,,1671,Pending
MDM004194,2025-11-29,SCH0292,Goyal Enterprises,Cooking Oil,,,2736,Pending
MDM008415,2026-02-09,SCH0511,Kumar & Co.,Cooking Oil,39200.0,G,4704,Due
MDM009246,2025-06-11,SCH0342,Sharma Traders Pvt Ltd,Rice,,,820,Paid
MDM007888,2025-10-18,SCH0098,Singh Brothers,Wheat,57.9,KG,1737,Paid
MDM009609,2025-04-16,SCH0303,Goyal Mill,Mustard Oil,,,2676,Pending
MDM010676,2026-03-30,SCH0496,Kumar General Store,Dal,0.274,BORI,1233,Due
MDM011630,2025-10-04,SCH0151,Sharma Traders Pvt Ltd,Cooking Oil,36.8,KG,4416,Pending
MDM005338,2026-02-25,SCH0547,Singh Agro,Wheat,,,,
MDM007986,2025-08-26,SCH0040,Kumar Supplies,Wheat,,,1731,
MDM000294,2026-01-12,SCH0358,Kumar & Co.,Rice,37.7,KG,1508,Paid
MDM011862,2025-04-13,SCH0143,Singh Brothers,Mustard Oil,,,6828,Pending
MDM004314,2025-06-01,SCH0552,Sharma Traders,Dal,,,4941,Paid
MDM010212,2025-11-29,SCH0356,S. Agro Works,Cooking Oil,0.226,BAG,1356,Pending
MDM004868,2026-01-13,SCH0146,Goyal Rice Mill,Wheat,17400.0,G,522,Paid
MDM000312,2026-02-18,SCH0186,S. Agro Works,Dal,,,5004,Paid
MDM003317,2026-01-05,SCH0264,Kumar General Store,Wheat,53.2,KG,1596,Paid
MDM003586,2025-04-21,SCH0592,Kumar Supplies,Mustard Oil,31.8,KG,3816,Paid
MDM009379,2025-07-29,SCH0474,Singh Agro,oil,39.5,KG,4740,Paid
MDM000773,2026-02-10,SCH0418,Singh Agro,oil,29.3,KG,3516,Cleared
MDM000928,2026-03-18,SCH0265,Goyal Rice Mill,Rice,24.0,KG,960,Paid
MDM006158,2025-04-05,SCH0306,Sharma Traders,Wheat,55900.0,G,1677,Pending
MDM004954,2025-07-24,SCH0454,Goyal Rice Mill,Atta,1.044,BAG_50KG,1566,
MDM005023,2025-11-29,SCH0445,Kumar & Co.,Mustard Oil,1.134,BAG,6804,Pending
MDM003892,2025-07-19,SCH0076,Sharma Traders Pvt Ltd,Mustard Oil,53.4,KG,,Pending
MDM011857,2025-10-16,SCH0485,Kumar & Co.,Dal,15000.0,G,1350,
MDM011989,2025-11-24,SCH0544,Kumar Supplies,Mustard Oil,36500.0,G,4380,Pending
MDM000305,2025-05-01,SCH0405,Singh Brothers,Rice,,,712,Paid
MDM005759,2025-06-23,SCH0397,Goyal Enterprises,Wheat,,,1116,Cleared
MDM006129,2025-11-24,SCH0561,Kumar General Store,Mustard Oil,,,7164,Cleared
MDM000812,2025-05-06,SCH0589,Singh Brothers,Dal,0.772,BAG_50KG,3474,Paid
MDM004094,2025-10-03,SCH0195,Goyal Mill,Cooking Oil,,,7008,Paid
MDM010724,2025-07-24,SCH0047,S. Agro Works,Dal,0.5,BAG_50KG,2250,Pending
MDM003998,2025-07-25,SCH0210,Singh Agro,Rice,0.318,SACK,636,Cleared
MDM000248,2025-05-03,SCH0032,Kumar & Co.,Dal,32.6,KG,2934,Pending
MDM001618,2026-01-09,SCH0481,Goyal Rice Mill,Atta,0.63,SACK,945,
MDM000201,2025-09-14,SCH0322,Singh Brothers,Wheat,,,1179,Cleared
MDM004908,2025-05-26,SCH0058,Goyal Enterprises,Rice,23.1,KG,924,Paid
MDM010408,2026-02-20,SCH0167,Goyal Rice Mill,Dal,56500.0,G,5085,Pending
MDM010543,2026-01-24,SCH0383,Kumar Supplies,Atta,,,1179,
MDM004672,2025-05-15,SCH0376,Kumar Supplies,Rice,24.0,KG,960,Pending
MDM003488,2026-02-23,SCH0125,Singh Brothers,Mustard Oil,,,6312,Due
MDM011677,2025-04-13,SCH0387,Singh Brothers,Dal,,,4779,Paid
MDM009892,2026-03-22,SCH0074,Singh Agro,Cooking Oil,,,6732,
MDM009298,2025-05-16,SCH0220,Sharma Traders,Mustard Oil,51.1,KG,6132,Due
MDM005900,2026-01-31,SCH0514,Kumar General Store,Rice,56.5,KG,,Due
MDM003618,2025-11-18,SCH0304,Goyal Mill,Dal,18.4,KG,1656,Paid
MDM003932,2026-03-12,SCH0149,Kumar & Co.,Dal,47700.0,G,4293,Paid
MDM009319,2025-11-22,SCH0253,Kumar General Store,Dal,,,1233,Paid
MDM003026,2026-01-16,SCH0271,Sharma Traders,Wheat,,,681,Paid
MDM004411,2026-03-26,SCH0567,Kumar Supplies,Dal,0.634,SACK,2853,Paid
MDM001189,2025-04-13,SCH0514,Sharma & Sons,Mustard Oil,18.2,KG,2184,Pending
MDM008016,2025-10-10,SCH0419,Kumar & Co.,Dal,45700.0,G,4113,
MDM004442,2025-11-04,SCH0554,Goyal Rice Mill,Mustard Oil,30000.0,G,3600,Due
MDM010944,2025-10-15,SCH0446,Kumar Supplies,oil,12.0,KG,1440,Paid
MDM002755,2025-05-20,SCH0455,Sharma Traders Pvt Ltd,Rice,48.2,KG,1928,
MDM002953,2026-01-22,SCH0467,Goyal Mill,Rice,0.546,SACK,1092,Due
MDM007147,2026-03-06,SCH0001,Kumar General Store,Cooking Oil,,,2352,
MDM009076,2025-08-21,SCH0535,Goyal Mill,Wheat,,,423,Due
MDM008395,2025-05-08,SCH0549,Kumar & Co.,Rice,42800.0,G,1712,Pending
MDM006537,2025-08-28,SCH0348,Singh Brothers,Dal,22500.0,G,2025,Paid
MDM010629,2025-06-14,SCH0167,Sharma & Sons,Atta,,,888,Paid
MDM003873,2025-11-07,SCH0344,Sharma & Sons,Cooking Oil,37300.0,G,,Pending
MDM000519,2025-07-07,SCH0406,Kumar Supplies,Wheat,,,597,Pending
MDM002022,2025-05-21,SCH0454,Singh Brothers,Mustard Oil,23.5,KG,,Due
MDM005166,2025-12-06,SCH0560,Sharma Traders Pvt Ltd,Dal,,,3096,Due
MDM005701,2025-06-10,SCH0591,Kumar General Store,Rice,,,1692,Due
MDM001384,2025-04-11,SCH0282,Singh Brothers,Wheat,37.7,KG,1131,
MDM008377,2026-02-16,SCH0401,Goyal Rice Mill,Rice,29.2,KG,1168,Paid
MDM002302,2025-10-12,SCH0439,Singh Brothers,Rice,,,2104,Cleared
MDM005009,2025-06-21,SCH0522,Sharma Traders Pvt Ltd,Rice,14.0,KG,560,Pending
MDM007771,2025-09-26,SCH0451,Goyal Enterprises,Rice,16.4,KG,656,Paid
MDM001218,2025-05-05,SCH0524,Sharma & Sons,Wheat,32600.0,G,978,Paid
MDM008084,2026-01-10,SCH0551,Goyal Mill,Dal,17.7,KG,1593,Paid
MDM001276,2025-10-28,SCH0068,Goyal Enterprises,Mustard Oil,26.7,KG,3204,
MDM007448,2025-07-15,SCH0497,Singh Agro,Dal,36.3,KG,3267,Paid
MDM004280,2025-10-09,SCH0253,S. Agro Works,Wheat,32.2,KG,966,Pending
MDM000971,2026-03-20,SCH0266,Goyal Mill,Cooking Oil,0.73,BAG,4380,Pending
MDM008150,2025-12-16,SCH0511,Goyal Mill,Dal,56200.0,G,5058,Paid
MDM003838,2026-01-20,SCH0594,Kumar & Co.,Rice,13.7,KG,548,Pending
MDM008405,2026-02-08,SCH0347,Kumar Supplies,Wheat,,,813,
MDM003446,2025-09-26,SCH0090,Kumar General Store,Wheat,41800.0,G,1254,Pending
MDM004771,2025-07-09,SCH0585,Goyal Mill,Wheat,54300.0,G,1629,Cleared
MDM002629,2025-08-24,SCH0300,Sharma Traders,Wheat,0.276,BAG_50KG,414,Pending
MDM005768,2025-11-19,SCH0395,Singh Brothers,Dal,1.084,BAG,4878,Pending
MDM007446,2025-09-10,SCH0198,Goyal Mill,Dal,34500.0,G,3105,Pending
MDM010963,2026-01-16,SCH0294,Goyal Enterprises,Rice,0.33,BAG,660,Pending
MDM007782,2025-07-08,SCH0170,Kumar General Store,Wheat,,,957,Pending
MDM000614,2026-01-22,SCH0291,Kumar General Store,Wheat,,,735,Due
MDM003814,2026-03-19,SCH0337,Kumar & Co.,Rice,,,1272,Paid
MDM005863,2025-08-01,SCH0021,Sharma Traders,Cooking Oil,,,1524,
MDM010837,2026-03-04,SCH0550,Goyal Rice Mill,Dal,1.136,BAG,5112,Paid
MDM010150,2026-02-22,SCH0184,Singh Agro,Rice,14.1,KG,564,
MDM000430,2025-12-19,SCH0106,Kumar & Co.,Wheat,23.8,KG,714,Paid
MDM009129,2026-02-19,SCH0452,Goyal Rice Mill,Dal,,,3078,Paid
MDM003080,2025-12-20,SCH0381,Singh Agro,Dal,,,3465,Pending
MDM001966,2025-04-16,SCH0588,Goyal Mill,Rice,,,1208,
MDM008138,2025-07-25,SCH0228,Singh Agro,Rice,,,1856,Pending
MDM006110,2025-05-21,SCH0065,Goyal Enterprises,Dal,0.62,BAG,2790,Pending
MDM001787,2025-08-26,SCH0527,Kumar Supplies,Rice,21.5,KG,860,Paid
MDM000397,2025-10-13,SCH0200,Goyal Mill,oil,0.5720000000000001,BAG_50KG,3432,Pending
MDM006921,2025-04-26,SCH0083,Goyal Enterprises,Mustard Oil,49700.0,G,5964,
MDM007202,2025-10-10,SCH0348,Singh Agro,Rice,19.7,KG,788,
MDM006241,2025-10-07,SCH0550,Goyal Mill,Dal,0.9940000000000001,BAG_50KG,4473,Due
MDM007898,2025-09-19,SCH0040,Sharma Traders Pvt Ltd,Wheat,,,345,Paid
MDM008742,2025-08-10,SCH0178,Goyal Rice Mill,Mustard Oil,25.9,KG,3108,Pending
MDM011027,2025-08-15,SCH0298,Kumar Supplies,Dal,46.9,KG,4221,Due
MDM000748,2026-03-07,SCH0193,Sharma & Sons,Dal,,,1818,Cleared
MDM004032,2025-05-10,SCH0015,Goyal Mill,Dal,,,3753,Pending
MDM001840,2025-06-20,SCH0253,Kumar Supplies,Mustard Oil,45.9,KG,5508,Due
MDM009241,2025-12-07,SCH0224,Singh Agro,Rice,,,1004,Pending
MDM009254,2025-09-24,SCH0232,S. Agro Works,Dal,,,2772,Paid
MDM009913,2025-08-08,SCH0311,Goyal Enterprises,Cooking Oil,,,6456,Pending
MDM003843,2025-11-02,SCH0233,Kumar General Store,Mustard Oil,22.5,KG,2700,Paid
MDM009141,2026-02-20,SCH0379,Goyal Rice Mill,Rice,19300.0,G,772,Paid
MDM005653,2026-02-12,SCH0255,Sharma Traders Pvt Ltd,Dal,,,2439,Pending
MDM011077,2025-09-07,SCH0587,Goyal Mill,Mustard Oil,42.2,KG,,
MDM005528,2025-12-29,SCH0277,Kumar Supplies,Wheat,49.8,KG,1494,Pending
MDM011976,2025-10-10,SCH0008,Singh Brothers,Dal,1.198,SACK,5391,Paid
MDM002772,2025-08-07,SCH0162,Kumar & Co.,Dal,54.7,KG,4923,Pending
MDM004388,2025-06-22,SCH0154,S. Agro Works,Rice,,,1056,Paid
MDM002902,2026-02-08,SCH0080,Singh Agro,Mustard Oil,23500.0,G,2820,Paid
MDM002465,2025-07-21,SCH0077,Singh Agro,Dal,,,4770,Pending
MDM007700,2026-02-09,SCH0081,Singh Agro,oil,34.3,KG,4116,Pending
MDM007554,2025-04-27,SCH0542,Kumar Supplies,Wheat,33.0,KG,990,Pending
MDM001374,2026-01-09,SCH0366,S. Agro Works,Mustard Oil,,,5400,Pending
MDM009028,2025-10-15,SCH0356,Kumar & Co.,Cooking Oil,1.012,SACK,,Cleared
MDM001154,2026-01-18,SCH0221,Sharma Traders,Dal,,,2655,Paid
MDM009025,2026-02-23,SCH0548,S. Agro Works,Rice,27.0,KG,1080,Pending
MDM003205,2025-06-21,SCH0226,Kumar Supplies,Mustard Oil,0.394,BAG_50KG,2364,Cleared
MDM005008,2025-07-02,SCH0059,Kumar General Store,Rice,37.0,KG,1480,Pending
MDM000219,2025-09-26,SCH0517,Singh Agro,Mustard Oil,,,6948,Paid
MDM001143,2026-01-24,SCH0499,S. Agro Works,Wheat,,,1563,Paid
MDM007106,2025-05-06,SCH0102,Sharma Traders Pvt Ltd,Dal,,,5094,Pending
MDM011378,2025-08-14,SCH0179,Sharma Traders,Mustard Oil,45700.0,G,5484,Pending
MDM011113,2026-03-16,SCH0443,Singh Brothers,Rice,30400.0,G,1216,Paid
MDM009449,2026-03-16,SCH0372,Singh Agro,Rice,0.39,SACK,780,Pending
MDM007601,2026-02-06,SCH0504,Sharma & Sons,Rice,0.7959999999999999,BAG_50KG,1592,Cleared
MDM011139,2026-02-18,SCH0020,Sharma Traders,Dal,31100.0,G,2799,Paid
MDM004336,2026-01-11,SCH0079,Sharma & Sons,Dal,,,2961,Due
MDM005400,2025-05-05,SCH0041,Goyal Mill,oil,54.0,KG,,Due
MDM010937,2025-07-27,SCH0239,Goyal Rice Mill,Rice,,,1012,Paid
MDM008996,2025-09-06,SCH0203,Sharma Traders,Wheat,0.912,BAG_50KG,1368,Paid
MDM007616,2025-07-30,SCH0564,Goyal Enterprises,Dal,34500.0,G,3105,Paid
MDM001714,2026-01-06,SCH0589,Kumar Supplies,Wheat,,,,Paid
MDM008244,2025-09-11,SCH0595,Goyal Mill,Atta,0.502,SACK,753,Pending
MDM009279,2025-07-26,SCH0384,Singh Brothers,Mustard Oil,22000.0,G,2640,Cleared
MDM002334,2025-12-12,SCH0318,Kumar & Co.,Dal,,,2466,Paid
MDM008876,2025-04-18,SCH0144,S. Agro Works,Wheat,,,510,Pending
MDM011298,2025-04-13,SCH0574,Sharma & Sons,Wheat,0.348,BORI,522,Pending
MDM006621,2025-07-26,SCH0150,S. Agro Works,Rice,24500.0,G,980,Cleared
MDM002565,2025-10-11,SCH0259,Singh Brothers,Rice,38.7,KG,1548,
MDM010508,2025-04-12,SCH0578,Sharma Traders Pvt Ltd,oil,,,4824,Paid
MDM003795,2025-09-05,SCH0595,Goyal Rice Mill,Wheat,51800.0,G,1554,Pending
MDM006302,2025-10-29,SCH0225,Singh Agro,Rice,,,,Paid
MDM010965,2025-06-29,SCH0222,Sharma & Sons,Rice,25800.0,G,1032,Pending
MDM006190,2025-12-27,SCH0155,Kumar General Store,Mustard Oil,,,5184,Paid
MDM003753,2025-09-11,SCH0343,Goyal Rice Mill,Rice,0.56,BAG_50KG,1120,
MDM008526,2025-07-26,SCH0327,Singh Agro,Rice,,,1012,Paid
MDM006703,2025-12-27,SCH0168,Sharma Traders,Dal,53300.0,G,4797,Paid
MDM004101,2025-08-24,SCH0056,Singh Brothers,Mustard Oil,16.5,KG,1980,Paid
MDM000136,2026-01-13,SCH0206,Sharma Traders Pvt Ltd,Mustard Oil,55.9,KG,6708,Paid
MDM011912,2025-04-26,SCH0561,Kumar Supplies,Dal,49.6,KG,4464,Cleared
MDM008652,2026-01-24,SCH0496,Sharma Traders Pvt Ltd,Mustard Oil,,,1272,Pending
MDM000980,2025-05-13,SCH0562,Sharma Traders Pvt Ltd,Atta,,,,Paid
MDM002928,2025-08-13,SCH0115,Kumar & Co.,Mustard Oil,53.9,KG,6468,Pending
MDM000009,2025-09-23,SCH0248,Singh Brothers,Rice,22500.0,G,900,Due
MDM003232,2025-04-24,SCH0560,Kumar General Store,Dal,1.086,SACK,4887,Pending
MDM008840,2025-09-15,SCH0503,Sharma Traders Pvt Ltd,Dal,,,5067,Pending
MDM000380,2026-01-31,SCH0137,Goyal Mill,Rice,,,1584,Pending
MDM002389,2025-07-30,SCH0519,Goyal Rice Mill,Dal,,,3978,Due
MDM006673,2026-03-16,SCH0265,Goyal Rice Mill,oil,46.6,KG,5592,Pending
MDM007403,2026-03-17,SCH0032,Goyal Mill,Atta,21100.0,G,633,Paid
MDM006560,2025-10-26,SCH0348,Goyal Enterprises,Cooking Oil,21400.0,G,2568,
MDM007294,2025-04-28,SCH0501,Goyal Mill,Wheat,1.072,SACK,,Due
MDM010114,2026-01-13,SCH0277,Goyal Mill,Wheat,58.9,KG,1767,
MDM002352,2025-09-13,SCH0427,Singh Brothers,Dal,40.5,KG,3645,Cleared
MDM011134,2025-10-09,SCH0166,S. Agro Works,Wheat,,,759,Pending
MDM000458,2025-11-29,SCH0122,Goyal Rice Mill,Dal,0.8859999999999999,BAG,3987,Paid
MDM007587,2026-03-18,SCH0539,Singh Brothers,Dal,48500.0,G,4365,
MDM011249,2025-06-07,SCH0039,Goyal Enterprises,Dal,0.446,BAG,,Due
MDM001040,2025-08-09,SCH0361,Sharma Traders,Rice,,,1308,Due
MDM003373,2026-01-07,SCH0216,Sharma & Sons,Mustard Oil,11.8,KG,1416,Paid
MDM004605,2025-08-26,SCH0125,Goyal Enterprises,Dal,14.6,KG,1314,Due
MDM011853,2025-04-24,SCH0497,Kumar General Store,Rice,,,1324,
MDM004157,2025-10-10,SCH0453,Goyal Enterprises,Mustard Oil,25500.0,G,3060,
MDM001044,2026-01-14,SCH0488,Goyal Rice Mill,Wheat,1.118,BORI,1677,Due
MDM010514,2025-10-12,SCH0319,Kumar & Co.,Wheat,11500.0,G,345,
MDM000100,2025-08-07,SCH0409,Goyal Rice Mill,Mustard Oil,,,5700,
MDM005818,2025-10-21,SCH0295,Goyal Rice Mill,Mustard Oil,,,5784,Cleared
MDM011621,2025-12-04,SCH0539,Sharma & Sons,Dal,,,3447,Cleared
MDM006619,2025-07-06,SCH0043,Singh Agro,Rice,,,1084,Cleared
MDM002020,2025-11-28,SCH0439,Goyal Enterprises,Dal,55900.0,G,5031,
MDM010402,2025-07-15,SCH0378,Kumar & Co.,oil,46.1,KG,5532,Paid
MDM009864,2025-10-21,SCH0118,Sharma & Sons,Mustard Oil,0.782,BAG,4692,Pending
MDM008538,2025-05-18,SCH0541,Singh Agro,Rice,12900.0,G,516,Paid
MDM005841,2025-07-25,SCH0468,Sharma Traders Pvt Ltd,Atta,0.9059999999999999,BAG,1359,Pending
MDM004025,2025-07-04,SCH0546,Kumar General Store,Dal,42.7,KG,3843,
MDM004554,2025-10-04,SCH0539,Kumar & Co.,Rice,,,1796,
MDM007721,2025-09-09,SCH0234,S. Agro Works,Wheat,0.684,SACK,1026,
MDM002151,2026-03-27,SCH0019,Sharma & Sons,Wheat,40400.0,G,1212,
MDM004246,2025-12-11,SCH0585,Singh Brothers,Wheat,,,1248,Paid
MDM009847,2026-01-17,SCH0314,Goyal Rice Mill,Dal,,,,Due
MDM007175,2025-10-06,SCH0545,Goyal Rice Mill,Rice,,,1440,Pending
MDM005280,2025-07-02,SCH0457,Sharma Traders,Mustard Oil,,,5088,Paid
MDM004499,2025-09-27,SCH0264,Kumar Supplies,Dal,42.3,KG,3806,Cleared
MDM009564,2025-06-12,SCH0227,Sharma & Sons,Cooking Oil,,,1860,Due
MDM006182,2025-11-02,SCH0311,Sharma & Sons,Rice,22.1,KG,,Pending
MDM003283,2025-10-29,SCH0323,Sharma & Sons,Atta,1.01,BAG,1515,Due
MDM011056,2025-10-12,SCH0079,Singh Agro,Rice,21600.0,G,864,Due
MDM006663,2025-11-28,SCH0056,Sharma & Sons,Rice,0.352,SACK,704,Paid
MDM004920,2025-06-16,SCH0431,Kumar Supplies,Wheat,1.032,SACK,1548,Pending
MDM005991,2025-12-02,SCH0368,Singh Agro,Rice,30.4,KG,,Cleared
MDM011229,2025-09-30,SCH0589,Kumar Supplies,Rice,42100.0,G,1684,Pending
MDM010619,2025-04-01,SCH0434,Sharma & Sons,oil,52600.0,G,6312,Paid
MDM005782,2026-02-01,SCH0229,Goyal Mill,Cooking Oil,34100.0,G,4092,
MDM002251,2025-10-15,SCH0357,Singh Brothers,Rice,,,548,Pending
MDM008442,2025-04-23,SCH0598,Goyal Mill,Mustard Oil,43700.0,G,5244,Due
MDM007699,2025-07-25,SCH0598,Kumar & Co.,Wheat,,,498,Pending
MDM001663,2025-08-01,SCH0404,Singh Brothers,Dal,,,3438,Due
MDM001594,2025-10-31,SCH0481,Sharma & Sons,Mustard Oil,23500.0,G,2820,
MDM002088,2026-02-26,SCH0208,Kumar General Store,Dal,0.462,BAG_50KG,2079,Cleared
MDM002583,2025-08-14,SCH0364,Singh Brothers,oil,0.26,BAG_50KG,1560,Paid
MDM006674,2025-08-18,SCH0588,Goyal Rice Mill,oil,10900.0,G,1308,Cleared
MDM000361,2025-05-21,SCH0203,Goyal Mill,Dal,0.232,SACK,1044,Cleared
MDM006339,2026-03-30,SCH0218,S. Agro Works,Mustard Oil,,,5772,Due
MDM008762,2025-11-19,SCH0597,Kumar Supplies,Rice,,,1792,Pending
MDM010486,2025-06-23,SCH0197,Sharma Traders Pvt Ltd,Mustard Oil,0.948,BAG,5688,
MDM010641,2025-11-05,SCH0064,Sharma & Sons,Atta,17500.0,G,525,Paid
MDM008804,2025-04-26,SCH0423,Singh Brothers,Dal,10.2,KG,,
MDM009550,2026-02-03,SCH0345,Kumar General Store,Dal,52.3,KG,4707,Pending
MDM004149,2025-05-19,SCH0553,Kumar & Co.,Rice,0.866,BAG,1732,Paid
MDM000034,2025-04-06,SCH0352,Sharma & Sons,oil,32600.0,G,3912,Pending
MDM007697,2025-05-21,SCH0424,Goyal Rice Mill,Dal,,,3951,Paid
MDM002311,2026-01-29,SCH0146,Goyal Enterprises,Cooking Oil,58900.0,G,7068,Due
MDM002143,2025-12-02,SCH0299,Kumar & Co.,Rice,0.8240000000000001,BORI,1648,Pending
MDM009391,2025-12-02,SCH0226,Sharma & Sons,Mustard Oil,0.266,BAG_50KG,1596,Pending
MDM011455,2025-09-29,SCH0588,Sharma & Sons,Wheat,,,843,Paid
MDM008537,2026-01-13,SCH0572,Kumar General Store,Rice,55.7,KG,2228,Pending
MDM000103,2025-06-15,SCH0194,Singh Brothers,Mustard Oil,,,1872,Due
MDM003529,2026-01-18,SCH0288,Goyal Rice Mill,Rice,47.6,KG,1904,Paid
MDM010480,2025-06-18,SCH0180,Goyal Enterprises,Wheat,0.506,BAG,759,
MDM005848,2026-03-14,SCH0436,Sharma Traders,Dal,46.4,KG,4176,Paid
MDM008575,2025-10-04,SCH0137,Kumar General Store,Wheat,42100.0,G,1263,Pending
MDM011890,2025-06-03,SCH0130,Kumar General Store,Dal,0.9640000000000001,BORI,4338,Pending
MDM004491,2025-06-07,SCH0194,Singh Brothers,Dal,0.448,BORI,2015,
MDM003147,2026-03-04,SCH0568,Goyal Mill,Dal,,,1755,Pending
MDM007681,2025-04-23,SCH0513,Goyal Enterprises,Rice,51.9,KG,2076,Paid
MDM011079,2025-07-04,SCH0319,Sharma Traders Pvt Ltd,Wheat,33.1,KG,993,Paid
MDM002145,2026-03-15,SCH0428,Sharma Traders Pvt Ltd,Dal,38200.0,G,3438,Pending
MDM004895,2025-06-27,SCH0257,Sharma Traders,oil,0.5820000000000001,SACK,3492,Cleared
MDM001571,2025-08-13,SCH0036,Kumar Supplies,Mustard Oil,,,4536,
MDM010336,2025-05-25,SCH0148,Sharma Traders,Rice,31900.0,G,1276,Pending
MDM002577,2026-03-31,SCH0189,Singh Agro,Dal,23900.0,G,2151,Paid
MDM007857,2025-10-07,SCH0297,Kumar General Store,Dal,0.914,BAG,4113,Pending
MDM000539,2025-10-10,SCH0160,Sharma Traders Pvt Ltd,Rice,50.6,KG,2024,Pending
MDM002240,2025-04-04,SCH0443,Sharma Traders,Wheat,23.7,KG,711,
MDM002445,2025-12-02,SCH0424,Kumar General Store,Dal,,,5247,Paid
MDM010732,2026-02-18,SCH0434,Sharma Traders Pvt Ltd,Mustard Oil,0.348,SACK,2088,Pending
MDM009988,2025-06-28,SCH0544,S. Agro Works,Dal,40200.0,G,3618,Paid
MDM000938,2025-04-11,SCH0288,Goyal Rice Mill,Dal,43.0,KG,3870,Pending
MDM000840,2025-09-11,SCH0053,Sharma Traders,Rice,,,1348,Paid
MDM003947,2025-10-24,SCH0447,Kumar General Store,Cooking Oil,,,2232,
MDM004439,2025-08-27,SCH0297,Singh Brothers,Mustard Oil,39.2,KG,4704,Paid
MDM010713,2025-09-13,SCH0550,Singh Agro,Rice,,,2268,Paid
MDM005380,2025-08-07,SCH0192,S. Agro Works,Rice,59100.0,G,2364,Cleared
MDM004413,2026-02-12,SCH0329,Sharma Traders,Mustard Oil,0.508,BAG,3048,Paid
MDM007541,2025-08-02,SCH0413,Goyal Enterprises,Cooking Oil,59.0,KG,7080,
MDM004784,2026-03-29,SCH0557,Goyal Mill,Wheat,,,423,Pending
MDM002304,2025-11-12,SCH0498,Kumar Supplies,oil,10.4,KG,1248,Due
MDM010919,2025-05-26,SCH0406,Kumar General Store,Rice,0.61,BAG,1220,Paid
MDM006225,2026-03-05,SCH0551,Goyal Mill,Dal,27200.0,G,2448,Cleared
MDM003350,2025-05-17,SCH0522,Singh Agro,Mustard Oil,0.728,BAG,4368,Cleared
MDM004036,2025-09-06,SCH0355,Sharma Traders Pvt Ltd,Rice,,,1676,Paid
MDM005485,2025-06-29,SCH0422,Goyal Enterprises,Dal,0.772,BAG,3474,Pending
MDM002983,2025-12-04,SCH0057,S. Agro Works,Atta,,,501,Cleared
MDM011729,2026-03-06,SCH0311,S. Agro Works,Dal,1.032,BAG_50KG,4644,Due
MDM008789,2026-03-12,SCH0368,Goyal Enterprises,oil,,,1212,Due
MDM006065,2026-01-10,SCH0469,Kumar & Co.,Mustard Oil,16300.0,G,1956,Cleared
MDM011292,2026-03-03,SCH0018,Singh Agro,Cooking Oil,28.7,KG,3444,
MDM002716,2026-03-30,SCH0094,Kumar Supplies,Wheat,0.9059999999999999,BAG_50KG,1359,Paid
MDM011275,2025-10-27,SCH0399,Goyal Enterprises,Atta,,,420,Paid
MDM011325,2025-04-29,SCH0510,Goyal Rice Mill,Mustard Oil,10600.0,G,,Pending
MDM011560,2025-12-11,SCH0037,Goyal Enterprises,Mustard Oil,23800.0,G,2856,Cleared
MDM001784,2025-04-10,SCH0535,Kumar Supplies,Rice,,,1356,Paid
MDM000358,2025-10-22,SCH0176,Kumar Supplies,Rice,,,2368,Pending
MDM009283,2026-02-11,SCH0131,Kumar & Co.,Mustard Oil,0.8420000000000001,BAG_50KG,5052,
MDM003920,2026-03-05,SCH0098,Goyal Mill,Dal,1.194,BORI,5373,
MDM005906,2025-09-18,SCH0406,Goyal Enterprises,Rice,0.5720000000000001,BAG,1144,Paid
MDM007170,2025-11-24,SCH0079,Goyal Rice Mill,Dal,,,2997,Due
MDM010409,2026-01-24,SCH0317,Kumar Supplies,Wheat,57900.0,G,1737,Due
MDM000725,2025-04-24,SCH0136,Sharma & Sons,Rice,,,2384,Cleared
MDM002255,2025-11-14,SCH0192,Goyal Rice Mill,Wheat,19500.0,G,585,Due
MDM000150,2025-05-07,SCH0535,S. Agro Works,Dal,24900.0,G,2241,Pending
MDM006854,2025-07-21,SCH0386,Goyal Mill,Mustard Oil,51700.0,G,6204,Paid
MDM004852,2026-01-03,SCH0307,Singh Brothers,Mustard Oil,,,2364,Pending
MDM002146,2025-09-02,SCH0549,Singh Brothers,Dal,26.1,KG,2349,
MDM009166,2025-07-13,SCH0421,Singh Agro,Dal,43500.0,G,3915,Paid
MDM004124,2026-01-05,SCH0177,Kumar Supplies,Wheat,,,969,
MDM010438,2025-12-26,SCH0482,Sharma Traders Pvt Ltd,Dal,15.0,KG,1350,
MDM010379,2026-01-10,SCH0554,Sharma Traders Pvt Ltd,Wheat,1.144,BAG,1716,Pending
MDM001985,2025-06-28,SCH0004,Kumar General Store,Rice,56.8,KG,2272,Pending
MDM011804,2025-07-04,SCH0321,Kumar General Store,Rice,38.6,KG,1544,Pending
MDM008252,2025-09-07,SCH0175,Kumar & Co.,Wheat,10.0,KG,,Pending
MDM005493,2025-06-13,SCH0567,Kumar General Store,Wheat,,,732,Paid
MDM008773,2025-04-25,SCH0347,Kumar & Co.,Rice,1.032,BAG,2064,
MDM003657,2025-08-27,SCH0315,Sharma & Sons,oil,,,2820,Pending
MDM006780,2025-11-10,SCH0349,Goyal Enterprises,Rice,,,1468,Due
MDM000334,2025-04-17,SCH0586,S. Agro Works,Mustard Oil,0.244,BORI,1464,Cleared
MDM010159,2026-02-12,SCH0014,Sharma & Sons,Rice,0.648,BAG,1296,Pending
MDM005710,2025-08-23,SCH0114,Sharma & Sons,Rice,46.2,KG,1848,
MDM006144,2026-02-04,SCH0365,Goyal Enterprises,Cooking Oil,57900.0,G,6948,Paid
MDM010070,2025-11-01,SCH0500,Kumar Supplies,oil,42000.0,G,5040,Pending
MDM007371,2026-03-22,SCH0384,Kumar & Co.,Dal,27400.0,G,2466,
MDM001702,2025-11-12,SCH0506,Goyal Enterprises,Mustard Oil,42.1,KG,5052,Due
MDM008114,2025-06-07,SCH0389,Sharma & Sons,Rice,,,1996,Due
MDM003525,2025-08-18,SCH0430,Goyal Mill,Rice,14.0,KG,560,
MDM007338,2025-12-17,SCH0238,Sharma Traders,oil,,,5856,Cleared
MDM004113,2025-10-15,SCH0412,Singh Brothers,Dal,0.442,BORI,1989,Due
MDM001359,2025-08-18,SCH0405,Singh Brothers,Dal,49.2,KG,4428,Paid
MDM002272,2025-09-05,SCH0008,Kumar & Co.,Rice,,,2376,Cleared
MDM009273,2026-01-27,SCH0113,Kumar Supplies,Wheat,,,501,Pending
MDM005362,2025-08-15,SCH0059,Kumar General Store,Rice,39.9,KG,1596,Paid
MDM006836,2026-01-29,SCH0251,Singh Agro,Dal,56300.0,G,5067,Pending
MDM006748,2026-02-17,SCH0017,Sharma Traders,Rice,35600.0,G,1424,
MDM000291,2025-05-24,SCH0386,Kumar General Store,Mustard Oil,,,6864,Pending
MDM011802,2025-04-24,SCH0122,Sharma Traders,Rice,,,912,
MDM001262,2025-10-26,SCH0307,Goyal Mill,Dal,22.1,KG,1989,
MDM008687,2026-02-18,SCH0349,Sharma Traders Pvt Ltd,Rice,56300.0,G,,Due
MDM000968,2025-05-05,SCH0500,Sharma & Sons,Wheat,,,1761,
MDM011792,2026-03-07,SCH0439,S. Agro Works,Rice,39200.0,G,,Cleared
MDM008465,2025-04-14,SCH0136,Kumar Supplies,Mustard Oil,0.722,BAG,4332,Pending
MDM005080,2026-03-09,SCH0506,Sharma Traders Pvt Ltd,oil,,,3948,Paid
MDM004418,2026-01-17,SCH0303,Singh Brothers,Mustard Oil,,,1404,Pending
MDM005482,2026-02-19,SCH0483,Sharma Traders Pvt Ltd,Rice,11.5,KG,460,Paid
MDM000071,2026-03-01,SCH0410,S. Agro Works,Rice,35.0,KG,1400,Cleared
MDM010191,2025-06-25,SCH0482,Kumar General Store,Dal,22200.0,G,1998,Pending
MDM007357,2026-03-04,SCH0326,Sharma Traders,Wheat,,,1599,Paid
MDM006827,2026-02-09,SCH0581,Goyal Mill,Cooking Oil,,,7164,Paid
MDM008411,2026-03-09,SCH0432,Goyal Enterprises,Rice,31000.0,G,1240,
MDM009418,2025-04-05,SCH0328,Goyal Enterprises,Wheat,11.3,KG,339,Cleared
MDM001644,2026-02-06,SCH0477,Sharma & Sons,Dal,,,1863,Cleared
MDM002866,2025-05-02,SCH0084,Kumar & Co.,Wheat,0.7440000000000001,SACK,1116,Due
MDM011854,2025-09-07,SCH0190,Kumar Supplies,Cooking Oil,0.5539999999999999,BORI,3324,Pending
MDM003884,2026-02-24,SCH0200,Goyal Mill,Wheat,,,1494,Paid
MDM011580,2025-11-14,SCH0202,Kumar General Store,oil,0.276,BAG_50KG,1656,Cleared
MDM001079,2025-09-21,SCH0438,Kumar General Store,Cooking Oil,11.8,KG,1416,Cleared
MDM010357,2025-11-01,SCH0437,Kumar Supplies,Atta,0.84,BAG_50KG,1260,Due
MDM003422,2025-11-04,SCH0154,Kumar Supplies,Dal,0.8320000000000001,SACK,3744,Paid
MDM002999,2025-04-19,SCH0546,Goyal Mill,Atta,0.638,BORI,957,Pending
MDM001158,2025-09-29,SCH0151,Goyal Mill,oil,,,1356,Paid
MDM006086,2025-04-18,SCH0027,Singh Brothers,Atta,11100.0,G,333,Pending
MDM010799,2025-12-22,SCH0113,S. Agro Works,Wheat,,,1251,
MDM001237,2025-08-01,SCH0024,Singh Agro,Mustard Oil,45300.0,G,5436,Paid
MDM008338,2026-02-05,SCH0082,Sharma Traders,Atta,18500.0,G,555,Cleared
MDM002128,2025-04-07,SCH0122,Goyal Mill,Dal,,,5391,Pending
MDM007387,2025-11-10,SCH0302,Singh Brothers,Wheat,,,873,Pending
MDM009084,2026-03-13,SCH0343,Goyal Enterprises,Mustard Oil,36800.0,G,4416,Paid
MDM000386,2025-06-10,SCH0390,Goyal Rice Mill,Rice,49700.0,G,1988,Pending
MDM004924,2025-11-02,SCH0036,Kumar Supplies,Dal,0.858,BORI,3861,Cleared
MDM004342,2025-12-11,SCH0242,Sharma & Sons,Rice,,,2200,Pending
MDM005965,2026-01-18,SCH0242,Singh Brothers,Dal,54200.0,G,4878,Pending
MDM004216,2025-06-28,SCH0333,Goyal Enterprises,Dal,51.8,KG,4662,Paid
MDM007079,2026-03-20,SCH0233,Goyal Enterprises,Rice,,,1620,Pending
MDM003194,2025-04-26,SCH0183,Kumar Supplies,Dal,0.632,BAG_50KG,2844,Paid
MDM003563,2025-10-17,SCH0157,Sharma Traders Pvt Ltd,Rice,20.2,KG,,Pending
MDM005027,2025-11-24,SCH0205,Singh Brothers,Dal,22600.0,G,2034,Due
MDM011076,2025-09-20,SCH0348,Kumar General Store,Wheat,,,675,Paid
MDM007509,2025-09-14,SCH0070,Kumar Supplies,Rice,,,584,Paid
MDM001431,2026-01-12,SCH0135,Sharma & Sons,Cooking Oil,,,2652,Paid
MDM009569,2026-02-04,SCH0477,Singh Brothers,Rice,,,2140,Paid
MDM005181,2025-05-10,SCH0084,Goyal Enterprises,oil,41.6,KG,4992,
MDM000048,2025-10-26,SCH0504,Singh Brothers,Dal,23500.0,G,2115,Due
MDM001003,2026-03-23,SCH0551,Singh Brothers,Rice,1.044,BAG_50KG,2088,Pending
MDM007220,2025-04-11,SCH0042,Sharma Traders Pvt Ltd,Mustard Oil,0.772,BAG,,Paid
MDM002617,2025-06-09,SCH0325,Kumar & Co.,Dal,50900.0,G,4581,Cleared
MDM004093,2025-09-02,SCH0409,Kumar & Co.,Rice,,,528,Due
MDM010568,2025-09-19,SCH0405,Goyal Rice Mill,Dal,15100.0,G,1359,Cleared
MDM005145,2026-01-12,SCH0276,Goyal Rice Mill,Mustard Oil,28300.0,G,3396,Due
MDM003828,2025-06-13,SCH0237,Sharma & Sons,Atta,0.496,SACK,744,
MDM000222,2025-10-04,SCH0176,Sharma Traders Pvt Ltd,Dal,18600.0,G,1674,Paid
MDM000534,2025-05-01,SCH0009,S. Agro Works,Rice,14200.0,G,568,
MDM003955,2025-10-16,SCH0600,Goyal Enterprises,Wheat,19.7,KG,591,Pending
MDM009659,2025-07-31,SCH0481,Goyal Enterprises,Cooking Oil,,,2472,Cleared
MDM003234,2025-11-02,SCH0376,Goyal Mill,Mustard Oil,0.496,BORI,2976,Due
MDM000612,2025-10-18,SCH0209,Goyal Mill,Mustard Oil,57000.0,G,6840,Paid
MDM002520,2025-04-26,SCH0080,Kumar General Store,Wheat,,,1524,Paid
MDM002341,2025-09-23,SCH0500,Kumar General Store,Wheat,32.3,KG,969,Pending
MDM000102,2025-04-04,SCH0316,Kumar & Co.,Dal,40.5,KG,3645,Cleared
MDM011108,2025-05-21,SCH0323,Singh Agro,Dal,39.7,KG,3573,Due
MDM008269,2025-06-24,SCH0390,Kumar & Co.,Wheat,33.1,KG,993,Pending
MDM009749,2026-03-21,SCH0396,Singh Brothers,Mustard Oil,0.662,BAG,3972,Paid
MDM010640,2026-03-18,SCH0597,S. Agro Works,Cooking Oil,56.9,KG,6828,Cleared
MDM011340,2025-04-19,SCH0151,Sharma & Sons,Wheat,11.9,KG,357,Pending
MDM010470,2025-08-27,SCH0576,Kumar Supplies,Rice,39500.0,G,1580,Pending
MDM004711,2025-04-26,SCH0306,Goyal Mill,Atta,42.5,KG,1275,Paid
MDM002378,2026-01-08,SCH0517,Kumar Supplies,Dal,12.0,KG,1080,
MDM002689,2025-07-28,SCH0394,Kumar Supplies,Wheat,,,1578,Paid
MDM003974,2025-11-30,SCH0312,Goyal Rice Mill,Rice,19.1,KG,764,Paid
MDM003007,2025-10-02,SCH0502,Singh Brothers,Dal,52900.0,G,4761,Paid
MDM003298,2025-10-15,SCH0525,Sharma Traders,Dal,,,4824,Paid
MDM011074,2025-08-05,SCH0120,Goyal Rice Mill,Wheat,,,999,Cleared
MDM007365,2025-04-19,SCH0133,S. Agro Works,Dal,,,4950,Due
MDM010392,2025-07-07,SCH0048,Singh Agro,Wheat,27.7,KG,831,
MDM005279,2025-04-30,SCH0354,Singh Brothers,Mustard Oil,,,4572,Pending
MDM002484,2025-07-19,SCH0016,Kumar Supplies,Cooking Oil,0.492,BAG_50KG,2952,Cleared
MDM003859,2026-01-17,SCH0383,Singh Agro,Atta,23.8,KG,714,
MDM001278,2026-02-02,SCH0440,Singh Brothers,Wheat,45.4,KG,1362,Paid
MDM006978,2026-03-09,SCH0210,Goyal Mill,Dal,28.1,KG,2529,
MDM006926,2025-06-03,SCH0526,S. Agro Works,Rice,0.8059999999999999,BAG,1612,Paid
MDM003112,2026-02-16,SCH0093,Kumar & Co.,Dal,57.2,KG,5148,Pending
MDM005749,2025-05-20,SCH0024,Kumar Supplies,oil,57100.0,G,6852,Due
MDM011536,2025-07-04,SCH0194,S. Agro Works,Atta,43500.0,G,1305,Pending
MDM006940,2025-05-09,SCH0169,Singh Agro,Dal,51.9,KG,4671,Due
MDM006785,2025-08-30,SCH0532,Sharma Traders,Wheat,38800.0,G,1164,Paid
MDM010095,2025-12-21,SCH0396,Sharma & Sons,Wheat,,,444,Pending
MDM005949,2026-01-08,SCH0301,Goyal Enterprises,Rice,19.0,KG,,Paid
MDM006342,2026-03-22,SCH0284,Singh Brothers,Dal,0.7240000000000001,BAG_50KG,3258,
MDM002319,2025-11-22,SCH0232,S. Agro Works,Dal,0.276,BAG,1242,Pending
MDM010906,2025-10-23,SCH0368,Singh Brothers,Dal,54100.0,G,4869,Cleared
MDM002993,2025-09-07,SCH0452,Goyal Mill,Atta,0.532,SACK,798,Pending
MDM011759,2025-04-16,SCH0191,S. Agro Works,Rice,0.848,BAG,1696,Cleared
MDM006698,2025-06-10,SCH0323,Kumar & Co.,Wheat,58.4,KG,1752,Due
MDM003820,2026-03-06,SCH0463,Goyal Enterprises,Wheat,,,1266,Cleared
MDM007276,2025-11-15,SCH0081,S. Agro Works,Wheat,39200.0,G,1176,Pending
MDM000020,2026-03-28,SCH0320,Kumar General Store,Dal,0.7659999999999999,BAG,3446,Pending
MDM004533,2025-04-20,SCH0600,Kumar & Co.,Dal,,,5355,Paid
MDM005921,2025-04-03,SCH0481,S. Agro Works,Wheat,,,600,Due
MDM007143,2025-07-08,SCH0414,Goyal Enterprises,Wheat,,,1200,Pending
MDM005636,2025-07-07,SCH0067,Kumar General Store,Rice,,,2128,Pending
MDM005071,2026-01-31,SCH0204,Kumar General Store,Cooking Oil,0.856,BORI,5136,Pending
MDM005152,2026-01-10,SCH0531,Goyal Enterprises,Rice,,,2048,Paid
MDM004112,2026-03-27,SCH0583,Kumar & Co.,Rice,12500.0,G,500,Pending
MDM002667,2025-04-15,SCH0515,Goyal Enterprises,Atta,45.4,KG,1362,Pending
MDM010830,2025-06-24,SCH0188,Kumar Supplies,Dal,24.9,KG,2241,Cleared
MDM006707,2025-07-20,SCH0388,Goyal Mill,Dal,42.8,KG,3852,Cleared
MDM001414,2025-06-23,SCH0426,Sharma Traders,oil,0.976,SACK,5856,Pending
MDM004404,2025-12-06,SCH0589,Kumar Supplies,Rice,18.3,KG,732,Pending
MDM000322,2025-11-08,SCH0182,Kumar General Store,Dal,0.598,BAG,2691,Pending
MDM005641,2025-05-10,SCH0167,Sharma Traders Pvt Ltd,Rice,40400.0,G,,Cleared
MDM009090,2025-09-04,SCH0180,Singh Agro,Wheat,51.5,KG,1545,Cleared
MDM008103,2025-10-21,SCH0170,Sharma Traders,Wheat,52000.0,G,,Paid
MDM002070,2025-09-15,SCH0246,Goyal Rice Mill,Dal,14800.0,G,1332,Cleared
MDM004961,2025-06-01,SCH0498,Singh Brothers,Mustard Oil,,,,Paid
MDM006176,2025-07-07,SCH0458,Kumar & Co.,Dal,,,3798,
MDM008060,2025-09-01,SCH0026,S. Agro Works,Rice,0.54,BAG,1080,Pending
MDM010207,2026-02-09,SCH0159,S. Agro Works,Dal,,,5256,Due
MDM004443,2025-04-22,SCH0310,Kumar & Co.,Wheat,0.7020000000000001,BORI,1053,
MDM004891,2025-05-14,SCH0324,Goyal Mill,Dal,0.24,BAG,1080,
MDM002037,2026-03-08,SCH0568,Goyal Rice Mill,Rice,,,2260,Pending
MDM004203,2025-05-01,SCH0053,S. Agro Works,Cooking Oil,44.4,KG,5328,Pending
MDM008444,2025-10-17,SCH0191,Sharma Traders,Rice,,,1528,Paid
MDM005372,2025-11-05,SCH0569,Sharma Traders Pvt Ltd,Dal,35.9,KG,3231,Pending
MDM000451,2025-10-06,SCH0501,Sharma Traders,Dal,,,1404,Paid
MDM011114,2025-11-09,SCH0013,Kumar General Store,Dal,15500.0,G,1395,Paid
MDM010644,2025-08-31,SCH0161,Kumar General Store,Rice,14000.0,G,560,Cleared
MDM000264,2025-12-19,SCH0236,Kumar General Store,Rice,23.3,KG,932,Cleared
MDM005258,2025-09-01,SCH0281,Goyal Mill,Atta,,,816,Paid
MDM008618,2025-08-18,SCH0222,S. Agro Works,Rice,41.7,KG,1668,Pending
MDM007094,2026-01-09,SCH0247,Kumar & Co.,Rice,,,540,Cleared
MDM009160,2025-11-30,SCH0272,S. Agro Works,Dal,21.7,KG,1953,Pending
MDM008867,2025-06-29,SCH0078,Singh Brothers,Mustard Oil,53.9,KG,6468,
MDM002451,2025-08-22,SCH0385,Goyal Enterprises,Wheat,0.828,BAG,1242,
MDM008186,2025-07-13,SCH0297,Kumar & Co.,Dal,37.0,KG,3330,Paid
MDM007189,2026-01-09,SCH0392,Kumar Supplies,Mustard Oil,,,5028,Paid
MDM000474,2026-03-01,SCH0596,Kumar Supplies,Dal,43600.0,G,3924,Paid
MDM008976,2025-12-26,SCH0022,Singh Brothers,Dal,,,981,Cleared
MDM002914,2025-07-11,SCH0063,Sharma Traders Pvt Ltd,Rice,44.2,KG,1768,Paid
MDM008929,2025-10-24,SCH0158,Sharma Traders,Wheat,19500.0,G,585,Paid
MDM001767,2025-07-15,SCH0358,Kumar Supplies,Wheat,,,1626,Pending
MDM009669,2026-01-26,SCH0158,Sharma Traders,Rice,46.0,KG,1840,
MDM005495,2025-12-08,SCH0263,Sharma & Sons,Dal,39500.0,G,3555,
MDM010418,2025-05-28,SCH0148,S. Agro Works,Mustard Oil,35.5,KG,4260,Pending
MDM005677,2025-09-28,SCH0364,Singh Agro,Dal,30.0,KG,2700,Paid
MDM001422,2026-02-03,SCH0369,Goyal Rice Mill,Dal,33.6,KG,3024,Paid
MDM007989,2025-05-14,SCH0391,Goyal Enterprises,oil,1.046,SACK,6276,Cleared
MDM011390,2025-04-19,SCH0349,Kumar & Co.,Rice,,,,Pending
MDM011671,2025-08-04,SCH0053,Kumar General Store,Wheat,35400.0,G,1062,Pending
MDM010865,2025-09-09,SCH0199,Goyal Mill,oil,0.7020000000000001,BAG,4212,Paid
MDM008729,2026-03-18,SCH0290,Singh Agro,Rice,55100.0,G,2204,Paid
MDM009600,2025-11-28,SCH0528,Kumar & Co.,Dal,18300.0,G,1647,Pending
MDM002808,2026-01-09,SCH0579,Sharma Traders,Wheat,,,576,Pending
MDM003636,2025-09-26,SCH0407,Kumar Supplies,Rice,25.5,KG,1020,
MDM008461,2025-08-05,SCH0585,Sharma Traders,Dal,,,3834,Paid
MDM001209,2025-08-02,SCH0248,S. Agro Works,Rice,30.8,KG,1232,Due
MDM011484,2025-07-22,SCH0084,Goyal Enterprises,Dal,37.5,KG,3375,Paid
MDM008745,2025-10-31,SCH0284,Sharma Traders Pvt Ltd,oil,,,3108,Cleared
MDM002120,2025-05-27,SCH0274,Sharma & Sons,Rice,,,892,Cleared
MDM006076,2026-02-07,SCH0150,Goyal Enterprises,Cooking Oil,0.278,BAG,1668,Paid
MDM010265,2025-12-10,SCH0072,Kumar General Store,Cooking Oil,,,5148,Cleared
MDM009648,2025-07-01,SCH0386,Kumar General Store,Rice,,,1272,Paid
MDM008160,2025-10-19,SCH0369,Goyal Enterprises,Rice,20.3,KG,812,Cleared
MDM004337,2025-04-08,SCH0124,Singh Brothers,Mustard Oil,16.9,KG,2028,Paid
MDM008399,2026-01-15,SCH0548,Singh Agro,Mustard Oil,,,3948,Pending
MDM002239,2025-12-18,SCH0515,Sharma & Sons,Wheat,52.1,KG,1563,
MDM001990,2026-01-12,SCH0521,Singh Agro,Rice,1.052,BAG_50KG,2104,Cleared
MDM007634,2026-01-17,SCH0531,Goyal Rice Mill,Dal,,,2196,Cleared
MDM002803,2025-05-02,SCH0176,Sharma & Sons,Atta,1.12,BAG,1680,Pending
MDM007615,2026-01-24,SCH0574,Goyal Mill,Mustard Oil,33.3,KG,3996,Pending
MDM002880,2025-09-17,SCH0061,Singh Agro,Dal,0.332,BAG,1494,Paid
MDM008050,2025-05-08,SCH0572,Kumar General Store,Wheat,55.3,KG,1659,Pending
MDM008728,2026-02-08,SCH0050,Goyal Mill,Dal,24.7,KG,2223,Pending
MDM007485,2025-05-18,SCH0558,S. Agro Works,Wheat,,,819,
MDM003895,2025-07-02,SCH0452,Kumar Supplies,Dal,10800.0,G,972,Paid
MDM001434,2026-01-02,SCH0154,Singh Agro,Rice,,,1596,Due
MDM002035,2026-03-20,SCH0168,S. Agro Works,Dal,,,4869,Due
MDM000096,2026-01-27,SCH0416,Sharma Traders,Rice,,,764,Pending
MDM002686,2025-12-21,SCH0527,Sharma Traders,Dal,59.5,KG,5355,Paid
MDM005897,2025-11-01,SCH0556,Goyal Rice Mill,Dal,37700.0,G,3393,Due
MDM011254,2025-11-14,SCH0019,Kumar & Co.,oil,29.6,KG,3552,Due
MDM003099,2025-06-30,SCH0586,Kumar & Co.,Dal,,,1530,Pending
MDM000060,2025-06-18,SCH0157,Sharma Traders,Rice,1.2,BAG,2400,Pending
MDM008248,2025-06-17,SCH0558,Sharma & Sons,Dal,20.3,KG,1827,Cleared
MDM011464,2025-10-31,SCH0383,Kumar General Store,Dal,,,,Due
MDM003308,2025-10-30,SCH0112,Kumar Supplies,Wheat,1.062,BAG,1593,Pending
MDM008376,2025-08-20,SCH0054,S. Agro Works,Dal,,,4329,Due
MDM005406,2025-12-23,SCH0465,Sharma Traders Pvt Ltd,Wheat,,,960,
MDM003818,2025-04-15,SCH0021,Sharma Traders Pvt Ltd,Rice,27.3,KG,1092,
MDM001965,2025-06-21,SCH0141,Goyal Enterprises,Dal,59.0,KG,5310,
MDM003786,2025-04-20,SCH0201,Sharma & Sons,Wheat,45.9,KG,1377,Pending
MDM006648,2025-07-24,SCH0187,Kumar General Store,Dal,52200.0,G,4698,Pending
MDM008987,2025-11-20,SCH0422,Goyal Enterprises,Wheat,0.382,BAG,573,Pending
MDM003574,2025-07-07,SCH0498,Sharma Traders,Mustard Oil,,,4008,Paid
MDM001924,2026-03-04,SCH0307,Goyal Mill,Cooking Oil,15200.0,G,1824,
MDM008818,2025-08-27,SCH0325,Sharma Traders Pvt Ltd,Dal,,,4887,Paid
MDM002679,2026-03-08,SCH0498,Kumar Supplies,Mustard Oil,26800.0,G,3216,Pending
MDM006744,2025-08-27,SCH0373,Kumar & Co.,Dal,28.1,KG,2529,Due
MDM010264,2025-10-26,SCH0444,Sharma Traders Pvt Ltd,Cooking Oil,0.41,BORI,2460,
MDM002974,2025-05-28,SCH0458,Sharma Traders,oil,10.8,KG,1296,Paid
MDM001108,2025-06-18,SCH0525,S. Agro Works,Mustard Oil,24.9,KG,2988,Due
MDM011485,2025-11-14,SCH0123,Sharma & Sons,Dal,29700.0,G,2673,Paid
MDM010443,2025-08-26,SCH0276,Sharma Traders Pvt Ltd,Dal,41700.0,G,3753,Pending
MDM005287,2025-10-07,SCH0562,Goyal Rice Mill,Rice,,,828,Paid
MDM006875,2025-08-20,SCH0587,Singh Brothers,Dal,,,4176,Pending
MDM010693,2026-01-23,SCH0019,Sharma & Sons,Cooking Oil,58400.0,G,7008,Due
MDM006928,2025-12-20,SCH0386,Sharma Traders,Dal,19100.0,G,1719,
MDM003822,2026-01-04,SCH0258,Kumar & Co.,Mustard Oil,1.148,BORI,6888,Paid
MDM000374,2026-02-27,SCH0055,Singh Brothers,Rice,56.5,KG,,Due
MDM006077,2025-10-15,SCH0023,Sharma Traders,Wheat,1.144,BAG_50KG,1716,Paid
MDM001635,2025-08-09,SCH0555,Sharma & Sons,Dal,0.39,BAG,1755,Pending
MDM003430,2025-06-05,SCH0502,Kumar Supplies,Dal,,,1485,Paid
MDM011940,2025-08-31,SCH0248,Kumar & Co.,Dal,55.0,KG,,
MDM007439,2025-09-21,SCH0413,Sharma Traders Pvt Ltd,Rice,14.7,KG,588,Due
MDM001023,2026-03-03,SCH0310,Sharma Traders Pvt Ltd,Mustard Oil,,,2088,Paid
MDM005271,2025-12-17,SCH0372,Sharma & Sons,Mustard Oil,0.218,BAG_50KG,1308,Pending
MDM003679,2025-09-21,SCH0032,Sharma Traders Pvt Ltd,Dal,30400.0,G,,Pending
MDM007925,2025-07-05,SCH0462,Singh Agro,Rice,53000.0,G,2120,Pending
MDM006327,2025-05-15,SCH0339,Kumar General Store,Wheat,,,660,Paid
MDM000745,2025-11-25,SCH0007,Kumar General Store,Rice,29.4,KG,1176,Paid
MDM010985,2025-07-31,SCH0463,Kumar General Store,Wheat,,,852,
MDM004098,2025-07-14,SCH0054,Sharma Traders Pvt Ltd,Wheat,0.9520000000000001,SACK,1428,Pending
MDM003367,2025-07-15,SCH0370,Goyal Enterprises,Wheat,,,1083,Pending
MDM008391,2026-02-03,SCH0365,Sharma Traders Pvt Ltd,Dal,33.1,KG,2979,Paid
MDM004703,2025-07-30,SCH0049,Goyal Mill,Dal,,,2295,
MDM008869,2025-07-12,SCH0136,Sharma & Sons,Rice,0.522,BAG,1044,Cleared
MDM001048,2025-10-26,SCH0387,Singh Agro,Wheat,,,1455,Due
MDM010948,2025-10-23,SCH0070,Goyal Mill,Mustard Oil,0.91,SACK,5460,Paid
MDM004190,2025-11-10,SCH0385,Sharma Traders,Rice,24.9,KG,996,Paid
MDM000896,2026-02-01,SCH0339,Sharma & Sons,Cooking Oil,,,1812,
MDM004405,2026-03-25,SCH0555,Kumar & Co.,Rice,31500.0,G,1260,Paid
MDM008857,2025-07-16,SCH0313,Sharma & Sons,Dal,,,1827,Pending
MDM001400,2026-02-03,SCH0161,Goyal Mill,Wheat,37.4,KG,1122,Due
MDM006770,2025-05-08,SCH0578,Sharma Traders Pvt Ltd,Rice,53500.0,G,2140,
MDM005112,2025-05-17,SCH0398,Singh Brothers,Wheat,0.202,BAG,303,Paid
MDM001435,2025-08-20,SCH0437,Kumar & Co.,Mustard Oil,41.7,KG,5004,Due
MDM009975,2026-02-12,SCH0488,Kumar & Co.,Rice,36700.0,G,1468,Paid
MDM003571,2025-12-02,SCH0368,Sharma Traders,Rice,16500.0,G,660,Paid
MDM004641,2026-01-21,SCH0496,Sharma Traders Pvt Ltd,Dal,44.5,KG,4005,Pending
MDM000625,2026-02-16,SCH0374,Kumar & Co.,Mustard Oil,,,1428,Cleared
MDM009969,2025-07-12,SCH0288,Singh Agro,Wheat,,,312,Due
MDM001693,2025-04-15,SCH0395,Sharma Traders Pvt Ltd,Wheat,14300.0,G,429,Paid
MDM005588,2025-11-04,SCH0110,Sharma Traders Pvt Ltd,Dal,0.852,BAG,3834,Pending
MDM002733,2025-11-13,SCH0242,Goyal Rice Mill,Wheat,28.5,KG,855,Pending
MDM001428,2026-01-29,SCH0157,Kumar Supplies,Rice,,,1528,Paid
MDM004505,2025-10-02,SCH0392,Singh Agro,Rice,17100.0,G,684,Due
MDM007622,2025-11-01,SCH0406,Goyal Rice Mill,Wheat,43.1,KG,1293,Paid
MDM000120,2025-09-02,SCH0336,Kumar & Co.,Rice,33.0,KG,1320,Paid
MDM002391,2025-08-09,SCH0199,Singh Agro,Rice,,,2392,Pending
MDM007055,2025-10-05,SCH0593,Sharma & Sons,Rice,50.0,KG,2000,Due
MDM010341,2025-04-06,SCH0335,Goyal Mill,Dal,,,3744,Cleared
MDM002418,2026-02-06,SCH0438,Goyal Mill,Wheat,57.3,KG,1719,Due
MDM011106,2026-03-12,SCH0431,Sharma Traders Pvt Ltd,oil,32700.0,G,3924,Paid
MDM010588,2026-02-16,SCH0281,Singh Agro,Dal,0.6679999999999999,BAG_50KG,3006,Due
MDM003239,2025-08-13,SCH0496,Sharma Traders Pvt Ltd,Wheat,,,1152,Due
MDM005688,2025-05-13,SCH0037,Sharma Traders,Cooking Oil,33.2,KG,3984,Due
MDM005844,2025-12-30,SCH0540,Kumar Supplies,Rice,45300.0,G,1812,Paid
MDM011040,2025-07-29,SCH0148,Kumar Supplies,Rice,35.4,KG,1416,Pending
MDM005364,2025-08-03,SCH0572,Kumar Supplies,Dal,1.078,BAG,4851,Cleared
MDM011216,2025-10-20,SCH0575,Goyal Rice Mill,Rice,0.9079999999999999,BAG,1816,Cleared
MDM004823,2025-12-07,SCH0372,S. Agro Works,Dal,42.2,KG,3798,Pending
MDM002541,2025-04-22,SCH0251,Kumar & Co.,oil,33.2,KG,3984,Pending
MDM008299,2025-08-02,SCH0226,S. Agro Works,Wheat,,,1623,
MDM005035,2025-07-06,SCH0311,Singh Brothers,Dal,13200.0,G,1188,Paid
MDM001531,2026-03-07,SCH0273,Kumar & Co.,Wheat,0.54,BAG,810,Cleared
MDM002639,2025-09-16,SCH0050,S. Agro Works,Wheat,1.12,SACK,1680,Pending
MDM009022,2025-12-25,SCH0523,Kumar Supplies,Rice,58900.0,G,2356,Paid
MDM006947,2025-08-17,SCH0027,S. Agro Works,oil,48.1,KG,5772,Paid
MDM001942,2025-10-13,SCH0414,Singh Brothers,Wheat,,,1377,
MDM004848,2025-08-28,SCH0259,Goyal Enterprises,Wheat,52.9,KG,1587,Due
MDM004768,2025-11-11,SCH0437,Singh Agro,oil,,,2376,Paid
MDM007114,2025-10-13,SCH0206,Sharma Traders,Dal,35300.0,G,3177,Paid
MDM001054,2026-02-13,SCH0122,Kumar & Co.,Mustard Oil,27600.0,G,3312,Due
MDM001946,2025-06-05,SCH0379,Goyal Mill,Dal,0.304,BAG_50KG,,Paid
MDM011967,2025-11-03,SCH0335,Goyal Mill,Wheat,35.9,KG,1077,Paid
MDM011245,2026-01-13,SCH0386,Sharma & Sons,Dal,57400.0,G,5166,Due
MDM011102,2025-11-18,SCH0037,Kumar Supplies,Rice,40.5,KG,1620,Paid
MDM005698,2026-01-26,SCH0110,Goyal Mill,Rice,50300.0,G,2012,Paid
MDM003089,2025-04-14,SCH0404,Kumar Supplies,Dal,15100.0,G,1359,
MDM001651,2026-03-08,SCH0268,Kumar & Co.,Mustard Oil,19000.0,G,2280,Paid
MDM010342,2026-01-24,SCH0251,Sharma Traders Pvt Ltd,Dal,11.9,KG,1071,
MDM007459,2025-09-03,SCH0234,Kumar & Co.,Dal,24.0,KG,2160,Pending
MDM005779,2025-11-07,SCH0211,Sharma Traders,Dal,19700.0,G,1773,
MDM001796,2025-07-09,SCH0392,Goyal Mill,Rice,,,2236,Due
MDM002472,2025-08-23,SCH0532,Singh Brothers,Dal,27400.0,G,2466,Due
MDM004683,2025-06-14,SCH0066,Goyal Mill,Rice,50700.0,G,2028,Paid
MDM005265,2026-01-21,SCH0280,Goyal Enterprises,Dal,30.5,KG,2745,Cleared
MDM007310,2025-05-10,SCH0262,Singh Brothers,oil,23.0,KG,2760,Due
MDM009020,2025-08-27,SCH0534,Goyal Mill,Wheat,0.868,BAG,1302,Paid
MDM000425,2025-07-30,SCH0588,Sharma Traders Pvt Ltd,oil,36.3,KG,4356,Pending
MDM000555,2026-01-15,SCH0083,Sharma Traders,Dal,43600.0,G,3924,
MDM005217,2025-09-26,SCH0326,S. Agro Works,Wheat,,,1725,Cleared
MDM009807,2025-10-06,SCH0257,Singh Agro,Dal,42200.0,G,3798,Due
MDM000488,2026-03-10,SCH0411,Sharma & Sons,Cooking Oil,41.7,KG,5004,Paid
MDM005602,2025-06-17,SCH0422,Sharma Traders Pvt Ltd,Cooking Oil,54.1,KG,6492,Due
MDM003438,2025-12-19,SCH0449,Kumar General Store,Rice,29100.0,G,1164,
MDM003209,2025-11-22,SCH0485,Singh Brothers,Mustard Oil,,,1836,Paid
MDM003690,2025-12-30,SCH0328,S. Agro Works,oil,,,6168,Pending
MDM006968,2025-09-26,SCH0056,Singh Agro,Rice,0.92,BAG_50KG,1840,Cleared
MDM002367,2025-04-28,SCH0074,Goyal Enterprises,Dal,,,2907,Paid
MDM010630,2026-03-26,SCH0252,Goyal Rice Mill,Wheat,0.428,BAG,642,
MDM003313,2025-05-23,SCH0518,Goyal Rice Mill,Rice,57200.0,G,2288,Paid
MDM007461,2025-12-07,SCH0059,Goyal Rice Mill,Cooking Oil,,,6696,Due
MDM000469,2026-01-31,SCH0393,Goyal Enterprises,Rice,10.7,KG,428,
MDM007301,2025-06-29,SCH0137,Singh Agro,Rice,38.1,KG,1524,Paid
MDM004338,2025-04-04,SCH0077,Sharma Traders,Rice,0.838,BAG,1676,Pending
MDM004707,2026-03-18,SCH0276,Sharma Traders,Wheat,0.44,BAG_50KG,660,Cleared
MDM011420,2025-10-13,SCH0474,Singh Agro,Atta,,,1524,Pending
MDM004421,2025-08-04,SCH0540,Sharma & Sons,Rice,,,1208,Paid
MDM011028,2025-06-07,SCH0591,Sharma Traders,Rice,40100.0,G,1604,Pending
MDM001563,2025-12-05,SCH0248,Goyal Enterprises,Dal,,,1404,Pending
MDM004484,2025-12-31,SCH0271,Singh Agro,oil,,,2796,Paid
MDM005944,2026-03-11,SCH0144,Kumar & Co.,Wheat,,,,Cleared
MDM004097,2025-11-21,SCH0494,Kumar & Co.,Rice,,,1260,Paid
MDM001740,2025-11-07,SCH0476,Singh Agro,Rice,20700.0,G,828,Cleared
MDM006207,2025-11-20,SCH0339,Kumar & Co.,Wheat,25.6,KG,768,
MDM002632,2025-06-14,SCH0204,S. Agro Works,Wheat,35.3,KG,1059,Pending
MDM008582,2026-01-21,SCH0548,Singh Brothers,Mustard Oil,,,4260,Pending
MDM002175,2025-12-14,SCH0165,Singh Agro,Rice,18600.0,G,744,
MDM000178,2025-06-28,SCH0471,Sharma Traders,Dal,18200.0,G,1638,Pending
MDM003708,2025-07-17,SCH0002,Sharma Traders Pvt Ltd,Wheat,41.7,KG,1251,Paid
MDM005024,2025-04-05,SCH0074,Kumar Supplies,Mustard Oil,13.4,KG,1608,Cleared
MDM007664,2025-10-03,SCH0537,Sharma & Sons,Dal,1.056,BORI,4752,
MDM006863,2025-10-13,SCH0192,Goyal Mill,Rice,0.32,BAG_50KG,640,Paid
MDM002129,2026-01-10,SCH0358,Goyal Enterprises,Wheat,12400.0,G,372,
MDM007707,2026-01-08,SCH0008,Goyal Rice Mill,Dal,45.6,KG,4104,Pending
MDM009630,2026-03-03,SCH0413,Goyal Rice Mill,Wheat,,,,
MDM005895,2026-01-16,SCH0208,Kumar Supplies,Wheat,0.416,SACK,624,Due
MDM008588,2025-05-11,SCH0595,S. Agro Works,Atta,,,708,Paid
MDM005062,2025-07-22,SCH0364,Kumar Supplies,Wheat,,,939,Cleared
MDM000246,2025-05-13,SCH0529,Sharma Traders,Dal,56300.0,G,5067,Pending
MDM009700,2025-04-10,SCH0597,Singh Brothers,Dal,35400.0,G,3186,
MDM003287,2025-08-22,SCH0285,Goyal Enterprises,Cooking Oil,0.434,BORI,2604,Paid
MDM002969,2026-03-24,SCH0245,Sharma & Sons,Mustard Oil,,,5076,Paid
MDM006831,2025-11-27,SCH0464,Goyal Enterprises,Rice,23000.0,G,920,Pending
MDM005962,2025-06-30,SCH0308,Singh Brothers,Wheat,49200.0,G,1476,Pending
MDM009328,2025-08-23,SCH0276,Goyal Mill,Wheat,,,321,Pending
MDM001492,2026-02-03,SCH0052,Kumar & Co.,Wheat,36400.0,G,1092,Paid
MDM006085,2025-07-24,SCH0386,Goyal Rice Mill,Rice,11000.0,G,440,Due
MDM001283,2025-11-01,SCH0326,Singh Agro,Cooking Oil,40.7,KG,4884,
MDM005525,2025-05-22,SCH0106,Kumar Supplies,Dal,,,3942,Paid
MDM000674,2025-09-24,SCH0484,S. Agro Works,Wheat,35.8,KG,1074,Pending
MDM008030,2026-03-17,SCH0586,Kumar & Co.,Wheat,1.042,BAG,1563,Paid
MDM001698,2026-03-08,SCH0068,Goyal Mill,Mustard Oil,,,5040,Pending
MDM005825,2025-11-14,SCH0102,Sharma & Sons,Wheat,,,1545,Pending
MDM005598,2026-03-23,SCH0304,Sharma & Sons,Wheat,,,627,Pending
MDM007559,2026-03-22,SCH0087,S. Agro Works,Wheat,,,1548,Cleared
MDM003448,2025-04-01,SCH0485,Sharma Traders Pvt Ltd,Dal,39400.0,G,3546,Paid
MDM004119,2025-10-17,SCH0025,Kumar & Co.,Dal,23400.0,G,2106,Due
MDM008198,2025-09-01,SCH0037,Singh Agro,Mustard Oil,1.038,BORI,,
MDM009894,2025-07-18,SCH0110,Sharma Traders,Atta,58.2,KG,1746,Pending
MDM005381,2025-08-15,SCH0417,Kumar Supplies,Atta,18.4,KG,552,Cleared
MDM000462,2025-06-11,SCH0098,Kumar & Co.,Rice,,,1544,Paid
MDM002010,2025-10-14,SCH0583,Goyal Mill,Cooking Oil,,,3204,Paid
MDM003376,2025-12-23,SCH0171,Goyal Enterprises,Rice,,,1700,
MDM001324,2025-05-01,SCH0447,Kumar & Co.,Rice,57400.0,G,2296,Due
MDM004090,2025-06-09,SCH0064,Goyal Mill,Wheat,24.1,KG,723,Due
MDM001176,2026-01-26,SCH0014,Kumar General Store,Mustard Oil,44.0,KG,5280,Cleared
MDM001179,2025-04-18,SCH0377,Singh Agro,Atta,0.258,BAG_50KG,387,Due
MDM010271,2025-11-19,SCH0081,Kumar Supplies,Wheat,,,1776,Paid
MDM010157,2025-07-25,SCH0446,Kumar General Store,oil,19700.0,G,2364,Paid
MDM000015,2026-02-05,SCH0412,Singh Agro,oil,0.4320000000000001,BAG_50KG,2592,Due
MDM008507,2025-10-03,SCH0088,Singh Agro,Rice,0.604,BAG,1208,Pending
MDM003743,2026-03-28,SCH0402,Kumar & Co.,Rice,,,2108,
MDM008359,2025-10-30,SCH0090,Kumar Supplies,Mustard Oil,48500.0,G,5820,Paid
MDM010204,2025-09-18,SCH0423,Kumar Supplies,Wheat,,,1596,
MDM001744,2025-04-21,SCH0503,Sharma Traders,Cooking Oil,27.6,KG,3312,
MDM003131,2026-03-14,SCH0101,Singh Agro,Cooking Oil,0.388,BAG_50KG,2328,Paid
MDM001069,2025-08-01,SCH0097,Kumar General Store,Mustard Oil,,,1644,Paid
MDM001370,2025-12-22,SCH0335,Goyal Mill,oil,49600.0,G,5952,Pending
MDM001884,2025-05-05,SCH0151,Kumar Supplies,Cooking Oil,10800.0,G,1296,Paid
MDM005050,2025-06-23,SCH0402,Sharma & Sons,Wheat,,,1479,Cleared
MDM005355,2025-04-26,SCH0593,Singh Brothers,Wheat,55100.0,G,1653,Cleared
MDM009097,2026-01-10,SCH0118,Goyal Mill,Wheat,,,1644,Due
MDM005806,2025-05-18,SCH0112,Kumar General Store,Dal,56.2,KG,5058,Paid
MDM008311,2025-11-03,SCH0551,Goyal Rice Mill,Mustard Oil,1.012,BORI,6072,Paid
MDM004666,2025-11-21,SCH0534,Sharma Traders,Wheat,21200.0,G,636,Pending
MDM005864,2025-08-26,SCH0273,Goyal Enterprises,Dal,,,2223,Paid
MDM008349,2025-10-31,SCH0037,Goyal Enterprises,oil,46400.0,G,5568,Pending
MDM011203,2025-05-04,SCH0286,Singh Agro,Wheat,40.6,KG,1218,Paid
MDM007307,2025-09-18,SCH0341,Kumar General Store,Wheat,,,1308,Paid
MDM002289,2025-06-05,SCH0293,Sharma Traders Pvt Ltd,Cooking Oil,,,5844,Paid
MDM002125,2026-02-20,SCH0524,Goyal Enterprises,Rice,,,1240,Paid
MDM005370,2025-05-19,SCH0084,Kumar Supplies,Rice,49.3,KG,1972,Due
MDM009291,2026-03-02,SCH0233,Singh Brothers,Mustard Oil,,,1428,Paid
MDM005336,2026-02-22,SCH0259,Kumar General Store,Mustard Oil,25.8,KG,3096,Due
MDM002413,2026-03-23,SCH0046,Kumar General Store,Cooking Oil,,,4692,Paid
MDM002849,2025-05-25,SCH0500,Goyal Enterprises,Wheat,1.16,BORI,1740,
MDM007494,2025-11-11,SCH0328,Singh Agro,Dal,0.628,SACK,2826,Cleared
MDM002702,2025-12-22,SCH0280,Sharma Traders Pvt Ltd,Mustard Oil,0.3,BAG,1800,Paid
MDM006450,2025-10-05,SCH0004,Goyal Mill,Dal,,,1026,Due
MDM002237,2025-06-25,SCH0174,Sharma Traders,Dal,,,5040,Pending
MDM011678,2025-11-13,SCH0087,Goyal Rice Mill,Wheat,,,1431,Paid
MDM006671,2025-05-29,SCH0369,Sharma & Sons,Rice,27700.0,G,1108,Paid
MDM005479,2025-05-06,SCH0156,Sharma Traders,Dal,,,2844,Pending
MDM000215,2025-07-07,SCH0064,Kumar Supplies,Wheat,45.2,KG,1356,Pending
MDM003345,2025-06-10,SCH0267,Singh Agro,Wheat,,,1617,Pending
MDM006735,2025-10-28,SCH0179,Sharma Traders,Mustard Oil,0.336,BAG,2016,Paid
MDM010667,2025-07-06,SCH0129,Goyal Enterprises,Wheat,36.2,KG,1086,Paid
MDM007119,2025-05-26,SCH0552,Sharma & Sons,Rice,,,1268,Paid
MDM002349,2026-01-01,SCH0544,Sharma Traders Pvt Ltd,oil,58500.0,G,7020,Paid
MDM005000,2025-07-09,SCH0151,Kumar General Store,Rice,44.5,KG,1780,Pending
MDM009408,2025-06-13,SCH0319,Goyal Mill,oil,30.7,KG,3684,Pending
MDM003489,2025-10-04,SCH0185,Sharma Traders Pvt Ltd,Mustard Oil,,,4692,Pending
MDM006192,2025-07-02,SCH0358,Singh Brothers,Dal,0.742,BAG,3339,Paid
MDM008457,2025-05-02,SCH0457,Goyal Enterprises,Wheat,19.0,KG,570,Pending
MDM005712,2026-01-22,SCH0256,S. Agro Works,Rice,0.912,BAG_50KG,1824,Paid
MDM002610,2025-12-31,SCH0430,Kumar General Store,Rice,0.634,BORI,1268,Due
MDM009058,2025-11-12,SCH0365,Sharma Traders,Atta,36.7,KG,1101,Pending
MDM003596,2025-09-02,SCH0321,Kumar General Store,Mustard Oil,0.9179999999999999,BAG_50KG,5508,Cleared
MDM011702,2026-02-16,SCH0166,Goyal Mill,Rice,,,2212,Cleared
MDM003992,2025-10-28,SCH0415,Sharma & Sons,Dal,,,3618,Pending
MDM004460,2026-03-09,SCH0470,S. Agro Works,Dal,,,4176,Paid
MDM009454,2026-03-07,SCH0577,S. Agro Works,Wheat,10500.0,G,315,Pending
MDM001347,2025-12-04,SCH0101,Kumar Supplies,Rice,,,,
MDM006606,2026-01-28,SCH0336,Singh Agro,Wheat,0.5579999999999999,BAG,837,Paid
MDM002110,2025-09-27,SCH0520,Kumar Supplies,oil,0.9520000000000001,BAG,5712,Due
MDM010792,2026-01-07,SCH0543,Kumar Supplies,Cooking Oil,32100.0,G,3852,
MDM001086,2025-12-08,SCH0322,Goyal Mill,Rice,33.5,KG,1340,Due
MDM000648,2025-05-28,SCH0316,S. Agro Works,Dal,59.9,KG,5391,Cleared
MDM011513,2025-08-15,SCH0121,Kumar & Co.,Wheat,1.034,BAG_50KG,1551,Paid
MDM000737,2025-08-30,SCH0209,Singh Agro,Wheat,0.256,BORI,384,Paid
MDM001684,2025-12-12,SCH0405,Sharma Traders Pvt Ltd,Wheat,0.716,BAG,,Paid
MDM005262,2026-03-24,SCH0236,Goyal Mill,Dal,1.002,BORI,4509,Cleared
MDM001615,2025-06-20,SCH0308,Kumar Supplies,Wheat,,,399,
MDM011481,2026-03-15,SCH0091,Kumar Supplies,oil,19.1,KG,2292,Paid
MDM003523,2026-02-12,SCH0520,Kumar Supplies,Wheat,25400.0,G,762,Paid
MDM002693,2025-04-09,SCH0229,Kumar & Co.,Rice,49.7,KG,1988,Pending
MDM010318,2025-09-06,SCH0373,Kumar Supplies,Dal,13.9,KG,1251,Pending
MDM006495,2026-03-24,SCH0154,Singh Brothers,Dal,1.028,BAG,4626,Paid
MDM002528,2025-07-30,SCH0501,Goyal Mill,Wheat,0.478,BORI,717,Due
MDM004623,2025-08-23,SCH0232,S. Agro Works,Wheat,28800.0,G,864,Due
MDM011514,2025-08-06,SCH0139,Singh Brothers,Wheat,55.2,KG,1656,Pending
MDM001140,2025-05-17,SCH0498,Kumar General Store,Rice,,,880,Cleared
MDM010453,2025-12-02,SCH0093,Sharma Traders,Mustard Oil,53.2,KG,6384,Cleared
MDM005617,2025-12-09,SCH0530,Singh Brothers,Rice,0.366,BAG,732,Pending
MDM003976,2025-10-12,SCH0334,S. Agro Works,Wheat,26600.0,G,798,
MDM009781,2026-01-16,SCH0209,S. Agro Works,Rice,1.164,BAG_50KG,2328,Paid
MDM005884,2025-07-25,SCH0149,S. Agro Works,Mustard Oil,55300.0,G,6636,
MDM009610,2025-09-26,SCH0439,Goyal Enterprises,Rice,0.826,BAG,1652,Cleared
MDM001954,2025-06-29,SCH0475,Kumar & Co.,Atta,38100.0,G,1143,Paid
MDM000032,2025-06-01,SCH0318,S. Agro Works,Dal,,,2214,Paid
MDM001251,2025-08-10,SCH0026,Singh Agro,Wheat,10900.0,G,327,Paid
MDM008850,2025-09-14,SCH0422,Sharma Traders,Mustard Oil,,,1764,
MDM008215,2025-10-24,SCH0572,Goyal Mill,Atta,0.9440000000000001,SACK,1416,Paid
MDM007074,2026-03-17,SCH0048,Singh Brothers,Dal,,,3582,Due
MDM008256,2026-03-04,SCH0386,Kumar General Store,Rice,,,2100,Due
MDM002381,2025-06-09,SCH0065,Kumar & Co.,Dal,26500.0,G,2385,Pending
MDM000851,2025-11-17,SCH0542,Sharma Traders,Dal,,,1629,Pending
MDM005131,2025-08-21,SCH0295,Sharma Traders Pvt Ltd,Atta,48.5,KG,1455,Pending
MDM009594,2026-03-16,SCH0124,S. Agro Works,Rice,,,1304,Pending
MDM008139,2026-02-21,SCH0579,S. Agro Works,Dal,52.4,KG,4716,Due
MDM000051,2025-12-09,SCH0464,Singh Agro,Cooking Oil,48200.0,G,,Paid
MDM000857,2025-12-30,SCH0387,Kumar General Store,Dal,1.122,BAG,5049,Paid
MDM000484,2025-11-28,SCH0475,S. Agro Works,oil,,,4404,Paid
MDM011250,2025-12-26,SCH0164,S. Agro Works,Wheat,39400.0,G,1182,
MDM007504,2025-05-28,SCH0328,Singh Brothers,Rice,0.982,SACK,1964,Cleared
MDM007199,2025-08-04,SCH0050,Kumar & Co.,oil,56.0,KG,6720,Pending
MDM002792,2026-02-15,SCH0165,Goyal Enterprises,Mustard Oil,0.7040000000000001,BAG,,Due
MDM007158,2025-09-15,SCH0396,Singh Brothers,Mustard Oil,0.972,BORI,5832,
MDM008078,2025-07-05,SCH0321,Singh Agro,Rice,,,1840,
MDM008193,2026-01-10,SCH0057,Sharma Traders,Wheat,,,1275,Pending
MDM009485,2026-02-16,SCH0318,Singh Agro,Rice,0.414,BORI,828,
MDM007493,2025-07-16,SCH0579,Goyal Rice Mill,Wheat,44.0,KG,1320,Paid
MDM010832,2025-05-25,SCH0177,Singh Brothers,oil,0.858,BAG,5148,Pending
MDM001415,2025-04-15,SCH0388,Singh Agro,Dal,46.2,KG,4158,Paid
MDM003541,2025-12-22,SCH0593,Kumar General Store,Dal,46.0,KG,4140,Cleared
MDM004099,2025-12-13,SCH0462,Kumar Supplies,Wheat,0.626,BAG_50KG,939,Pending
MDM000252,2025-07-13,SCH0272,Sharma Traders,Mustard Oil,28.3,KG,3396,Pending
MDM006734,2026-01-10,SCH0486,S. Agro Works,Dal,46700.0,G,4203,
MDM010986,2025-09-29,SCH0265,Kumar & Co.,Rice,40200.0,G,1608,Due
MDM001723,2026-02-17,SCH0586,Goyal Mill,oil,,,4800,Cleared
MDM000994,2025-07-02,SCH0158,Kumar & Co.,Atta,39.3,KG,1179,Paid
MDM004677,2025-06-01,SCH0350,Sharma Traders,Rice,44.9,KG,1796,Due
MDM010422,2026-01-04,SCH0180,Sharma & Sons,Dal,0.51,BAG,2295,Pending
MDM011170,2026-03-21,SCH0047,Goyal Enterprises,Dal,33900.0,G,3051,Cleared
MDM000300,2026-02-08,SCH0531,Sharma & Sons,Mustard Oil,1.09,BAG_50KG,6540,
MDM008356,2025-06-27,SCH0333,Sharma Traders,oil,52400.0,G,6288,
MDM009661,2025-08-04,SCH0558,Sharma & Sons,Rice,17400.0,G,696,Paid
MDM010370,2025-09-03,SCH0047,Singh Brothers,Rice,39.4,KG,1576,Pending
MDM006256,2025-04-19,SCH0256,Goyal Enterprises,Rice,0.56,BORI,1120,Pending
MDM005028,2025-11-08,SCH0223,S. Agro Works,Wheat,0.774,BAG_50KG,1161,
MDM001935,2025-04-21,SCH0428,Kumar General Store,Wheat,51200.0,G,1536,Pending
MDM011911,2025-06-13,SCH0365,Kumar & Co.,Rice,,,540,Due
MDM005915,2025-10-23,SCH0037,Kumar & Co.,Mustard Oil,,,3612,Paid
MDM002620,2026-01-14,SCH0445,Sharma Traders Pvt Ltd,Cooking Oil,,,3660,Paid
MDM001865,2025-06-09,SCH0430,Kumar & Co.,Dal,0.33,BAG_50KG,1485,Cleared
MDM007411,2026-03-29,SCH0308,Goyal Rice Mill,Mustard Oil,59.7,KG,7164,Pending
MDM004085,2025-09-21,SCH0487,Goyal Enterprises,Rice,0.34,BAG,680,
MDM000669,2025-11-26,SCH0465,Kumar General Store,Rice,21100.0,G,844,Pending
MDM010815,2025-09-08,SCH0544,Sharma & Sons,Rice,33800.0,G,1352,Due
MDM002685,2025-04-22,SCH0227,Kumar & Co.,Dal,22.1,KG,1989,Pending
MDM005220,2026-01-02,SCH0064,Goyal Rice Mill,Rice,35.7,KG,1428,Paid
MDM006074,2026-03-06,SCH0576,Sharma Traders Pvt Ltd,Dal,36.4,KG,3276,Pending
MDM007970,2026-01-09,SCH0413,Kumar General Store,oil,39.4,KG,4728,Due
MDM001011,2025-11-27,SCH0052,Goyal Rice Mill,Rice,19200.0,G,768,Pending
MDM004238,2025-04-19,SCH0060,Singh Agro,Rice,0.354,BORI,708,Paid
MDM010432,2025-04-21,SCH0071,Sharma & Sons,Rice,,,692,Pending
MDM004376,2025-06-28,SCH0355,Singh Agro,Atta,0.234,SACK,351,
MDM009040,2025-07-22,SCH0196,Kumar Supplies,Dal,,,1872,Paid
MDM000304,2025-06-29,SCH0391,Sharma Traders,Atta,,,309,Due
MDM010696,2025-07-07,SCH0013,Sharma Traders,Mustard Oil,,,5592,Cleared
MDM009344,2025-06-30,SCH0198,Goyal Enterprises,Rice,59000.0,G,2360,Paid
MDM004103,2025-07-24,SCH0237,Goyal Rice Mill,Dal,25.4,KG,2286,
MDM005295,2025-05-26,SCH0174,Goyal Mill,Dal,40.2,KG,3618,Paid
MDM001122,2025-12-15,SCH0334,Singh Agro,Rice,39500.0,G,1580,Due
MDM003016,2026-02-05,SCH0583,Kumar & Co.,Cooking Oil,0.922,BAG,5532,Paid
MDM008171,2026-01-28,SCH0590,Goyal Mill,Dal,27600.0,G,2484,Paid
MDM002406,2025-06-30,SCH0454,Sharma Traders,Dal,43.4,KG,3906,
MDM008669,2025-04-18,SCH0308,Singh Brothers,Wheat,,,759,Paid
MDM008406,2025-04-07,SCH0016,Sharma Traders,Cooking Oil,,,4128,Pending
MDM011506,2025-11-19,SCH0197,Goyal Enterprises,Dal,43000.0,G,3870,Pending
MDM011609,2025-12-18,SCH0452,Kumar General Store,Mustard Oil,,,3492,Cleared
MDM007212,2025-10-14,SCH0455,Sharma Traders Pvt Ltd,Mustard Oil,,,2976,
MDM007382,2025-09-18,SCH0055,Goyal Enterprises,Dal,0.47,BAG,2115,Due
MDM004903,2025-12-29,SCH0555,Sharma & Sons,Atta,44600.0,G,1338,Cleared
MDM008977,2026-02-25,SCH0497,Kumar & Co.,Dal,,,3699,Pending
MDM003922,2025-08-24,SCH0574,S. Agro Works,Rice,52.4,KG,,Pending
MDM008255,2025-08-02,SCH0165,Goyal Rice Mill,Cooking Oil,0.838,BAG_50KG,5028,Cleared
MDM002859,2025-04-17,SCH0054,Kumar General Store,Dal,0.948,SACK,4266,
MDM005667,2025-09-07,SCH0391,Goyal Mill,Atta,49.8,KG,1494,Paid
MDM004044,2026-02-27,SCH0172,Singh Brothers,Rice,,,2220,Pending
MDM011436,2025-11-02,SCH0539,Goyal Rice Mill,Mustard Oil,10.4,KG,,
MDM007692,2025-06-15,SCH0525,Kumar Supplies,Mustard Oil,,,3684,Due
MDM004619,2025-12-13,SCH0295,Kumar & Co.,Rice,46500.0,G,1860,
MDM007978,2025-04-19,SCH0589,Goyal Enterprises,Rice,27000.0,G,1080,Pending
MDM011067,2025-07-08,SCH0252,Kumar Supplies,oil,33.7,KG,4044,Pending
MDM007537,2025-09-04,SCH0152,Goyal Enterprises,oil,23.6,KG,2832,
MDM001403,2025-06-11,SCH0520,Sharma Traders,Rice,0.932,BAG_50KG,1864,Paid
MDM005278,2025-09-27,SCH0048,Singh Brothers,oil,,,3300,Pending
MDM007316,2025-11-26,SCH0401,Singh Agro,Dal,23.6,KG,2124,
MDM008294,2026-02-24,SCH0407,Goyal Enterprises,Dal,,,3960,Due
MDM011651,2025-10-22,SCH0275,Sharma Traders Pvt Ltd,Atta,19.1,KG,,Paid
MDM006904,2025-12-09,SCH0447,Goyal Rice Mill,Rice,42.6,KG,1704,Due
MDM008490,2025-06-10,SCH0225,Goyal Enterprises,Rice,23.8,KG,952,Cleared
MDM006246,2026-01-30,SCH0579,Singh Agro,Atta,0.366,SACK,549,Due
MDM011047,2025-09-07,SCH0068,Singh Agro,Mustard Oil,,,2616,Cleared
MDM004880,2025-08-04,SCH0456,Sharma Traders,Wheat,1.176,BAG,1764,Cleared
MDM011044,2025-10-23,SCH0138,Kumar Supplies,Rice,50.5,KG,2020,Paid
MDM009388,2025-06-11,SCH0297,Goyal Mill,Rice,,,1908,
MDM006578,2025-07-01,SCH0042,Singh Agro,Dal,,,3600,
MDM006851,2026-01-12,SCH0111,Sharma Traders Pvt Ltd,Dal,41.5,KG,3735,Due
MDM006753,2025-07-26,SCH0518,Sharma Traders,Rice,0.628,BAG,1256,Pending
MDM007019,2025-07-07,SCH0600,Kumar Supplies,Atta,27300.0,G,819,
MDM005378,2025-07-27,SCH0142,Sharma & Sons,Wheat,45.6,KG,1368,Paid
MDM003707,2026-01-11,SCH0040,S. Agro Works,Wheat,0.7759999999999999,BAG,1164,Paid
MDM008698,2025-07-30,SCH0160,Sharma Traders Pvt Ltd,Dal,51200.0,G,4608,Paid
MDM005130,2025-10-21,SCH0202,Sharma Traders Pvt Ltd,Wheat,,,1008,Paid
MDM009416,2025-04-16,SCH0533,Goyal Mill,Dal,,,3564,Due
MDM010005,2025-09-20,SCH0541,Kumar Supplies,Wheat,,,1761,Due
MDM006153,2025-09-14,SCH0005,S. Agro Works,Atta,0.794,BORI,1191,
MDM010063,2026-01-22,SCH0057,Kumar General Store,Wheat,28.8,KG,864,Pending
MDM009816,2026-03-02,SCH0086,Sharma Traders Pvt Ltd,Wheat,0.782,BAG,1173,Pending
MDM000435,2025-11-18,SCH0373,Sharma & Sons,Rice,1.182,BAG,2364,
MDM007136,2026-02-13,SCH0104,Goyal Enterprises,Rice,0.672,SACK,1344,Paid
MDM006736,2025-07-18,SCH0311,Kumar General Store,Rice,0.7140000000000001,BAG,,Pending
MDM007067,2025-06-07,SCH0057,Kumar & Co.,Wheat,37.9,KG,1137,
MDM003211,2025-10-20,SCH0167,Kumar Supplies,Mustard Oil,,,6300,Pending
MDM007418,2026-02-05,SCH0436,Sharma Traders,Dal,,,4077,Pending
MDM010759,2026-01-27,SCH0443,Sharma Traders Pvt Ltd,Mustard Oil,26.9,KG,3228,Due
MDM001826,2025-12-11,SCH0370,Sharma Traders,Cooking Oil,23.8,KG,2856,Paid
MDM004701,2025-06-07,SCH0457,Sharma Traders Pvt Ltd,Rice,36800.0,G,1472,Paid
MDM010908,2025-07-14,SCH0575,Singh Agro,Wheat,10.5,KG,315,Paid
MDM006704,2025-04-02,SCH0372,Goyal Mill,Dal,0.8420000000000001,SACK,3789,Paid
MDM010734,2025-12-13,SCH0363,Sharma & Sons,Rice,59.9,KG,2396,Paid
MDM009998,2025-08-11,SCH0553,Singh Agro,Rice,29.0,KG,1160,Cleared
MDM005139,2025-04-04,SCH0092,Sharma & Sons,Dal,19.0,KG,1710,Pending
MDM005478,2025-10-14,SCH0237,Kumar General Store,Wheat,32500.0,G,975,
MDM002875,2026-03-16,SCH0008,Sharma Traders Pvt Ltd,Dal,46400.0,G,4176,Cleared
MDM002555,2025-05-09,SCH0286,Singh Brothers,Wheat,,,705,Pending
MDM001352,2025-12-13,SCH0351,S. Agro Works,Dal,0.95,BORI,4275,Pending
MDM011889,2025-09-29,SCH0131,Kumar General Store,Cooking Oil,18.1,KG,2172,Due
MDM005039,2025-10-02,SCH0132,Kumar General Store,Atta,,,,Due
MDM011827,2026-01-25,SCH0431,Singh Brothers,Mustard Oil,51.9,KG,6228,Paid
MDM008674,2025-12-07,SCH0252,Sharma & Sons,Mustard Oil,,,1248,Pending
MDM005066,2025-05-15,SCH0483,Singh Brothers,Mustard Oil,26.2,KG,3144,Pending
MDM005581,2026-03-07,SCH0568,Goyal Rice Mill,Rice,,,2280,Pending
MDM001198,2026-01-09,SCH0333,Singh Agro,Rice,,,496,Paid
MDM006099,2026-01-11,SCH0248,Singh Agro,Rice,,,1596,Paid
MDM010138,2025-09-27,SCH0537,Kumar & Co.,Rice,57.2,KG,2288,
MDM003694,2026-01-09,SCH0247,Sharma Traders Pvt Ltd,Rice,12.7,KG,508,Paid
MDM003729,2025-04-03,SCH0455,Kumar & Co.,oil,0.272,BORI,1632,Due
MDM009553,2026-01-18,SCH0068,Singh Agro,Dal,,,3806,Paid
MDM005994,2025-08-23,SCH0460,Sharma Traders Pvt Ltd,Rice,,,700,
MDM010748,2025-07-22,SCH0022,Sharma & Sons,Wheat,15700.0,G,471,Pending
MDM004834,2025-07-13,SCH0177,Singh Agro,Dal,,,4104,
MDM008580,2025-08-13,SCH0427,S. Agro Works,Atta,,,372,Due
MDM010820,2025-11-12,SCH0563,Goyal Enterprises,Rice,,,808,Due
MDM004794,2025-09-23,SCH0254,Sharma & Sons,Rice,0.284,BAG,568,Pending
MDM001454,2025-10-20,SCH0514,Sharma Traders,Wheat,1.024,BAG,1536,Pending
MDM009142,2026-01-10,SCH0464,Kumar Supplies,Mustard Oil,51.8,KG,6216,Pending
MDM011439,2026-01-25,SCH0543,Sharma Traders,Cooking Oil,22.9,KG,2748,Due
MDM009488,2026-02-19,SCH0445,Sharma & Sons,Dal,15000.0,G,1350,Due
MDM004346,2025-12-24,SCH0301,Sharma Traders,Rice,21.7,KG,868,Pending
MDM005359,2026-03-14,SCH0272,Goyal Rice Mill,Mustard Oil,,,5760,Pending
MDM006612,2025-06-18,SCH0367,Goyal Enterprises,oil,22100.0,G,2652,
MDM004740,2026-03-10,SCH0073,Singh Brothers,Rice,0.7959999999999999,BORI,1592,Cleared
MDM000108,2025-04-06,SCH0475,Goyal Enterprises,Dal,25.9,KG,2331,
MDM001721,2025-10-18,SCH0451,Singh Agro,Rice,,,2084,Cleared
MDM006506,2025-08-14,SCH0174,Sharma Traders Pvt Ltd,Wheat,,,1512,Cleared
MDM001580,2026-03-10,SCH0367,Kumar & Co.,Dal,55900.0,G,5031,Pending
MDM006335,2025-08-03,SCH0283,S. Agro Works,Rice,1.19,BAG_50KG,2380,Cleared
MDM003468,2025-04-30,SCH0345,Sharma Traders Pvt Ltd,Wheat,,,564,Paid
MDM005305,2025-12-03,SCH0307,Singh Agro,Dal,25.1,KG,2259,
MDM002456,2025-06-26,SCH0187,S. Agro Works,Rice,57.5,KG,2300,Paid
MDM009595,2025-04-16,SCH0329,Sharma Traders Pvt Ltd,Wheat,,,465,
MDM002949,2026-02-06,SCH0306,Goyal Rice Mill,Wheat,19.7,KG,591,Cleared
MDM002761,2026-01-18,SCH0415,Singh Brothers,Rice,0.636,BAG_50KG,1272,Cleared
MDM001792,2026-03-02,SCH0044,Sharma Traders,Dal,20700.0,G,1863,
MDM002799,2025-11-12,SCH0492,Sharma & Sons,Wheat,47900.0,G,1437,Paid
MDM009641,2025-10-24,SCH0382,Kumar & Co.,Dal,55200.0,G,4968,Pending
MDM002453,2025-05-14,SCH0064,S. Agro Works,Wheat,59900.0,G,1797,Cleared
MDM000218,2025-09-22,SCH0574,Kumar & Co.,Wheat,38.2,KG,1146,Pending
MDM009103,2026-01-24,SCH0358,Sharma Traders Pvt Ltd,oil,,,3995,Due
MDM007941,2025-04-04,SCH0143,Goyal Enterprises,Dal,27.1,KG,2439,Due
MDM009415,2025-10-31,SCH0370,Kumar General Store,Cooking Oil,20.6,KG,2472,Paid
MDM008808,2025-09-23,SCH0576,Goyal Mill,Rice,47.0,KG,1880,
MDM004047,2025-06-16,SCH0372,Kumar & Co.,Rice,,,1620,
MDM002994,2025-08-09,SCH0337,Kumar Supplies,oil,,,,Cleared
MDM005838,2025-11-07,SCH0440,Singh Agro,Cooking Oil,0.502,BAG,3012,Cleared
MDM000511,2025-04-17,SCH0524,Sharma & Sons,oil,56.4,KG,6768,Paid
MDM000701,2025-10-22,SCH0311,Goyal Mill,Rice,,,1592,Pending
MDM001936,2025-12-15,SCH0543,Sharma Traders,Dal,,,1467,Paid
MDM004817,2025-12-17,SCH0095,Goyal Rice Mill,Rice,,,2008,Cleared
MDM011349,2025-10-07,SCH0343,Kumar General Store,Dal,11.8,KG,1062,
MDM010259,2025-10-13,SCH0225,Singh Agro,Cooking Oil,,,3876,Cleared
MDM005520,2025-10-11,SCH0562,Sharma Traders,Dal,,,1233,
MDM004756,2025-11-28,SCH0463,Goyal Mill,oil,22.0,KG,2640,Pending
MDM010209,2026-03-12,SCH0252,S. Agro Works,Rice,52.2,KG,2088,Paid
MDM005891,2025-09-17,SCH0238,Kumar Supplies,Wheat,19700.0,G,591,Cleared
MDM000574,2026-01-18,SCH0105,Goyal Enterprises,Dal,1.164,BAG,5238,Paid
MDM001007,2026-01-07,SCH0283,Sharma Traders,Cooking Oil,0.3720000000000001,BORI,2232,Cleared
MDM002320,2025-11-04,SCH0196,Singh Brothers,Wheat,16.7,KG,501,Paid
MDM000040,2025-05-20,SCH0464,Goyal Rice Mill,Wheat,23000.0,G,690,Pending
MDM002752,2025-11-26,SCH0543,Kumar Supplies,Wheat,0.472,SACK,708,Pending
MDM003028,2026-02-10,SCH0400,Singh Agro,Dal,48.6,KG,4374,Pending
MDM004976,2025-06-28,SCH0239,S. Agro Works,Dal,0.206,BAG_50KG,927,
MDM006481,2025-04-23,SCH0572,Goyal Mill,Rice,,,2280,Cleared
MDM005803,2026-03-22,SCH0477,S. Agro Works,Wheat,1.064,BAG,1596,Pending
MDM000933,2025-04-08,SCH0561,Kumar & Co.,Wheat,46100.0,G,1383,Pending
MDM007960,2025-04-10,SCH0188,S. Agro Works,Rice,28500.0,G,1140,
MDM002291,2025-07-23,SCH0586,S. Agro Works,Rice,13600.0,G,544,Cleared
MDM010826,2026-02-27,SCH0105,Sharma Traders Pvt Ltd,Wheat,,,339,Paid
MDM002499,2025-04-22,SCH0208,Kumar & Co.,oil,10.8,KG,1296,Pending
MDM000347,2025-07-10,SCH0353,Sharma Traders,Mustard Oil,15.8,KG,1896,
MDM010662,2025-04-15,SCH0009,Kumar Supplies,Wheat,22.3,KG,669,Pending
MDM011557,2026-01-24,SCH0030,Kumar General Store,Dal,19.1,KG,1719,Due
MDM006217,2026-03-31,SCH0306,Kumar General Store,Wheat,,,672,Pending
MDM011289,2025-10-27,SCH0258,Goyal Rice Mill,Dal,23700.0,G,2133,Paid
MDM005169,2025-12-12,SCH0109,Kumar General Store,Dal,,,1449,Due
MDM001167,2025-10-28,SCH0374,Sharma Traders,Atta,20.1,KG,603,
MDM004809,2025-05-21,SCH0320,Sharma & Sons,Cooking Oil,13.3,KG,1596,Cleared
MDM007802,2025-08-02,SCH0132,Kumar & Co.,Mustard Oil,,,1368,Paid
MDM007933,2025-11-05,SCH0149,Kumar Supplies,Dal,,,5085,Pending
MDM004541,2025-08-08,SCH0029,Singh Agro,Mustard Oil,0.648,SACK,3888,Pending
MDM011705,2025-12-24,SCH0061,Sharma Traders Pvt Ltd,oil,19400.0,G,2328,Paid
MDM005147,2026-02-13,SCH0156,Singh Brothers,Dal,53.4,KG,4806,
MDM003207,2025-11-07,SCH0031,Singh Agro,Dal,50.4,KG,4536,Cleared
MDM006093,2025-07-29,SCH0498,Goyal Rice Mill,Dal,0.528,BAG,2376,
MDM003069,2026-02-23,SCH0437,Sharma Traders,Rice,42.0,KG,1680,Pending
MDM000972,2026-03-28,SCH0387,Singh Brothers,Dal,12800.0,G,1152,Pending
MDM007460,2025-10-16,SCH0376,Sharma Traders,Dal,,,2214,Pending
MDM004293,2025-04-26,SCH0528,Singh Agro,Wheat,47600.0,G,1428,Paid
MDM010715,2026-03-25,SCH0063,Sharma Traders,oil,43.7,KG,,Pending
MDM005901,2026-03-12,SCH0123,Kumar & Co.,Wheat,48800.0,G,,Pending
MDM002058,2025-08-07,SCH0447,Kumar & Co.,Cooking Oil,,,2652,Due
MDM010658,2026-01-19,SCH0211,Goyal Enterprises,Mustard Oil,48500.0,G,5820,Pending
MDM008547,2026-02-14,SCH0010,Goyal Rice Mill,Dal,57.2,KG,5148,Due
MDM003129,2025-12-15,SCH0244,Kumar General Store,Dal,1.06,BAG,4770,
MDM002609,2025-09-18,SCH0325,Singh Agro,Cooking Oil,44600.0,G,5352,Pending
MDM006626,2025-10-29,SCH0432,Goyal Rice Mill,Wheat,,,1164,Due
MDM006028,2025-05-13,SCH0384,Kumar General Store,Cooking Oil,0.884,BAG,5304,Due
MDM005726,2025-08-18,SCH0130,Singh Agro,Mustard Oil,46400.0,G,5568,Cleared
MDM001409,2025-12-04,SCH0109,Sharma & Sons,Rice,,,1444,Cleared
MDM008883,2025-11-30,SCH0387,S. Agro Works,Wheat,20.8,KG,624,Due
MDM005408,2025-11-04,SCH0165,Goyal Enterprises,Wheat,33.1,KG,,
MDM003127,2025-12-20,SCH0006,Goyal Enterprises,Dal,55700.0,G,5013,
MDM002086,2025-12-24,SCH0221,S. Agro Works,Mustard Oil,19.8,KG,2376,Due
MDM010037,2025-11-12,SCH0368,Sharma Traders,Wheat,37900.0,G,1137,Paid
MDM007916,2025-10-24,SCH0593,Singh Agro,Mustard Oil,,,3420,Pending
MDM010901,2025-09-14,SCH0462,Sharma Traders Pvt Ltd,oil,13.2,KG,1584,Due
MDM005211,2025-10-04,SCH0273,Goyal Rice Mill,Wheat,,,1248,Paid
MDM006313,2025-05-20,SCH0308,Kumar & Co.,Rice,34.7,KG,1388,Paid
MDM003887,2025-07-29,SCH0421,Sharma Traders Pvt Ltd,Dal,33.7,KG,,Due
MDM003400,2025-08-16,SCH0048,Kumar & Co.,Wheat,56.3,KG,1689,Pending
MDM008010,2026-01-05,SCH0490,Goyal Enterprises,Wheat,0.308,BAG,,Pending
MDM002271,2025-07-23,SCH0334,Singh Brothers,Wheat,0.542,BAG,813,Cleared
MDM005124,2026-01-17,SCH0399,Sharma Traders Pvt Ltd,Mustard Oil,,,4404,
MDM003144,2026-02-22,SCH0595,Kumar & Co.,Cooking Oil,0.434,BAG_50KG,2604,Pending
MDM001369,2026-01-17,SCH0308,Sharma & Sons,Rice,,,1528,Due
MDM005986,2026-02-22,SCH0342,Goyal Rice Mill,Mustard Oil,,,1620,
MDM006271,2025-11-29,SCH0175,Singh Brothers,Wheat,10.3,KG,309,Pending
MDM009451,2025-06-30,SCH0384,Kumar General Store,Dal,,,3339,Pending
MDM009893,2025-12-15,SCH0045,Kumar General Store,Dal,,,4797,Cleared
MDM007826,2025-04-18,SCH0367,Sharma Traders Pvt Ltd,Wheat,,,1548,Due
MDM005157,2025-05-01,SCH0150,Kumar Supplies,oil,,,2400,Paid
MDM000211,2025-10-03,SCH0569,Goyal Rice Mill,Dal,0.434,BAG,1953,Cleared
MDM008779,2025-05-29,SCH0174,Singh Brothers,oil,42.8,KG,5136,Cleared
MDM004610,2025-09-25,SCH0544,Kumar & Co.,Rice,,,2296,Pending
MDM000652,2026-03-26,SCH0150,Singh Brothers,Cooking Oil,,,5208,Pending
MDM010562,2026-03-04,SCH0231,Singh Agro,Wheat,10.9,KG,,Pending
MDM009220,2025-04-10,SCH0507,Kumar General Store,Dal,28100.0,G,,Due
MDM002421,2025-07-10,SCH0243,Singh Brothers,Rice,0.502,BORI,1004,Paid
MDM011294,2026-01-16,SCH0133,Singh Brothers,Rice,22.0,KG,880,Cleared
MDM006424,2025-10-15,SCH0277,Kumar & Co.,Dal,29.2,KG,2628,Due
MDM005533,2025-04-17,SCH0040,Goyal Enterprises,Dal,35.4,KG,3186,Due
MDM010571,2025-06-01,SCH0457,Sharma Traders,Rice,,,1400,Pending
MDM003890,2025-05-21,SCH0185,Goyal Enterprises,Mustard Oil,53.9,KG,6468,Paid
MDM005272,2025-07-31,SCH0062,S. Agro Works,Mustard Oil,15400.0,G,1848,Paid
MDM008370,2025-10-11,SCH0256,Kumar General Store,Mustard Oil,0.716,SACK,4296,Paid
MDM002955,2026-01-26,SCH0552,Kumar & Co.,Dal,,,1170,Cleared
MDM008521,2025-07-26,SCH0221,Sharma Traders Pvt Ltd,Dal,20.0,KG,1800,Paid
MDM001348,2025-04-22,SCH0528,Sharma Traders,Rice,0.23,BAG_50KG,460,Cleared
MDM000399,2025-08-25,SCH0159,Goyal Mill,Mustard Oil,54.0,KG,6480,Due
MDM007894,2026-02-19,SCH0425,Goyal Rice Mill,Mustard Oil,,,6552,Pending
MDM000909,2025-07-05,SCH0341,Goyal Mill,Wheat,,,648,
MDM000593,2025-07-07,SCH0286,Goyal Rice Mill,oil,0.742,BAG_50KG,,Cleared
MDM009175,2026-02-18,SCH0092,Sharma Traders Pvt Ltd,oil,36.1,KG,4332,Pending
MDM004345,2025-05-07,SCH0141,Kumar General Store,Rice,15.8,KG,632,Cleared
MDM004116,2025-09-23,SCH0293,Kumar Supplies,Wheat,,,1389,Paid
MDM010659,2026-03-29,SCH0563,Kumar & Co.,Rice,49300.0,G,,
MDM008020,2025-09-14,SCH0314,Sharma Traders,Dal,33.4,KG,3006,Cleared
MDM007101,2025-12-12,SCH0324,Goyal Enterprises,Dal,57300.0,G,5157,Cleared
MDM008517,2026-01-12,SCH0498,Kumar Supplies,oil,,,3744,
MDM009953,2025-05-31,SCH0574,S. Agro Works,Rice,0.318,BORI,636,Due
MDM006801,2025-10-13,SCH0525,Goyal Mill,Mustard Oil,53500.0,G,6420,
MDM003412,2025-08-19,SCH0557,Sharma Traders,Rice,0.934,BORI,1868,Due
MDM000765,2025-06-18,SCH0497,Kumar Supplies,Wheat,37.5,KG,1125,
MDM005800,2025-07-27,SCH0493,Goyal Mill,Dal,0.96,SACK,4320,Cleared
MDM000583,2026-01-01,SCH0071,Singh Brothers,Rice,,,,Pending
MDM006871,2026-01-03,SCH0193,S. Agro Works,Rice,33.8,KG,1352,Pending
MDM005397,2025-12-27,SCH0127,Goyal Rice Mill,Cooking Oil,,,3084,Pending
MDM011352,2026-03-17,SCH0255,Goyal Rice Mill,oil,38400.0,G,4608,Pending
MDM008573,2025-12-12,SCH0576,Singh Brothers,Rice,60000.0,G,2400,Cleared
MDM005096,2025-08-23,SCH0455,Kumar & Co.,Wheat,0.8059999999999999,SACK,1209,Paid
MDM001321,2026-01-24,SCH0119,Sharma Traders Pvt Ltd,oil,58000.0,G,6960,
MDM010229,2025-05-20,SCH0138,Sharma Traders Pvt Ltd,Dal,0.448,BORI,2016,Paid
MDM009212,2025-04-30,SCH0558,S. Agro Works,Wheat,32.2,KG,966,Due
MDM003061,2025-04-29,SCH0083,Kumar & Co.,Cooking Oil,25200.0,G,3024,Pending
MDM001622,2025-07-25,SCH0326,Kumar Supplies,Atta,17.8,KG,534,Cleared
MDM008230,2025-07-08,SCH0521,Kumar General Store,Rice,0.59,BORI,1180,Paid
MDM004415,2026-01-03,SCH0334,Sharma Traders,Mustard Oil,,,5292,Cleared
MDM004185,2025-08-05,SCH0542,Sharma & Sons,Dal,47600.0,G,4284,Pending
MDM011904,2026-02-02,SCH0024,Sharma & Sons,Rice,47700.0,G,1908,Cleared
MDM004930,2025-07-15,SCH0062,Goyal Enterprises,Rice,1.076,SACK,2152,Cleared
MDM010849,2026-03-31,SCH0279,Kumar Supplies,Mustard Oil,0.468,BORI,2808,Paid
MDM001624,2025-11-13,SCH0527,Goyal Rice Mill,Rice,,,2280,Due
MDM002021,2025-04-23,SCH0004,Sharma Traders,Dal,0.85,BAG,3825,Pending
MDM003354,2026-03-23,SCH0408,Kumar General Store,Mustard Oil,0.506,SACK,3036,Paid
MDM005016,2025-10-20,SCH0269,Kumar & Co.,Rice,0.634,SACK,1268,Paid
MDM005401,2025-05-13,SCH0280,S. Agro Works,Wheat,0.342,BAG,513,
MDM007188,2025-04-15,SCH0389,Goyal Enterprises,Dal,,,3744,Pending
MDM006416,2025-12-17,SCH0336,Kumar & Co.,Dal,,,2214,Pending
MDM009101,2025-08-27,SCH0475,Singh Agro,Rice,24.7,KG,988,Paid
MDM006962,2025-10-18,SCH0481,Kumar Supplies,Wheat,28500.0,G,855,Pending
MDM001517,2025-04-12,SCH0069,Goyal Rice Mill,Dal,,,927,Paid
MDM002329,2026-02-27,SCH0093,Sharma & Sons,Dal,55.4,KG,4986,Paid
MDM007600,2025-08-20,SCH0037,Goyal Rice Mill,Wheat,22000.0,G,660,Paid
MDM005527,2026-03-29,SCH0061,Goyal Rice Mill,Wheat,30800.0,G,924,Paid
MDM011578,2025-05-18,SCH0257,Sharma Traders Pvt Ltd,Dal,,,2988,Pending
MDM002997,2025-12-02,SCH0097,Goyal Enterprises,Wheat,49200.0,G,1476,Paid
MDM004401,2026-03-15,SCH0005,Kumar Supplies,Dal,33200.0,G,2988,Pending
MDM010188,2025-04-29,SCH0495,S. Agro Works,Dal,40700.0,G,3663,Cleared
MDM006367,2026-03-08,SCH0441,Goyal Enterprises,Dal,23.1,KG,2079,
MDM007077,2026-03-19,SCH0385,Sharma & Sons,Wheat,,,1182,
MDM007883,2026-01-09,SCH0035,Goyal Mill,Mustard Oil,14.7,KG,,Pending
MDM007516,2025-12-21,SCH0201,Singh Agro,Mustard Oil,0.976,BAG,5856,Pending
MDM007071,2026-03-31,SCH0055,Goyal Mill,Wheat,0.448,BAG,672,Paid
MDM002184,2025-06-13,SCH0175,Kumar General Store,Dal,1.016,BAG_50KG,4572,Due
MDM008848,2026-02-04,SCH0134,Kumar General Store,Wheat,,,633,Paid
MDM002056,2025-09-10,SCH0374,Kumar Supplies,Mustard Oil,16.4,KG,1967,Pending
MDM009879,2025-12-28,SCH0428,Sharma & Sons,Rice,34.1,KG,1364,Pending
MDM001484,2025-04-02,SCH0093,S. Agro Works,Mustard Oil,38.5,KG,4620,Paid
MDM009100,2026-02-22,SCH0374,Goyal Enterprises,Wheat,0.234,SACK,351,
MDM004416,2025-05-19,SCH0234,Sharma & Sons,Dal,58.9,KG,5301,Cleared
MDM001356,2025-07-25,SCH0180,Kumar & Co.,Dal,41.6,KG,3744,Due
MDM007682,2025-12-10,SCH0461,Kumar Supplies,Cooking Oil,36.1,KG,4332,Pending
MDM002621,2026-01-08,SCH0511,Sharma Traders Pvt Ltd,Wheat,19500.0,G,585,Pending
MDM006445,2025-11-10,SCH0281,Goyal Mill,Rice,,,1556,Pending
MDM007996,2025-06-07,SCH0216,Sharma Traders,Rice,59.1,KG,2364,
MDM005318,2025-12-15,SCH0128,Kumar General Store,Dal,,,4977,Paid
MDM010596,2025-08-10,SCH0043,Sharma Traders Pvt Ltd,Rice,26900.0,G,1076,
MDM006655,2025-11-05,SCH0325,Singh Agro,Mustard Oil,0.22,BAG_50KG,,Pending
MDM005226,2026-01-14,SCH0562,Sharma Traders,oil,27.4,KG,3288,Paid
MDM005196,2025-11-19,SCH0006,Sharma Traders Pvt Ltd,Mustard Oil,38500.0,G,4620,Pending
MDM000249,2025-09-28,SCH0554,Kumar General Store,Dal,0.262,BAG,1179,Due
MDM008697,2026-01-15,SCH0334,Sharma Traders Pvt Ltd,Dal,,,2853,Paid
MDM003149,2025-05-21,SCH0011,Singh Agro,Atta,51700.0,G,,Pending
MDM003899,2026-01-11,SCH0490,Sharma & Sons,Dal,,,3213,Pending
MDM000563,2025-09-18,SCH0558,S. Agro Works,Dal,51.8,KG,4662,Pending
MDM010896,2025-07-17,SCH0393,Goyal Rice Mill,oil,,,6696,Pending
MDM011860,2026-01-22,SCH0345,Sharma & Sons,Wheat,,,1194,Pending
MDM007380,2026-01-08,SCH0148,S. Agro Works,Rice,50.2,KG,2008,
MDM004059,2025-10-23,SCH0275,Sharma Traders Pvt Ltd,Mustard Oil,0.792,BAG,4752,Pending
MDM011022,2025-10-25,SCH0599,Kumar General Store,Dal,,,1467,Paid
MDM000915,2025-05-29,SCH0184,Goyal Enterprises,Wheat,,,603,
MDM007364,2025-08-10,SCH0171,Goyal Enterprises,Rice,10.9,KG,436,Paid
MDM010355,2025-07-30,SCH0378,Kumar Supplies,Rice,36.7,KG,1468,
MDM009513,2025-12-12,SCH0592,Kumar General Store,Dal,28.3,KG,2547,Cleared
MDM008646,2025-09-27,SCH0212,Sharma Traders Pvt Ltd,Cooking Oil,,,,Pending
MDM003066,2025-11-19,SCH0161,S. Agro Works,Rice,,,2292,Pending
MDM001513,2026-03-18,SCH0373,Singh Brothers,Rice,42.7,KG,1708,Due
MDM000863,2025-06-11,SCH0147,S. Agro Works,Rice,,,512,Pending
MDM004383,2025-10-12,SCH0065,Singh Agro,Rice,0.292,SACK,584,Paid
MDM008208,2025-07-01,SCH0021,Sharma & Sons,Cooking Oil,,,3552,
MDM005750,2025-04-17,SCH0520,Kumar Supplies,Dal,,,1377,Pending
MDM004644,2026-02-13,SCH0140,Kumar Supplies,Rice,,,428,Paid
MDM004120,2026-03-26,SCH0200,Singh Agro,Rice,0.5379999999999999,BORI,1076,Pending
MDM009949,2025-04-06,SCH0420,Kumar Supplies,Cooking Oil,26.9,KG,3228,Cleared
MDM000181,2025-07-25,SCH0452,Sharma & Sons,Rice,41.1,KG,1644,
MDM011242,2025-09-17,SCH0385,Goyal Rice Mill,Wheat,1.128,BAG_50KG,1692,Pending
MDM010796,2025-04-26,SCH0273,Singh Agro,Wheat,,,1521,Due
MDM007500,2026-02-14,SCH0495,Kumar & Co.,Cooking Oil,0.986,BAG_50KG,5916,Pending
MDM007745,2025-07-04,SCH0488,Kumar Supplies,Wheat,,,1260,Paid
MDM009742,2025-08-19,SCH0170,Goyal Mill,Dal,50.9,KG,4581,Paid
MDM006500,2025-08-02,SCH0159,Goyal Mill,Dal,,,1323,Pending
MDM006966,2026-03-31,SCH0279,Singh Agro,Wheat,0.902,BAG,1353,
MDM004292,2025-12-19,SCH0291,Singh Brothers,Dal,0.7859999999999999,BORI,3537,Paid
MDM001845,2025-10-11,SCH0162,Singh Brothers,Rice,28.6,KG,1144,Due
MDM007132,2025-06-12,SCH0376,Goyal Rice Mill,Wheat,43000.0,G,1290,
MDM002158,2025-07-21,SCH0066,Singh Brothers,Cooking Oil,0.812,BAG,,Pending
MDM007744,2025-12-25,SCH0371,Sharma Traders Pvt Ltd,Dal,0.736,BORI,3312,Pending
MDM003071,2025-07-08,SCH0237,Goyal Mill,Atta,,,432,Pending
MDM005502,2025-10-04,SCH0452,Kumar & Co.,Wheat,28.5,KG,855,Pending
MDM011614,2025-05-12,SCH0552,Sharma Traders,Rice,36.4,KG,1456,Pending
MDM009721,2025-09-10,SCH0168,Singh Brothers,Rice,18.1,KG,724,Paid
MDM001211,2025-07-23,SCH0257,Singh Brothers,Dal,,,1071,Pending
MDM005966,2025-06-01,SCH0198,Goyal Enterprises,Dal,15.6,KG,1404,Due
MDM005468,2025-07-10,SCH0424,Goyal Enterprises,Wheat,0.3,BAG,450,Pending
MDM000901,2026-02-21,SCH0582,Singh Brothers,Dal,35.8,KG,3222,Pending
MDM006958,2026-03-26,SCH0016,Singh Brothers,Rice,37.6,KG,1504,
MDM004950,2025-12-24,SCH0083,Sharma Traders,Wheat,,,1521,Due
MDM001603,2025-12-22,SCH0427,S. Agro Works,Dal,1.118,BORI,5031,Due
MDM005934,2026-03-25,SCH0062,Goyal Enterprises,Dal,58.2,KG,,Due
MDM006534,2026-02-16,SCH0070,Sharma Traders Pvt Ltd,Dal,,,2493,Due
MDM004105,2025-06-10,SCH0063,Goyal Enterprises,Wheat,29600.0,G,888,Pending
MDM001956,2026-02-21,SCH0567,Kumar & Co.,Rice,15800.0,G,632,Cleared
MDM000093,2025-04-26,SCH0510,Kumar General Store,Dal,0.774,BAG_50KG,3483,Due
MDM005854,2025-10-11,SCH0529,Sharma & Sons,Mustard Oil,0.742,SACK,4452,Cleared
MDM008205,2026-01-22,SCH0462,Goyal Rice Mill,Dal,,,1845,Due
MDM009886,2025-10-30,SCH0171,Kumar Supplies,Dal,17700.0,G,1593,Pending
MDM005365,2025-07-01,SCH0480,Singh Agro,Dal,0.674,BAG_50KG,3033,Cleared
MDM007090,2025-04-08,SCH0340,Goyal Enterprises,Dal,0.736,SACK,3312,
MDM008910,2026-03-03,SCH0059,Sharma & Sons,Mustard Oil,1.052,BAG,6312,
MDM001587,2026-02-10,SCH0122,Kumar & Co.,Dal,,,2754,Paid
MDM007635,2025-06-21,SCH0152,Kumar Supplies,Rice,1.118,BAG,2236,Paid
MDM008168,2025-05-23,SCH0136,Sharma & Sons,Atta,15200.0,G,456,Cleared
MDM007947,2026-03-25,SCH0520,Sharma Traders,Dal,,,5067,Pending
MDM004210,2025-06-12,SCH0110,Goyal Rice Mill,Wheat,37800.0,G,,Paid
MDM011116,2025-06-22,SCH0244,Sharma Traders Pvt Ltd,Dal,,,4158,Due
MDM001085,2026-02-15,SCH0342,Sharma Traders Pvt Ltd,Rice,10.8,KG,432,Paid
MDM010285,2025-10-01,SCH0013,Kumar General Store,Wheat,0.526,BAG_50KG,789,Due
MDM008152,2025-07-05,SCH0423,Sharma Traders,Cooking Oil,1.136,BAG,6816,Paid
MDM008250,2025-07-16,SCH0399,Kumar & Co.,Dal,36.1,KG,3249,Paid
MDM006146,2025-06-21,SCH0397,Kumar & Co.,Rice,,,612,
MDM002169,2026-03-09,SCH0506,S. Agro Works,Wheat,0.512,BORI,768,
MDM011821,2025-10-23,SCH0034,Kumar & Co.,Rice,1.048,BAG_50KG,2096,Paid
MDM005351,2026-01-23,SCH0020,Sharma Traders Pvt Ltd,Dal,45.3,KG,4077,
MDM003070,2025-04-20,SCH0317,S. Agro Works,Wheat,53.6,KG,1608,Cleared
MDM008036,2026-02-28,SCH0437,Kumar Supplies,Dal,44.1,KG,3969,Paid
MDM007488,2025-08-29,SCH0585,Kumar Supplies,Rice,,,728,Due
MDM002326,2025-08-08,SCH0401,Singh Agro,Dal,56.1,KG,5049,Paid
MDM000409,2025-06-24,SCH0044,Kumar & Co.,Wheat,,,1548,Pending
MDM010129,2025-07-13,SCH0330,Kumar Supplies,Rice,,,916,Paid
MDM001494,2025-11-07,SCH0007,Goyal Enterprises,Mustard Oil,35.6,KG,4272,Cleared
MDM007407,2025-09-20,SCH0086,Goyal Enterprises,Rice,53600.0,G,2144,Paid
MDM010468,2026-01-06,SCH0437,Sharma Traders,Mustard Oil,57.2,KG,6864,Pending
MDM005647,2026-01-19,SCH0082,Goyal Rice Mill,oil,,,,Pending
MDM007200,2026-02-13,SCH0582,Sharma Traders Pvt Ltd,Cooking Oil,,,4200,Cleared
MDM005911,2026-01-03,SCH0349,Sharma Traders Pvt Ltd,Rice,,,712,Paid
MDM007969,2025-04-21,SCH0012,Sharma & Sons,Wheat,0.856,BAG_50KG,1284,Pending
MDM002767,2025-11-01,SCH0386,S. Agro Works,Rice,0.856,BAG,1712,Pending
MDM003782,2025-07-25,SCH0545,Kumar & Co.,Wheat,54600.0,G,1638,Due
MDM006979,2026-01-29,SCH0530,S. Agro Works,Rice,,,824,Pending
MDM009523,2025-05-15,SCH0485,Singh Agro,Atta,24800.0,G,744,
MDM003370,2026-03-08,SCH0537,Singh Agro,Rice,,,2340,
MDM006876,2025-09-14,SCH0585,Sharma Traders,Rice,49.6,KG,1984,Pending
MDM004382,2025-04-01,SCH0557,Kumar & Co.,Wheat,16.5,KG,495,Pending
MDM002168,2025-12-07,SCH0057,S. Agro Works,Dal,56200.0,G,,Pending
MDM008853,2025-12-03,SCH0586,Sharma Traders Pvt Ltd,Mustard Oil,0.486,SACK,2916,Paid
MDM004787,2025-05-01,SCH0474,Kumar General Store,Wheat,59.7,KG,1791,Cleared
MDM004476,2025-10-13,SCH0311,Goyal Rice Mill,Wheat,13.6,KG,408,Paid
MDM003188,2025-10-19,SCH0382,Goyal Rice Mill,Rice,,,904,Cleared
MDM005350,2025-08-23,SCH0106,Singh Brothers,Dal,33700.0,G,3033,Pending
MDM006602,2025-11-05,SCH0141,Kumar General Store,Rice,28.9,KG,1156,Cleared
MDM003493,2025-08-25,SCH0592,Goyal Rice Mill,Rice,0.888,SACK,1776,Due
MDM008076,2025-05-29,SCH0487,Kumar General Store,Wheat,0.6679999999999999,BAG,1002,
MDM003083,2026-01-11,SCH0495,Kumar Supplies,Rice,48.0,KG,1920,Pending
MDM001351,2025-05-21,SCH0452,Sharma Traders Pvt Ltd,Mustard Oil,26.5,KG,3180,
MDM006159,2025-08-05,SCH0187,Sharma Traders,Rice,40.5,KG,1620,Pending
MDM002089,2025-05-18,SCH0432,Singh Brothers,Rice,,,2372,Paid
MDM009264,2026-03-06,SCH0284,Kumar & Co.,Cooking Oil,28.7,KG,3444,Paid
MDM007908,2025-07-08,SCH0253,Sharma Traders,oil,0.892,BORI,,Pending
MDM008519,2025-11-26,SCH0318,Sharma Traders,Mustard Oil,33.2,KG,3984,Pending
MDM000331,2025-06-01,SCH0329,Singh Brothers,Rice,0.584,SACK,1168,Pending
MDM010104,2026-01-22,SCH0216,Sharma Traders,Mustard Oil,,,3084,Pending
MDM002345,2025-09-14,SCH0337,Sharma & Sons,oil,34600.0,G,4152,
MDM002460,2026-02-26,SCH0139,S. Agro Works,Rice,1.144,BORI,2288,Paid
MDM006322,2026-01-16,SCH0531,Singh Brothers,Dal,23.3,KG,2097,Cleared
MDM004004,2025-06-07,SCH0232,Goyal Enterprises,Dal,,,3645,Due
MDM009341,2025-06-29,SCH0423,Sharma & Sons,Dal,12.7,KG,1143,Paid
MDM001092,2026-02-05,SCH0410,Goyal Rice Mill,Cooking Oil,55.8,KG,6696,Due
MDM000074,2025-07-03,SCH0480,Goyal Mill,Wheat,0.91,BORI,1365,Paid
MDM009512,2026-01-29,SCH0542,Goyal Enterprises,Rice,,,544,Paid
MDM006974,2025-06-02,SCH0444,Goyal Rice Mill,Dal,,,3870,Paid
MDM003012,2025-06-18,SCH0049,Sharma & Sons,Rice,,,1524,Cleared
MDM008310,2025-07-11,SCH0045,Goyal Mill,Rice,0.7140000000000001,BAG,1428,Paid
MDM007842,2025-11-05,SCH0210,Kumar General Store,oil,12.6,KG,1512,Due
MDM010627,2026-03-30,SCH0458,Kumar General Store,Mustard Oil,0.8079999999999999,BAG,4848,Paid
MDM009582,2026-03-10,SCH0461,S. Agro Works,Dal,29.2,KG,2628,Cleared
MDM000042,2026-03-02,SCH0194,Goyal Rice Mill,Dal,43.3,KG,3896,Paid
MDM002560,2025-09-10,SCH0354,Singh Brothers,Rice,,,564,
MDM011314,2025-06-10,SCH0540,Kumar & Co.,Dal,,,5175,Paid
MDM002338,2025-06-26,SCH0398,Sharma & Sons,Cooking Oil,11700.0,G,1404,Paid
MDM000319,2025-11-21,SCH0044,Kumar & Co.,Wheat,35.3,KG,1059,Due
MDM009735,2025-12-16,SCH0598,Singh Agro,Cooking Oil,17.8,KG,2136,Cleared
MDM009395,2025-04-18,SCH0109,Goyal Enterprises,Dal,54.4,KG,4896,Paid
MDM010045,2025-05-02,SCH0062,Sharma & Sons,Atta,1.014,BAG,1521,Pending
MDM008029,2025-08-22,SCH0552,Sharma Traders,Dal,45.7,KG,4113,Pending
MDM005323,2025-05-03,SCH0495,Kumar & Co.,Wheat,,,1020,Pending
MDM009698,2025-12-22,SCH0235,S. Agro Works,Dal,0.5,BORI,2250,Pending
MDM010612,2025-10-25,SCH0313,Singh Agro,Rice,0.614,BAG_50KG,1228,
MDM009592,2026-01-22,SCH0583,Goyal Rice Mill,Mustard Oil,41300.0,G,4956,
MDM008493,2025-08-31,SCH0189,Goyal Enterprises,Rice,55.7,KG,2228,
MDM008923,2025-04-02,SCH0169,S. Agro Works,Cooking Oil,10900.0,G,1308,
MDM006189,2026-01-08,SCH0415,Kumar & Co.,Rice,0.514,SACK,1028,
MDM009138,2026-01-14,SCH0513,Sharma Traders Pvt Ltd,Rice,0.774,BORI,1548,Pending
MDM008604,2025-05-14,SCH0338,S. Agro Works,Wheat,22.1,KG,663,Pending
MDM003117,2026-03-21,SCH0058,Goyal Enterprises,Dal,51.7,KG,4653,Paid
MDM006253,2025-08-21,SCH0060,Goyal Enterprises,oil,,,3888,
MDM000086,2025-08-18,SCH0392,Goyal Enterprises,Wheat,20300.0,G,,Paid
MDM009788,2025-08-09,SCH0327,Kumar & Co.,Rice,52.9,KG,2116,Due
MDM002471,2026-02-21,SCH0073,Sharma Traders Pvt Ltd,Rice,0.992,SACK,1984,Cleared
MDM006879,2025-04-14,SCH0486,Goyal Rice Mill,Rice,48300.0,G,,Pending
MDM007641,2025-09-25,SCH0491,Sharma Traders Pvt Ltd,Dal,,,3546,Due
MDM001036,2025-06-10,SCH0020,Goyal Enterprises,Dal,13.5,KG,1215,Due
MDM009907,2025-07-10,SCH0429,S. Agro Works,Cooking Oil,0.856,SACK,5136,Due
MDM006799,2025-07-12,SCH0436,Singh Agro,Dal,36.2,KG,3258,Paid
MDM002474,2025-06-01,SCH0033,S. Agro Works,Wheat,11700.0,G,351,Cleared
MDM006437,2025-05-16,SCH0535,Kumar Supplies,Dal,46.5,KG,4185,Paid
MDM006149,2025-12-27,SCH0098,Sharma Traders,Dal,32700.0,G,2943,Cleared
MDM005776,2026-01-16,SCH0197,Sharma Traders Pvt Ltd,Rice,,,1092,Cleared
MDM002715,2025-04-01,SCH0363,Kumar General Store,Rice,0.892,SACK,1784,Pending
MDM008286,2025-06-27,SCH0371,Goyal Rice Mill,Mustard Oil,33.7,KG,4044,
MDM004440,2025-12-13,SCH0516,Kumar & Co.,Atta,39400.0,G,1182,Pending
MDM008829,2026-02-11,SCH0038,Kumar Supplies,Mustard Oil,0.426,BAG,2556,Due
MDM009170,2025-11-12,SCH0397,Kumar General Store,oil,0.314,BAG,1884,Pending
MDM011995,2026-02-02,SCH0396,Kumar Supplies,Rice,55400.0,G,2216,Pending
MDM006471,2025-11-07,SCH0517,Sharma Traders,Dal,29.9,KG,2691,Paid
MDM010211,2025-07-17,SCH0499,Sharma Traders Pvt Ltd,Rice,,,2300,
MDM010691,2025-12-30,SCH0538,Sharma Traders,Wheat,,,594,Pending
MDM006419,2025-09-01,SCH0029,Goyal Mill,Mustard Oil,53.8,KG,6456,Pending
MDM007059,2026-03-18,SCH0450,Kumar & Co.,Wheat,23.5,KG,705,Paid
MDM009317,2026-03-28,SCH0306,Sharma Traders Pvt Ltd,Wheat,,,1344,Paid
MDM002532,2025-07-15,SCH0286,Kumar & Co.,Dal,,,4941,Due
MDM000899,2026-01-24,SCH0321,Sharma Traders,Dal,36500.0,G,3285,Paid
MDM001471,2026-03-09,SCH0177,Sharma & Sons,Mustard Oil,,,4548,Pending
MDM010940,2025-04-01,SCH0326,Sharma Traders Pvt Ltd,Dal,24500.0,G,2205,Pending
MDM000959,2025-04-17,SCH0465,Goyal Mill,Dal,,,4509,Paid
MDM001984,2025-09-03,SCH0069,Sharma Traders Pvt Ltd,Rice,27.2,KG,1088,Cleared
MDM009779,2025-07-28,SCH0500,Sharma Traders Pvt Ltd,Mustard Oil,0.374,BAG,2244,Paid
MDM003405,2025-11-15,SCH0216,Goyal Mill,Mustard Oil,48600.0,G,5832,Paid
MDM000466,2025-06-10,SCH0139,Goyal Mill,Cooking Oil,40600.0,G,4872,Paid
MDM008973,2025-08-04,SCH0512,Sharma Traders,Wheat,23400.0,G,702,Due
MDM003102,2025-11-07,SCH0086,Sharma Traders,Dal,46.3,KG,4167,Cleared
MDM005707,2025-08-15,SCH0549,Kumar Supplies,Dal,56300.0,G,5067,Cleared
MDM009306,2025-09-30,SCH0289,Goyal Enterprises,Mustard Oil,,,2304,Paid
MDM002865,2025-07-16,SCH0559,Sharma & Sons,Atta,41.7,KG,1251,Due
MDM000869,2026-03-22,SCH0229,Singh Agro,Rice,44300.0,G,1772,Cleared
MDM011006,2025-06-26,SCH0465,Kumar & Co.,Dal,20.8,KG,1872,
MDM009798,2026-03-30,SCH0139,Singh Brothers,Wheat,51.0,KG,1530,Cleared
MDM004765,2025-04-23,SCH0304,Sharma Traders Pvt Ltd,Dal,13500.0,G,1215,Due
MDM010897,2025-11-17,SCH0532,Sharma Traders Pvt Ltd,Wheat,11.6,KG,348,Cleared
MDM009406,2026-03-16,SCH0042,Sharma & Sons,Wheat,43.3,KG,1299,Paid
MDM008159,2025-11-26,SCH0489,S. Agro Works,oil,,,3072,Due
MDM011955,2026-01-14,SCH0106,Goyal Mill,Cooking Oil,,,6852,Cleared
MDM002930,2026-03-03,SCH0206,Singh Agro,Mustard Oil,30.1,KG,3612,Paid
MDM006211,2026-03-04,SCH0199,Goyal Rice Mill,Wheat,1.07,BORI,1605,Cleared
MDM006126,2026-03-09,SCH0318,Singh Agro,Mustard Oil,1.154,BAG,6924,Cleared
MDM004220,2025-12-08,SCH0058,Kumar General Store,Dal,0.354,BAG,1593,Paid
MDM008130,2025-09-17,SCH0393,Kumar General Store,Wheat,39.0,KG,1170,
MDM001982,2025-09-25,SCH0090,Sharma Traders Pvt Ltd,Wheat,59500.0,G,1785,Paid
MDM008123,2025-11-16,SCH0509,Kumar Supplies,Dal,,,3356,Paid
MDM011033,2026-02-08,SCH0447,Goyal Rice Mill,Mustard Oil,57.6,KG,6912,Pending
MDM010855,2025-11-19,SCH0538,Sharma Traders,oil,,,4596,Due
MDM010399,2026-02-16,SCH0477,Sharma Traders Pvt Ltd,oil,,,5412,
MDM004419,2025-05-01,SCH0142,S. Agro Works,Dal,57.1,KG,5139,
MDM009133,2025-12-19,SCH0240,Sharma Traders,Dal,,,3852,Pending
MDM010811,2025-10-13,SCH0021,Goyal Mill,Wheat,26.7,KG,801,Pending
MDM010646,2025-07-07,SCH0338,Goyal Rice Mill,Dal,46.1,KG,4149,Due
MDM009764,2025-10-13,SCH0520,Sharma & Sons,Mustard Oil,45000.0,G,5400,Cleared
MDM007299,2025-04-25,SCH0520,Kumar & Co.,Cooking Oil,0.9840000000000001,BAG,5904,Pending
MDM008280,2025-10-04,SCH0265,Sharma Traders,Mustard Oil,12.7,KG,1524,Paid
MDM005422,2026-03-01,SCH0447,Goyal Enterprises,Mustard Oil,32500.0,G,3900,Pending
MDM004803,2025-10-04,SCH0233,Kumar General Store,Dal,,,954,Pending
MDM001112,2026-03-30,SCH0156,Kumar & Co.,Wheat,49700.0,G,1491,Pending
MDM003255,2025-10-02,SCH0284,Kumar Supplies,Dal,,,962,Pending
MDM003545,2026-02-17,SCH0555,Kumar & Co.,Atta,46800.0,G,1404,
MDM007667,2026-02-16,SCH0398,Kumar General Store,Rice,36700.0,G,1468,Cleared
MDM010633,2026-01-17,SCH0094,Goyal Mill,Atta,22300.0,G,,Cleared
MDM008679,2025-10-26,SCH0368,Singh Brothers,Cooking Oil,,,1716,Paid
MDM008878,2025-04-14,SCH0312,Kumar General Store,Rice,56.2,KG,2248,Pending
MDM002103,2025-05-12,SCH0022,Kumar & Co.,Dal,53.8,KG,4842,Pending
MDM005563,2025-09-28,SCH0553,Kumar & Co.,Dal,1.014,BORI,4563,Paid
MDM010089,2025-11-21,SCH0025,Singh Brothers,Dal,,,1017,Due
MDM011510,2026-01-13,SCH0002,Sharma Traders,Atta,18.7,KG,561,
MDM004829,2025-10-17,SCH0167,Sharma Traders Pvt Ltd,Wheat,24.0,KG,720,Paid
MDM004266,2026-02-04,SCH0491,Goyal Enterprises,Rice,40.3,KG,1612,Due
MDM005340,2026-02-10,SCH0116,Goyal Enterprises,Rice,,,1068,Paid
MDM004368,2025-09-22,SCH0513,Sharma Traders,Cooking Oil,24100.0,G,2892,Pending
MDM001220,2025-06-14,SCH0068,Singh Agro,Rice,45.0,KG,1800,
MDM009188,2025-07-24,SCH0568,Sharma Traders Pvt Ltd,Rice,0.636,BORI,1272,Paid
MDM009744,2026-01-10,SCH0046,Goyal Enterprises,Rice,,,2192,
MDM011812,2025-04-13,SCH0600,Goyal Mill,Wheat,43800.0,G,1314,Cleared
MDM007128,2025-08-01,SCH0128,S. Agro Works,oil,,,6012,Pending
MDM004601,2025-07-20,SCH0226,Kumar Supplies,Rice,29.5,KG,1180,Due
MDM008705,2025-05-10,SCH0367,Goyal Enterprises,Wheat,58.1,KG,1743,Cleared
MDM010257,2026-02-09,SCH0211,Sharma Traders,Dal,16.5,KG,1485,Paid
MDM009649,2025-04-25,SCH0356,Goyal Mill,Wheat,1.04,BAG,1560,Paid
MDM001119,2025-08-08,SCH0130,Singh Brothers,Dal,,,3870,Cleared
MDM001741,2026-03-13,SCH0236,Sharma & Sons,Rice,,,,Cleared
MDM001972,2025-06-30,SCH0289,Goyal Enterprises,Rice,0.9640000000000001,BAG,1928,Paid
MDM003845,2025-07-22,SCH0308,Sharma & Sons,Cooking Oil,1.012,BAG,6072,Due
MDM001666,2026-01-20,SCH0190,Sharma Traders Pvt Ltd,Dal,16.6,KG,1494,Paid
MDM007289,2025-07-03,SCH0165,Goyal Rice Mill,Mustard Oil,21.2,KG,2544,Pending
MDM003939,2025-07-19,SCH0386,Kumar General Store,Wheat,,,309,Cleared
MDM006059,2025-11-19,SCH0600,Singh Agro,Atta,,,744,Pending
MDM001499,2025-04-07,SCH0265,Sharma & Sons,Mustard Oil,22800.0,G,2736,Paid
MDM000544,2025-12-20,SCH0392,Goyal Enterprises,Rice,39.4,KG,1576,Cleared
MDM009822,2025-05-08,SCH0033,Goyal Enterprises,Rice,,,1012,Cleared
MDM000411,2025-11-08,SCH0205,Kumar & Co.,Dal,,,1719,Pending
MDM006861,2025-07-27,SCH0580,Goyal Rice Mill,Dal,,,4149,Due
MDM004964,2025-04-13,SCH0288,Goyal Enterprises,Wheat,57400.0,G,1722,Cleared
MDM006084,2026-02-13,SCH0317,Goyal Mill,Wheat,0.326,BAG_50KG,489,Paid
MDM005237,2026-03-16,SCH0500,Sharma Traders Pvt Ltd,Cooking Oil,38.5,KG,4620,Paid
MDM001955,2025-08-26,SCH0184,Goyal Rice Mill,Rice,,,1588,Pending
MDM003280,2025-08-13,SCH0462,Sharma Traders Pvt Ltd,Atta,56.2,KG,1686,Pending
MDM007568,2025-09-15,SCH0142,Sharma Traders Pvt Ltd,Rice,,,2340,Paid
MDM011155,2025-06-07,SCH0228,Goyal Enterprises,Dal,,,5301,
MDM003034,2025-09-12,SCH0276,Goyal Enterprises,oil,41.0,KG,4920,Paid
MDM003291,2025-12-28,SCH0069,Sharma Traders,Wheat,42200.0,G,1266,Cleared
MDM008031,2025-12-31,SCH0441,Goyal Mill,Cooking Oil,47500.0,G,5700,
MDM006399,2026-03-05,SCH0551,Goyal Enterprises,Rice,0.292,BAG,584,Paid
MDM010047,2026-01-16,SCH0597,Sharma & Sons,Wheat,,,351,Pending
MDM011573,2026-02-11,SCH0107,Singh Agro,Wheat,1.078,BAG,1617,Pending
MDM000734,2025-12-28,SCH0160,Singh Agro,Wheat,58.5,KG,1755,
MDM002475,2025-08-12,SCH0029,Singh Brothers,Dal,47300.0,G,4257,Paid
MDM011371,2025-05-29,SCH0314,Singh Agro,Mustard Oil,19.3,KG,2316,Pending
MDM002232,2025-11-09,SCH0160,Kumar General Store,Rice,1.092,SACK,2184,Due
MDM006389,2026-03-17,SCH0506,Kumar General Store,Atta,,,1578,Paid
MDM010987,2025-07-22,SCH0207,Goyal Mill,Wheat,18.2,KG,546,Due
MDM008999,2025-05-26,SCH0365,Sharma Traders,Rice,0.328,BAG_50KG,656,
MDM006311,2025-05-18,SCH0444,Singh Agro,Dal,24200.0,G,2178,Pending
MDM003015,2025-09-07,SCH0309,Sharma Traders,Wheat,,,696,Paid
MDM001596,2025-11-27,SCH0530,Kumar General Store,Atta,53700.0,G,1611,Paid
MDM011901,2026-03-26,SCH0462,Goyal Mill,Mustard Oil,0.9740000000000001,BAG,5844,Paid
MDM007336,2026-01-30,SCH0471,Singh Brothers,oil,,,,Due
MDM002211,2026-02-27,SCH0508,Sharma Traders,Wheat,12.9,KG,,Paid
MDM008302,2025-10-05,SCH0362,Kumar & Co.,Mustard Oil,41.3,KG,4956,Pending
MDM010492,2026-02-22,SCH0242,Kumar & Co.,Cooking Oil,45.2,KG,5424,
MDM007273,2026-01-26,SCH0262,S. Agro Works,oil,,,5964,Due
MDM010587,2025-10-05,SCH0237,Kumar & Co.,Rice,0.3,BORI,600,
MDM008421,2026-03-08,SCH0533,Singh Brothers,Dal,,,1520,Paid
MDM001951,2025-12-21,SCH0592,Kumar Supplies,Rice,36.0,KG,1440,Paid
MDM007022,2025-05-18,SCH0299,Singh Agro,Wheat,13800.0,G,414,Cleared
MDM008542,2025-12-06,SCH0366,Kumar Supplies,Wheat,1.076,BAG,1614,
MDM010245,2025-06-23,SCH0348,Sharma Traders Pvt Ltd,Wheat,45.8,KG,1374,Due
MDM009518,2026-02-28,SCH0361,Sharma Traders,Rice,0.55,BAG_50KG,1100,Paid
MDM011618,2025-10-18,SCH0214,S. Agro Works,Rice,24.4,KG,976,Paid
MDM004129,2025-09-17,SCH0200,Sharma & Sons,Dal,,,2844,Due
MDM000903,2026-02-02,SCH0323,Singh Brothers,Dal,41.5,KG,3735,Pending
MDM008275,2025-05-13,SCH0261,Goyal Enterprises,Dal,0.346,BORI,1557,Cleared
MDM007224,2025-04-29,SCH0485,Kumar & Co.,Mustard Oil,20.9,KG,2508,Paid
MDM006109,2025-10-23,SCH0387,Goyal Mill,Dal,,,4140,Paid
MDM011233,2025-04-30,SCH0190,Singh Agro,Wheat,,,1275,Due
MDM009444,2025-08-05,SCH0531,Sharma Traders,Wheat,54300.0,G,1629,Cleared
MDM000494,2026-02-11,SCH0433,Kumar & Co.,Cooking Oil,0.5920000000000001,BAG_50KG,3552,Due
MDM005358,2025-06-09,SCH0596,Sharma & Sons,Mustard Oil,33.7,KG,4044,Due
MDM001731,2025-11-27,SCH0155,Sharma Traders Pvt Ltd,Wheat,,,849,Pending
MDM002013,2025-11-18,SCH0246,Sharma Traders,Cooking Oil,44.7,KG,5364,Paid
MDM004128,2025-04-14,SCH0536,Singh Agro,Dal,54.0,KG,4860,
MDM007773,2025-10-02,SCH0195,Sharma Traders,Dal,54.5,KG,4905,Paid
MDM010805,2025-11-28,SCH0461,Kumar General Store,Dal,25200.0,G,2268,Paid
MDM006346,2025-04-24,SCH0058,Kumar & Co.,Atta,0.508,BORI,762,Paid
MDM011875,2025-12-12,SCH0599,Kumar Supplies,Wheat,,,597,Paid
MDM006642,2025-10-18,SCH0291,Kumar Supplies,Mustard Oil,10300.0,G,1236,Paid
MDM000151,2025-05-01,SCH0548,Goyal Mill,Dal,31.5,KG,2835,Paid
MDM002535,2026-01-09,SCH0118,Singh Brothers,Mustard Oil,,,4728,Pending
MDM003560,2025-12-01,SCH0165,Singh Agro,Dal,35300.0,G,,Paid
MDM005467,2025-05-15,SCH0599,S. Agro Works,Mustard Oil,56900.0,G,6828,Pending
MDM009890,2025-07-08,SCH0470,Singh Agro,Rice,40.1,KG,1604,Pending
MDM005721,2025-12-07,SCH0452,Kumar General Store,Dal,50.6,KG,4554,Due
MDM002423,2025-05-16,SCH0153,Sharma Traders,Wheat,42800.0,G,1284,Due
MDM002590,2025-11-05,SCH0055,S. Agro Works,Dal,,,4401,Pending
MDM006188,2025-12-27,SCH0569,Goyal Enterprises,Cooking Oil,32900.0,G,3948,Due
MDM009936,2025-09-16,SCH0359,Goyal Rice Mill,Rice,44.2,KG,1768,Cleared
MDM003650,2025-10-31,SCH0087,Kumar General Store,Rice,57.0,KG,2280,Due
MDM004843,2025-11-21,SCH0360,Singh Brothers,oil,0.22,BAG,1320,Pending
MDM005187,2025-05-29,SCH0107,Kumar Supplies,Dal,30400.0,G,2736,Pending
MDM007478,2026-03-30,SCH0183,Sharma Traders,Rice,,,2392,Due
MDM000709,2025-07-22,SCH0054,Goyal Mill,Wheat,,,1173,Cleared
MDM004330,2026-03-30,SCH0091,Kumar & Co.,Rice,43600.0,G,1744,Paid
MDM010795,2025-06-10,SCH0327,S. Agro Works,Dal,45.5,KG,4095,Paid
MDM002961,2025-07-29,SCH0136,Sharma & Sons,oil,27200.0,G,3264,Cleared
MDM003903,2025-09-24,SCH0185,Goyal Enterprises,Wheat,,,1794,Paid
MDM008046,2026-02-24,SCH0224,Singh Agro,Rice,,,424,Paid
MDM009598,2026-03-08,SCH0026,Goyal Mill,Mustard Oil,,,3336,Paid
MDM006718,2026-01-30,SCH0390,Sharma Traders Pvt Ltd,oil,0.7559999999999999,BAG,4536,Paid
MDM001091,2025-07-05,SCH0280,Sharma & Sons,oil,24700.0,G,2964,Pending
MDM000036,2025-12-01,SCH0152,Kumar General Store,Mustard Oil,,,1536,Due
MDM008483,2025-10-25,SCH0241,Goyal Enterprises,Cooking Oil,0.6459999999999999,BAG_50KG,3876,Pending
MDM002233,2025-12-31,SCH0570,Goyal Rice Mill,Wheat,,,564,Due
MDM004171,2025-10-08,SCH0025,Sharma Traders,Rice,15.0,KG,600,Paid
MDM007472,2025-05-05,SCH0203,Sharma & Sons,Dal,28900.0,G,2601,Pending
MDM005229,2026-03-14,SCH0338,Singh Agro,Dal,0.6,BAG,2700,Paid
MDM002911,2025-10-23,SCH0172,Kumar & Co.,Dal,17200.0,G,1548,Due
MDM010823,2025-12-31,SCH0534,Singh Brothers,Mustard Oil,48.7,KG,5844,Pending
MDM004790,2025-07-14,SCH0137,Kumar Supplies,Dal,0.292,BORI,1314,
MDM004329,2025-11-19,SCH0343,Singh Agro,Rice,0.31,SACK,620,
MDM000429,2025-06-11,SCH0184,Sharma Traders Pvt Ltd,Mustard Oil,45500.0,G,5460,Pending
MDM011942,2026-02-14,SCH0592,Sharma Traders,Dal,,,1764,Cleared
MDM003380,2025-12-16,SCH0045,Sharma Traders Pvt Ltd,Atta,,,1434,
MDM002348,2025-05-26,SCH0366,S. Agro Works,Dal,54.7,KG,4923,Pending
MDM011288,2026-03-24,SCH0589,Kumar Supplies,oil,0.92,BAG,5520,Pending
MDM008172,2025-12-27,SCH0396,Goyal Rice Mill,Rice,,,712,Paid
MDM009249,2025-04-25,SCH0372,Sharma Traders,Rice,0.722,BAG,1444,Cleared
MDM006665,2026-02-16,SCH0033,Kumar & Co.,Wheat,34.3,KG,1029,Paid
MDM010787,2025-12-20,SCH0151,Singh Brothers,Dal,57.9,KG,5211,Paid
MDM004239,2026-03-24,SCH0462,Goyal Rice Mill,Rice,,,1548,Paid
MDM003858,2025-09-21,SCH0303,Goyal Rice Mill,Wheat,50900.0,G,,Due
MDM008856,2025-09-11,SCH0514,Sharma Traders,Rice,39.6,KG,1584,Pending
MDM001748,2025-06-24,SCH0328,Kumar Supplies,Dal,14.6,KG,1314,Paid
MDM003134,2026-02-07,SCH0398,Goyal Mill,Dal,0.866,BAG,3897,Pending
MDM003003,2025-11-14,SCH0204,Sharma Traders,Dal,0.528,BAG,2376,Due
MDM001433,2025-07-01,SCH0349,Singh Agro,Cooking Oil,0.262,BAG_50KG,1572,Due
MDM002202,2025-11-20,SCH0167,Singh Brothers,Wheat,,,450,Paid
MDM010932,2025-11-30,SCH0142,Goyal Mill,Dal,,,4248,
MDM000705,2026-01-01,SCH0370,Sharma Traders,Wheat,,,1575,Due
MDM006245,2025-10-02,SCH0114,Sharma Traders,Wheat,21.3,KG,639,Pending
MDM010054,2025-10-02,SCH0588,Goyal Enterprises,Wheat,,,1464,Paid
MDM008806,2025-06-30,SCH0499,Goyal Rice Mill,Rice,,,1056,Pending
MDM002190,2025-09-24,SCH0595,Kumar General Store,Wheat,0.878,SACK,1317,Pending
MDM005494,2025-12-15,SCH0376,Goyal Rice Mill,Mustard Oil,,,5304,Paid
MDM009262,2025-11-07,SCH0207,Sharma & Sons,Wheat,0.338,SACK,507,
MDM000609,2025-08-14,SCH0504,Kumar & Co.,Dal,0.818,SACK,,Pending
MDM002228,2025-09-28,SCH0221,Goyal Enterprises,Mustard Oil,,,6048,Cleared
MDM003470,2025-12-01,SCH0376,Kumar & Co.,Mustard Oil,28.7,KG,3444,Pending
MDM003754,2026-01-11,SCH0254,S. Agro Works,Rice,,,1376,Paid
MDM003579,2025-11-09,SCH0111,Sharma & Sons,Wheat,,,1521,Pending
MDM003208,2025-10-28,SCH0461,Sharma Traders,Wheat,17.6,KG,528,Paid
MDM002964,2026-02-23,SCH0181,S. Agro Works,Wheat,47.8,KG,1434,Due
MDM011234,2026-02-24,SCH0349,Kumar & Co.,Dal,51.0,KG,4590,Paid
MDM008909,2025-10-21,SCH0321,S. Agro Works,Mustard Oil,,,,Pending
MDM009343,2026-03-29,SCH0248,Goyal Rice Mill,oil,0.9359999999999999,BORI,5616,Due
MDM002003,2025-10-10,SCH0081,S. Agro Works,Wheat,0.386,BAG,579,Paid
MDM006393,2025-04-10,SCH0112,Singh Brothers,Mustard Oil,15300.0,G,1836,Pending
MDM000759,2025-08-22,SCH0091,Sharma Traders,Dal,31.6,KG,2844,Due
MDM007311,2026-02-05,SCH0054,Sharma Traders Pvt Ltd,Atta,,,1446,Due
MDM002770,2026-01-04,SCH0189,Sharma Traders,Cooking Oil,,,6636,Paid
MDM011809,2025-07-30,SCH0024,Sharma & Sons,Rice,30.6,KG,1224,
MDM002615,2025-06-13,SCH0130,Goyal Mill,Rice,,,2236,Due
MDM002055,2025-10-17,SCH0058,Sharma & Sons,Dal,0.9840000000000001,BORI,4428,Cleared
MDM003449,2025-06-18,SCH0389,Kumar & Co.,Dal,0.3779999999999999,BORI,1701,Due
MDM005596,2025-05-06,SCH0020,S. Agro Works,Wheat,18.3,KG,549,Pending
MDM000400,2025-04-18,SCH0103,Kumar Supplies,Dal,23.6,KG,2124,
MDM000931,2025-11-23,SCH0392,Singh Agro,Rice,0.468,BAG,936,
MDM010412,2025-10-28,SCH0456,Goyal Enterprises,Dal,0.948,SACK,4266,Pending
MDM010185,2025-11-06,SCH0273,Singh Agro,Rice,0.234,BAG,468,Due
MDM000543,2025-04-23,SCH0277,Kumar Supplies,Rice,,,2124,Pending
MDM010166,2025-09-03,SCH0537,Kumar Supplies,Rice,0.46,BAG,920,Cleared
MDM004521,2025-09-08,SCH0367,Kumar Supplies,Mustard Oil,45.7,KG,5484,Due
MDM008460,2025-05-01,SCH0284,Goyal Mill,Cooking Oil,59.7,KG,7164,Pending
MDM003060,2025-04-09,SCH0021,Goyal Enterprises,Rice,57.6,KG,2304,Paid
MDM010851,2025-12-31,SCH0446,Goyal Enterprises,Dal,,,1494,Paid
MDM001419,2025-08-09,SCH0301,S. Agro Works,Dal,0.8,SACK,3600,Pending
MDM004289,2025-07-28,SCH0026,S. Agro Works,Wheat,0.516,BAG,774,Paid
MDM005373,2025-08-17,SCH0480,Kumar General Store,Cooking Oil,57.6,KG,6912,Cleared
MDM008431,2025-09-13,SCH0058,Sharma Traders Pvt Ltd,Wheat,11.7,KG,351,Due
MDM008204,2025-04-09,SCH0214,Goyal Mill,Wheat,36.8,KG,1104,Paid
MDM008940,2025-09-15,SCH0261,Sharma Traders Pvt Ltd,Rice,0.7759999999999999,BAG_50KG,1552,Pending
MDM001460,2026-03-11,SCH0091,Kumar General Store,Cooking Oil,21300.0,G,2556,Cleared
MDM000368,2025-07-25,SCH0095,S. Agro Works,Dal,34.4,KG,3096,Pending
MDM001394,2025-12-12,SCH0282,Goyal Enterprises,Cooking Oil,0.6779999999999999,SACK,4068,Paid
MDM007785,2025-04-09,SCH0139,Goyal Rice Mill,Dal,0.866,BAG,3897,Pending
MDM011365,2026-01-14,SCH0163,Goyal Mill,Mustard Oil,37.4,KG,4488,Pending
MDM004631,2025-09-25,SCH0537,S. Agro Works,Dal,1.064,BORI,4788,Cleared
MDM003653,2025-11-14,SCH0345,Goyal Enterprises,Wheat,47300.0,G,1419,Pending
MDM003296,2025-11-19,SCH0562,Sharma Traders,Dal,56700.0,G,5103,Paid
MDM009672,2025-07-24,SCH0462,Kumar & Co.,Wheat,0.732,BAG_50KG,1098,Cleared
MDM011880,2025-11-22,SCH0449,Sharma & Sons,Rice,0.868,SACK,1736,Pending
MDM011394,2025-06-18,SCH0444,Sharma Traders Pvt Ltd,Dal,,,2376,Paid
MDM000064,2025-11-14,SCH0238,Sharma & Sons,Wheat,36600.0,G,1098,
MDM004717,2025-08-13,SCH0548,Kumar Supplies,Wheat,54.3,KG,1629,Pending
MDM006042,2025-05-29,SCH0230,Singh Agro,Rice,,,1644,Paid
MDM000135,2025-07-15,SCH0272,Goyal Enterprises,Dal,39900.0,G,3591,Due
MDM005504,2025-12-19,SCH0222,Goyal Rice Mill,Rice,48.8,KG,1952,Paid
MDM011406,2025-09-26,SCH0250,S. Agro Works,Wheat,,,570,Pending
MDM005170,2026-02-19,SCH0351,Goyal Mill,oil,,,3096,Paid
MDM011820,2025-12-14,SCH0105,Goyal Mill,Mustard Oil,,,5772,Paid
MDM009172,2025-05-01,SCH0149,Sharma & Sons,Dal,14200.0,G,,Paid
MDM004082,2025-06-25,SCH0448,Sharma Traders,Rice,,,416,
MDM009286,2026-03-09,SCH0398,Kumar & Co.,Rice,36.2,KG,1448,Paid
MDM001794,2026-02-01,SCH0591,Singh Agro,oil,,,5196,Cleared
MDM007243,2026-01-14,SCH0295,Singh Brothers,Dal,0.5760000000000001,BAG_50KG,2592,Paid
MDM003161,2025-04-10,SCH0086,Kumar & Co.,Cooking Oil,,,1716,Cleared
MDM000697,2026-01-30,SCH0318,Sharma Traders,Rice,26.0,KG,1040,Due
MDM000428,2025-07-13,SCH0284,Sharma Traders Pvt Ltd,Mustard Oil,,,5520,
MDM009931,2025-06-05,SCH0332,Kumar & Co.,Dal,1.182,BORI,,Due
MDM003414,2025-04-23,SCH0300,S. Agro Works,Rice,0.424,BAG,848,Due
MDM003756,2025-05-15,SCH0290,Singh Brothers,Rice,,,,Paid
MDM011938,2025-07-26,SCH0292,Kumar Supplies,Dal,0.476,BAG,2142,
MDM009363,2025-04-22,SCH0554,Sharma Traders,Wheat,11.9,KG,357,Pending
MDM004458,2025-07-08,SCH0547,S. Agro Works,Rice,20200.0,G,808,Pending
MDM009200,2025-08-05,SCH0147,Sharma & Sons,Atta,53800.0,G,,Paid
MDM009217,2025-07-17,SCH0302,Sharma & Sons,Wheat,0.284,BORI,426,Pending
MDM002040,2026-02-12,SCH0051,Kumar General Store,Wheat,57.0,KG,1710,
MDM003502,2025-07-30,SCH0163,S. Agro Works,Rice,50700.0,G,2028,Pending
MDM007540,2025-07-18,SCH0593,Singh Agro,Dal,49.2,KG,4428,Paid
MDM000677,2025-05-25,SCH0517,S. Agro Works,Wheat,,,1149,Paid
MDM005099,2026-03-27,SCH0427,Goyal Rice Mill,Rice,40.3,KG,1612,Cleared
MDM006951,2026-02-18,SCH0519,S. Agro Works,Dal,45600.0,G,4104,
MDM007749,2025-09-01,SCH0522,Goyal Mill,oil,59.0,KG,7080,Due
MDM007539,2026-01-26,SCH0572,Goyal Enterprises,Rice,0.266,BAG,532,
MDM002508,2025-09-29,SCH0108,Goyal Enterprises,Rice,,,1124,Cleared
MDM011348,2025-09-22,SCH0254,Sharma & Sons,Wheat,0.24,BORI,360,Cleared
MDM006858,2025-09-12,SCH0386,Kumar & Co.,Cooking Oil,,,7176,Cleared
MDM006195,2025-08-28,SCH0088,S. Agro Works,Wheat,,,1713,Cleared
MDM010083,2025-06-16,SCH0508,Sharma Traders Pvt Ltd,Dal,55.6,KG,5004,
MDM006546,2025-08-11,SCH0356,Singh Agro,Rice,30.5,KG,1220,Pending
MDM002185,2025-04-12,SCH0246,Kumar Supplies,Atta,47.7,KG,1431,
MDM005021,2026-01-02,SCH0271,Sharma Traders Pvt Ltd,Dal,0.532,BORI,2394,Cleared
MDM005903,2026-03-20,SCH0335,Sharma Traders,Rice,54600.0,G,2184,Pending
MDM003018,2025-10-30,SCH0037,Kumar & Co.,Atta,,,915,Paid
MDM006181,2025-04-08,SCH0057,Singh Brothers,Rice,37200.0,G,1488,Due
MDM002317,2026-03-11,SCH0532,Kumar Supplies,oil,0.488,BAG,2928,Pending
MDM004869,2026-01-28,SCH0030,Sharma Traders Pvt Ltd,oil,0.6459999999999999,BAG,3876,Paid
MDM005498,2025-09-20,SCH0049,Sharma Traders Pvt Ltd,Cooking Oil,23.3,KG,,Cleared
MDM004049,2025-07-06,SCH0399,Kumar Supplies,Wheat,30.2,KG,906,Pending
MDM006538,2026-03-13,SCH0145,Kumar & Co.,Rice,41700.0,G,1668,Paid
MDM008546,2026-02-13,SCH0055,Sharma Traders,Mustard Oil,,,4884,Due
MDM010337,2025-05-04,SCH0580,Kumar General Store,Rice,,,,Paid
MDM006373,2025-08-26,SCH0448,Goyal Rice Mill,oil,41700.0,G,5004,Pending
MDM000741,2025-09-11,SCH0418,Singh Brothers,oil,33.9,KG,4068,Paid
MDM000001,2025-09-04,SCH0541,Singh Brothers,Wheat,,,411,Cleared
MDM001689,2025-11-07,SCH0118,Sharma Traders Pvt Ltd,Rice,,,596,Due
MDM009495,2025-11-22,SCH0214,Singh Agro,Wheat,55.9,KG,1677,Paid
MDM008388,2026-02-03,SCH0253,Kumar & Co.,Dal,0.722,BAG_50KG,,
MDM009146,2025-11-07,SCH0179,S. Agro Works,oil,0.386,BORI,2316,Cleared
MDM006070,2026-01-21,SCH0445,Sharma Traders Pvt Ltd,Dal,23.6,KG,2124,Pending
MDM009491,2025-07-12,SCH0586,Goyal Mill,Dal,52800.0,G,4752,Paid
MDM003022,2025-11-04,SCH0043,Kumar & Co.,Rice,0.956,BAG,1912,
MDM003885,2025-07-06,SCH0238,Kumar Supplies,Rice,18.4,KG,,Due
MDM008991,2025-07-26,SCH0176,Singh Brothers,Dal,48.9,KG,4401,
MDM008725,2026-01-09,SCH0486,Sharma Traders,oil,39.6,KG,4752,Paid
MDM005360,2026-02-07,SCH0537,Sharma & Sons,Wheat,0.356,BAG,534,Pending
MDM004191,2025-12-21,SCH0289,Kumar Supplies,Wheat,16.7,KG,,Pending
MDM002373,2025-09-14,SCH0100,Singh Agro,Rice,,,2184,Pending
MDM003897,2025-07-21,SCH0240,Kumar General Store,oil,26700.0,G,3204,Paid
MDM010862,2025-07-20,SCH0268,Singh Brothers,Wheat,59.9,KG,1797,Pending
MDM002883,2026-02-26,SCH0203,Sharma Traders Pvt Ltd,Cooking Oil,28.5,KG,3420,
MDM006743,2026-02-18,SCH0110,Sharma Traders,Dal,,,3546,Due
MDM010539,2025-10-11,SCH0375,Singh Agro,Dal,23.4,KG,,Cleared
MDM008630,2025-06-27,SCH0060,Singh Brothers,Wheat,,,561,Pending
MDM001733,2025-07-19,SCH0022,Goyal Mill,oil,56600.0,G,6792,Due
MDM003530,2025-11-23,SCH0004,Kumar Supplies,Rice,,,1784,
MDM009009,2025-06-02,SCH0542,Singh Agro,Rice,,,1608,Cleared
MDM010372,2025-05-23,SCH0076,Kumar General Store,Wheat,44.7,KG,1341,Paid
MDM010227,2025-05-23,SCH0370,Kumar & Co.,Rice,21.3,KG,852,Due
MDM008063,2025-09-03,SCH0404,Singh Agro,Rice,1.092,BAG_50KG,2184,Pending
MDM001770,2026-01-10,SCH0324,Singh Brothers,Rice,,,1564,Paid
MDM011929,2026-01-29,SCH0304,Sharma Traders Pvt Ltd,Wheat,0.546,SACK,819,Due
MDM010426,2026-02-04,SCH0321,Sharma & Sons,Atta,19.9,KG,597,Paid
MDM005910,2026-03-02,SCH0281,Sharma Traders Pvt Ltd,Dal,0.416,BAG,,Paid
MDM003577,2025-10-10,SCH0022,Kumar & Co.,Rice,53.7,KG,2148,Due
MDM004309,2025-04-07,SCH0273,Kumar & Co.,Dal,13.8,KG,1242,Pending
MDM004773,2025-07-18,SCH0461,S. Agro Works,Mustard Oil,29900.0,G,3588,Cleared
MDM000217,2025-07-23,SCH0371,Singh Agro,Wheat,24.0,KG,720,Paid
MDM003091,2025-04-27,SCH0347,Goyal Enterprises,Wheat,,,1551,
MDM005881,2025-09-25,SCH0207,Singh Brothers,Wheat,,,441,Paid
MDM002488,2026-01-28,SCH0235,Sharma & Sons,Rice,,,1588,Paid
MDM008666,2025-09-28,SCH0241,Goyal Mill,Rice,,,2116,Cleared
MDM000922,2025-08-06,SCH0062,S. Agro Works,Mustard Oil,,,3372,Paid
MDM000867,2025-12-30,SCH0571,Kumar General Store,oil,41.7,KG,5004,
MDM008994,2025-12-10,SCH0306,Sharma & Sons,Wheat,45.4,KG,1362,Paid
MDM000044,2025-05-21,SCH0085,Goyal Rice Mill,Dal,,,2259,Pending
MDM000018,2026-01-09,SCH0390,Sharma & Sons,Mustard Oil,,,2424,Paid
MDM003423,2025-07-11,SCH0112,Goyal Enterprises,Dal,,,4338,Cleared
MDM006890,2026-01-02,SCH0575,Goyal Mill,Wheat,51.3,KG,1539,Paid
MDM003140,2025-12-11,SCH0294,Sharma Traders,Cooking Oil,52.2,KG,,Paid
MDM010314,2025-06-06,SCH0143,Sharma Traders,Wheat,44700.0,G,1341,Due
MDM006884,2025-11-05,SCH0444,Sharma Traders Pvt Ltd,Wheat,,,327,
MDM003835,2026-01-05,SCH0170,Kumar & Co.,oil,47.0,KG,5640,Paid
MDM007934,2025-09-28,SCH0074,Sharma & Sons,oil,,,6516,Pending
MDM007109,2025-10-04,SCH0218,Goyal Rice Mill,Wheat,0.634,BAG_50KG,951,Due
MDM009900,2025-07-16,SCH0245,Kumar General Store,Cooking Oil,0.884,BAG,5304,Cleared
MDM004725,2025-08-25,SCH0540,Goyal Mill,oil,43.8,KG,5256,Cleared
MDM002996,2025-08-30,SCH0250,S. Agro Works,Dal,,,4959,Paid
MDM006841,2025-12-01,SCH0437,Goyal Enterprises,Dal,,,2664,Paid
MDM010900,2025-10-18,SCH0341,Sharma Traders,Wheat,56800.0,G,1704,Due
MDM003413,2026-01-09,SCH0322,Goyal Mill,Mustard Oil,27600.0,G,3312,Cleared
MDM004481,2025-04-16,SCH0323,Kumar Supplies,Rice,0.8340000000000001,BAG,1668,Pending
MDM005114,2026-01-31,SCH0089,S. Agro Works,Mustard Oil,11.9,KG,1428,Pending
MDM000796,2025-11-22,SCH0307,Sharma & Sons,Atta,,,1185,Paid
MDM007572,2026-02-13,SCH0538,Kumar Supplies,Rice,49300.0,G,1972,Paid
MDM011709,2025-11-23,SCH0480,Singh Agro,oil,58.7,KG,7044,Cleared
MDM004478,2026-02-04,SCH0558,Sharma & Sons,Cooking Oil,11.9,KG,1428,
MDM008491,2026-03-24,SCH0512,Sharma Traders,Dal,14.7,KG,1323,Paid
MDM003273,2026-01-02,SCH0475,Sharma Traders Pvt Ltd,Dal,48500.0,G,4365,Pending
MDM002944,2025-09-26,SCH0215,Sharma Traders,Wheat,30.9,KG,927,Pending
MDM006859,2025-12-29,SCH0174,Sharma Traders,Dal,,,2655,Pending
MDM011949,2025-11-03,SCH0395,Kumar General Store,Mustard Oil,25700.0,G,3084,Pending
MDM011783,2025-07-05,SCH0397,Kumar General Store,Rice,,,1200,Due
MDM000533,2025-11-08,SCH0464,Goyal Rice Mill,Rice,,,2152,Due
MDM002544,2025-09-06,SCH0340,Goyal Enterprises,Rice,0.852,SACK,1704,Pending
MDM008420,2026-01-24,SCH0413,Goyal Mill,Atta,0.986,BAG_50KG,1479,Paid
MDM008892,2025-12-09,SCH0432,Kumar General Store,Wheat,13.5,KG,405,Pending
MDM003300,2025-11-24,SCH0144,Goyal Rice Mill,Wheat,,,942,Paid
MDM007758,2025-10-31,SCH0421,Kumar & Co.,Rice,,,1064,Paid
MDM011065,2025-12-02,SCH0092,Goyal Mill,Mustard Oil,0.77,BAG,4620,Pending
MDM010512,2025-07-17,SCH0039,S. Agro Works,Dal,0.71,SACK,3195,
MDM011692,2025-10-09,SCH0399,Singh Brothers,Dal,,,4725,Paid
MDM011330,2025-05-16,SCH0006,Kumar General Store,Dal,0.388,BORI,1746,Paid
MDM007050,2025-06-04,SCH0283,Sharma & Sons,Wheat,35.1,KG,1053,Due
MDM002518,2026-03-14,SCH0454,S. Agro Works,Atta,1.15,SACK,1725,Due
MDM000684,2025-04-05,SCH0229,Sharma Traders,Mustard Oil,1.12,BAG,6720,Paid
MDM007677,2025-05-16,SCH0016,Kumar & Co.,Wheat,,,,Cleared
MDM010333,2025-10-29,SCH0360,Kumar Supplies,Atta,,,321,
MDM004871,2025-08-04,SCH0151,S. Agro Works,Wheat,,,1443,
MDM000578,2025-08-01,SCH0037,Sharma & Sons,Atta,47.6,KG,1428,Paid
MDM011474,2025-11-23,SCH0107,Kumar & Co.,Rice,,,,Pending
MDM008558,2025-10-27,SCH0496,Kumar Supplies,Dal,40.2,KG,3618,Paid
MDM011303,2025-12-20,SCH0203,Kumar & Co.,Mustard Oil,20.8,KG,2496,Cleared
MDM004050,2025-04-09,SCH0220,Sharma Traders Pvt Ltd,Dal,,,1800,Pending
MDM004808,2026-01-17,SCH0383,Goyal Rice Mill,Wheat,,,1341,
MDM003575,2025-05-21,SCH0435,S. Agro Works,Mustard Oil,,,5028,Paid
MDM009707,2025-07-22,SCH0354,Sharma Traders Pvt Ltd,oil,14100.0,G,1692,Cleared
MDM004251,2025-06-08,SCH0045,Goyal Enterprises,Wheat,,,1161,Paid
MDM007248,2025-11-23,SCH0131,Sharma Traders,Cooking Oil,,,1752,Pending
MDM000762,2026-03-10,SCH0089,Singh Agro,Wheat,31.7,KG,951,Pending
MDM008137,2025-07-03,SCH0347,Goyal Rice Mill,Wheat,35.8,KG,1074,Pending
MDM004731,2025-07-17,SCH0359,Goyal Mill,Wheat,37.7,KG,1131,
MDM000797,2025-09-05,SCH0354,Singh Brothers,Dal,,,5040,Pending
MDM011883,2026-03-13,SCH0348,Sharma Traders Pvt Ltd,Dal,,,5238,Cleared
MDM010236,2025-10-10,SCH0504,Goyal Mill,Dal,10.4,KG,936,
MDM007092,2025-12-21,SCH0097,Kumar & Co.,Rice,45000.0,G,1800,Paid
MDM004722,2025-04-23,SCH0538,Kumar & Co.,Cooking Oil,30200.0,G,3624,Due
MDM011558,2025-11-02,SCH0196,Sharma Traders,Wheat,,,867,Cleared
MDM010308,2026-01-17,SCH0246,Sharma & Sons,Rice,49.3,KG,1972,Paid
MDM006965,2025-10-08,SCH0012,Sharma & Sons,Dal,19.6,KG,1764,
MDM002885,2026-01-23,SCH0281,Singh Agro,Wheat,,,570,
MDM008636,2025-12-02,SCH0296,Singh Agro,Mustard Oil,0.346,BAG,2076,Pending
MDM010499,2026-01-18,SCH0253,Singh Agro,Cooking Oil,,,3516,Cleared
MDM002440,2026-01-24,SCH0011,Kumar General Store,Mustard Oil,0.428,BORI,2568,Pending
MDM005014,2026-01-17,SCH0388,Goyal Enterprises,Wheat,22.5,KG,675,Paid
MDM009708,2025-08-29,SCH0412,Goyal Mill,Mustard Oil,,,3060,Due
MDM005398,2025-05-30,SCH0392,Kumar & Co.,Dal,21.1,KG,1899,Due
MDM009653,2025-07-17,SCH0010,Goyal Mill,Wheat,47000.0,G,1410,Paid
MDM003672,2025-07-08,SCH0323,Kumar General Store,Wheat,,,1752,Cleared
MDM007874,2025-05-27,SCH0181,Goyal Mill,Atta,41.1,KG,1233,Pending
MDM009584,2026-03-23,SCH0053,Sharma Traders Pvt Ltd,Wheat,52300.0,G,1569,
MDM000456,2026-01-04,SCH0467,Goyal Rice Mill,Wheat,16500.0,G,495,Paid
MDM003861,2025-07-29,SCH0344,Goyal Enterprises,Dal,,,,Pending
MDM006815,2025-11-17,SCH0493,Kumar General Store,Dal,28600.0,G,2574,Due
MDM003039,2025-05-22,SCH0222,Goyal Mill,Rice,0.7,BAG_50KG,1400,Due
MDM006492,2026-01-24,SCH0066,Sharma & Sons,Wheat,0.258,SACK,387,Pending
MDM009549,2025-08-30,SCH0583,Kumar General Store,oil,0.624,BAG,3744,Paid
MDM011574,2025-05-06,SCH0102,Singh Agro,oil,1.134,BAG,6804,Due
MDM001042,2025-04-15,SCH0461,Goyal Enterprises,Wheat,51.4,KG,1542,Cleared
MDM004221,2026-03-04,SCH0362,Goyal Rice Mill,Wheat,55400.0,G,1662,Due
MDM009230,2025-08-10,SCH0025,Kumar Supplies,Rice,17700.0,G,708,Pending
MDM007323,2025-04-03,SCH0443,Sharma Traders Pvt Ltd,Wheat,1.07,BAG,1605,
MDM000174,2025-04-06,SCH0397,Goyal Rice Mill,oil,0.94,BAG,5640,Due
MDM009803,2026-03-11,SCH0228,Sharma Traders Pvt Ltd,Dal,28.3,KG,2547,Pending
MDM000170,2025-04-29,SCH0303,Kumar General Store,Rice,12.3,KG,492,Pending
MDM003839,2026-02-03,SCH0219,Singh Brothers,Rice,,,544,Pending
MDM009124,2025-11-14,SCH0254,Kumar General Store,Dal,,,3726,
MDM010757,2025-09-03,SCH0061,Sharma Traders Pvt Ltd,Mustard Oil,,,1296,Pending
MDM001769,2025-10-02,SCH0508,Goyal Rice Mill,Rice,27.7,KG,1108,
MDM006505,2025-10-07,SCH0076,Sharma Traders Pvt Ltd,Dal,30.6,KG,2754,Pending
MDM004258,2026-01-26,SCH0522,Kumar General Store,Rice,0.946,SACK,,Paid
MDM008469,2025-12-23,SCH0593,S. Agro Works,Rice,,,772,Cleared
MDM001273,2025-04-10,SCH0013,Sharma Traders,oil,,,,Pending
MDM008747,2025-10-04,SCH0031,S. Agro Works,Mustard Oil,,,5952,Pending
MDM000961,2025-07-07,SCH0171,Kumar Supplies,Dal,0.58,BAG,2610,
MDM009846,2025-06-01,SCH0407,Sharma & Sons,Rice,0.43,BAG,860,Due
MDM009996,2025-07-11,SCH0570,Goyal Rice Mill,Dal,48600.0,G,4374,Paid
MDM006796,2026-03-31,SCH0551,Goyal Rice Mill,Wheat,27600.0,G,828,Cleared
MDM011176,2025-08-23,SCH0507,Sharma Traders Pvt Ltd,Dal,,,3042,Pending
MDM000884,2025-06-19,SCH0013,Goyal Rice Mill,Dal,43.5,KG,3915,Due
MDM008333,2025-07-23,SCH0530,Sharma Traders,Rice,,,2340,Pending
MDM006430,2025-05-08,SCH0542,Kumar General Store,Dal,,,3789,Paid
MDM003027,2025-12-26,SCH0236,Kumar & Co.,oil,1.098,BAG_50KG,6588,Pending
MDM000800,2026-01-21,SCH0468,Kumar General Store,Rice,,,896,Cleared
MDM005734,2026-01-19,SCH0160,Singh Brothers,Dal,41800.0,G,3762,Pending
MDM001656,2025-06-25,SCH0495,Singh Agro,Wheat,26.9,KG,807,Pending
MDM003167,2025-08-19,SCH0128,Goyal Mill,Rice,41.5,KG,1660,Cleared
MDM010762,2025-04-11,SCH0124,Sharma Traders,Wheat,29.6,KG,888,Due
MDM004630,2025-11-29,SCH0286,Sharma Traders Pvt Ltd,Rice,21200.0,G,848,Pending
MDM003394,2026-01-04,SCH0028,Sharma & Sons,Rice,46.5,KG,1860,Pending
MDM010751,2025-05-10,SCH0012,Sharma Traders Pvt Ltd,Dal,0.522,BAG,2349,Paid
MDM009955,2025-09-07,SCH0359,Kumar Supplies,Wheat,29.0,KG,870,
MDM011773,2025-12-05,SCH0413,Goyal Enterprises,oil,46.0,KG,,Pending
MDM006160,2025-05-02,SCH0397,S. Agro Works,Rice,11100.0,G,444,
MDM010716,2025-08-06,SCH0454,Singh Brothers,oil,,,1668,Pending
MDM002222,2025-08-04,SCH0348,Goyal Rice Mill,Cooking Oil,54.4,KG,6528,Paid
MDM006628,2025-11-27,SCH0236,Kumar General Store,Dal,,,3069,Paid
MDM009385,2025-06-05,SCH0489,Singh Brothers,Rice,,,1556,Paid
MDM010032,2025-05-09,SCH0298,Sharma & Sons,oil,37.9,KG,4548,Pending
MDM010456,2025-05-21,SCH0584,Goyal Rice Mill,Rice,59.4,KG,2376,Due
MDM011631,2026-03-03,SCH0129,Singh Brothers,Dal,0.476,BAG,2142,
MDM004030,2025-12-14,SCH0342,Sharma & Sons,Rice,36300.0,G,1452,Due
MDM003652,2025-05-05,SCH0237,Goyal Mill,Rice,12.9,KG,516,Paid
MDM001161,2025-09-02,SCH0001,Sharma Traders Pvt Ltd,Wheat,35.4,KG,1062,Paid
MDM001480,2026-03-19,SCH0069,Sharma & Sons,Mustard Oil,52300.0,G,6276,Due
MDM009939,2025-11-29,SCH0200,Singh Brothers,Dal,10700.0,G,962,Cleared
MDM009910,2025-07-13,SCH0505,Kumar Supplies,Dal,,,1485,Paid
MDM007927,2025-09-23,SCH0188,Singh Brothers,Dal,,,2628,Due
MDM008197,2026-02-04,SCH0544,Kumar & Co.,Mustard Oil,0.502,BAG,,Pending
MDM003326,2025-06-23,SCH0495,Kumar Supplies,Dal,42500.0,G,3825,Pending
MDM002674,2026-03-07,SCH0285,Singh Agro,Cooking Oil,,,,Pending
MDM000721,2026-01-25,SCH0339,Sharma & Sons,Atta,0.86,SACK,,Due
MDM000587,2025-07-18,SCH0366,Kumar General Store,oil,,,3084,Due
MDM001979,2025-06-29,SCH0456,Goyal Mill,Rice,,,608,Pending
MDM002390,2025-12-12,SCH0171,Sharma Traders,Wheat,0.7959999999999999,BAG_50KG,1194,Paid
MDM005514,2025-07-12,SCH0573,Kumar General Store,Dal,24.1,KG,,Paid
MDM009820,2025-10-31,SCH0178,Kumar Supplies,Dal,36.4,KG,3276,Paid
MDM006886,2025-05-26,SCH0088,Kumar Supplies,Dal,1.196,BAG,5382,Paid
MDM002216,2025-05-30,SCH0371,S. Agro Works,Dal,,,3402,Cleared
MDM008811,2025-07-20,SCH0003,Goyal Enterprises,Wheat,,,639,Cleared
MDM007965,2025-09-08,SCH0167,Sharma Traders,Mustard Oil,,,5904,
MDM010293,2025-10-13,SCH0008,Goyal Mill,Dal,,,2223,
MDM002895,2025-11-15,SCH0432,Kumar General Store,Dal,,,4032,Paid
MDM001148,2026-02-12,SCH0579,Kumar General Store,Rice,50500.0,G,2020,Paid
MDM005392,2025-05-28,SCH0560,Kumar General Store,Rice,56.4,KG,2256,Pending
MDM003044,2025-10-16,SCH0562,Kumar General Store,oil,1.144,SACK,6864,Due
MDM010214,2026-03-24,SCH0409,Singh Agro,Mustard Oil,,,1644,
MDM009934,2026-02-23,SCH0220,S. Agro Works,Dal,,,5184,Paid
MDM010574,2025-07-03,SCH0113,Kumar & Co.,Dal,0.7020000000000001,BAG,3159,
MDM005319,2025-09-09,SCH0205,Goyal Rice Mill,Rice,0.768,BORI,1536,Cleared
MDM006385,2025-10-12,SCH0562,Sharma Traders Pvt Ltd,Atta,0.672,BORI,1008,Due
MDM004815,2025-09-30,SCH0381,Kumar Supplies,Dal,0.774,BAG,3483,Paid
MDM010295,2025-04-24,SCH0263,Singh Agro,Wheat,16.0,KG,480,Pending
MDM009567,2025-08-03,SCH0015,Singh Brothers,Rice,51900.0,G,,Pending
MDM005829,2025-09-03,SCH0350,S. Agro Works,Dal,0.344,BAG,1548,Cleared
MDM010898,2025-06-18,SCH0547,Singh Agro,oil,40.1,KG,4812,Pending
MDM005609,2025-06-02,SCH0326,Kumar & Co.,Wheat,17.5,KG,525,Paid
MDM005655,2026-02-15,SCH0314,Kumar Supplies,Mustard Oil,,,2496,Pending
MDM003095,2025-11-21,SCH0453,Sharma Traders Pvt Ltd,Dal,38100.0,G,3429,Due
MDM008212,2026-03-06,SCH0163,S. Agro Works,Dal,31200.0,G,2808,Pending
MDM011983,2025-07-29,SCH0353,Singh Agro,Wheat,24700.0,G,741,
MDM007016,2026-02-09,SCH0501,Singh Brothers,Rice,0.9840000000000001,BORI,1968,Pending
MDM001502,2025-07-12,SCH0049,Sharma Traders Pvt Ltd,Wheat,0.484,BAG,726,Pending
MDM010483,2026-03-22,SCH0576,Goyal Enterprises,Dal,28.4,KG,,Due
MDM006175,2025-04-16,SCH0331,Kumar & Co.,Dal,51.0,KG,4590,Due
MDM007646,2025-07-26,SCH0187,Goyal Enterprises,Wheat,1.136,BAG,1704,Pending
MDM010879,2025-05-28,SCH0222,Singh Agro,Dal,15000.0,G,1350,Due
MDM008300,2026-02-28,SCH0006,Singh Brothers,Wheat,13600.0,G,408,Pending
MDM011771,2026-01-01,SCH0008,Goyal Enterprises,Atta,,,867,Pending
MDM000104,2025-09-09,SCH0168,Kumar General Store,Wheat,50.6,KG,1518,Due
MDM009583,2025-04-21,SCH0321,Singh Brothers,Mustard Oil,,,3588,Pending
MDM010961,2025-09-28,SCH0392,Kumar Supplies,Dal,0.8640000000000001,BORI,,Paid
MDM001627,2025-11-29,SCH0185,Sharma Traders Pvt Ltd,Dal,0.444,SACK,1998,Paid
MDM003533,2026-01-06,SCH0240,Goyal Rice Mill,Rice,,,1256,Pending
MDM000485,2025-05-15,SCH0452,Kumar General Store,Mustard Oil,54.5,KG,6540,Due
MDM004861,2025-08-05,SCH0422,Kumar Supplies,Rice,54.7,KG,2188,Pending
MDM005554,2025-07-17,SCH0071,Sharma Traders Pvt Ltd,Dal,20.0,KG,,Pending
MDM008035,2026-02-23,SCH0142,Singh Brothers,Dal,,,4905,Paid
MDM000084,2025-05-01,SCH0391,Goyal Enterprises,Dal,44.0,KG,3960,Pending
MDM008766,2026-03-19,SCH0250,Sharma Traders Pvt Ltd,Dal,10.4,KG,936,
MDM006747,2025-09-18,SCH0351,Sharma & Sons,Wheat,,,672,Paid
MDM010215,2025-04-29,SCH0269,Goyal Rice Mill,Mustard Oil,0.986,BAG,5916,Cleared
MDM011183,2025-10-25,SCH0112,Sharma Traders,Mustard Oil,,,3528,Due
MDM005492,2025-11-13,SCH0295,S. Agro Works,Dal,22.8,KG,2052,Paid
MDM003353,2025-11-21,SCH0424,S. Agro Works,Dal,0.304,BORI,1368,
MDM003615,2025-11-11,SCH0025,Singh Brothers,Atta,,,426,Pending
MDM010825,2025-11-30,SCH0393,Goyal Rice Mill,Rice,,,1104,Due
MDM010266,2025-09-02,SCH0152,Sharma & Sons,Rice,0.428,BAG,856,Cleared
MDM000292,2025-12-13,SCH0533,Kumar & Co.,Atta,0.324,SACK,,Pending
MDM005439,2025-05-16,SCH0173,Kumar Supplies,Wheat,27900.0,G,837,Paid
MDM006931,2026-01-13,SCH0594,Goyal Rice Mill,Dal,15800.0,G,,Paid
MDM009786,2025-11-14,SCH0033,Goyal Enterprises,Wheat,50.6,KG,,Pending
MDM005538,2025-10-17,SCH0072,Goyal Enterprises,Wheat,15.7,KG,471,
MDM003379,2025-04-06,SCH0069,Goyal Enterprises,Dal,,,1503,Due
MDM009944,2025-07-18,SCH0219,Sharma Traders Pvt Ltd,Wheat,,,900,Due
MDM009844,2025-11-10,SCH0444,Singh Agro,Wheat,0.878,SACK,1317,Pending
MDM001473,2026-01-18,SCH0260,Sharma Traders,Rice,58.6,KG,2344,Pending
MDM007198,2025-12-06,SCH0273,Sharma Traders Pvt Ltd,Wheat,40.1,KG,1203,Pending
MDM004005,2026-03-20,SCH0487,S. Agro Works,Rice,,,432,
MDM004615,2025-06-03,SCH0298,Kumar & Co.,Dal,23900.0,G,2151,Due
MDM010834,2025-05-17,SCH0595,Singh Agro,Rice,1.086,BAG,2172,Paid
MDM008305,2026-03-26,SCH0437,Goyal Rice Mill,Cooking Oil,44.4,KG,5328,Pending
MDM010547,2025-12-05,SCH0346,Kumar General Store,Atta,,,1131,Paid
MDM002814,2026-03-03,SCH0243,Sharma & Sons,Mustard Oil,,,6528,Pending
MDM006019,2025-07-26,SCH0443,Goyal Mill,Wheat,33300.0,G,999,
MDM007251,2026-02-07,SCH0421,Goyal Rice Mill,Cooking Oil,57.7,KG,6924,Paid
MDM010974,2025-10-25,SCH0186,Sharma Traders Pvt Ltd,Mustard Oil,44.0,KG,5280,Pending
MDM010145,2025-09-01,SCH0054,Singh Agro,Wheat,58.1,KG,1743,Paid
MDM001256,2025-08-25,SCH0334,Kumar & Co.,Dal,0.97,BORI,4365,
MDM007442,2026-01-15,SCH0357,Singh Agro,Rice,13.8,KG,552,Paid
MDM006760,2026-01-17,SCH0161,Kumar Supplies,Rice,,,1712,Pending
MDM005405,2025-11-24,SCH0191,Sharma Traders,Wheat,,,408,Pending
MDM000579,2025-05-16,SCH0208,Goyal Mill,Wheat,,,546,Paid
MDM009083,2025-09-29,SCH0104,Kumar General Store,Atta,26.4,KG,792,Pending
MDM001512,2025-12-01,SCH0338,Goyal Rice Mill,Wheat,1.158,BAG,1737,Pending
MDM005077,2025-09-24,SCH0343,S. Agro Works,Dal,,,2754,Due
MDM005690,2025-11-16,SCH0310,Goyal Mill,Dal,27.0,KG,2430,Pending
MDM005938,2026-02-09,SCH0397,Sharma & Sons,Mustard Oil,,,2460,Cleared
MDM002496,2025-12-14,SCH0114,Goyal Rice Mill,Rice,,,1036,Due
MDM002612,2025-09-29,SCH0122,Goyal Rice Mill,Dal,1.106,BAG_50KG,4977,Paid
MDM009810,2025-08-06,SCH0464,Singh Agro,Rice,0.61,BAG,1220,Pending
MDM000415,2025-12-13,SCH0475,Kumar & Co.,Mustard Oil,,,2928,Due
MDM011204,2025-12-28,SCH0465,Goyal Enterprises,Dal,0.428,BORI,1926,Pending
MDM005569,2025-11-20,SCH0175,Singh Brothers,Wheat,,,,Paid
MDM006331,2025-06-19,SCH0574,Sharma Traders,Cooking Oil,33900.0,G,4068,Paid
MDM006106,2025-05-20,SCH0411,Kumar General Store,Dal,,,2799,Due
MDM006233,2025-04-04,SCH0571,Sharma & Sons,Rice,47.0,KG,1880,Paid
MDM000427,2025-07-08,SCH0215,Sharma Traders,Wheat,1.016,SACK,1524,Cleared
MDM003527,2025-12-04,SCH0285,Kumar General Store,Dal,0.912,BAG,4104,Cleared
MDM000622,2026-03-15,SCH0339,Kumar Supplies,Atta,0.446,BORI,669,Pending
MDM003609,2025-08-18,SCH0596,Singh Brothers,Atta,25.6,KG,768,Pending
MDM009499,2025-06-19,SCH0448,Singh Brothers,Dal,49.3,KG,4437,Paid
MDM004206,2026-03-31,SCH0139,S. Agro Works,Dal,14.0,KG,1260,Pending
MDM010154,2025-12-04,SCH0532,S. Agro Works,Dal,,,2088,Paid
MDM011228,2025-12-05,SCH0537,Goyal Rice Mill,Rice,42300.0,G,1692,Cleared
MDM002681,2025-08-25,SCH0093,Goyal Rice Mill,oil,28.4,KG,3408,Paid
MDM003509,2026-02-09,SCH0302,Singh Agro,Dal,45.0,KG,4050,Paid
MDM008609,2025-10-25,SCH0385,Goyal Enterprises,Dal,22.4,KG,2016,Pending
MDM000266,2025-07-26,SCH0089,Kumar & Co.,Rice,34500.0,G,1380,Paid
MDM000834,2025-06-05,SCH0429,Kumar Supplies,Cooking Oil,56.5,KG,6780,Cleared
MDM007475,2025-08-27,SCH0047,Kumar & Co.,Atta,,,849,Pending
MDM005837,2025-10-03,SCH0331,Goyal Enterprises,Rice,,,2056,Paid
MDM001286,2025-06-17,SCH0494,Goyal Rice Mill,Mustard Oil,0.584,BAG,3504,Cleared
MDM001609,2025-11-25,SCH0599,Singh Agro,Dal,,,1161,Pending
MDM004455,2025-11-11,SCH0558,Sharma Traders Pvt Ltd,Mustard Oil,,,3936,Paid
MDM011636,2026-03-09,SCH0066,Kumar Supplies,oil,,,6984,Due
MDM000069,2025-09-22,SCH0150,Singh Brothers,Rice,,,,Pending
MDM003956,2025-10-03,SCH0461,Sharma Traders,Wheat,24.4,KG,,
MDM006728,2025-12-02,SCH0354,S. Agro Works,Rice,27.1,KG,1084,
MDM010496,2025-07-19,SCH0489,Sharma & Sons,Rice,0.564,BAG,1128,Cleared
MDM006023,2025-11-24,SCH0520,Kumar General Store,Dal,,,2133,Paid
MDM004516,2025-11-25,SCH0393,Singh Brothers,oil,0.882,BAG,,Paid
MDM007913,2025-07-10,SCH0120,Sharma Traders,oil,,,2496,Paid
MDM009726,2025-04-21,SCH0556,Goyal Rice Mill,Dal,15.7,KG,1413,Paid
MDM010367,2025-11-17,SCH0153,Goyal Enterprises,Mustard Oil,,,5052,Pending
MDM011915,2026-01-28,SCH0243,Goyal Mill,Cooking Oil,0.812,BAG_50KG,4872,Paid
MDM011181,2025-06-27,SCH0140,Kumar General Store,Dal,18.2,KG,1638,Paid
MDM001397,2025-06-05,SCH0387,Kumar & Co.,Mustard Oil,52.3,KG,6276,Due
MDM000260,2026-03-18,SCH0158,Goyal Mill,Rice,50.0,KG,2000,Paid
MDM011353,2025-09-03,SCH0398,Goyal Mill,Dal,,,3033,Pending
MDM010417,2026-01-06,SCH0223,Kumar & Co.,Rice,,,1584,Due
MDM005702,2025-08-05,SCH0406,Kumar General Store,Rice,0.43,BAG,860,
MDM001083,2025-10-29,SCH0583,Goyal Rice Mill,Rice,,,496,Paid
MDM001672,2025-11-12,SCH0417,Sharma Traders,oil,23.1,KG,2772,Paid
MDM004166,2025-09-14,SCH0056,Sharma & Sons,Dal,1.194,SACK,5373,
MDM007394,2025-12-07,SCH0485,Goyal Enterprises,Wheat,,,927,Paid
MDM011408,2025-07-16,SCH0592,Sharma & Sons,Mustard Oil,50000.0,G,6000,Cleared
MDM009657,2025-05-01,SCH0079,Singh Brothers,Rice,0.5479999999999999,BAG,1096,Paid
MDM000757,2025-04-08,SCH0008,Singh Brothers,Wheat,,,1263,Due
MDM001202,2026-03-07,SCH0141,Goyal Mill,Wheat,1.082,SACK,1623,Due
MDM002443,2025-05-04,SCH0251,S. Agro Works,Wheat,52.7,KG,1581,Pending
MDM003669,2025-05-21,SCH0076,Goyal Rice Mill,Dal,32.2,KG,2898,Pending
MDM009745,2025-04-04,SCH0511,Goyal Enterprises,Mustard Oil,27.7,KG,3324,Cleared
MDM003121,2026-02-23,SCH0447,Kumar Supplies,Wheat,0.292,BAG_50KG,438,Due
MDM002819,2025-12-28,SCH0381,Kumar General Store,Dal,40.0,KG,3600,
MDM007536,2025-12-02,SCH0177,Goyal Enterprises,Wheat,38700.0,G,1161,Cleared
MDM006021,2025-11-17,SCH0191,Goyal Enterprises,Wheat,46500.0,G,1395,Paid
MDM004526,2025-09-03,SCH0224,Kumar & Co.,Mustard Oil,14700.0,G,1764,Due
MDM001745,2025-08-30,SCH0251,Kumar & Co.,Mustard Oil,54.5,KG,6540,Paid
MDM002857,2025-07-22,SCH0170,Kumar Supplies,Cooking Oil,,,5952,Pending
MDM009881,2025-09-22,SCH0188,Singh Brothers,Cooking Oil,45.3,KG,5436,Pending
MDM006045,2025-04-15,SCH0016,Kumar Supplies,Dal,,,5355,Paid
MDM008508,2025-09-20,SCH0411,Goyal Mill,oil,45.3,KG,5436,Paid
MDM003706,2025-08-26,SCH0056,Goyal Rice Mill,Rice,36.5,KG,1460,Pending
MDM000695,2025-07-28,SCH0214,Sharma & Sons,Wheat,59000.0,G,1770,Paid
MDM005387,2025-08-12,SCH0060,Goyal Mill,Dal,,,1341,
MDM010495,2025-09-26,SCH0161,Sharma Traders,Wheat,0.848,BAG,1272,Paid
MDM001808,2025-06-12,SCH0156,Sharma Traders,Rice,0.388,BORI,776,Due
MDM006312,2026-02-23,SCH0027,Kumar & Co.,Dal,,,3708,Pending
MDM007873,2025-12-02,SCH0553,Goyal Mill,Dal,,,3888,
MDM011620,2025-04-12,SCH0165,Goyal Rice Mill,Wheat,,,396,Due
MDM006005,2026-03-12,SCH0261,Kumar Supplies,Dal,,,3384,
MDM004408,2025-05-12,SCH0126,Sharma Traders Pvt Ltd,oil,10.2,KG,1224,Paid
MDM009768,2025-11-08,SCH0527,Sharma Traders,Rice,0.37,BORI,740,Cleared
MDM011668,2025-12-30,SCH0256,Sharma Traders,Mustard Oil,,,6612,Paid
MDM005834,2026-02-19,SCH0346,Kumar & Co.,Wheat,39400.0,G,1182,Cleared
MDM007373,2025-08-14,SCH0234,Kumar General Store,Rice,46.8,KG,1872,
MDM003352,2025-06-09,SCH0408,Singh Brothers,Rice,20200.0,G,808,Cleared
MDM004163,2026-03-13,SCH0210,Kumar Supplies,Dal,16.4,KG,1476,Due
MDM004786,2025-10-02,SCH0300,Kumar & Co.,Rice,43800.0,G,1752,Paid
MDM007845,2025-11-07,SCH0364,Sharma Traders Pvt Ltd,Rice,,,1516,
MDM011099,2026-03-25,SCH0095,Goyal Enterprises,Rice,0.268,BORI,536,Paid
MDM002155,2026-02-20,SCH0197,Sharma Traders,Dal,0.568,SACK,2556,Pending
MDM010709,2025-04-13,SCH0414,Goyal Enterprises,Dal,20100.0,G,1809,Due
MDM006706,2025-09-05,SCH0479,Kumar & Co.,Rice,,,2280,Paid
MDM002408,2026-02-26,SCH0443,Kumar & Co.,oil,,,7056,Pending
MDM010503,2025-06-17,SCH0586,Kumar Supplies,Wheat,0.716,BORI,1074,Pending
MDM005313,2026-01-21,SCH0381,Kumar Supplies,Dal,,,3627,Paid
MDM010077,2025-10-29,SCH0492,S. Agro Works,Rice,35.4,KG,1416,Pending
MDM007249,2026-01-26,SCH0027,Singh Brothers,Dal,52000.0,G,4680,Pending
MDM003622,2025-12-03,SCH0204,S. Agro Works,Dal,,,1944,Pending
MDM006210,2025-05-03,SCH0128,Kumar & Co.,Dal,,,1584,Paid
MDM009458,2026-02-11,SCH0404,Goyal Rice Mill,Dal,,,2223,
MDM004396,2025-04-01,SCH0561,Singh Agro,Atta,22500.0,G,675,Pending
MDM007633,2025-04-29,SCH0393,Goyal Enterprises,Dal,55000.0,G,4950,Paid
MDM003548,2025-11-05,SCH0418,Goyal Enterprises,Mustard Oil,20.4,KG,,Pending
MDM004316,2026-02-11,SCH0350,S. Agro Works,Rice,1.176,BAG,2352,Cleared
MDM011321,2025-08-16,SCH0401,Kumar General Store,Rice,,,1416,Due
MDM001464,2025-08-09,SCH0441,Sharma Traders Pvt Ltd,oil,23.0,KG,,Pending
MDM008628,2025-08-13,SCH0403,Kumar Supplies,Dal,0.782,BORI,3519,Paid
MDM001238,2025-12-28,SCH0333,Singh Brothers,Mustard Oil,0.522,SACK,3132,Cleared
MDM005518,2025-05-05,SCH0076,Goyal Rice Mill,Rice,37.0,KG,1480,
MDM002789,2025-11-11,SCH0499,Goyal Rice Mill,Wheat,18.9,KG,567,Due
MDM009402,2026-02-01,SCH0119,Kumar Supplies,Mustard Oil,21.5,KG,2580,Pending
MDM002253,2025-06-08,SCH0450,Goyal Enterprises,Rice,59200.0,G,2368,Pending
MDM005583,2025-04-03,SCH0546,Singh Brothers,Dal,17800.0,G,1602,Pending
MDM003223,2025-09-14,SCH0081,Kumar General Store,oil,42.6,KG,5112,
MDM010755,2025-07-04,SCH0282,Kumar General Store,Wheat,11.3,KG,339,Paid
MDM009064,2025-06-02,SCH0521,Kumar & Co.,Mustard Oil,,,2580,Pending
MDM002874,2025-05-11,SCH0324,Sharma Traders Pvt Ltd,oil,30600.0,G,3672,Due
MDM004925,2025-10-06,SCH0524,S. Agro Works,Dal,,,3123,Cleared
MDM006287,2025-10-30,SCH0438,Kumar & Co.,Dal,35300.0,G,3177,Paid
MDM006204,2025-05-01,SCH0583,Singh Brothers,Wheat,40100.0,G,1203,
MDM008726,2025-07-12,SCH0010,Kumar & Co.,Rice,0.682,BORI,1364,
MDM008001,2025-09-19,SCH0303,Goyal Rice Mill,Cooking Oil,33.1,KG,3972,Paid
MDM003133,2025-07-06,SCH0552,Kumar Supplies,Rice,,,2108,Paid
MDM005923,2025-08-01,SCH0286,Sharma & Sons,Dal,22400.0,G,2016,Pending
MDM011563,2025-08-03,SCH0389,Goyal Mill,oil,19.9,KG,2388,Paid
MDM000820,2025-05-09,SCH0286,S. Agro Works,Wheat,10.2,KG,306,Paid
MDM004902,2025-11-02,SCH0327,Goyal Rice Mill,Rice,,,2220,Due
MDM010957,2025-05-20,SCH0473,Goyal Mill,Wheat,,,,Due
MDM003747,2025-10-15,SCH0497,Sharma Traders,oil,0.5760000000000001,BAG_50KG,3456,Paid
MDM003959,2025-05-04,SCH0095,Singh Brothers,Mustard Oil,32800.0,G,3936,Paid
MDM011266,2025-04-23,SCH0289,Kumar Supplies,Dal,13.5,KG,1215,
MDM009005,2025-07-14,SCH0164,Goyal Mill,Mustard Oil,,,4752,Pending
MDM006455,2025-04-27,SCH0569,Kumar & Co.,Rice,,,1340,Pending
MDM003356,2025-12-23,SCH0546,Kumar General Store,Rice,23.9,KG,956,Pending
MDM001671,2025-09-22,SCH0468,Kumar General Store,Dal,24.4,KG,2196,Due
MDM007999,2025-09-25,SCH0220,Kumar General Store,Wheat,0.532,BAG_50KG,798,Due
MDM001062,2025-09-03,SCH0154,Sharma & Sons,Rice,0.536,BAG,,Pending
MDM008055,2025-06-22,SCH0471,Sharma & Sons,Wheat,,,1188,
MDM006124,2026-03-24,SCH0532,Singh Agro,Dal,,,3798,Paid
MDM002047,2026-02-19,SCH0592,Kumar Supplies,Wheat,22.4,KG,672,Paid
MDM010130,2025-05-02,SCH0455,Singh Brothers,Wheat,,,1707,Paid
MDM001255,2025-11-24,SCH0374,Sharma Traders Pvt Ltd,Dal,39.3,KG,3537,
MDM000953,2025-09-25,SCH0115,Kumar Supplies,Rice,31.5,KG,,Pending
MDM002933,2026-03-11,SCH0278,Sharma & Sons,Wheat,28100.0,G,843,Paid
MDM004955,2025-09-04,SCH0405,Goyal Mill,Wheat,,,555,
MDM005861,2026-03-30,SCH0043,Kumar General Store,Wheat,40.1,KG,1203,Due
MDM005946,2025-11-30,SCH0077,Goyal Mill,Wheat,56.1,KG,1683,Paid
MDM008396,2026-02-07,SCH0354,Kumar General Store,Dal,43.4,KG,3906,Paid
MDM001719,2025-06-24,SCH0147,Sharma & Sons,Wheat,,,1104,Cleared
MDM005361,2026-03-18,SCH0471,S. Agro Works,Rice,1.118,BORI,2236,Pending
MDM008397,2025-10-26,SCH0107,S. Agro Works,Dal,,,3321,Cleared
MDM003017,2026-01-03,SCH0475,Sharma Traders Pvt Ltd,Wheat,1.16,BAG_50KG,1740,
MDM003785,2026-03-21,SCH0550,Sharma & Sons,Dal,,,3483,Paid
MDM008905,2026-02-24,SCH0583,S. Agro Works,Rice,45.4,KG,1816,Pending
MDM003182,2025-04-12,SCH0149,Sharma & Sons,Mustard Oil,15.7,KG,1884,Pending
MDM011109,2025-05-18,SCH0332,Goyal Mill,Rice,1.032,SACK,2064,Paid
MDM004218,2025-06-18,SCH0111,Sharma Traders,Rice,16900.0,G,676,Paid
MDM002392,2025-09-22,SCH0141,S. Agro Works,Rice,42.1,KG,1684,
MDM008812,2026-02-28,SCH0462,Sharma & Sons,Dal,55.9,KG,5031,Pending
MDM001057,2026-01-06,SCH0361,Singh Brothers,Atta,,,1737,
MDM001147,2025-11-11,SCH0203,Sharma Traders Pvt Ltd,Dal,19.7,KG,,Cleared
MDM009563,2025-08-25,SCH0322,Kumar Supplies,Mustard Oil,,,6156,Paid
MDM001938,2026-01-01,SCH0540,Sharma & Sons,Dal,,,1971,Cleared
MDM007014,2026-01-24,SCH0545,Goyal Mill,Dal,,,2331,
MDM003860,2026-03-14,SCH0580,Sharma Traders Pvt Ltd,Rice,30.6,KG,1224,Pending
MDM006573,2025-11-30,SCH0558,Sharma & Sons,Wheat,0.472,BAG,708,Pending
MDM006792,2025-11-27,SCH0264,Goyal Mill,Wheat,45300.0,G,1359,
MDM009812,2026-03-16,SCH0126,S. Agro Works,Rice,18.7,KG,748,Due
MDM003524,2025-12-01,SCH0485,Goyal Rice Mill,oil,22.6,KG,2712,
MDM004148,2025-11-14,SCH0368,Goyal Mill,Rice,0.852,SACK,1704,Paid
MDM000097,2025-10-04,SCH0005,Singh Agro,Rice,17.3,KG,692,Paid
MDM010136,2025-05-13,SCH0134,Goyal Enterprises,oil,,,3828,Pending
MDM011767,2025-05-17,SCH0106,Goyal Rice Mill,Wheat,0.812,BORI,1218,
MDM011123,2025-07-05,SCH0599,Singh Brothers,Rice,,,1864,Cleared
MDM001043,2025-12-20,SCH0107,Goyal Rice Mill,Dal,20.3,KG,1827,Paid
MDM005913,2025-10-17,SCH0098,Sharma Traders Pvt Ltd,Wheat,,,681,Cleared
MDM001593,2025-10-20,SCH0343,Goyal Rice Mill,Wheat,,,780,Pending
MDM004755,2025-11-18,SCH0077,Singh Brothers,Rice,49500.0,G,1980,Pending
MDM005184,2025-12-06,SCH0446,Kumar General Store,oil,51.9,KG,6228,Due
MDM009821,2025-05-23,SCH0059,Sharma Traders,Atta,,,432,Pending
MDM011987,2025-12-05,SCH0487,S. Agro Works,Mustard Oil,,,2772,Paid
MDM002589,2025-12-16,SCH0141,Kumar & Co.,Atta,,,1722,Due
MDM008826,2025-12-12,SCH0443,Goyal Rice Mill,Dal,17200.0,G,1548,
MDM000004,2025-10-24,SCH0222,Sharma Traders Pvt Ltd,Wheat,,,930,
MDM004864,2025-07-08,SCH0072,Goyal Enterprises,Rice,47.7,KG,,Pending
MDM006222,2025-07-23,SCH0263,Goyal Rice Mill,Dal,31400.0,G,2826,Paid
MDM010099,2026-03-30,SCH0295,Sharma Traders,Wheat,50100.0,G,1503,
MDM005658,2025-08-19,SCH0432,Sharma Traders,Mustard Oil,21.5,KG,2580,Due
MDM002587,2025-04-01,SCH0134,Kumar General Store,Rice,59700.0,G,,Cleared
MDM000440,2025-07-26,SCH0280,Kumar General Store,Atta,53.5,KG,1605,Pending
MDM002975,2025-09-04,SCH0015,Goyal Mill,Dal,1.06,SACK,4770,Due
MDM010573,2025-06-13,SCH0572,Singh Brothers,Mustard Oil,0.654,SACK,3924,Paid
MDM003661,2025-06-29,SCH0399,S. Agro Works,Rice,15700.0,G,,
MDM002523,2025-06-11,SCH0042,Sharma Traders,Dal,12.6,KG,1134,Paid
MDM000089,2025-11-25,SCH0254,Singh Brothers,Mustard Oil,,,1524,Paid
MDM011615,2025-08-03,SCH0408,Goyal Rice Mill,Mustard Oil,55.9,KG,6708,
MDM007626,2025-10-12,SCH0389,Kumar & Co.,Wheat,37.1,KG,1113,
MDM009150,2025-09-21,SCH0451,Singh Brothers,Mustard Oil,0.504,SACK,3024,Pending
MDM000275,2025-06-20,SCH0171,Singh Agro,Rice,,,1992,Paid
MDM001282,2025-12-25,SCH0165,Sharma Traders Pvt Ltd,Wheat,30.3,KG,909,Pending
MDM004029,2025-09-15,SCH0017,Sharma Traders Pvt Ltd,Mustard Oil,0.992,BORI,5952,
MDM007054,2025-09-06,SCH0102,Sharma Traders Pvt Ltd,Wheat,34500.0,G,1035,Pending
MDM009612,2025-05-28,SCH0214,Singh Agro,Mustard Oil,45.1,KG,5412,
MDM007111,2025-08-27,SCH0466,Kumar General Store,Mustard Oil,39400.0,G,4728,Pending
MDM010060,2025-07-25,SCH0455,Goyal Rice Mill,Rice,10.6,KG,424,Paid
MDM010507,2025-08-26,SCH0215,Sharma Traders Pvt Ltd,Dal,,,3789,
MDM008823,2025-11-03,SCH0032,S. Agro Works,Wheat,,,,Pending
MDM003520,2025-06-18,SCH0592,Singh Agro,oil,0.526,BAG_50KG,3156,Pending
MDM004708,2025-07-09,SCH0101,Goyal Enterprises,Atta,18600.0,G,558,Cleared
MDM000416,2025-10-02,SCH0427,Singh Agro,Rice,1.084,BORI,2168,Cleared
MDM002358,2025-07-19,SCH0077,Kumar General Store,Mustard Oil,24300.0,G,2916,Paid
MDM007992,2025-07-19,SCH0110,Singh Brothers,oil,21900.0,G,2628,Paid
MDM007890,2026-01-19,SCH0416,Singh Brothers,Rice,,,592,
MDM000711,2025-10-13,SCH0094,Sharma & Sons,Mustard Oil,,,1500,Cleared
MDM004386,2025-06-09,SCH0476,Sharma & Sons,Wheat,,,600,Pending
MDM003823,2025-04-14,SCH0365,Goyal Enterprises,Rice,26.1,KG,1044,Paid
MDM000408,2026-02-25,SCH0588,Singh Brothers,oil,15400.0,G,1848,Pending
MDM010164,2025-11-23,SCH0077,Sharma Traders,Atta,37400.0,G,1122,Pending
MDM010924,2025-07-11,SCH0376,Sharma & Sons,Dal,,,1080,Pending
MDM009876,2025-08-07,SCH0178,Goyal Enterprises,Cooking Oil,33100.0,G,3972,Due
MDM004031,2025-11-03,SCH0337,Goyal Enterprises,Mustard Oil,0.216,BAG,1296,Paid
MDM008414,2025-12-03,SCH0521,Kumar Supplies,Rice,40.2,KG,1608,Cleared
MDM010424,2025-11-16,SCH0007,S. Agro Works,Cooking Oil,,,1776,Paid
MDM007827,2025-08-26,SCH0440,Goyal Enterprises,Dal,,,2232,Paid
MDM003116,2025-11-15,SCH0199,Sharma Traders,Atta,34100.0,G,,
MDM006873,2025-04-16,SCH0048,Kumar General Store,Cooking Oil,56200.0,G,6744,Cleared
MDM001524,2025-12-29,SCH0042,Goyal Rice Mill,Mustard Oil,,,3144,Due
MDM010398,2025-10-31,SCH0376,Goyal Mill,Mustard Oil,,,,Due
MDM001111,2025-07-11,SCH0529,Goyal Mill,Dal,,,1386,Paid
MDM010141,2026-01-26,SCH0377,Sharma & Sons,Wheat,35600.0,G,1068,Pending
MDM001407,2025-12-31,SCH0386,Singh Agro,Dal,,,1746,Pending
MDM010081,2025-05-11,SCH0587,Kumar Supplies,Dal,27.7,KG,2493,Paid
MDM005299,2025-07-28,SCH0096,Kumar & Co.,Dal,54.8,KG,4932,
MDM004247,2026-02-20,SCH0483,Sharma Traders Pvt Ltd,Dal,43.4,KG,3906,Due
MDM008761,2025-04-28,SCH0037,Goyal Mill,Dal,0.512,BAG_50KG,2304,Pending
MDM003119,2025-07-29,SCH0531,Singh Brothers,Dal,,,3492,Pending
MDM006456,2025-12-02,SCH0418,Kumar Supplies,Wheat,,,330,Pending
MDM011379,2026-01-08,SCH0433,Kumar & Co.,Dal,14.9,KG,1341,Cleared
MDM000634,2025-08-12,SCH0070,Kumar & Co.,Dal,,,4464,Pending
MDM003781,2025-11-23,SCH0478,Goyal Rice Mill,Rice,0.352,SACK,704,Pending
MDM005615,2026-01-23,SCH0034,Sharma Traders Pvt Ltd,Rice,,,424,Cleared
MDM011383,2025-05-03,SCH0098,Kumar General Store,Wheat,27000.0,G,810,Pending
MDM009717,2025-09-05,SCH0212,Sharma Traders,Rice,34200.0,G,1368,Due
MDM000132,2025-08-05,SCH0452,Goyal Enterprises,Rice,31400.0,G,1256,Due
MDM005763,2026-03-08,SCH0312,Sharma Traders Pvt Ltd,Mustard Oil,0.772,BAG,4632,
MDM008919,2025-07-02,SCH0007,Goyal Mill,Dal,,,1647,Pending
MDM009719,2025-05-11,SCH0267,Goyal Mill,Wheat,58500.0,G,1755,Pending
MDM000775,2026-02-19,SCH0310,Kumar & Co.,Rice,,,1264,Paid
MDM003647,2025-05-26,SCH0293,Sharma Traders Pvt Ltd,Dal,,,3987,Paid
MDM011516,2025-08-17,SCH0548,Kumar & Co.,Atta,,,393,Pending
MDM000470,2025-05-17,SCH0038,Goyal Enterprises,Dal,18700.0,G,1683,Due
MDM009858,2026-03-28,SCH0494,Sharma Traders Pvt Ltd,Atta,,,774,Paid
MDM011273,2025-11-21,SCH0019,Kumar General Store,Rice,0.264,BAG,,Pending
MDM002992,2026-01-02,SCH0134,Singh Brothers,Dal,16500.0,G,1485,Cleared
MDM007021,2025-08-29,SCH0445,Sharma Traders Pvt Ltd,Wheat,,,885,Pending
MDM006435,2025-12-22,SCH0295,Goyal Enterprises,Dal,1.004,BORI,4518,Pending
MDM010082,2025-06-26,SCH0362,Singh Agro,Dal,,,2844,Paid
MDM000564,2025-11-04,SCH0308,Goyal Enterprises,Wheat,,,423,Paid
MDM001906,2025-08-20,SCH0543,Kumar General Store,Cooking Oil,43.6,KG,5232,Pending
MDM005379,2026-03-19,SCH0518,Kumar & Co.,Mustard Oil,15.2,KG,1824,Paid
MDM010782,2026-03-03,SCH0238,Sharma & Sons,Wheat,35.0,KG,1050,Cleared
MDM010477,2025-06-24,SCH0267,Goyal Rice Mill,Rice,47800.0,G,1912,Due
MDM001577,2025-10-13,SCH0081,S. Agro Works,Rice,,,1968,Due
MDM011681,2025-04-22,SCH0424,Kumar General Store,Rice,0.708,BAG,1416,Pending
MDM010528,2025-06-09,SCH0190,Singh Agro,Wheat,0.43,BAG,645,Pending
MDM011768,2025-09-02,SCH0364,Goyal Enterprises,Wheat,0.688,BAG,1032,Paid
MDM011594,2025-11-25,SCH0565,Sharma & Sons,Wheat,33000.0,G,990,Due
MDM005182,2025-12-15,SCH0481,Goyal Enterprises,Rice,,,1660,Paid
MDM000080,2026-03-13,SCH0070,Kumar Supplies,Cooking Oil,,,4440,Pending
MDM006818,2025-12-27,SCH0575,Kumar & Co.,Dal,0.5579999999999999,BAG_50KG,2511,Paid
MDM006609,2026-03-15,SCH0221,Goyal Enterprises,Dal,44.8,KG,4032,Cleared
MDM002219,2025-10-10,SCH0022,Singh Agro,Rice,49000.0,G,,Pending
MDM003459,2025-10-24,SCH0579,Kumar Supplies,Rice,0.94,BAG,1880,Paid
MDM007498,2025-12-07,SCH0333,Goyal Rice Mill,Rice,,,1036,Paid
MDM011049,2025-09-14,SCH0161,S. Agro Works,Rice,39200.0,G,1568,
MDM007672,2025-08-11,SCH0396,Goyal Enterprises,Wheat,,,813,Paid
MDM002448,2025-04-14,SCH0179,Kumar General Store,Rice,40.1,KG,1604,Paid
MDM011057,2025-05-06,SCH0163,Goyal Rice Mill,Dal,49.6,KG,4464,Paid
MDM005545,2025-05-25,SCH0334,Goyal Mill,Mustard Oil,0.634,SACK,3804,Pending
MDM007245,2025-09-15,SCH0113,Goyal Mill,Cooking Oil,23800.0,G,2856,Pending
MDM001905,2025-11-17,SCH0595,Kumar General Store,Rice,12.9,KG,516,Paid
MDM005830,2025-12-22,SCH0430,Sharma Traders,Rice,0.46,BORI,920,
MDM001852,2025-06-03,SCH0279,Sharma Traders,Cooking Oil,,,1848,Due
MDM007729,2025-08-05,SCH0273,Sharma Traders,Wheat,35.0,KG,1050,Due
MDM006756,2026-01-03,SCH0215,Goyal Mill,Mustard Oil,0.718,BORI,4308,Pending
MDM002920,2026-03-29,SCH0371,Kumar General Store,Wheat,56.6,KG,,Pending
MDM008166,2025-05-07,SCH0285,Sharma Traders,Mustard Oil,,,1728,Due
MDM001146,2025-11-15,SCH0083,Kumar General Store,Cooking Oil,0.93,BAG,5580,Due
MDM004510,2025-12-08,SCH0068,Singh Brothers,Mustard Oil,,,3300,Pending
MDM008032,2025-05-03,SCH0207,Goyal Enterprises,Rice,0.696,BAG,1392,Cleared
MDM010101,2025-06-16,SCH0539,Sharma & Sons,Dal,,,,Pending
MDM009862,2025-07-21,SCH0454,Goyal Mill,Wheat,45.9,KG,1377,Pending
MDM000853,2025-12-03,SCH0538,Kumar Supplies,Rice,21.3,KG,852,Paid
MDM001495,2025-09-12,SCH0396,Singh Brothers,oil,0.308,BAG,1848,Paid
MDM002537,2025-07-17,SCH0393,Kumar Supplies,Rice,47.3,KG,1892,Pending
MDM004334,2025-12-02,SCH0531,Goyal Mill,Rice,0.546,SACK,1092,Paid
MDM001806,2025-10-17,SCH0045,Sharma Traders,Dal,40.8,KG,3672,Pending
MDM006952,2025-10-09,SCH0014,Kumar General Store,Wheat,,,891,Due
MDM005043,2025-06-17,SCH0334,S. Agro Works,Wheat,0.334,BAG_50KG,501,Pending
MDM004986,2025-11-25,SCH0240,Goyal Enterprises,Rice,14.8,KG,592,Paid
MDM000189,2026-03-23,SCH0172,Goyal Rice Mill,Dal,49100.0,G,4419,Pending
MDM001124,2025-07-08,SCH0228,Kumar General Store,Mustard Oil,,,4224,Due
MDM004106,2025-05-11,SCH0404,Sharma Traders,Wheat,,,1182,Pending
MDM002343,2025-05-19,SCH0541,Kumar General Store,Rice,33.4,KG,1336,
MDM008939,2025-11-12,SCH0233,Kumar & Co.,Cooking Oil,29.8,KG,3576,Paid
MDM001595,2025-08-24,SCH0291,Goyal Rice Mill,Cooking Oil,18.5,KG,2220,Cleared
MDM006105,2025-05-25,SCH0406,Goyal Mill,Dal,,,5130,Cleared
MDM000501,2025-06-29,SCH0180,Kumar & Co.,Wheat,0.9840000000000001,BAG,1476,Cleared
MDM010272,2026-03-22,SCH0303,Kumar & Co.,Dal,,,3078,Cleared
MDM006903,2025-11-21,SCH0510,Goyal Rice Mill,Rice,0.382,SACK,764,Due
MDM003874,2025-07-27,SCH0318,Goyal Enterprises,oil,18.0,KG,2160,Pending
MDM003990,2025-12-25,SCH0357,Sharma & Sons,Mustard Oil,12700.0,G,1524,Due
MDM005445,2026-03-30,SCH0379,Goyal Mill,Mustard Oil,,,5700,Pending
MDM000591,2025-07-06,SCH0523,Sharma Traders,Rice,14200.0,G,568,Pending
MDM011163,2025-06-24,SCH0034,Singh Agro,Rice,,,2112,Pending
MDM009320,2025-11-12,SCH0397,Singh Brothers,Rice,17600.0,G,704,Cleared
MDM009636,2026-02-18,SCH0423,Goyal Enterprises,Atta,41.9,KG,1257,Paid
MDM002268,2025-06-24,SCH0559,Singh Brothers,Rice,33.0,KG,1320,Paid
MDM002076,2025-05-21,SCH0166,Singh Brothers,Mustard Oil,1.1,SACK,6600,Pending
MDM003106,2026-03-31,SCH0530,Sharma Traders Pvt Ltd,Dal,14.6,KG,1314,
MDM003108,2025-10-18,SCH0251,Sharma Traders,Rice,0.9940000000000001,BAG_50KG,1988,Paid
MDM008533,2026-01-15,SCH0264,Singh Agro,Rice,,,620,Cleared
MDM000778,2025-07-05,SCH0128,Kumar General Store,Dal,53.6,KG,,
MDM002614,2025-09-29,SCH0425,S. Agro Works,Mustard Oil,29.2,KG,3504,Due
MDM008409,2026-02-16,SCH0348,Sharma Traders Pvt Ltd,oil,,,1932,Pending
MDM001195,2025-10-08,SCH0431,Goyal Mill,Rice,25.0,KG,1000,Cleared
MDM008422,2025-08-17,SCH0463,Goyal Enterprises,Wheat,0.214,BAG,321,Pending
MDM005793,2025-08-28,SCH0031,Sharma & Sons,Rice,39.0,KG,1560,
MDM009003,2025-05-20,SCH0496,Sharma & Sons,Dal,54.7,KG,4923,Due
MDM011694,2025-09-07,SCH0223,Kumar General Store,Wheat,25600.0,G,768,Paid
MDM006504,2025-04-05,SCH0533,S. Agro Works,Wheat,0.6559999999999999,BORI,984,Paid
MDM011817,2025-04-03,SCH0188,Sharma & Sons,oil,45.9,KG,,Paid
MDM001114,2025-10-20,SCH0165,Sharma Traders Pvt Ltd,Rice,28.7,KG,1148,
MDM008733,2025-04-26,SCH0270,Kumar & Co.,Rice,,,,Paid
MDM009024,2025-12-01,SCH0185,Kumar General Store,Mustard Oil,,,4860,Pending
MDM004656,2025-10-18,SCH0094,Sharma Traders Pvt Ltd,oil,25500.0,G,3060,Paid
MDM003275,2025-07-04,SCH0479,Goyal Rice Mill,Dal,40.5,KG,3645,Pending
MDM006072,2026-03-12,SCH0115,S. Agro Works,Mustard Oil,24.2,KG,2904,Paid
MDM010193,2026-02-11,SCH0109,Kumar Supplies,Rice,49.5,KG,1980,
MDM004606,2025-09-10,SCH0500,Sharma & Sons,Cooking Oil,44.7,KG,5364,Cleared
MDM003593,2025-10-02,SCH0059,Sharma Traders Pvt Ltd,Mustard Oil,,,7068,Cleared
MDM000566,2025-11-10,SCH0126,Goyal Mill,Wheat,0.236,SACK,354,
MDM003324,2025-06-06,SCH0036,Kumar Supplies,Cooking Oil,,,4440,Paid
MDM001804,2025-08-17,SCH0092,Singh Agro,Wheat,,,489,Pending
MDM005720,2025-12-22,SCH0135,Sharma Traders,Rice,1.19,BAG,,
MDM011164,2025-07-16,SCH0123,S. Agro Works,Rice,,,480,Pending
MDM001643,2025-11-17,SCH0217,S. Agro Works,Wheat,,,1395,Paid
MDM009723,2026-01-09,SCH0465,Goyal Rice Mill,Wheat,45600.0,G,1368,Due
MDM008752,2025-04-25,SCH0393,Singh Agro,Wheat,38.9,KG,1167,Due
MDM005322,2025-05-09,SCH0285,Goyal Mill,Mustard Oil,0.518,BAG,3108,Cleared
MDM006307,2026-03-17,SCH0229,Sharma Traders,Rice,0.732,BAG,1464,Pending
MDM000047,2025-11-19,SCH0402,S. Agro Works,Rice,14.9,KG,596,Cleared
MDM001150,2025-12-14,SCH0348,Goyal Enterprises,Wheat,45.7,KG,1371,
MDM007145,2025-06-22,SCH0247,Singh Agro,Wheat,0.564,BAG,846,
MDM008188,2025-08-04,SCH0020,Kumar & Co.,Dal,,,4455,Due
MDM000766,2025-11-21,SCH0500,Kumar & Co.,Rice,19900.0,G,796,Cleared
MDM002656,2025-08-04,SCH0038,Sharma Traders,Atta,0.93,BORI,1395,Pending
MDM004008,2025-11-11,SCH0600,Goyal Enterprises,Rice,43.2,KG,1728,Paid
MDM001567,2026-02-15,SCH0462,Sharma Traders,Wheat,29.1,KG,873,Pending
MDM003929,2026-03-07,SCH0168,Kumar & Co.,Rice,54400.0,G,2176,Paid
MDM008540,2026-03-21,SCH0012,Kumar General Store,oil,25.2,KG,3024,
MDM004464,2026-02-28,SCH0489,Sharma Traders,Wheat,0.856,BAG_50KG,,Pending
MDM010743,2025-09-11,SCH0101,Sharma & Sons,Dal,,,4995,Paid
MDM004885,2026-01-24,SCH0585,Sharma & Sons,Rice,,,996,Pending
MDM010253,2026-03-14,SCH0535,Singh Agro,Wheat,0.924,BORI,1386,Cleared
MDM004449,2025-08-30,SCH0103,S. Agro Works,Rice,,,1688,Pending
MDM011962,2025-10-21,SCH0495,Sharma Traders,Wheat,,,1701,
MDM001012,2025-04-03,SCH0600,Kumar & Co.,Dal,39400.0,G,3546,Paid
MDM010952,2026-03-11,SCH0016,Singh Agro,Wheat,,,1284,Due
MDM004760,2025-08-10,SCH0446,Kumar & Co.,Rice,11.2,KG,448,Pending
MDM006730,2026-01-11,SCH0343,Singh Agro,oil,30.1,KG,3612,Pending
MDM009685,2025-11-07,SCH0518,Singh Brothers,Dal,0.304,BAG,1368,Pending
MDM011840,2026-03-20,SCH0477,Kumar Supplies,Cooking Oil,42100.0,G,5052,Pending
MDM007406,2025-05-23,SCH0368,Kumar General Store,Cooking Oil,0.272,BAG,,Paid
MDM008365,2025-08-18,SCH0107,Kumar & Co.,Dal,21.8,KG,1962,Pending
MDM006766,2025-05-26,SCH0545,Kumar General Store,Rice,,,1076,Cleared
MDM002678,2025-11-19,SCH0570,Goyal Mill,Dal,57.6,KG,5184,Paid
MDM006597,2026-03-11,SCH0229,Kumar General Store,Wheat,0.236,BAG,354,Paid
MDM010485,2026-01-27,SCH0217,Goyal Rice Mill,Rice,49.6,KG,1984,
MDM004202,2025-07-25,SCH0032,Sharma & Sons,Dal,0.586,BAG,2637,Due
MDM010593,2026-02-10,SCH0430,Goyal Enterprises,Rice,,,808,Due
MDM006740,2026-03-28,SCH0537,Sharma & Sons,Mustard Oil,32.9,KG,3948,Cleared
MDM002985,2025-08-29,SCH0519,Singh Brothers,Rice,0.6659999999999999,BAG_50KG,1332,Cleared
MDM001346,2026-03-21,SCH0392,Goyal Rice Mill,Dal,36.6,KG,3294,Pending
MDM001445,2025-06-25,SCH0196,Goyal Rice Mill,Rice,0.9179999999999999,BAG,1836,
MDM007408,2025-05-16,SCH0468,S. Agro Works,Dal,0.37,BAG,1665,Pending
MDM005046,2026-02-21,SCH0158,Kumar Supplies,Dal,,,5355,Due
MDM002821,2025-05-13,SCH0229,Goyal Rice Mill,Rice,,,1608,Pending
MDM000081,2025-10-20,SCH0289,Goyal Rice Mill,Rice,48.0,KG,1920,Paid
MDM005752,2025-12-03,SCH0170,Goyal Enterprises,Mustard Oil,21100.0,G,2532,Paid
MDM006857,2025-10-08,SCH0103,Sharma Traders Pvt Ltd,Dal,0.97,BAG,4365,Pending
MDM000336,2026-01-11,SCH0213,Goyal Rice Mill,Cooking Oil,16.8,KG,2016,Pending
MDM010692,2025-08-20,SCH0394,Kumar Supplies,Wheat,10400.0,G,,Pending
MDM007671,2025-09-24,SCH0465,Kumar General Store,Dal,21700.0,G,1953,Pending
MDM007252,2026-03-12,SCH0140,Sharma Traders,Rice,,,948,Due
MDM001573,2026-01-24,SCH0512,Goyal Enterprises,Dal,,,1431,
MDM008458,2025-04-10,SCH0259,Goyal Rice Mill,Rice,37700.0,G,1508,Pending
MDM010703,2025-06-29,SCH0538,Singh Brothers,Wheat,,,591,Due
MDM000880,2025-12-09,SCH0576,Singh Brothers,Dal,1.026,BAG,4617,Pending
MDM009863,2025-10-06,SCH0557,Kumar Supplies,Wheat,43.1,KG,1293,Paid
MDM010553,2025-10-08,SCH0257,Goyal Mill,Wheat,18.5,KG,555,Pending
MDM001510,2026-01-25,SCH0075,S. Agro Works,Dal,18.9,KG,1701,Pending
MDM001897,2025-08-30,SCH0299,Kumar General Store,Mustard Oil,,,4020,Pending
MDM009568,2025-10-28,SCH0560,Singh Brothers,Rice,13200.0,G,528,Pending
MDM011577,2025-12-28,SCH0269,Sharma Traders,Wheat,1.176,BORI,1764,Due
MDM002393,2025-12-16,SCH0415,Sharma Traders,Wheat,41.8,KG,1254,Cleared
MDM006493,2026-03-25,SCH0479,Goyal Rice Mill,Wheat,51800.0,G,1554,Paid
MDM001846,2025-05-03,SCH0167,Goyal Mill,Dal,49.7,KG,4473,
MDM000112,2026-01-27,SCH0299,Kumar Supplies,Rice,,,1708,Paid
MDM000473,2026-01-08,SCH0421,S. Agro Works,Rice,47.5,KG,1900,Cleared
MDM009826,2025-09-28,SCH0244,Sharma Traders,Rice,53.8,KG,2152,Pending
MDM010090,2026-01-08,SCH0171,S. Agro Works,Rice,38900.0,G,1556,Cleared
MDM008318,2025-11-11,SCH0332,S. Agro Works,Mustard Oil,21.5,KG,2580,Pending
MDM005225,2025-08-28,SCH0473,Goyal Mill,Cooking Oil,46100.0,G,5532,Paid
MDM004192,2026-02-05,SCH0175,Goyal Rice Mill,Rice,26000.0,G,,Due
MDM010278,2026-02-12,SCH0345,Singh Brothers,Rice,22.6,KG,904,Pending
MDM001184,2025-04-06,SCH0133,Singh Agro,Rice,39.2,KG,1568,
MDM004715,2025-10-30,SCH0364,Kumar General Store,Mustard Oil,29900.0,G,3588,Paid
MDM011061,2025-10-16,SCH0098,Sharma Traders,Mustard Oil,,,1380,Paid
MDM008488,2025-09-17,SCH0362,Goyal Rice Mill,Dal,0.99,BORI,4455,Pending
MDM011719,2025-08-14,SCH0544,Sharma & Sons,Mustard Oil,1.138,BAG_50KG,6828,Due
MDM002109,2025-07-26,SCH0499,Sharma Traders,Wheat,,,1680,Due
MDM010197,2025-04-24,SCH0533,Sharma Traders Pvt Ltd,Atta,,,1728,Cleared
MDM004150,2026-01-26,SCH0226,Goyal Mill,Wheat,,,546,Pending
MDM006672,2026-03-18,SCH0092,Kumar Supplies,Mustard Oil,0.852,SACK,5112,Paid
MDM004395,2026-03-24,SCH0266,Kumar Supplies,Rice,0.69,BAG,1380,Pending
MDM004696,2025-09-22,SCH0565,Kumar & Co.,Rice,22.2,KG,888,Paid
MDM003014,2025-05-13,SCH0131,Sharma Traders,Rice,48.5,KG,1940,Pending
MDM009067,2025-10-07,SCH0093,Singh Agro,oil,0.486,BORI,2916,Paid
MDM010874,2026-02-21,SCH0061,Goyal Mill,Wheat,,,621,Paid
MDM010929,2025-09-17,SCH0089,Goyal Rice Mill,Dal,0.298,BORI,1341,Paid
MDM005858,2025-10-08,SCH0313,Goyal Mill,Mustard Oil,0.4379999999999999,SACK,2628,
MDM005329,2025-07-31,SCH0339,S. Agro Works,Dal,42900.0,G,3861,Due
MDM003335,2025-10-20,SCH0189,Kumar Supplies,Rice,,,1036,Paid
MDM011265,2026-03-18,SCH0087,Sharma Traders,Dal,57200.0,G,5148,Pending
MDM010589,2026-03-28,SCH0206,Singh Agro,Rice,53500.0,G,2140,Pending
MDM006867,2025-08-06,SCH0544,Kumar Supplies,Dal,43.9,KG,3951,Due
MDM006667,2025-08-03,SCH0554,Goyal Mill,Dal,,,,Paid
MDM007822,2026-01-21,SCH0142,Goyal Enterprises,Rice,1.092,BORI,2184,
MDM004692,2025-07-09,SCH0046,Kumar Supplies,Mustard Oil,21.3,KG,2556,Pending
MDM007741,2025-11-14,SCH0079,Kumar & Co.,Dal,40.1,KG,3609,Due
MDM001194,2025-08-26,SCH0073,Goyal Enterprises,Wheat,41500.0,G,1245,Paid
MDM000046,2025-10-03,SCH0188,Sharma & Sons,Mustard Oil,1.034,SACK,6204,Paid
MDM006519,2026-01-06,SCH0028,Singh Brothers,Dal,28400.0,G,2556,Paid
MDM010019,2025-08-20,SCH0511,Sharma Traders,Atta,,,396,Cleared
MDM003132,2025-07-31,SCH0430,Goyal Rice Mill,Wheat,54.4,KG,1632,Pending
MDM001579,2025-08-24,SCH0364,Sharma Traders Pvt Ltd,Dal,57.3,KG,5157,
MDM009403,2025-07-26,SCH0210,Kumar & Co.,Wheat,51300.0,G,1539,Pending
MDM004636,2025-11-19,SCH0197,Kumar Supplies,Rice,,,2172,Paid
MDM001585,2026-01-12,SCH0213,Goyal Enterprises,Rice,,,564,Paid
MDM002956,2025-11-28,SCH0028,Singh Agro,Dal,,,4995,Paid
MDM006334,2025-10-25,SCH0160,Goyal Rice Mill,Rice,,,1884,Pending
MDM010544,2026-02-05,SCH0207,Sharma & Sons,Dal,0.36,SACK,1620,Pending
MDM009350,2025-06-02,SCH0157,Sharma Traders Pvt Ltd,Wheat,0.216,BORI,324,Cleared
MDM007172,2025-09-01,SCH0514,Goyal Mill,Dal,,,3861,Pending
MDM002454,2025-10-21,SCH0017,Sharma & Sons,Rice,,,864,Pending
MDM003315,2025-07-10,SCH0304,Goyal Mill,Rice,,,1208,Due
MDM000316,2026-03-14,SCH0596,Goyal Mill,Rice,53.8,KG,2152,Pending
MDM010598,2025-08-07,SCH0219,S. Agro Works,Mustard Oil,,,4332,Due
MDM010316,2025-04-15,SCH0174,Singh Brothers,Rice,24.1,KG,964,Pending
MDM006930,2026-01-17,SCH0137,Singh Agro,Dal,47.2,KG,4248,Pending
MDM009643,2026-03-04,SCH0585,Goyal Mill,Dal,,,2358,Due
MDM011508,2025-09-19,SCH0218,Kumar & Co.,Cooking Oil,17100.0,G,2052,Pending
MDM001625,2026-02-07,SCH0191,Goyal Enterprises,Rice,,,840,Paid
MDM008438,2026-01-13,SCH0136,S. Agro Works,Wheat,,,1032,Due
MDM008972,2025-05-18,SCH0013,Sharma Traders Pvt Ltd,Rice,1.138,SACK,2276,
MDM010096,2026-03-07,SCH0452,Goyal Mill,Rice,0.326,SACK,652,
MDM008693,2025-07-28,SCH0088,Kumar & Co.,Wheat,,,1056,
MDM009192,2026-03-31,SCH0283,Goyal Rice Mill,Wheat,16.3,KG,489,Pending
MDM008727,2025-08-01,SCH0419,Kumar & Co.,Wheat,0.29,BAG,435,
MDM011016,2025-05-07,SCH0146,Kumar & Co.,Cooking Oil,17800.0,G,2136,Cleared
MDM001072,2025-04-11,SCH0543,Goyal Mill,Rice,,,1112,Paid
MDM002597,2025-07-26,SCH0195,Singh Agro,Mustard Oil,,,3888,Due
MDM004872,2025-04-21,SCH0388,S. Agro Works,Rice,23600.0,G,944,
MDM005941,2025-06-25,SCH0186,Kumar & Co.,Dal,,,1413,Due
MDM010260,2025-07-28,SCH0495,Kumar & Co.,Cooking Oil,,,,Paid
MDM005029,2026-03-14,SCH0194,S. Agro Works,Dal,12900.0,G,1161,Pending
MDM000410,2025-11-16,SCH0233,Sharma & Sons,Rice,14.7,KG,588,Paid
MDM008257,2026-01-15,SCH0110,S. Agro Works,Dal,1.022,BAG_50KG,4599,Pending
MDM003854,2025-12-25,SCH0330,Kumar & Co.,Dal,55400.0,G,4986,Cleared
MDM005804,2026-03-30,SCH0193,Singh Agro,Rice,23.7,KG,948,Pending
MDM000577,2026-01-28,SCH0199,Singh Brothers,Rice,41800.0,G,1672,
MDM002513,2025-08-31,SCH0532,Sharma & Sons,Cooking Oil,50.8,KG,6096,Paid
MDM003725,2025-05-22,SCH0600,Sharma & Sons,Rice,28700.0,G,1148,Due
MDM007627,2025-09-28,SCH0498,Kumar & Co.,Wheat,,,351,
MDM000714,2025-06-20,SCH0068,Goyal Mill,Dal,29.7,KG,2673,Cleared
MDM006413,2025-04-02,SCH0511,Sharma Traders Pvt Ltd,Rice,0.746,BORI,1492,Pending
MDM004608,2025-05-24,SCH0320,Sharma & Sons,Mustard Oil,25100.0,G,,Pending
MDM001088,2025-05-23,SCH0017,Sharma Traders,oil,,,1704,Paid
MDM011156,2025-04-18,SCH0111,Goyal Enterprises,Wheat,,,408,Paid
MDM002336,2025-09-05,SCH0142,Sharma & Sons,oil,0.804,BAG_50KG,4824,Paid
MDM004685,2025-05-12,SCH0419,Goyal Rice Mill,Dal,0.326,BORI,1467,Cleared
MDM007977,2026-03-22,SCH0033,Singh Agro,Dal,,,,Paid
MDM001455,2025-11-09,SCH0240,S. Agro Works,Dal,41.9,KG,3771,Cleared
MDM004865,2025-05-13,SCH0453,Goyal Enterprises,Dal,,,5274,Cleared
MDM002630,2026-03-31,SCH0598,Kumar & Co.,Rice,,,1212,Due
MDM010386,2025-09-09,SCH0281,Kumar Supplies,Wheat,17900.0,G,537,Cleared
MDM000882,2025-04-12,SCH0598,Sharma Traders,Cooking Oil,28.6,KG,3432,Due
MDM001711,2026-02-28,SCH0103,Singh Agro,Dal,45400.0,G,4086,Pending
MDM007800,2025-04-07,SCH0163,Singh Agro,Rice,,,1976,Due
MDM003434,2025-05-29,SCH0288,Sharma Traders Pvt Ltd,Rice,52.2,KG,2088,
MDM002929,2025-09-26,SCH0363,Goyal Rice Mill,Dal,23.1,KG,,Due
MDM009665,2025-09-21,SCH0366,Kumar & Co.,Rice,32.6,KG,1304,Due
MDM002862,2025-08-07,SCH0542,Goyal Enterprises,Wheat,0.292,BAG,438,Due
MDM002246,2026-02-04,SCH0580,Goyal Mill,oil,28500.0,G,3420,
MDM002743,2026-02-07,SCH0505,Goyal Mill,Rice,,,2320,Pending
MDM008135,2025-12-01,SCH0075,Sharma & Sons,Cooking Oil,41.0,KG,4920,Cleared
MDM009792,2025-07-30,SCH0555,Kumar & Co.,Dal,,,2070,Paid
MDM003680,2025-04-14,SCH0205,Kumar Supplies,oil,43300.0,G,5196,Paid
MDM010378,2026-01-09,SCH0119,Goyal Rice Mill,oil,0.484,BAG,,Paid
MDM005177,2025-04-19,SCH0582,Goyal Mill,Dal,0.772,BAG,3474,Cleared
MDM006683,2025-06-14,SCH0429,Kumar Supplies,oil,,,2688,
MDM007557,2025-10-08,SCH0496,Sharma Traders Pvt Ltd,Wheat,36200.0,G,1086,Pending
MDM001598,2025-07-03,SCH0191,Goyal Rice Mill,Dal,51.7,KG,4653,Paid
MDM011695,2025-04-06,SCH0030,Kumar Supplies,Dal,0.546,BAG,2457,Paid
MDM010420,2025-08-20,SCH0029,Kumar Supplies,Rice,52.1,KG,2084,Cleared
MDM000395,2026-02-01,SCH0329,Goyal Rice Mill,Dal,0.8440000000000001,BORI,3798,Pending
MDM009476,2025-09-28,SCH0469,Sharma Traders Pvt Ltd,Wheat,,,1242,Paid
MDM004340,2026-03-28,SCH0195,Goyal Mill,oil,19.0,KG,2280,
MDM010930,2025-04-23,SCH0060,Kumar Supplies,Rice,20200.0,G,808,Paid
MDM011142,2026-03-13,SCH0254,Kumar & Co.,Rice,0.446,BAG_50KG,892,Due
MDM001181,2026-02-10,SCH0540,Kumar Supplies,Dal,12.1,KG,1089,Pending
MDM006432,2026-03-17,SCH0073,Singh Brothers,Wheat,33.4,KG,1002,Pending
MDM001912,2025-12-18,SCH0155,Goyal Mill,Dal,,,4671,Due
MDM010844,2025-06-11,SCH0439,Goyal Enterprises,Rice,18.8,KG,752,Pending
MDM007967,2025-12-10,SCH0452,Goyal Enterprises,Mustard Oil,26.0,KG,3120,Paid
MDM002215,2025-04-30,SCH0360,Sharma Traders,Mustard Oil,35.6,KG,4272,Paid
MDM007400,2025-09-18,SCH0170,Kumar General Store,Rice,1.056,BORI,2112,Pending
MDM005150,2025-09-22,SCH0245,Sharma & Sons,Dal,1.086,SACK,4887,
MDM011639,2025-05-16,SCH0224,Kumar & Co.,Mustard Oil,0.812,BAG_50KG,4872,Cleared
MDM010684,2025-11-26,SCH0406,Sharma & Sons,Mustard Oil,59600.0,G,7152,Due
MDM007579,2026-03-10,SCH0310,Goyal Rice Mill,Dal,,,2430,Paid
MDM011013,2026-03-22,SCH0327,Sharma Traders,Rice,15.0,KG,600,Paid
MDM004635,2025-05-17,SCH0067,Sharma & Sons,Dal,50.7,KG,4563,Cleared
MDM004654,2025-06-21,SCH0595,Kumar General Store,Atta,0.972,SACK,1458,Cleared
MDM009943,2025-11-15,SCH0227,Kumar Supplies,Rice,0.9540000000000001,BAG,1908,Due
MDM010905,2025-07-29,SCH0569,S. Agro Works,Mustard Oil,16.2,KG,1944,Paid
MDM009546,2025-11-02,SCH0347,Sharma Traders,Wheat,19.5,KG,585,Pending
MDM008594,2026-03-05,SCH0176,Kumar Supplies,Dal,59.8,KG,5382,Pending
MDM001692,2025-08-12,SCH0288,Kumar General Store,Rice,39.1,KG,1564,Pending
MDM004451,2025-07-25,SCH0385,Singh Brothers,Rice,1.158,SACK,2316,Paid
MDM000124,2026-02-25,SCH0444,Kumar General Store,Cooking Oil,13900.0,G,1668,Pending
MDM007013,2025-05-04,SCH0563,S. Agro Works,Dal,,,4221,Paid
MDM001953,2025-10-14,SCH0376,Kumar General Store,Wheat,50300.0,G,1509,Pending
MDM010585,2025-06-04,SCH0527,Goyal Rice Mill,Rice,,,956,Paid
MDM006111,2025-09-14,SCH0383,Goyal Enterprises,Rice,,,,Paid
MDM010313,2025-09-04,SCH0345,Sharma Traders,Dal,18.6,KG,,Paid
MDM008824,2025-05-20,SCH0531,Kumar & Co.,Dal,33100.0,G,2979,Paid
MDM004845,2025-12-18,SCH0244,Sharma Traders Pvt Ltd,Dal,,,3744,Due
MDM006599,2025-10-16,SCH0165,Sharma & Sons,oil,51.6,KG,6192,Due
MDM004689,2025-10-08,SCH0027,S. Agro Works,Dal,,,3015,Paid
MDM005268,2025-06-09,SCH0460,Kumar Supplies,Wheat,,,951,Pending
MDM005939,2025-06-16,SCH0374,Kumar Supplies,Rice,1.104,SACK,2208,Cleared
MDM004873,2025-10-30,SCH0096,Goyal Rice Mill,Mustard Oil,15.3,KG,1836,Paid
MDM011457,2025-12-12,SCH0240,Sharma Traders Pvt Ltd,Wheat,54000.0,G,1620,Due
MDM010307,2025-07-01,SCH0203,Goyal Enterprises,Mustard Oil,,,,Paid
MDM005713,2025-07-04,SCH0531,Goyal Mill,Rice,,,1136,Due
MDM005118,2026-02-20,SCH0337,Goyal Enterprises,Dal,,,3195,Due
MDM007108,2025-11-05,SCH0006,Singh Brothers,Dal,54.8,KG,4932,
MDM005004,2025-12-26,SCH0588,Goyal Enterprises,Mustard Oil,51.3,KG,6156,Due
MDM006806,2025-09-29,SCH0390,S. Agro Works,Atta,17.1,KG,513,Cleared
MDM001892,2026-02-26,SCH0084,Sharma Traders Pvt Ltd,Mustard Oil,31800.0,G,3816,Paid
MDM002936,2026-03-09,SCH0074,Singh Agro,Rice,,,2392,
MDM007705,2025-10-14,SCH0232,Singh Agro,Rice,36.6,KG,1464,Paid
MDM000296,2026-03-03,SCH0459,Singh Brothers,Wheat,42500.0,G,1275,Pending
MDM010075,2026-02-22,SCH0302,Goyal Enterprises,oil,0.7659999999999999,BAG,4596,Pending
MDM005748,2025-07-17,SCH0266,Kumar & Co.,Dal,,,5319,Pending
MDM004620,2025-05-07,SCH0321,Goyal Rice Mill,Atta,23.3,KG,699,Pending
MDM002634,2026-03-08,SCH0528,Sharma Traders,Mustard Oil,38500.0,G,4620,Pending
MDM001786,2025-07-01,SCH0017,Kumar General Store,Wheat,,,1722,Paid
MDM009489,2026-03-24,SCH0476,Singh Agro,oil,25.0,KG,3000,Due
MDM000287,2025-09-11,SCH0353,Sharma Traders,Rice,16700.0,G,668,Pending
MDM010213,2025-12-20,SCH0134,Goyal Rice Mill,oil,56200.0,G,6744,
MDM004697,2026-01-11,SCH0548,Kumar & Co.,Rice,42700.0,G,1708,
MDM001759,2025-08-09,SCH0269,Kumar Supplies,Rice,,,1004,Due
MDM008958,2025-09-09,SCH0209,Kumar Supplies,Atta,38000.0,G,1140,Paid
MDM001285,2025-05-02,SCH0580,Kumar General Store,Wheat,49.9,KG,1497,Paid
MDM006380,2025-12-27,SCH0468,Goyal Mill,Wheat,14000.0,G,420,Pending
MDM005307,2025-09-13,SCH0096,Singh Brothers,Dal,0.91,BAG,4095,
MDM010436,2025-07-25,SCH0181,Singh Brothers,Rice,,,2324,Due
MDM010866,2025-05-23,SCH0285,Singh Agro,Dal,,,3609,Paid
MDM008525,2026-03-08,SCH0073,Sharma & Sons,Atta,53.2,KG,1596,
MDM008846,2025-10-15,SCH0141,S. Agro Works,Wheat,12.3,KG,369,Due
MDM003442,2025-09-10,SCH0531,Goyal Rice Mill,Dal,25700.0,G,2313,Paid
MDM006635,2025-06-16,SCH0094,Singh Brothers,Wheat,34.6,KG,,Paid
MDM010639,2025-08-19,SCH0475,Sharma & Sons,Wheat,51300.0,G,1539,Pending
MDM000550,2025-10-06,SCH0041,Sharma Traders,Wheat,,,735,Paid
MDM002782,2025-09-23,SCH0544,Singh Brothers,Rice,56800.0,G,2272,Pending
MDM005341,2025-08-22,SCH0189,Goyal Enterprises,Rice,11100.0,G,444,Cleared
MDM008381,2025-05-13,SCH0188,Goyal Mill,Mustard Oil,1.186,BORI,7116,Pending
MDM004304,2025-04-30,SCH0594,Goyal Mill,Dal,53400.0,G,4806,Paid
MDM011197,2025-06-03,SCH0048,Singh Agro,Wheat,1.002,BAG_50KG,1503,Paid
MDM007210,2025-06-16,SCH0137,Singh Agro,Cooking Oil,26.1,KG,3132,Pending
MDM009809,2025-04-12,SCH0523,Sharma Traders Pvt Ltd,Wheat,,,807,Paid
MDM007223,2025-10-27,SCH0045,Kumar General Store,Mustard Oil,45100.0,G,5412,Due
MDM011177,2026-01-16,SCH0087,S. Agro Works,Dal,23.3,KG,2097,Cleared
MDM005207,2025-07-07,SCH0053,Kumar General Store,Dal,48.1,KG,4329,Paid
MDM004994,2025-08-31,SCH0421,S. Agro Works,Atta,27700.0,G,831,
MDM009492,2025-09-03,SCH0456,Goyal Enterprises,Wheat,31.3,KG,939,Pending
MDM004450,2025-09-25,SCH0050,Goyal Enterprises,Mustard Oil,21.9,KG,2628,Paid
MDM009229,2025-08-12,SCH0397,Goyal Mill,Wheat,59800.0,G,1794,Paid
MDM011007,2025-07-20,SCH0066,S. Agro Works,Wheat,58700.0,G,1761,Paid
MDM009027,2025-12-22,SCH0303,Sharma Traders Pvt Ltd,Dal,39.4,KG,3546,Pending
MDM006131,2025-10-10,SCH0234,Kumar Supplies,Wheat,15100.0,G,453,Paid
MDM008448,2025-08-19,SCH0477,Kumar General Store,Atta,,,588,Pending
MDM007335,2025-11-18,SCH0462,Singh Agro,Wheat,,,1626,Pending
MDM003773,2026-01-15,SCH0454,Goyal Rice Mill,Rice,,,672,Due
MDM005200,2025-10-09,SCH0274,Singh Brothers,oil,0.772,BORI,4632,Due
MDM006075,2025-12-14,SCH0080,Sharma & Sons,Dal,35.6,KG,3204,Pending
MDM006436,2025-06-22,SCH0299,Kumar & Co.,Rice,,,2300,
MDM004123,2025-08-19,SCH0164,Sharma & Sons,Cooking Oil,,,1908,Cleared
MDM005115,2025-12-09,SCH0388,Sharma & Sons,Dal,43.6,KG,3924,Paid
MDM001304,2025-11-18,SCH0154,Sharma Traders,Wheat,35300.0,G,1059,Due
MDM006821,2025-05-08,SCH0113,Sharma Traders Pvt Ltd,Rice,56.4,KG,2256,Pending
MDM011043,2025-04-20,SCH0034,S. Agro Works,oil,,,4800,
MDM003469,2025-08-13,SCH0177,Singh Agro,Dal,,,1233,Paid
MDM005564,2025-05-14,SCH0255,Sharma Traders,Rice,,,1764,Pending
MDM006248,2025-10-14,SCH0291,Goyal Mill,Atta,36.6,KG,1098,
MDM002860,2025-05-05,SCH0373,Sharma & Sons,Rice,,,1840,Due
MDM011086,2025-05-16,SCH0266,Sharma & Sons,Rice,11.5,KG,460,Pending
MDM003600,2025-08-05,SCH0595,Singh Brothers,Rice,0.542,SACK,1084,Pending
MDM011410,2025-07-06,SCH0446,Sharma Traders Pvt Ltd,Wheat,45.3,KG,1359,
MDM007829,2025-10-25,SCH0503,Singh Brothers,Rice,,,1140,Paid
MDM008676,2025-08-24,SCH0270,Sharma Traders,Mustard Oil,44.4,KG,5328,Paid
MDM005724,2025-09-02,SCH0076,Kumar & Co.,Wheat,,,,Paid
MDM011777,2026-03-06,SCH0481,S. Agro Works,Cooking Oil,,,5064,Pending
MDM006386,2025-07-08,SCH0450,Sharma & Sons,Dal,39000.0,G,3510,
MDM007182,2025-05-27,SCH0211,Sharma Traders,Rice,25.6,KG,1024,Cleared
MDM011931,2025-08-30,SCH0598,S. Agro Works,Rice,,,944,Pending
MDM009253,2025-07-05,SCH0419,Sharma & Sons,Wheat,,,1356,Pending
MDM003266,2026-03-01,SCH0184,Goyal Mill,Wheat,,,666,Paid
MDM008760,2026-02-03,SCH0036,Kumar General Store,Mustard Oil,13700.0,G,1644,Paid
MDM010065,2025-04-28,SCH0158,Sharma Traders,Cooking Oil,58600.0,G,7032,Paid
MDM007183,2025-09-19,SCH0579,S. Agro Works,Dal,52.2,KG,,
MDM000468,2025-04-11,SCH0333,Sharma Traders Pvt Ltd,Mustard Oil,0.358,SACK,2148,Paid
MDM006558,2025-05-01,SCH0309,Sharma Traders,oil,54.1,KG,6492,Cleared
MDM003316,2025-04-26,SCH0240,Sharma Traders,Mustard Oil,34.3,KG,4116,Cleared
MDM003038,2025-08-24,SCH0399,Goyal Rice Mill,oil,43.3,KG,5196,Paid
MDM011902,2026-02-20,SCH0481,S. Agro Works,Wheat,29.2,KG,876,Due
MDM000107,2025-04-04,SCH0310,Singh Agro,Dal,,,3915,
MDM008122,2025-06-03,SCH0514,Sharma Traders,Dal,12.0,KG,1080,Cleared
MDM010913,2025-09-14,SCH0353,Kumar Supplies,Dal,,,1215,Paid
MDM006759,2025-07-29,SCH0582,Singh Brothers,Rice,,,804,Paid
MDM005580,2025-05-19,SCH0115,Kumar General Store,Rice,,,1100,Due
MDM000412,2025-09-20,SCH0341,Kumar & Co.,Dal,46.0,KG,4140,Cleared
MDM007262,2025-12-07,SCH0300,Kumar & Co.,Atta,,,1650,Paid
MDM011628,2026-02-28,SCH0126,Goyal Enterprises,Dal,16.0,KG,1440,Paid
MDM010449,2025-04-16,SCH0110,Singh Brothers,Rice,42.7,KG,1708,Pending
MDM002586,2025-12-27,SCH0567,Kumar & Co.,Wheat,34.1,KG,1023,Paid
MDM005703,2025-11-16,SCH0306,Sharma Traders,Dal,0.5539999999999999,BAG_50KG,2493,
MDM010670,2025-07-14,SCH0229,Singh Agro,Dal,0.89,BORI,4005,Cleared
MDM006787,2026-01-29,SCH0113,Kumar & Co.,Rice,49700.0,G,1988,Due
MDM007169,2025-11-09,SCH0535,Sharma Traders Pvt Ltd,Mustard Oil,,,4896,Due
MDM003703,2025-11-09,SCH0104,S. Agro Works,oil,41.4,KG,4968,Cleared
MDM010382,2025-11-08,SCH0194,Singh Agro,Mustard Oil,1.11,SACK,6660,Pending
MDM004792,2025-07-10,SCH0045,Goyal Mill,Cooking Oil,1.192,BAG_50KG,7152,Paid
MDM010933,2026-02-28,SCH0272,Sharma & Sons,Rice,12500.0,G,500,Due
MDM011811,2025-10-28,SCH0507,Sharma & Sons,oil,,,5904,Cleared
MDM003170,2026-03-17,SCH0341,Singh Brothers,Dal,23.9,KG,2151,Paid
MDM001863,2025-07-03,SCH0378,Goyal Rice Mill,Rice,55.1,KG,2204,Cleared
MDM009695,2025-07-20,SCH0333,Kumar & Co.,Rice,15.1,KG,604,Due
MDM009321,2025-11-25,SCH0073,Kumar & Co.,Rice,27800.0,G,1112,Due
MDM009017,2025-11-01,SCH0128,Sharma Traders,Rice,17.9,KG,716,Paid
MDM002361,2025-07-12,SCH0240,S. Agro Works,Mustard Oil,0.366,BAG,,Pending
MDM010741,2026-03-15,SCH0512,Sharma Traders,Rice,,,740,Cleared
MDM002134,2026-03-12,SCH0116,Singh Brothers,Cooking Oil,0.83,SACK,4980,Pending
MDM008995,2026-03-13,SCH0567,Kumar & Co.,Rice,52400.0,G,2096,Cleared
MDM002407,2025-11-19,SCH0178,Singh Brothers,Rice,31.4,KG,,Paid
MDM000030,2026-02-01,SCH0136,Goyal Mill,Wheat,1.178,SACK,1767,
MDM008274,2026-01-12,SCH0510,Sharma & Sons,Dal,1.058,BORI,4761,Pending
MDM006401,2025-08-18,SCH0099,Goyal Mill,Mustard Oil,0.72,BAG,4320,Paid
MDM010000,2025-11-24,SCH0582,Sharma & Sons,Dal,43300.0,G,3897,
MDM004975,2025-10-14,SCH0376,Goyal Mill,oil,,,1932,Cleared
MDM000569,2025-04-30,SCH0399,Goyal Enterprises,Rice,,,876,Paid
MDM007052,2025-11-13,SCH0494,Sharma Traders,Wheat,,,555,Due
MDM006012,2025-11-29,SCH0040,Kumar & Co.,Dal,46400.0,G,4176,Cleared
MDM001246,2026-03-30,SCH0490,Sharma Traders Pvt Ltd,Rice,49200.0,G,1968,Pending
MDM003799,2026-01-30,SCH0461,Goyal Rice Mill,oil,24.3,KG,2916,Paid
MDM006150,2026-03-12,SCH0210,Goyal Enterprises,Wheat,1.0,SACK,1500,Pending
MDM001459,2026-02-14,SCH0394,Kumar General Store,Dal,0.722,BORI,3249,Due
MDM007809,2025-11-26,SCH0012,Kumar General Store,Dal,52.8,KG,4752,Pending
MDM001836,2025-06-24,SCH0233,Singh Agro,Rice,38.7,KG,1548,
MDM000317,2025-09-04,SCH0467,Singh Agro,Mustard Oil,0.782,BORI,4692,Paid
MDM000109,2025-04-03,SCH0025,Sharma & Sons,Rice,,,500,Due
MDM008616,2026-01-23,SCH0257,Sharma Traders Pvt Ltd,Mustard Oil,19.8,KG,2376,Cleared
MDM003426,2026-01-05,SCH0139,Goyal Mill,Mustard Oil,24.1,KG,2892,Pending
MDM011528,2025-10-18,SCH0193,Singh Agro,oil,0.514,BAG,3084,
MDM011502,2026-03-04,SCH0592,Singh Brothers,Wheat,32.7,KG,981,Pending
MDM009314,2025-11-26,SCH0450,Goyal Rice Mill,Wheat,,,396,Paid
MDM009281,2025-10-29,SCH0310,Goyal Mill,Rice,,,468,
MDM008690,2025-10-27,SCH0360,Sharma & Sons,Atta,0.38,SACK,570,Due
MDM007693,2026-03-19,SCH0365,Sharma & Sons,Rice,,,536,Pending
MDM011876,2025-07-29,SCH0192,Kumar & Co.,Atta,,,393,Pending
MDM002982,2025-06-16,SCH0248,Sharma Traders Pvt Ltd,Atta,,,900,Cleared
MDM003001,2025-10-20,SCH0127,Sharma Traders Pvt Ltd,Rice,,,2164,
MDM005678,2025-06-18,SCH0252,Sharma Traders Pvt Ltd,Dal,15.6,KG,1404,Due
MDM009421,2025-09-22,SCH0527,Kumar Supplies,oil,,,3924,
MDM005153,2026-01-17,SCH0447,Kumar Supplies,Wheat,11300.0,G,339,Paid
MDM005728,2026-03-14,SCH0443,Kumar Supplies,Wheat,,,1242,Due
MDM006326,2025-10-12,SCH0244,Goyal Enterprises,Rice,58.8,KG,2352,Paid
MDM008721,2026-01-11,SCH0546,Kumar General Store,Rice,39500.0,G,1580,Paid
MDM003718,2025-08-27,SCH0413,Singh Agro,Rice,,,1964,Cleared
MDM010073,2025-07-06,SCH0012,Sharma Traders Pvt Ltd,Rice,,,672,Pending
MDM004352,2026-01-20,SCH0071,Kumar General Store,Rice,56900.0,G,2276,Paid
MDM004831,2025-09-08,SCH0274,Goyal Rice Mill,Cooking Oil,0.956,BAG,5736,
MDM000974,2025-09-21,SCH0023,Sharma Traders Pvt Ltd,Cooking Oil,23.5,KG,2820,Due
MDM002877,2026-03-11,SCH0041,Sharma Traders Pvt Ltd,Cooking Oil,40700.0,G,4884,
MDM005026,2025-05-28,SCH0553,Kumar Supplies,Rice,0.5539999999999999,SACK,1108,Paid
MDM011794,2025-04-05,SCH0332,Kumar General Store,Dal,,,1971,Due
MDM008948,2025-11-12,SCH0097,Kumar Supplies,Dal,0.9520000000000001,SACK,4284,Cleared
MDM011728,2026-02-28,SCH0524,Singh Agro,Dal,,,4581,Paid
MDM011135,2025-10-10,SCH0227,Kumar & Co.,Dal,32800.0,G,2952,Pending
MDM011461,2025-04-19,SCH0307,Sharma Traders Pvt Ltd,Rice,0.604,BAG,1208,Due
MDM001375,2025-12-07,SCH0320,Goyal Enterprises,Wheat,,,921,
MDM005269,2025-10-02,SCH0142,Goyal Rice Mill,Dal,,,4536,Pending
MDM003419,2025-09-03,SCH0512,Sharma Traders Pvt Ltd,Cooking Oil,51.0,KG,6120,Due
MDM009365,2025-11-04,SCH0593,Kumar & Co.,Rice,,,2112,Paid
MDM007479,2025-11-17,SCH0223,Sharma Traders,Mustard Oil,,,4800,Due
MDM006276,2025-05-04,SCH0088,Goyal Rice Mill,Wheat,30.4,KG,912,Cleared
MDM005637,2026-01-28,SCH0096,Goyal Enterprises,Dal,0.248,BORI,1116,Pending
MDM000011,2025-09-20,SCH0274,Sharma Traders Pvt Ltd,Atta,,,936,Cleared
MDM005862,2025-04-18,SCH0388,Kumar General Store,Dal,31.2,KG,,Pending
MDM005390,2025-11-22,SCH0210,Goyal Mill,Dal,,,4383,Paid
MDM001427,2025-05-29,SCH0007,Goyal Enterprises,Mustard Oil,34.0,KG,4080,Due
MDM009982,2025-12-25,SCH0293,S. Agro Works,Rice,,,700,Paid
MDM006238,2025-04-18,SCH0333,Kumar General Store,Wheat,0.436,BAG,654,Paid
MDM009855,2026-02-18,SCH0136,Goyal Enterprises,Wheat,0.7040000000000001,BAG_50KG,1056,Paid
MDM000719,2025-05-18,SCH0154,Singh Brothers,Dal,24300.0,G,2187,
MDM009536,2025-11-14,SCH0059,Kumar & Co.,Wheat,11.5,KG,345,Paid
MDM011647,2025-11-16,SCH0143,Goyal Enterprises,Rice,47.6,KG,1904,Due
MDM006031,2025-06-03,SCH0556,Kumar & Co.,Mustard Oil,1.056,BAG,,Pending
MDM011428,2025-11-09,SCH0579,Goyal Mill,Dal,,,,Pending
MDM000736,2026-01-04,SCH0595,Kumar & Co.,Cooking Oil,14.6,KG,1752,Cleared
MDM005036,2025-06-29,SCH0090,Singh Brothers,Mustard Oil,40.7,KG,4884,Due
MDM011846,2025-09-17,SCH0222,Sharma & Sons,Rice,0.308,BAG,616,Cleared
MDM003949,2025-07-15,SCH0015,Kumar & Co.,Dal,,,4293,Due
MDM007608,2025-10-30,SCH0131,Goyal Enterprises,Dal,,,1692,Pending
MDM002141,2025-12-05,SCH0534,Kumar Supplies,Cooking Oil,25.4,KG,3048,Paid
MDM010044,2025-10-30,SCH0414,Kumar General Store,Wheat,,,426,Due
MDM005051,2026-01-16,SCH0185,Sharma Traders,Rice,0.628,SACK,1256,Paid
MDM000910,2025-10-28,SCH0190,S. Agro Works,Wheat,24.8,KG,744,
MDM002628,2025-07-17,SCH0150,Kumar General Store,Mustard Oil,,,2292,Pending
MDM004795,2026-03-23,SCH0356,Goyal Enterprises,oil,38.7,KG,4644,Due
MDM000497,2025-04-08,SCH0114,Sharma Traders,Dal,0.294,BAG_50KG,1323,Pending
MDM009424,2025-09-27,SCH0129,Goyal Rice Mill,Rice,30300.0,G,,Paid
MDM007235,2025-10-17,SCH0427,Goyal Rice Mill,Rice,45.4,KG,1816,Paid
MDM008247,2026-01-29,SCH0092,Sharma & Sons,Mustard Oil,35.9,KG,4308,Paid
MDM008489,2025-11-15,SCH0035,Kumar & Co.,Wheat,,,,Paid
MDM007293,2025-06-22,SCH0332,Singh Agro,Dal,16400.0,G,1476,Pending
MDM001207,2026-03-20,SCH0467,Goyal Mill,Mustard Oil,,,1932,Paid
MDM003450,2025-08-10,SCH0247,Kumar Supplies,Wheat,,,912,
MDM007473,2025-09-11,SCH0456,Goyal Mill,oil,0.444,BORI,2664,Cleared
MDM006995,2025-10-05,SCH0547,Singh Brothers,oil,59.5,KG,7140,Cleared
MDM006917,2025-05-10,SCH0288,Goyal Enterprises,Dal,,,4914,Due
MDM001196,2026-03-23,SCH0261,Sharma Traders Pvt Ltd,Rice,,,1800,Paid
MDM006662,2025-08-27,SCH0219,Singh Brothers,Dal,,,4941,Cleared
MDM011778,2025-10-08,SCH0088,Sharma Traders Pvt Ltd,Dal,0.5820000000000001,BAG_50KG,2619,Pending
MDM007761,2025-12-27,SCH0057,Kumar Supplies,Dal,17.5,KG,,Paid
MDM011841,2025-08-04,SCH0339,Sharma Traders,Rice,0.288,SACK,,Due
MDM009814,2025-09-29,SCH0474,Sharma Traders,Rice,,,,Paid
MDM006819,2025-07-12,SCH0471,S. Agro Works,Mustard Oil,,,,Pending
MDM000289,2025-10-16,SCH0127,Kumar Supplies,Rice,,,488,Due
MDM005304,2025-12-26,SCH0522,Sharma Traders,Mustard Oil,27900.0,G,3348,Paid
MDM005708,2025-04-23,SCH0422,Sharma Traders Pvt Ltd,Dal,,,3375,Paid
MDM007768,2026-03-20,SCH0484,Sharma Traders Pvt Ltd,Cooking Oil,,,6816,Cleared
MDM004111,2025-10-10,SCH0375,Kumar Supplies,Dal,0.266,SACK,1197,Paid
MDM010406,2025-10-30,SCH0007,Goyal Rice Mill,Mustard Oil,36.8,KG,,
MDM003659,2025-12-19,SCH0352,Singh Agro,Wheat,51.5,KG,1545,Due
MDM000389,2025-07-14,SCH0342,Sharma Traders,Rice,14.4,KG,576,Due
MDM000837,2025-06-04,SCH0481,Goyal Mill,Wheat,0.288,BAG_50KG,432,Pending
MDM011450,2025-10-02,SCH0456,Kumar General Store,Rice,45.7,KG,1828,Pending
MDM007201,2025-10-16,SCH0147,Sharma Traders Pvt Ltd,Mustard Oil,57.2,KG,6864,
MDM000281,2025-06-01,SCH0311,Goyal Mill,Cooking Oil,0.696,BAG,4176,Pending
MDM009604,2025-08-19,SCH0276,Goyal Mill,Rice,,,800,Paid
MDM004732,2025-05-17,SCH0413,Kumar General Store,Wheat,31800.0,G,954,
MDM005412,2026-03-15,SCH0363,Singh Agro,oil,21.1,KG,2532,Cleared
MDM006215,2025-07-01,SCH0158,Goyal Enterprises,Atta,43.0,KG,1290,Pending
MDM002778,2026-01-06,SCH0268,Sharma & Sons,Dal,39.4,KG,3546,Paid
MDM001113,2025-06-21,SCH0201,Sharma Traders Pvt Ltd,Dal,,,2934,Paid
MDM010008,2026-03-31,SCH0231,Kumar General Store,Rice,0.294,BAG,588,Paid
MDM010634,2025-05-13,SCH0183,Sharma Traders,Dal,41200.0,G,3708,Pending
MDM010421,2025-07-01,SCH0126,Singh Brothers,Wheat,0.222,BAG_50KG,333,Cleared
MDM011178,2026-03-31,SCH0052,Goyal Rice Mill,Cooking Oil,28.4,KG,3408,Pending
MDM003805,2025-11-12,SCH0168,Sharma & Sons,Rice,,,1064,Due
MDM009690,2026-01-03,SCH0568,S. Agro Works,Cooking Oil,,,1584,Pending
MDM008184,2026-02-20,SCH0073,Singh Agro,Cooking Oil,34.8,KG,4176,
MDM000268,2026-02-09,SCH0547,Sharma Traders,oil,15.8,KG,1896,Due
MDM004668,2025-08-09,SCH0323,S. Agro Works,Dal,,,1053,Cleared
MDM001599,2026-03-15,SCH0348,Singh Brothers,Rice,36500.0,G,1460,Pending
MDM004078,2025-04-09,SCH0379,Goyal Enterprises,Atta,49900.0,G,1497,Due
MDM009621,2026-01-06,SCH0231,Singh Agro,Dal,37100.0,G,3339,Due
MDM006015,2026-03-29,SCH0362,Kumar General Store,Rice,,,1384,Paid
MDM003248,2025-08-11,SCH0477,Sharma Traders Pvt Ltd,Dal,37200.0,G,3348,Pending
MDM003644,2025-06-05,SCH0219,Goyal Rice Mill,Mustard Oil,46200.0,G,5544,Pending
MDM007931,2025-12-16,SCH0299,Goyal Rice Mill,Wheat,,,1005,Paid
MDM007878,2026-03-19,SCH0027,Sharma & Sons,Cooking Oil,0.82,SACK,4920,Paid
MDM006694,2025-05-29,SCH0392,Sharma Traders Pvt Ltd,Wheat,54.2,KG,1626,Due
MDM008732,2025-04-10,SCH0554,Goyal Mill,Atta,0.27,SACK,405,Due
MDM006955,2026-01-28,SCH0250,Sharma Traders Pvt Ltd,Dal,,,1565,Cleared
MDM001380,2025-05-21,SCH0138,Sharma Traders Pvt Ltd,oil,,,2376,Due
MDM010672,2026-03-07,SCH0075,Singh Brothers,Dal,35600.0,G,3204,
MDM009732,2025-04-29,SCH0123,Kumar Supplies,Dal,37.6,KG,3384,Pending
MDM000417,2025-10-06,SCH0315,Singh Agro,oil,,,3108,
MDM003465,2025-05-30,SCH0509,Goyal Rice Mill,Dal,0.9420000000000001,BAG,4239,
MDM011002,2025-07-22,SCH0146,Goyal Rice Mill,Mustard Oil,52500.0,G,,Pending
MDM001963,2026-03-10,SCH0118,S. Agro Works,Rice,,,1012,Paid
MDM000621,2025-10-22,SCH0452,Singh Agro,Dal,,,4851,Due
MDM001704,2025-11-04,SCH0204,S. Agro Works,Wheat,0.366,SACK,549,Pending
MDM006677,2026-02-17,SCH0116,Sharma Traders,Dal,,,2592,
MDM009994,2025-07-23,SCH0116,Kumar Supplies,Wheat,0.77,BAG,1155,Pending
MDM007035,2025-09-23,SCH0533,Sharma & Sons,Wheat,,,1593,Cleared
MDM009323,2025-04-01,SCH0050,Kumar & Co.,Rice,47.3,KG,1892,Pending
MDM010380,2025-05-10,SCH0029,Sharma Traders,Mustard Oil,16.9,KG,2028,Due
MDM009675,2025-09-06,SCH0433,Goyal Mill,Rice,,,520,Paid
MDM006364,2025-06-02,SCH0040,Singh Brothers,Wheat,,,1638,Paid
MDM002517,2025-12-28,SCH0098,S. Agro Works,Dal,,,,Paid
MDM009484,2025-05-18,SCH0043,Singh Agro,Rice,23200.0,G,,Paid
MDM011710,2025-12-08,SCH0182,Goyal Mill,Dal,58900.0,G,5301,Due
MDM001191,2025-04-13,SCH0402,Singh Brothers,Cooking Oil,34100.0,G,4092,Cleared
MDM010338,2025-04-13,SCH0374,S. Agro Works,Rice,,,508,Pending
MDM009322,2025-08-14,SCH0118,S. Agro Works,Mustard Oil,,,1728,Due
MDM004375,2026-02-08,SCH0139,Sharma Traders,Atta,,,567,Paid
MDM010794,2026-02-22,SCH0077,Singh Brothers,Cooking Oil,25000.0,G,3000,Pending
MDM009266,2025-08-07,SCH0446,Kumar & Co.,Mustard Oil,,,6108,Paid
MDM006670,2025-09-06,SCH0155,Kumar General Store,oil,43.1,KG,5172,Paid
MDM001507,2025-06-11,SCH0154,Sharma & Sons,Rice,,,968,
MDM003685,2026-01-07,SCH0161,Sharma Traders Pvt Ltd,oil,,,6624,Due
MDM010704,2025-11-27,SCH0186,Singh Brothers,Dal,,,4428,Paid
MDM005578,2025-05-31,SCH0234,Sharma & Sons,Mustard Oil,43.0,KG,5160,Paid
MDM006022,2025-09-01,SCH0514,Sharma Traders,Atta,53900.0,G,1617,Pending
MDM009030,2026-01-22,SCH0459,Goyal Mill,Mustard Oil,,,4752,Cleared
MDM008865,2026-01-04,SCH0295,Goyal Enterprises,Wheat,18200.0,G,546,Due
MDM000795,2025-08-29,SCH0119,Goyal Mill,Mustard Oil,0.722,BAG_50KG,4332,Paid
MDM000731,2025-04-06,SCH0290,Goyal Enterprises,Rice,,,1096,Pending
MDM007574,2026-02-16,SCH0339,Kumar General Store,Rice,50.7,KG,2028,Paid
MDM006384,2025-11-08,SCH0424,Goyal Mill,Rice,14.1,KG,564,Paid
MDM005260,2025-07-08,SCH0578,Kumar General Store,Dal,43100.0,G,3879,Due
MDM006885,2025-10-07,SCH0153,Sharma & Sons,Mustard Oil,55.9,KG,6708,Pending
MDM010388,2025-05-22,SCH0445,Kumar Supplies,Dal,48.9,KG,4401,Paid
MDM002627,2025-07-30,SCH0067,Goyal Mill,Dal,41900.0,G,3771,Pending
MDM004177,2026-03-10,SCH0114,Kumar & Co.,Wheat,,,861,Paid
MDM010558,2026-01-07,SCH0573,Goyal Mill,Dal,50.1,KG,4509,Cleared
MDM001746,2025-12-12,SCH0291,Singh Brothers,Rice,,,1940,Paid
MDM007519,2025-06-05,SCH0134,Kumar Supplies,Atta,,,315,
MDM007068,2025-07-25,SCH0332,S. Agro Works,Mustard Oil,24200.0,G,2904,Paid
MDM004780,2025-12-04,SCH0069,Kumar Supplies,Rice,,,864,Pending
MDM004575,2026-01-29,SCH0228,Goyal Rice Mill,Rice,0.626,BAG,1252,Pending
MDM002710,2025-10-07,SCH0141,Goyal Enterprises,Rice,1.16,BORI,2320,Pending
MDM005573,2026-01-03,SCH0029,S. Agro Works,Rice,,,736,Pending
MDM010591,2025-09-28,SCH0184,Kumar Supplies,Dal,54000.0,G,4860,
MDM002676,2025-10-02,SCH0037,S. Agro Works,Dal,0.456,BAG,2052,Pending
MDM001200,2025-05-28,SCH0568,Sharma Traders,Wheat,1.17,BAG,1755,Pending
MDM009962,2025-04-03,SCH0463,Goyal Rice Mill,Wheat,53.5,KG,1605,Cleared
MDM006097,2025-09-25,SCH0163,Goyal Enterprises,Rice,0.778,BAG,1556,Paid
MDM010886,2025-06-27,SCH0329,Goyal Rice Mill,Wheat,20.4,KG,612,
MDM011483,2025-08-15,SCH0509,Kumar & Co.,Dal,57.1,KG,5139,Paid
MDM001890,2025-10-20,SCH0374,Goyal Enterprises,Cooking Oil,45200.0,G,5424,Cleared
MDM005827,2025-12-16,SCH0459,Goyal Enterprises,Rice,,,1144,Cleared
MDM011968,2025-10-30,SCH0054,Sharma & Sons,Dal,24500.0,G,2205,Pending
MDM000033,2026-02-10,SCH0378,Goyal Mill,Dal,34400.0,G,3096,Pending
MDM008350,2025-09-25,SCH0480,Goyal Enterprises,Dal,50800.0,G,4572,Paid
MDM007535,2026-01-12,SCH0454,S. Agro Works,Rice,,,2068,Cleared
MDM005471,2025-07-27,SCH0454,Sharma & Sons,Dal,,,1260,Pending
MDM003289,2025-07-04,SCH0514,Sharma & Sons,oil,38.2,KG,4584,Pending
MDM010580,2025-06-06,SCH0007,Goyal Mill,Mustard Oil,0.9159999999999999,BORI,5496,Paid
MDM006454,2025-11-15,SCH0596,Singh Brothers,Rice,35600.0,G,1424,Pending
MDM003036,2025-11-28,SCH0067,Kumar Supplies,Wheat,24200.0,G,726,Paid
MDM009859,2025-04-09,SCH0531,Goyal Rice Mill,Dal,14100.0,G,1269,Due
MDM007945,2026-01-06,SCH0223,Singh Agro,Wheat,43.5,KG,1305,Pending
MDM008002,2026-02-02,SCH0301,Goyal Enterprises,Dal,17400.0,G,1566,Paid
MDM005385,2025-06-11,SCH0517,Sharma & Sons,Atta,,,726,
MDM009921,2025-12-09,SCH0240,Kumar & Co.,Dal,44300.0,G,3986,Cleared
MDM011456,2025-10-16,SCH0332,Goyal Enterprises,Mustard Oil,,,4140,
MDM010006,2025-08-15,SCH0348,Singh Brothers,Rice,,,416,
MDM009120,2025-11-23,SCH0342,Kumar General Store,Wheat,10.6,KG,318,Cleared
MDM006521,2025-10-13,SCH0068,Kumar General Store,Dal,0.982,BAG,4419,Pending
MDM009456,2025-06-06,SCH0119,Singh Agro,Mustard Oil,0.84,BAG,5040,Due
MDM001487,2025-12-11,SCH0030,S. Agro Works,Dal,52400.0,G,4716,
MDM000606,2026-03-18,SCH0133,Kumar Supplies,Mustard Oil,,,2256,Pending
MDM003942,2025-05-19,SCH0236,Kumar & Co.,Dal,0.638,BAG,2871,Paid
MDM010286,2025-05-22,SCH0440,Sharma Traders Pvt Ltd,Rice,50.8,KG,2032,Cleared
MDM001534,2025-12-19,SCH0204,Goyal Enterprises,Rice,0.34,BAG,680,Pending
MDM002652,2025-06-30,SCH0012,Kumar General Store,oil,1.04,BAG_50KG,6240,Cleared
MDM006434,2025-12-29,SCH0543,Goyal Mill,Atta,,,1722,Paid
MDM009680,2026-03-11,SCH0440,Singh Brothers,Wheat,,,1176,Pending
MDM004254,2025-06-22,SCH0529,Singh Brothers,Dal,15.5,KG,1395,Cleared
MDM004522,2025-12-13,SCH0560,Singh Agro,Cooking Oil,11.5,KG,,Paid
MDM003689,2025-05-20,SCH0083,S. Agro Works,Rice,1.044,BAG,2088,Pending
MDM001331,2025-04-27,SCH0416,Singh Brothers,Rice,,,1592,Paid
MDM003856,2025-08-29,SCH0122,Kumar & Co.,Rice,0.728,BAG_50KG,1456,Cleared
MDM000958,2025-10-23,SCH0191,Singh Agro,Rice,,,1468,Paid
MDM009387,2025-06-20,SCH0566,Kumar & Co.,Dal,1.064,BAG,4788,Pending
MDM010330,2025-05-12,SCH0221,Kumar & Co.,oil,0.27,BORI,1620,Paid
MDM011165,2026-01-12,SCH0301,Sharma Traders,Dal,,,,Paid
MDM010990,2025-04-28,SCH0080,Kumar & Co.,Wheat,13100.0,G,393,
MDM001661,2025-08-10,SCH0052,Kumar General Store,Atta,0.284,SACK,426,Due
MDM001027,2025-06-20,SCH0084,Goyal Mill,Wheat,20.5,KG,615,Due
MDM004706,2025-06-30,SCH0298,Sharma & Sons,Wheat,,,918,Pending
MDM008874,2025-07-23,SCH0386,Sharma Traders Pvt Ltd,Dal,13.8,KG,1242,Paid
MDM001248,2026-02-06,SCH0219,S. Agro Works,Mustard Oil,,,1884,Due
MDM010988,2025-10-11,SCH0156,Sharma Traders Pvt Ltd,Mustard Oil,,,2508,Cleared
MDM009270,2025-11-06,SCH0493,Goyal Rice Mill,Wheat,0.9359999999999999,BAG,1404,Paid
MDM000656,2025-06-29,SCH0233,Kumar & Co.,Dal,0.6859999999999999,BAG,3087,Cleared
MDM000624,2025-04-26,SCH0067,Sharma & Sons,Wheat,,,1701,Paid
MDM007875,2025-08-22,SCH0477,Kumar & Co.,Atta,23600.0,G,708,Due
MDM003486,2025-07-17,SCH0235,Singh Brothers,Wheat,29400.0,G,882,Due
MDM004041,2025-07-10,SCH0161,Kumar & Co.,oil,,,,
MDM002200,2025-04-21,SCH0413,Sharma & Sons,Dal,,,4590,Due
MDM003049,2026-01-17,SCH0219,Goyal Rice Mill,Dal,42.7,KG,3843,
MDM009312,2025-10-19,SCH0472,Goyal Enterprises,Mustard Oil,,,3996,Paid
MDM009318,2026-03-20,SCH0413,Singh Brothers,Wheat,14.9,KG,447,Paid
MDM010738,2025-05-08,SCH0368,Kumar Supplies,Dal,1.196,BAG,5382,Cleared
MDM009666,2025-05-26,SCH0454,Kumar & Co.,Dal,34.0,KG,3060,Pending
MDM008065,2025-04-05,SCH0498,Singh Brothers,Rice,1.102,BAG,2204,Due
MDM011369,2025-12-06,SCH0432,Sharma Traders,Rice,,,1016,Pending
MDM010055,2025-07-15,SCH0428,Kumar Supplies,Cooking Oil,45800.0,G,5496,Cleared
MDM005010,2025-05-22,SCH0215,Kumar General Store,Rice,33700.0,G,1348,Pending
MDM002626,2025-08-27,SCH0415,Kumar General Store,Rice,47.5,KG,1900,Pending
MDM011059,2025-07-04,SCH0387,Singh Brothers,oil,36.0,KG,4320,Paid
MDM005951,2026-01-31,SCH0077,Goyal Rice Mill,Dal,36.4,KG,3276,
MDM011591,2026-02-23,SCH0588,S. Agro Works,Cooking Oil,,,2520,Pending
MDM001747,2025-10-17,SCH0056,Singh Brothers,Wheat,34300.0,G,1029,Paid
MDM005683,2025-05-03,SCH0013,Kumar & Co.,Dal,0.7859999999999999,BORI,3537,Pending
MDM006115,2025-05-01,SCH0352,Singh Brothers,oil,45.4,KG,5448,Paid
MDM008936,2026-01-13,SCH0087,Sharma & Sons,oil,35.1,KG,4212,Cleared
MDM002458,2025-08-13,SCH0396,Kumar Supplies,Cooking Oil,,,4812,Paid
MDM007566,2025-04-10,SCH0565,Singh Agro,Rice,40.2,KG,1608,Paid
MDM009013,2025-11-29,SCH0358,S. Agro Works,Wheat,0.212,BAG_50KG,318,Cleared
MDM000077,2025-05-20,SCH0496,Sharma & Sons,Wheat,14.2,KG,426,Pending
MDM008028,2026-03-27,SCH0413,Singh Brothers,Wheat,0.6579999999999999,BAG,987,
MDM007855,2025-07-30,SCH0513,Kumar & Co.,Wheat,0.904,BAG,1356,
MDM002699,2025-10-19,SCH0445,Singh Agro,Rice,24400.0,G,976,Pending
MDM008889,2025-06-21,SCH0412,S. Agro Works,Mustard Oil,40600.0,G,4872,Paid
MDM009702,2025-09-09,SCH0279,Sharma Traders,Mustard Oil,35.8,KG,4296,Pending
MDM005334,2025-04-13,SCH0111,Goyal Rice Mill,Mustard Oil,,,4272,Cleared
MDM002261,2026-01-08,SCH0231,Goyal Enterprises,Dal,44700.0,G,4023,Pending
MDM001776,2025-11-15,SCH0442,Sharma Traders Pvt Ltd,Wheat,29400.0,G,882,Pending
MDM010857,2026-02-06,SCH0519,Kumar & Co.,Dal,,,3546,Due
MDM000094,2025-04-13,SCH0142,Goyal Rice Mill,Mustard Oil,44.2,KG,5304,Pending
MDM008417,2025-04-25,SCH0449,Singh Agro,Wheat,51.9,KG,1557,Due
MDM005054,2026-03-28,SCH0175,S. Agro Works,Cooking Oil,1.092,BAG_50KG,6552,Pending
MDM009193,2025-11-12,SCH0521,Goyal Mill,Dal,,,,Pending
MDM007482,2025-05-03,SCH0376,Goyal Enterprises,Dal,,,3051,
MDM000715,2025-07-16,SCH0318,Kumar & Co.,oil,55500.0,G,6660,Paid
MDM001077,2025-04-30,SCH0332,Sharma Traders Pvt Ltd,Cooking Oil,11.3,KG,1356,Pending
MDM006731,2025-04-13,SCH0181,Kumar General Store,Wheat,,,786,Due
MDM006479,2026-01-16,SCH0492,Kumar & Co.,Wheat,48500.0,G,,Paid
MDM011959,2025-09-25,SCH0008,Sharma Traders Pvt Ltd,Cooking Oil,36.3,KG,4356,Due
MDM002016,2025-06-08,SCH0418,Singh Agro,oil,,,7152,Cleared
MDM001886,2026-02-01,SCH0211,Singh Agro,Dal,,,2637,Due
MDM006148,2025-07-26,SCH0314,S. Agro Works,Rice,45.9,KG,1836,Paid
MDM007901,2026-02-06,SCH0442,Goyal Rice Mill,Wheat,25.1,KG,753,Due
MDM006828,2025-08-12,SCH0399,Singh Brothers,Dal,,,2538,Cleared
MDM006163,2025-09-09,SCH0494,Sharma & Sons,Wheat,,,1740,Paid
MDM003387,2025-09-21,SCH0508,Singh Agro,Rice,0.634,SACK,1268,Due
MDM001489,2025-04-08,SCH0451,Singh Agro,Wheat,44.2,KG,1326,Paid
MDM009417,2025-05-17,SCH0407,Sharma Traders,Rice,,,1268,
MDM011433,2026-03-29,SCH0415,Sharma Traders,Rice,25.6,KG,1024,Due
MDM008249,2025-06-30,SCH0065,Sharma Traders,Dal,,,3717,Due
MDM005539,2025-05-14,SCH0549,Sharma Traders Pvt Ltd,Dal,20000.0,G,1800,Paid
MDM003681,2025-04-07,SCH0206,Singh Brothers,oil,,,5988,Pending
MDM002760,2025-04-11,SCH0469,Kumar Supplies,Mustard Oil,47.7,KG,5724,Pending
MDM011397,2025-04-23,SCH0125,Goyal Rice Mill,Dal,32.8,KG,2952,Paid
MDM003306,2025-06-21,SCH0151,Goyal Rice Mill,Dal,12.7,KG,1143,Paid
MDM001438,2025-07-08,SCH0081,Singh Agro,Rice,,,1420,Pending
MDM001234,2026-03-02,SCH0197,S. Agro Works,Wheat,15.4,KG,462,Pending
MDM000186,2025-05-16,SCH0222,Singh Brothers,Wheat,28600.0,G,858,Pending
MDM009945,2025-11-29,SCH0189,Sharma Traders Pvt Ltd,Atta,0.8140000000000001,SACK,1221,
MDM002466,2026-03-04,SCH0158,Sharma Traders,Rice,52200.0,G,2088,Pending
MDM004318,2025-11-22,SCH0547,S. Agro Works,Dal,37.5,KG,3375,Cleared
MDM006423,2025-06-22,SCH0362,Kumar Supplies,Cooking Oil,26500.0,G,3180,Cleared
MDM003670,2026-03-18,SCH0411,Goyal Enterprises,Rice,0.368,SACK,736,Paid
MDM001298,2025-07-15,SCH0436,Singh Agro,Rice,17.3,KG,692,
MDM006936,2025-06-22,SCH0109,Goyal Mill,Mustard Oil,21.0,KG,2520,Pending
MDM009937,2025-10-14,SCH0086,Singh Agro,Dal,0.738,BAG,3321,Pending
MDM004642,2025-10-10,SCH0200,Kumar Supplies,Rice,10.8,KG,432,Due
MDM000450,2025-04-30,SCH0144,Goyal Mill,Dal,51.5,KG,4635,
MDM003155,2026-02-11,SCH0058,Kumar General Store,Wheat,0.958,BAG,1437,Cleared
MDM003648,2025-08-15,SCH0195,Kumar & Co.,Dal,39200.0,G,3528,Paid
MDM011843,2026-01-13,SCH0050,Goyal Rice Mill,Dal,,,945,Cleared
MDM003774,2025-07-17,SCH0249,Sharma & Sons,Dal,46.8,KG,4212,Due
MDM007389,2025-08-05,SCH0370,Singh Agro,Wheat,56000.0,G,,
MDM000382,2025-12-31,SCH0074,Singh Agro,Rice,1.06,BAG_50KG,2120,
MDM010764,2026-01-24,SCH0302,Goyal Enterprises,Mustard Oil,26.1,KG,3132,
MDM001156,2025-05-06,SCH0335,Sharma Traders,Dal,37.1,KG,3339,Pending
MDM009376,2025-07-18,SCH0401,Singh Brothers,Rice,0.892,BORI,1784,Paid
MDM005419,2025-07-11,SCH0077,Singh Agro,oil,21400.0,G,,Paid
MDM004354,2025-11-19,SCH0463,Kumar Supplies,Atta,52.8,KG,1584,Pending
MDM001729,2026-01-21,SCH0406,Kumar & Co.,Rice,23.2,KG,928,Paid
MDM004739,2025-05-20,SCH0204,Goyal Rice Mill,Cooking Oil,14300.0,G,1716,Pending
MDM008688,2025-06-02,SCH0341,Goyal Rice Mill,Dal,0.684,BORI,,Cleared
MDM002426,2025-07-27,SCH0507,Singh Brothers,Mustard Oil,1.182,BAG,7092,Paid
MDM002728,2025-10-02,SCH0276,Goyal Rice Mill,Wheat,55.3,KG,1659,Paid
MDM001254,2026-02-25,SCH0103,Goyal Enterprises,Dal,46200.0,G,4158,Pending
MDM004618,2025-06-11,SCH0336,Sharma Traders,Atta,52.0,KG,1560,Paid
MDM011041,2026-02-17,SCH0072,Sharma Traders Pvt Ltd,Wheat,29600.0,G,888,Cleared
MDM002504,2025-08-16,SCH0025,Singh Brothers,Cooking Oil,37.4,KG,4488,Paid
MDM005236,2025-10-23,SCH0470,Goyal Rice Mill,Wheat,48.3,KG,1449,Due
MDM008523,2025-08-31,SCH0132,Sharma & Sons,Wheat,,,312,
MDM007137,2025-04-03,SCH0422,S. Agro Works,Dal,0.546,BAG,2457,Due
MDM005772,2025-08-30,SCH0573,Goyal Rice Mill,Dal,51.3,KG,4617,Pending
MDM004851,2025-06-07,SCH0449,Sharma & Sons,Wheat,0.95,BAG_50KG,1425,Paid
MDM006614,2025-09-15,SCH0425,Sharma Traders Pvt Ltd,Mustard Oil,21.2,KG,2544,Due
MDM004769,2025-06-06,SCH0126,Kumar & Co.,Dal,,,3681,Cleared
MDM001613,2025-05-06,SCH0340,Singh Brothers,oil,,,3792,Pending
MDM003711,2025-11-18,SCH0071,Goyal Rice Mill,Dal,0.69,BORI,3105,Paid
MDM002192,2025-05-27,SCH0441,Sharma Traders Pvt Ltd,Rice,20.8,KG,832,
MDM001730,2025-11-30,SCH0466,Goyal Rice Mill,Dal,58.0,KG,5220,Pending
MDM011745,2025-10-19,SCH0279,Kumar Supplies,Dal,,,1440,Cleared
MDM006087,2025-09-12,SCH0163,S. Agro Works,Wheat,,,1407,Paid
MDM009145,2025-08-12,SCH0450,Kumar General Store,Wheat,,,897,Paid
MDM011469,2025-09-18,SCH0555,Singh Agro,oil,55.6,KG,6672,Paid
MDM006757,2025-10-18,SCH0042,Goyal Enterprises,oil,35.3,KG,,
MDM008543,2025-09-28,SCH0496,Kumar Supplies,Dal,,,4977,Due
MDM007203,2025-10-26,SCH0399,S. Agro Works,Rice,,,1188,Paid
MDM000531,2025-05-06,SCH0558,Goyal Mill,Wheat,,,1317,Pending
MDM004302,2025-04-01,SCH0202,Singh Brothers,Wheat,,,651,
MDM003101,2026-01-21,SCH0381,S. Agro Works,Rice,,,1772,Pending
MDM005534,2025-11-30,SCH0410,Goyal Rice Mill,oil,,,2712,Paid
MDM003474,2026-01-16,SCH0554,Singh Brothers,Atta,55.6,KG,,Due
MDM005715,2025-08-27,SCH0126,Kumar General Store,Cooking Oil,43800.0,G,5256,Pending
MDM003464,2025-10-06,SCH0408,Kumar & Co.,Wheat,,,1527,Paid
MDM008614,2026-03-09,SCH0098,S. Agro Works,Mustard Oil,39.2,KG,4704,Pending
MDM007585,2025-11-08,SCH0221,S. Agro Works,Rice,,,492,
MDM005704,2025-04-01,SCH0367,Singh Agro,Dal,0.346,BAG_50KG,1557,
MDM007629,2025-11-07,SCH0338,Kumar & Co.,Mustard Oil,,,4500,Due
MDM011217,2025-06-11,SCH0027,Goyal Enterprises,Dal,1.162,SACK,5229,Paid
MDM007920,2025-04-08,SCH0213,Goyal Enterprises,Mustard Oil,0.792,BORI,4752,
MDM011218,2026-02-06,SCH0149,Sharma Traders Pvt Ltd,Wheat,18.9,KG,567,
MDM000145,2025-10-01,SCH0171,Kumar General Store,Dal,,,1431,Pending
MDM003471,2025-08-31,SCH0371,Goyal Mill,Cooking Oil,,,4032,Cleared
MDM008006,2025-08-23,SCH0485,Kumar General Store,Mustard Oil,,,2184,Paid
MDM007048,2025-06-23,SCH0447,Goyal Enterprises,oil,52.0,KG,6240,Pending
MDM008470,2025-08-03,SCH0508,Sharma & Sons,Dal,35.8,KG,3222,Pending
MDM002756,2026-01-30,SCH0378,Kumar & Co.,Wheat,,,348,Pending
MDM002493,2025-04-12,SCH0447,Goyal Mill,Wheat,,,1767,Cleared
MDM005240,2026-01-11,SCH0325,S. Agro Works,Rice,0.8640000000000001,SACK,1728,Paid
MDM006002,2025-07-12,SCH0089,Kumar General Store,Wheat,40200.0,G,1206,Paid
MDM005968,2026-03-14,SCH0454,Goyal Rice Mill,Dal,,,3294,
MDM011977,2025-08-11,SCH0500,Sharma Traders Pvt Ltd,Wheat,0.446,BAG,669,Cleared
MDM010520,2025-04-18,SCH0087,Sharma & Sons,Rice,0.45,BAG,900,Pending
MDM009502,2025-11-07,SCH0084,Kumar Supplies,Rice,38.4,KG,1536,Pending
MDM004027,2025-06-11,SCH0527,Singh Agro,Atta,52700.0,G,1581,Paid
MDM002890,2026-03-18,SCH0450,Singh Agro,Dal,52500.0,G,4725,Cleared
MDM009297,2025-12-08,SCH0598,Singh Agro,Wheat,40.8,KG,1224,Paid
MDM010445,2025-10-09,SCH0202,Goyal Rice Mill,Dal,30.4,KG,2736,Due
MDM000789,2025-10-27,SCH0002,Kumar General Store,Dal,52.1,KG,4689,Paid
MDM006679,2025-09-16,SCH0238,S. Agro Works,Rice,37.9,KG,1516,Paid
MDM004681,2025-05-14,SCH0208,Kumar & Co.,Dal,31.0,KG,2790,
MDM002677,2025-10-02,SCH0110,Goyal Mill,Rice,27000.0,G,1080,Pending
MDM004140,2026-02-08,SCH0179,Sharma Traders Pvt Ltd,Wheat,,,1545,Paid
MDM004839,2025-09-11,SCH0028,S. Agro Works,Mustard Oil,46.8,KG,5616,Pending
MDM002031,2026-03-01,SCH0275,Kumar & Co.,Atta,37000.0,G,1110,Paid
MDM005293,2025-10-12,SCH0388,Sharma & Sons,Dal,21500.0,G,1935,Paid
MDM010139,2025-06-18,SCH0034,Goyal Rice Mill,Dal,16.7,KG,1503,Due
MDM009968,2025-04-09,SCH0001,Singh Brothers,Rice,,,1788,
MDM009149,2025-10-12,SCH0532,Sharma Traders,Wheat,,,480,
MDM007727,2026-02-25,SCH0483,Goyal Rice Mill,Wheat,,,876,Cleared
MDM004811,2025-06-19,SCH0447,Kumar Supplies,Rice,44.6,KG,1784,
MDM000432,2026-02-17,SCH0531,Kumar & Co.,Wheat,55.5,KG,1665,
MDM007860,2025-08-30,SCH0404,Singh Brothers,Mustard Oil,,,5988,Pending
MDM001781,2025-04-26,SCH0302,Kumar & Co.,oil,0.726,SACK,4356,Cleared
MDM006147,2026-02-22,SCH0195,Goyal Rice Mill,Mustard Oil,49.4,KG,5928,
MDM008900,2025-07-12,SCH0294,Sharma Traders Pvt Ltd,Rice,0.904,BORI,1808,Pending
MDM004984,2025-10-23,SCH0205,Goyal Rice Mill,oil,,,1344,Pending
MDM005836,2026-01-20,SCH0180,Kumar General Store,Mustard Oil,,,4608,Paid
MDM000350,2025-10-17,SCH0298,Sharma Traders Pvt Ltd,Wheat,15.5,KG,465,Cleared
MDM010636,2025-12-15,SCH0230,Kumar Supplies,Rice,,,584,Due
MDM002910,2025-11-23,SCH0027,Sharma & Sons,Dal,36400.0,G,3276,Pending
MDM009837,2025-11-23,SCH0251,Kumar General Store,Dal,,,4365,Due
MDM000043,2025-08-11,SCH0258,Sharma Traders,Dal,50600.0,G,4554,Due
MDM010599,2026-02-04,SCH0030,Singh Agro,Mustard Oil,40000.0,G,4800,
MDM000982,2025-11-25,SCH0467,Goyal Rice Mill,Dal,,,2970,Paid
MDM002313,2025-08-24,SCH0585,Singh Brothers,Wheat,0.57,BORI,855,Due
MDM007150,2025-06-21,SCH0483,Singh Brothers,Cooking Oil,0.426,BORI,2556,
MDM006463,2025-11-02,SCH0104,Singh Brothers,Dal,27.1,KG,2439,Due
MDM005729,2026-02-10,SCH0078,Kumar & Co.,Mustard Oil,,,6264,Paid
MDM008893,2025-11-16,SCH0323,Goyal Mill,Dal,,,2367,Cleared
MDM011758,2026-03-01,SCH0339,Sharma Traders Pvt Ltd,Dal,12600.0,G,1134,Pending
MDM011867,2025-09-25,SCH0582,Kumar & Co.,oil,41.5,KG,4980,Cleared
MDM005438,2025-07-16,SCH0334,Kumar Supplies,Dal,1.036,BAG_50KG,4662,Paid
MDM003888,2025-08-14,SCH0444,Sharma Traders,Wheat,,,450,Cleared
MDM004914,2026-01-27,SCH0335,Singh Brothers,Atta,,,1377,Pending
MDM004901,2026-01-06,SCH0423,Kumar Supplies,Rice,1.112,BAG,2224,Pending
MDM000917,2025-08-02,SCH0083,Kumar Supplies,oil,46.3,KG,5556,Cleared
MDM010921,2025-08-28,SCH0439,Sharma & Sons,Dal,0.9420000000000001,BORI,4239,Pending
MDM006832,2025-11-03,SCH0130,Sharma & Sons,Mustard Oil,,,3840,Paid
MDM007343,2025-12-10,SCH0283,Kumar & Co.,Dal,,,3816,Pending
MDM008496,2025-06-05,SCH0271,Sharma Traders Pvt Ltd,Rice,,,724,Paid
MDM001617,2025-11-19,SCH0186,Goyal Mill,Cooking Oil,59.7,KG,7164,Due
MDM002847,2026-02-28,SCH0440,Singh Agro,Wheat,47400.0,G,1422,
MDM007776,2026-02-09,SCH0135,S. Agro Works,Rice,18.2,KG,728,Cleared
MDM003046,2025-06-01,SCH0361,Goyal Enterprises,Wheat,34.3,KG,1029,Pending
MDM008043,2025-09-09,SCH0128,Singh Brothers,Mustard Oil,23700.0,G,2844,Due
MDM009050,2025-07-25,SCH0180,Sharma Traders Pvt Ltd,Mustard Oil,27.5,KG,,Cleared
MDM001834,2026-03-26,SCH0438,Kumar General Store,Mustard Oil,25100.0,G,3012,Paid
MDM006177,2025-12-03,SCH0444,S. Agro Works,Dal,13.3,KG,1197,Due
MDM010346,2025-07-31,SCH0045,Kumar & Co.,Rice,,,876,Due
MDM003777,2025-11-12,SCH0314,Goyal Rice Mill,Mustard Oil,,,5412,Pending
MDM008930,2025-04-01,SCH0101,Goyal Mill,Mustard Oil,,,5400,Due
MDM007799,2026-02-18,SCH0516,Goyal Enterprises,Dal,,,2763,Pending
MDM010526,2026-03-27,SCH0192,Kumar & Co.,Dal,21100.0,G,1899,Pending
MDM000783,2025-12-31,SCH0552,Kumar & Co.,Dal,0.534,BAG,2403,
MDM000592,2026-03-17,SCH0435,S. Agro Works,Rice,,,448,Paid
MDM001157,2025-05-03,SCH0123,Sharma Traders,oil,0.856,BORI,5136,Paid
MDM001537,2025-10-18,SCH0329,Singh Brothers,Dal,0.494,SACK,2223,Cleared
MDM003245,2025-04-11,SCH0196,Kumar & Co.,Wheat,,,309,Paid
MDM005413,2025-10-23,SCH0525,Goyal Enterprises,Mustard Oil,0.846,BORI,5076,Cleared
MDM008699,2026-03-02,SCH0302,Kumar General Store,Rice,31500.0,G,1260,Paid
MDM006763,2025-07-25,SCH0478,Singh Agro,Rice,,,508,Paid
MDM003572,2026-03-21,SCH0600,Goyal Mill,Rice,,,988,Paid
MDM002402,2025-11-15,SCH0264,Singh Agro,oil,,,6984,Pending
MDM008837,2025-04-02,SCH0585,Kumar Supplies,Dal,,,3015,Cleared
MDM008879,2026-03-01,SCH0353,Sharma Traders Pvt Ltd,Dal,48100.0,G,,Paid
MDM003985,2025-08-25,SCH0275,Goyal Mill,Rice,13.5,KG,540,Due
MDM005119,2026-01-09,SCH0202,Sharma Traders Pvt Ltd,Rice,18600.0,G,744,Due
MDM002153,2025-12-30,SCH0102,Singh Brothers,Mustard Oil,,,2424,Pending
MDM003614,2025-06-27,SCH0498,Goyal Mill,Wheat,20900.0,G,627,Pending
MDM005466,2025-10-22,SCH0570,Kumar & Co.,Dal,,,4914,
MDM003791,2025-10-22,SCH0285,Goyal Mill,Wheat,33600.0,G,1008,Paid
MDM007586,2026-02-05,SCH0110,Sharma & Sons,Dal,,,,Paid
MDM009069,2025-11-05,SCH0162,Goyal Rice Mill,Atta,,,,Pending
MDM002817,2026-02-24,SCH0458,Singh Brothers,Dal,41.4,KG,3726,Pending
MDM005197,2025-11-10,SCH0449,Sharma & Sons,Wheat,51800.0,G,1554,Paid
MDM003699,2025-12-18,SCH0389,Kumar General Store,oil,47600.0,G,5712,Pending
MDM004537,2025-06-20,SCH0155,Kumar & Co.,Wheat,28.0,KG,840,Pending
MDM011334,2025-11-11,SCH0383,Singh Agro,Wheat,,,1380,Cleared
MDM006292,2025-12-26,SCH0435,Goyal Enterprises,Dal,,,5121,Due
MDM007304,2025-07-15,SCH0434,Singh Brothers,Dal,33.5,KG,3015,Pending
MDM009126,2025-10-07,SCH0484,Kumar General Store,Dal,,,,
MDM010537,2025-11-02,SCH0059,Goyal Rice Mill,oil,25500.0,G,3060,Paid
MDM003195,2025-12-07,SCH0301,Singh Agro,Atta,,,1104,Paid
MDM007950,2025-06-27,SCH0056,Kumar & Co.,Wheat,0.462,BAG,693,Pending
MDM009140,2025-12-02,SCH0169,Kumar Supplies,Rice,58.6,KG,2344,Paid
MDM007291,2025-12-30,SCH0223,Sharma Traders,Rice,0.414,BAG,828,Cleared
MDM010238,2026-01-01,SCH0371,Kumar Supplies,Rice,,,1052,Cleared
MDM009394,2025-05-07,SCH0013,Sharma Traders,Dal,17800.0,G,1602,Cleared
MDM005091,2025-10-07,SCH0010,Sharma Traders Pvt Ltd,Dal,,,,Paid
MDM001732,2025-11-06,SCH0471,Goyal Mill,Dal,,,2151,
MDM008226,2025-11-02,SCH0308,Sharma Traders Pvt Ltd,Dal,0.524,BORI,2358,Pending
MDM011760,2025-10-11,SCH0592,Goyal Mill,Atta,26.2,KG,786,Pending
MDM006912,2025-06-09,SCH0036,Sharma Traders Pvt Ltd,Wheat,34200.0,G,1026,Pending
MDM008553,2026-01-08,SCH0359,Sharma Traders,Cooking Oil,22000.0,G,2640,
MDM001871,2025-06-29,SCH0322,Kumar Supplies,Cooking Oil,0.6759999999999999,SACK,4056,Pending
MDM002805,2025-08-14,SCH0163,Sharma Traders Pvt Ltd,Dal,52.1,KG,4689,Pending
MDM006201,2025-08-26,SCH0467,S. Agro Works,Mustard Oil,0.512,BORI,3072,Paid
MDM002212,2025-04-06,SCH0268,Goyal Enterprises,Dal,22100.0,G,1989,Paid
MDM010410,2025-11-05,SCH0576,Kumar & Co.,Rice,0.662,BAG,1324,Due
MDM007767,2025-06-23,SCH0598,Kumar General Store,Mustard Oil,10100.0,G,1212,Paid
MDM000169,2026-02-23,SCH0303,Sharma & Sons,Mustard Oil,35200.0,G,4224,Pending
MDM005876,2025-08-28,SCH0360,Singh Brothers,Dal,48.0,KG,4320,Cleared
MDM003616,2026-02-21,SCH0504,Goyal Rice Mill,Rice,,,2016,
MDM007801,2025-08-28,SCH0584,Sharma Traders Pvt Ltd,Dal,40700.0,G,3663,Paid
MDM003404,2025-06-13,SCH0543,Sharma Traders Pvt Ltd,oil,53.1,KG,6372,Paid
MDM003913,2025-11-27,SCH0541,Singh Brothers,Rice,38.4,KG,1536,Paid
MDM004680,2026-02-23,SCH0283,Sharma & Sons,Rice,23.8,KG,952,Cleared
MDM007064,2025-04-11,SCH0026,Singh Brothers,Atta,36.5,KG,1095,Paid
MDM002108,2025-09-23,SCH0010,Kumar Supplies,Dal,38.0,KG,3420,Paid
MDM005462,2025-10-15,SCH0169,Sharma Traders,Dal,,,3915,Cleared
MDM009356,2026-02-17,SCH0187,Sharma Traders,Dal,15700.0,G,,Paid
MDM003035,2026-02-17,SCH0159,Singh Agro,Dal,0.514,BORI,2313,
MDM004509,2025-07-24,SCH0268,Goyal Mill,Rice,,,1640,Due
MDM008746,2025-09-26,SCH0266,Goyal Rice Mill,Dal,,,2151,
MDM010968,2026-01-23,SCH0222,Goyal Enterprises,Rice,59200.0,G,2368,
MDM000568,2026-03-03,SCH0293,Goyal Mill,Wheat,41900.0,G,1257,Pending
MDM010447,2025-12-30,SCH0302,Sharma & Sons,Wheat,0.6459999999999999,BORI,969,
MDM005644,2025-07-15,SCH0465,Goyal Enterprises,Dal,33.5,KG,3015,Paid
MDM002368,2025-10-13,SCH0270,Sharma & Sons,Wheat,0.768,BORI,1152,Due
MDM009514,2025-10-27,SCH0173,Singh Agro,Dal,,,1602,Pending
MDM010731,2025-08-30,SCH0575,Goyal Rice Mill,Dal,0.998,SACK,4491,Paid
MDM009689,2025-08-16,SCH0433,Kumar Supplies,Mustard Oil,,,5640,Paid
MDM000441,2026-02-25,SCH0487,Goyal Rice Mill,Rice,0.6559999999999999,BORI,1312,Pending
MDM002019,2025-12-02,SCH0167,Kumar General Store,Dal,10900.0,G,981,Pending
MDM010411,2025-04-04,SCH0558,Goyal Rice Mill,oil,59300.0,G,7116,Due
MDM008702,2025-06-29,SCH0501,Kumar Supplies,Cooking Oil,0.77,BAG,4620,Paid
MDM004979,2025-07-17,SCH0188,S. Agro Works,Dal,0.728,SACK,3276,Cleared
MDM011891,2025-07-31,SCH0520,Goyal Enterprises,Cooking Oil,45200.0,G,5424,Pending
MDM005324,2026-03-04,SCH0217,Sharma Traders Pvt Ltd,Mustard Oil,15.1,KG,1812,Paid
MDM011045,2025-05-31,SCH0361,Kumar Supplies,Rice,,,468,Due
MDM008625,2025-05-15,SCH0123,Goyal Mill,Rice,22.7,KG,908,Pending
MDM008980,2025-08-26,SCH0352,Kumar & Co.,Atta,16800.0,G,504,Due
MDM005146,2026-01-06,SCH0144,S. Agro Works,oil,0.3,BAG,1800,Cleared
MDM001225,2025-09-06,SCH0329,Kumar Supplies,Rice,50.6,KG,2024,Pending
MDM006026,2025-05-11,SCH0298,Sharma & Sons,Wheat,58600.0,G,1758,Due
MDM002593,2025-12-04,SCH0464,Singh Brothers,Cooking Oil,23.3,KG,2796,Paid
MDM002754,2025-11-02,SCH0431,Goyal Enterprises,Wheat,0.414,BAG,621,Paid
MDM005887,2026-02-05,SCH0514,Singh Agro,Mustard Oil,,,5424,Due
MDM007421,2025-09-16,SCH0393,Sharma & Sons,Cooking Oil,0.266,BAG,1596,
MDM006283,2026-01-29,SCH0416,Goyal Enterprises,Rice,,,736,Cleared
MDM002692,2025-08-08,SCH0286,Sharma Traders Pvt Ltd,Wheat,37.4,KG,1122,Pending
MDM000037,2025-04-29,SCH0190,Sharma Traders Pvt Ltd,Dal,,,1161,Due
MDM004607,2026-02-22,SCH0093,S. Agro Works,Cooking Oil,12200.0,G,1464,Due
MDM007753,2025-04-22,SCH0404,Sharma Traders,Dal,,,2736,Pending
MDM007470,2025-06-12,SCH0419,Kumar General Store,Mustard Oil,,,6492,Pending
MDM002250,2025-08-04,SCH0288,Kumar General Store,Cooking Oil,37800.0,G,4536,Pending
MDM006830,2025-09-10,SCH0187,S. Agro Works,Dal,1.198,BAG_50KG,5391,Paid
MDM004061,2025-11-09,SCH0290,Sharma Traders,Dal,16800.0,G,1512,Paid
MDM008673,2026-02-25,SCH0080,Goyal Rice Mill,Atta,,,1512,Due
MDM007049,2025-08-29,SCH0037,Singh Brothers,Rice,11.3,KG,452,Paid
MDM004420,2025-10-24,SCH0569,Kumar & Co.,Mustard Oil,0.728,BAG,4368,Paid
MDM008426,2025-07-16,SCH0150,Sharma Traders,Dal,0.496,BAG,2232,Pending
MDM010144,2025-07-22,SCH0389,S. Agro Works,Rice,,,1272,Cleared
MDM008105,2026-03-09,SCH0338,Sharma & Sons,Cooking Oil,0.95,BORI,5700,Due
MDM009633,2025-04-19,SCH0224,Kumar General Store,Dal,,,5139,Paid
MDM011037,2026-03-27,SCH0212,Kumar & Co.,Dal,0.632,BAG_50KG,,Paid
MDM004772,2025-05-23,SCH0239,Sharma Traders,Atta,,,1656,Pending
MDM005769,2025-07-02,SCH0421,Goyal Rice Mill,Atta,36.6,KG,1098,Due
MDM001361,2025-08-04,SCH0489,Singh Brothers,oil,,,1920,Cleared
MDM005943,2025-07-07,SCH0062,Kumar Supplies,Dal,,,4329,Pending
MDM007306,2025-12-22,SCH0331,Singh Agro,Wheat,,,729,Pending
MDM000487,2026-02-16,SCH0496,Kumar Supplies,Rice,,,2140,Due
MDM010742,2025-09-09,SCH0127,Singh Agro,Rice,0.6559999999999999,BAG_50KG,1312,Cleared
MDM011449,2025-11-27,SCH0412,Singh Agro,Mustard Oil,,,4932,Pending
MDM007525,2025-12-19,SCH0066,Sharma Traders Pvt Ltd,Dal,36.4,KG,3276,Pending
MDM008847,2026-03-14,SCH0487,Singh Agro,Atta,0.264,SACK,396,Paid
MDM005546,2025-11-28,SCH0054,Singh Brothers,Wheat,36.6,KG,1098,Due
MDM008098,2026-03-18,SCH0134,S. Agro Works,Wheat,24400.0,G,732,Cleared
MDM011460,2026-03-13,SCH0241,Kumar & Co.,Mustard Oil,12700.0,G,1524,Due
MDM000638,2026-03-02,SCH0193,S. Agro Works,Rice,1.174,BAG_50KG,2348,Due
MDM009954,2025-11-28,SCH0135,Sharma & Sons,Rice,,,676,Cleared
MDM010155,2025-11-04,SCH0126,Goyal Mill,Wheat,,,1482,Cleared
MDM009852,2026-03-20,SCH0557,Singh Agro,Dal,0.762,BAG_50KG,3429,Pending
MDM008094,2026-01-06,SCH0559,Goyal Enterprises,Wheat,0.73,BAG,1095,Paid
MDM004353,2025-07-28,SCH0466,Singh Agro,Rice,43200.0,G,1728,Pending
MDM008132,2025-10-28,SCH0391,Kumar & Co.,Dal,,,3753,Due
MDM010419,2025-05-21,SCH0246,Sharma Traders Pvt Ltd,Rice,,,696,Pending
MDM005801,2025-05-28,SCH0323,Goyal Mill,Dal,,,3681,
MDM007131,2026-02-16,SCH0210,Kumar General Store,Rice,51.4,KG,2056,
MDM006235,2025-08-27,SCH0515,Sharma Traders Pvt Ltd,Dal,30100.0,G,2709,Paid
MDM004133,2025-11-23,SCH0062,Singh Brothers,Rice,,,596,Pending
MDM006014,2026-03-24,SCH0071,Goyal Enterprises,Wheat,,,585,Due
MDM000168,2025-04-16,SCH0446,Goyal Enterprises,Rice,0.258,BAG,516,Pending
MDM001916,2025-09-15,SCH0230,Goyal Enterprises,Rice,54.0,KG,2160,Pending
MDM003329,2025-04-17,SCH0568,Kumar & Co.,Wheat,0.5539999999999999,BAG,,Due
MDM011669,2025-05-11,SCH0294,Singh Agro,Atta,37.9,KG,1137,
MDM012000,2025-04-10,SCH0564,Sharma Traders Pvt Ltd,Atta,,,,
MDM006591,2025-09-15,SCH0237,Singh Agro,Dal,0.9079999999999999,SACK,4086,
MDM010785,2025-05-12,SCH0321,Goyal Mill,Dal,1.102,SACK,4959,
MDM003915,2026-03-01,SCH0177,Kumar & Co.,Rice,0.754,BAG_50KG,1508,Cleared
MDM005363,2026-01-02,SCH0598,Kumar General Store,Rice,,,1416,Pending
MDM000802,2025-05-10,SCH0235,Kumar & Co.,Wheat,13.8,KG,414,Pending
MDM002139,2026-03-28,SCH0101,Sharma Traders,Wheat,44.2,KG,1326,
MDM007513,2025-06-01,SCH0504,Goyal Mill,Wheat,,,,Paid
MDM005480,2026-02-18,SCH0293,Goyal Mill,Wheat,32700.0,G,,Due
MDM000743,2026-03-18,SCH0577,Sharma & Sons,Dal,,,2097,Due
MDM006622,2026-02-08,SCH0326,Kumar & Co.,Dal,56700.0,G,5103,Cleared
MDM005652,2026-03-28,SCH0444,Goyal Enterprises,Rice,12100.0,G,484,Paid
MDM011616,2026-02-22,SCH0268,Kumar General Store,Dal,,,3897,Due
MDM009897,2025-11-29,SCH0336,S. Agro Works,Mustard Oil,1.04,SACK,6240,Pending
MDM005222,2025-08-06,SCH0584,Kumar & Co.,Wheat,36.2,KG,1086,Cleared
MDM011358,2025-04-25,SCH0041,Goyal Enterprises,Atta,36.9,KG,1107,Pending
MDM011550,2025-12-05,SCH0360,Goyal Mill,Dal,16800.0,G,,Pending
MDM008744,2026-03-27,SCH0238,Goyal Mill,Atta,33200.0,G,996,Due
MDM006067,2025-06-29,SCH0338,Goyal Enterprises,Wheat,,,1188,Paid
MDM005813,2025-08-16,SCH0090,Goyal Mill,Cooking Oil,56.1,KG,6732,Due
MDM002848,2025-06-10,SCH0504,S. Agro Works,Dal,0.9640000000000001,BAG_50KG,4338,Paid
MDM010328,2025-11-03,SCH0020,Sharma Traders Pvt Ltd,Wheat,52.7,KG,1581,Due
MDM002479,2025-11-05,SCH0024,S. Agro Works,Dal,42.9,KG,3861,Pending
MDM000716,2025-05-06,SCH0238,Singh Agro,Rice,,,716,Paid
MDM002958,2026-01-25,SCH0071,Sharma Traders,Rice,,,1660,Paid
MDM003483,2025-11-18,SCH0591,Sharma Traders,Mustard Oil,,,2988,Cleared
MDM010964,2025-10-26,SCH0308,Kumar General Store,Dal,10300.0,G,927,Cleared
MDM006664,2025-05-22,SCH0085,Kumar & Co.,Rice,20.8,KG,832,Pending
MDM004743,2025-12-17,SCH0457,Sharma Traders,Rice,,,2228,Pending
MDM007637,2026-03-15,SCH0523,Singh Brothers,Dal,10700.0,G,963,Pending
MDM007938,2025-08-02,SCH0564,S. Agro Works,Dal,,,1746,Paid
MDM007710,2026-01-09,SCH0047,Sharma Traders Pvt Ltd,oil,22.1,KG,2652,
MDM002090,2025-04-11,SCH0362,Kumar General Store,Dal,32.7,KG,2943,Paid
MDM003521,2025-10-03,SCH0273,Singh Brothers,Rice,30600.0,G,1224,
MDM008993,2025-05-30,SCH0498,S. Agro Works,Mustard Oil,44.9,KG,5388,Cleared
MDM011488,2025-04-18,SCH0585,Kumar Supplies,Dal,56.0,KG,5040,
MDM004343,2025-06-02,SCH0540,Sharma Traders,Mustard Oil,,,3264,Pending
MDM001835,2025-07-01,SCH0433,S. Agro Works,Wheat,,,,Paid
MDM007453,2025-06-26,SCH0118,S. Agro Works,Dal,37300.0,G,3357,Cleared
MDM006563,2026-02-09,SCH0254,Kumar General Store,Atta,1.028,BORI,1542,
MDM010532,2025-04-15,SCH0579,Singh Agro,Mustard Oil,56.7,KG,6804,Paid
MDM009007,2026-02-20,SCH0293,Sharma & Sons,oil,,,1404,Paid
MDM004234,2025-09-29,SCH0322,Singh Brothers,oil,,,3060,Pending
MDM003704,2026-03-02,SCH0215,Goyal Enterprises,Mustard Oil,0.706,SACK,4236,Cleared
MDM010359,2026-01-07,SCH0306,Singh Brothers,Rice,12.4,KG,496,Pending
MDM003462,2025-05-18,SCH0407,Singh Brothers,Wheat,22.3,KG,,Paid
MDM002486,2025-04-27,SCH0153,Sharma Traders,Mustard Oil,0.838,BAG_50KG,5028,Cleared
MDM004054,2026-03-31,SCH0366,Goyal Rice Mill,oil,19500.0,G,2340,Due
MDM007956,2025-12-17,SCH0351,Sharma & Sons,oil,22700.0,G,2724,Cleared
MDM007975,2026-03-23,SCH0408,S. Agro Works,Mustard Oil,,,5544,Paid
MDM001887,2025-10-31,SCH0056,Goyal Enterprises,Wheat,45.0,KG,1350,Pending
MDM003004,2026-01-13,SCH0384,Singh Agro,Dal,,,4923,Cleared
MDM000024,2025-04-22,SCH0127,Singh Brothers,Dal,,,2295,
MDM004534,2026-03-20,SCH0115,Kumar General Store,Dal,11.2,KG,1008,Due
MDM001310,2025-04-11,SCH0205,Singh Agro,Wheat,51.6,KG,1548,Pending
MDM006128,2025-04-30,SCH0567,Goyal Enterprises,Dal,58.2,KG,5238,Pending
MDM005839,2025-05-04,SCH0088,Goyal Enterprises,oil,14.3,KG,1716,Pending
MDM000790,2025-06-01,SCH0070,Goyal Mill,Dal,53.4,KG,4806,Due
MDM011337,2025-11-06,SCH0536,Sharma Traders Pvt Ltd,Mustard Oil,44.5,KG,5340,Cleared
MDM008062,2025-08-13,SCH0106,Goyal Rice Mill,Wheat,,,1299,Pending
MDM009831,2025-10-11,SCH0323,Goyal Mill,Wheat,,,1254,Pending
MDM010960,2026-01-29,SCH0215,Kumar Supplies,Rice,,,2040,
MDM003220,2025-09-21,SCH0508,Kumar General Store,Rice,56100.0,G,2244,Cleared
MDM002515,2025-05-29,SCH0324,Kumar & Co.,Mustard Oil,0.8420000000000001,BORI,5052,Cleared
MDM008147,2025-06-06,SCH0080,Goyal Enterprises,Wheat,11.1,KG,333,Pending
MDM009622,2026-01-29,SCH0302,Goyal Rice Mill,Dal,,,4293,
MDM010822,2025-09-08,SCH0015,S. Agro Works,Cooking Oil,,,3684,Paid
MDM009056,2025-05-26,SCH0078,Kumar & Co.,Mustard Oil,47.2,KG,5664,Pending
MDM011036,2025-04-19,SCH0351,Kumar General Store,Rice,24.8,KG,992,Pending
MDM003686,2026-03-12,SCH0248,Goyal Enterprises,Wheat,0.296,SACK,444,Due
MDM008361,2026-02-23,SCH0396,Kumar & Co.,Mustard Oil,0.464,BAG,2784,Pending
MDM001958,2025-11-13,SCH0320,Kumar & Co.,Dal,,,3033,
MDM003705,2025-12-29,SCH0422,Singh Agro,Rice,,,700,Paid
MDM011801,2025-12-01,SCH0125,Sharma Traders Pvt Ltd,Wheat,15.1,KG,453,Cleared
MDM010510,2025-09-03,SCH0467,Sharma & Sons,Mustard Oil,1.126,BORI,6756,Paid
MDM005474,2026-02-22,SCH0547,Sharma Traders Pvt Ltd,oil,,,6120,Pending
MDM007690,2025-08-27,SCH0007,S. Agro Works,Rice,0.9520000000000001,BAG_50KG,1904,Due
MDM011190,2025-07-15,SCH0419,Sharma Traders Pvt Ltd,Rice,31.5,KG,1260,Paid
MDM006608,2025-10-06,SCH0502,Sharma Traders,Rice,0.7859999999999999,SACK,1572,Due
MDM001396,2025-08-25,SCH0166,Sharma Traders,Atta,,,918,Cleared
MDM009282,2025-11-07,SCH0220,Singh Agro,Wheat,,,1110,Pending
MDM007659,2025-06-11,SCH0385,Goyal Rice Mill,Wheat,0.728,BAG,1092,Pending
MDM011944,2025-07-09,SCH0044,Sharma & Sons,Wheat,,,1551,Cleared
MDM009696,2026-03-31,SCH0473,Goyal Mill,Wheat,1.094,BAG,1641,Cleared
MDM005063,2026-03-09,SCH0076,Kumar General Store,Atta,16.8,KG,504,Pending
MDM009746,2026-02-26,SCH0361,Kumar & Co.,oil,53000.0,G,6360,
MDM005849,2025-12-10,SCH0039,Sharma Traders,Rice,,,2396,Paid
MDM006914,2025-05-04,SCH0273,Goyal Rice Mill,Cooking Oil,55.3,KG,6636,Cleared
MDM003617,2025-08-03,SCH0362,Goyal Mill,Dal,17600.0,G,1584,Cleared
MDM010116,2025-06-29,SCH0147,Sharma Traders Pvt Ltd,Wheat,,,1755,
MDM010911,2026-03-26,SCH0018,Kumar General Store,Dal,1.108,BORI,4986,
MDM001227,2026-03-11,SCH0300,Kumar General Store,Dal,33.6,KG,,
MDM005560,2026-01-20,SCH0547,Singh Agro,Dal,1.106,BAG,4977,Pending
MDM003388,2025-04-06,SCH0176,Goyal Enterprises,Mustard Oil,18.5,KG,2220,Due
MDM003801,2026-03-16,SCH0070,Sharma Traders Pvt Ltd,Dal,,,2151,Paid
MDM004475,2025-11-05,SCH0564,Kumar Supplies,Dal,45.0,KG,4050,Pending
MDM005141,2025-05-29,SCH0239,Goyal Enterprises,Dal,1.0,SACK,4500,Pending
MDM009191,2026-02-12,SCH0307,Goyal Mill,Mustard Oil,12800.0,G,1536,
MDM010552,2026-02-25,SCH0506,Sharma Traders,Rice,23900.0,G,956,Due
MDM010123,2025-09-04,SCH0086,Kumar & Co.,Dal,41800.0,G,3762,Paid
MDM001311,2025-10-02,SCH0393,Goyal Mill,Wheat,,,999,Paid
MDM006699,2026-01-05,SCH0375,Goyal Enterprises,Dal,11.4,KG,1026,Pending
MDM008243,2025-12-29,SCH0089,Goyal Mill,Mustard Oil,34300.0,G,4116,Paid
MDM005020,2026-02-09,SCH0346,Goyal Enterprises,Rice,23.2,KG,928,Cleared
MDM009374,2025-09-23,SCH0339,Kumar Supplies,Rice,56.5,KG,2260,Due
MDM010476,2025-09-10,SCH0227,Kumar Supplies,Wheat,58.2,KG,1746,Paid
MDM008975,2025-04-19,SCH0371,Goyal Rice Mill,Wheat,1.034,BAG_50KG,1551,Due
MDM010601,2025-12-03,SCH0181,Kumar General Store,Dal,27100.0,G,2439,Due
MDM003834,2025-09-26,SCH0164,Sharma Traders Pvt Ltd,Dal,44800.0,G,4032,Pending
MDM001823,2025-09-29,SCH0325,S. Agro Works,Rice,17700.0,G,708,Paid
MDM007334,2026-02-03,SCH0031,Sharma & Sons,Cooking Oil,0.892,BAG,5352,Paid
MDM001316,2026-02-27,SCH0285,Kumar & Co.,Wheat,15900.0,G,477,Paid
MDM011115,2025-10-03,SCH0312,Goyal Mill,Dal,51.1,KG,4599,Paid
MDM006138,2025-09-07,SCH0483,Singh Agro,Dal,0.35,BAG,1575,
MDM011015,2025-09-20,SCH0519,Kumar General Store,Wheat,,,1308,Pending
MDM009785,2026-02-19,SCH0142,Kumar Supplies,Dal,27.7,KG,2493,Due
MDM002316,2025-04-17,SCH0291,Sharma Traders Pvt Ltd,oil,0.534,BAG_50KG,3204,
MDM002827,2026-03-23,SCH0451,Singh Agro,Dal,38400.0,G,3456,Cleared
MDM008362,2025-07-16,SCH0297,Kumar & Co.,Dal,44800.0,G,4032,Pending
MDM009596,2025-12-03,SCH0297,Kumar & Co.,Dal,29.3,KG,,Pending
MDM002596,2025-07-28,SCH0367,Goyal Mill,Rice,,,404,Paid
MDM010890,2025-05-13,SCH0351,Sharma Traders,oil,15.5,KG,,Due
MDM001340,2025-11-25,SCH0589,Kumar General Store,Dal,0.848,BAG_50KG,3816,Paid
MDM003265,2025-09-27,SCH0091,Kumar Supplies,Wheat,55800.0,G,1674,Cleared
MDM004490,2026-02-15,SCH0337,Kumar Supplies,Wheat,0.7020000000000001,BAG_50KG,1053,Pending
MDM000739,2025-08-28,SCH0448,Goyal Rice Mill,Dal,,,918,
MDM000966,2025-07-22,SCH0064,Goyal Rice Mill,Atta,26.1,KG,783,Pending
MDM000253,2025-04-28,SCH0025,S. Agro Works,Rice,0.716,BAG,1432,Paid
MDM003551,2025-07-21,SCH0549,Singh Agro,Rice,1.1,SACK,2200,Paid
MDM005624,2025-11-02,SCH0433,Singh Brothers,Dal,17.4,KG,1566,Pending
MDM002099,2025-08-08,SCH0419,Kumar Supplies,Dal,0.8,SACK,3600,Paid
MDM008957,2025-06-29,SCH0194,Kumar General Store,Wheat,40.7,KG,1221,Cleared
MDM010100,2025-09-01,SCH0252,Kumar Supplies,Rice,38300.0,G,1532,Pending
MDM008056,2025-04-06,SCH0094,Kumar General Store,Rice,,,1624,Cleared
MDM000873,2025-08-07,SCH0169,Sharma & Sons,Dal,56000.0,G,5040,Paid
MDM011966,2025-11-05,SCH0160,Sharma Traders Pvt Ltd,Wheat,48.3,KG,1449,Paid
MDM006689,2026-02-18,SCH0195,Sharma Traders,Dal,,,3150,Paid
MDM008969,2025-07-28,SCH0515,Goyal Rice Mill,Dal,,,1863,
MDM007963,2025-11-29,SCH0419,Sharma & Sons,Dal,26800.0,G,2412,Paid
MDM011635,2025-04-17,SCH0323,Kumar General Store,Dal,31.2,KG,2808,Pending
MDM006754,2025-05-15,SCH0088,Sharma Traders,Wheat,1.132,SACK,1698,Paid
MDM010147,2026-01-27,SCH0148,Sharma & Sons,Dal,,,4842,Due
MDM006168,2025-06-28,SCH0061,Goyal Mill,Cooking Oil,26.2,KG,3144,Pending
MDM008014,2025-08-17,SCH0473,Kumar Supplies,Wheat,54.1,KG,1623,
MDM007367,2025-09-21,SCH0208,Goyal Rice Mill,Rice,41.5,KG,1660,Pending
MDM009805,2025-11-25,SCH0096,Sharma Traders,Rice,1.072,BAG,,Pending
MDM007069,2025-05-23,SCH0394,Kumar Supplies,oil,49.0,KG,5880,Cleared
MDM007821,2025-10-24,SCH0207,Sharma Traders Pvt Ltd,Dal,27.3,KG,2457,Cleared
MDM010201,2026-03-03,SCH0109,Goyal Enterprises,Dal,,,2043,Due
MDM010669,2025-04-24,SCH0518,Goyal Rice Mill,Dal,,,1818,
MDM007135,2025-09-16,SCH0324,Sharma Traders,Dal,,,1233,Pending
MDM010326,2025-04-03,SCH0378,Goyal Mill,Dal,,,2817,Paid
MDM009179,2025-06-26,SCH0566,Singh Agro,Rice,0.344,BAG_50KG,688,Paid
MDM008511,2025-12-31,SCH0021,Kumar & Co.,Dal,33.0,KG,2970,Due
MDM003911,2026-03-24,SCH0289,Sharma & Sons,Rice,23400.0,G,936,Due
MDM007542,2025-09-15,SCH0417,Singh Brothers,Wheat,12300.0,G,369,Due
MDM000448,2025-09-08,SCH0341,Kumar Supplies,Rice,0.294,BAG_50KG,588,Cleared
MDM011593,2025-08-31,SCH0392,Kumar Supplies,Rice,,,1252,Paid
MDM000057,2025-09-29,SCH0531,Goyal Rice Mill,Dal,0.698,BAG_50KG,3141,Pending
MDM005874,2025-09-18,SCH0332,Kumar Supplies,Wheat,,,1677,Paid
MDM002856,2025-11-04,SCH0363,Singh Brothers,Wheat,0.344,BAG,516,Due
MDM009555,2026-03-04,SCH0388,Singh Agro,Rice,,,2248,Cleared
MDM002987,2025-09-20,SCH0025,Kumar & Co.,Dal,55600.0,G,,Pending
MDM000477,2025-09-11,SCH0193,Sharma Traders,Mustard Oil,,,6900,Due
MDM004092,2025-11-05,SCH0177,Kumar Supplies,oil,38300.0,G,4596,Pending
MDM007031,2025-12-03,SCH0074,Sharma Traders,Wheat,0.988,SACK,1482,Due
MDM004542,2025-10-03,SCH0197,Goyal Rice Mill,Dal,,,5148,Paid
MDM007415,2025-10-30,SCH0184,Kumar Supplies,Mustard Oil,26300.0,G,3156,Cleared
MDM005936,2025-09-22,SCH0339,Sharma & Sons,Atta,0.628,BORI,,Paid
MDM004227,2025-11-26,SCH0331,Goyal Rice Mill,oil,,,6936,Due
MDM008202,2025-06-14,SCH0013,Goyal Enterprises,Dal,54.4,KG,4896,Cleared
MDM009195,2026-03-18,SCH0391,Singh Agro,Mustard Oil,50.4,KG,6048,Cleared
MDM000751,2026-02-19,SCH0503,Sharma Traders Pvt Ltd,Dal,11.9,KG,1071,Due
MDM010836,2025-09-20,SCH0420,Singh Brothers,Dal,,,981,
MDM005788,2025-06-26,SCH0008,Sharma Traders Pvt Ltd,Dal,18500.0,G,1665,Paid
MDM005067,2025-09-17,SCH0269,Sharma & Sons,Wheat,52000.0,G,1560,Pending
MDM000377,2026-01-19,SCH0492,Kumar Supplies,Wheat,44400.0,G,1332,Due
MDM002459,2025-10-30,SCH0045,Kumar & Co.,Wheat,29400.0,G,882,Pending
MDM007625,2025-07-10,SCH0367,Sharma Traders,Rice,50.4,KG,2016,Cleared
MDM005454,2025-10-25,SCH0373,Sharma Traders,Rice,,,2044,Cleared
MDM009801,2026-02-11,SCH0302,Sharma & Sons,Dal,53.7,KG,4833,Cleared
MDM009295,2025-09-24,SCH0354,Goyal Enterprises,Dal,46.9,KG,4221,Cleared
MDM008719,2025-04-02,SCH0121,Goyal Enterprises,Wheat,48000.0,G,1440,Pending
MDM008273,2025-10-15,SCH0250,Singh Brothers,Rice,54.6,KG,2184,Pending
MDM004412,2025-11-06,SCH0116,Singh Brothers,Atta,,,759,
MDM008641,2026-01-04,SCH0046,Sharma Traders Pvt Ltd,Mustard Oil,37900.0,G,4548,Pending
MDM003456,2025-06-25,SCH0278,Singh Agro,Rice,45800.0,G,1832,Due
MDM003406,2025-11-01,SCH0500,Sharma Traders Pvt Ltd,Mustard Oil,22100.0,G,2652,
MDM005503,2026-01-22,SCH0172,Kumar General Store,Wheat,0.334,SACK,501,Due
MDM009602,2025-08-26,SCH0265,Singh Agro,Wheat,47100.0,G,1413,Pending
MDM002401,2025-10-04,SCH0271,Kumar General Store,Rice,24.6,KG,984,Pending
MDM005047,2026-02-07,SCH0051,S. Agro Works,Rice,,,568,
MDM004890,2025-06-29,SCH0376,Kumar Supplies,Rice,56.2,KG,2248,Paid
MDM008659,2026-02-09,SCH0573,Kumar General Store,Rice,,,1032,Cleared
MDM007020,2025-08-22,SCH0141,Goyal Mill,Wheat,42.4,KG,1272,
MDM005246,2025-08-05,SCH0100,Singh Agro,Mustard Oil,,,5784,Pending
MDM008686,2025-04-11,SCH0319,Singh Brothers,Mustard Oil,30800.0,G,3696,
MDM008154,2025-05-08,SCH0412,Sharma & Sons,Rice,0.81,BAG_50KG,1620,Pending
MDM009660,2025-07-11,SCH0223,S. Agro Works,Rice,0.648,BAG_50KG,1296,Cleared
MDM006193,2025-11-16,SCH0505,Kumar & Co.,Dal,42900.0,G,3861,Cleared
MDM004723,2025-09-06,SCH0238,Goyal Rice Mill,Rice,40.2,KG,1608,Pending
MDM010053,2025-07-16,SCH0001,Sharma Traders Pvt Ltd,Atta,0.588,BAG,882,Paid
MDM000228,2026-03-05,SCH0053,Sharma Traders Pvt Ltd,Wheat,0.298,BAG,447,Paid
MDM005822,2025-04-28,SCH0181,Kumar Supplies,Mustard Oil,10600.0,G,1272,Paid
MDM002318,2025-12-26,SCH0347,Kumar Supplies,Cooking Oil,55.0,KG,6600,Paid
MDM006553,2026-03-10,SCH0483,Goyal Mill,Wheat,,,432,Pending
MDM009259,2025-06-09,SCH0432,Sharma Traders Pvt Ltd,Rice,,,2000,Pending
MDM005557,2026-03-22,SCH0112,Singh Agro,Dal,48100.0,G,4329,Paid
MDM002649,2025-06-19,SCH0594,Goyal Rice Mill,Rice,16.2,KG,648,Paid
MDM001509,2025-08-23,SCH0225,Singh Brothers,Mustard Oil,36.5,KG,4380,
MDM006293,2025-05-12,SCH0144,Sharma Traders Pvt Ltd,Atta,1.164,BAG,1746,Due
MDM011531,2025-10-22,SCH0269,Singh Agro,Cooking Oil,54.0,KG,6480,Pending
MDM001685,2025-11-10,SCH0001,Sharma Traders,Rice,,,1300,Due
MDM000500,2025-11-26,SCH0095,Kumar General Store,Rice,,,672,Pending
MDM007153,2025-07-14,SCH0531,Singh Brothers,Mustard Oil,0.238,BAG_50KG,1428,Pending
MDM001700,2025-04-19,SCH0221,Goyal Enterprises,Mustard Oil,1.106,BORI,6636,Paid
MDM001878,2025-09-16,SCH0594,Sharma Traders Pvt Ltd,Rice,25.1,KG,1004,Paid
MDM004360,2025-04-24,SCH0307,Sharma Traders,Wheat,,,768,Pending
MDM000514,2026-01-27,SCH0537,Kumar Supplies,Mustard Oil,,,6408,Pending
MDM010563,2025-04-06,SCH0489,Sharma & Sons,Dal,0.7040000000000001,BAG,3168,Pending
MDM005490,2025-12-25,SCH0491,Kumar & Co.,Dal,0.5660000000000001,BORI,2547,Paid
MDM003695,2025-11-13,SCH0007,Goyal Enterprises,Wheat,0.95,BORI,1425,Paid
MDM002705,2026-02-27,SCH0509,Singh Brothers,Rice,,,1128,Due
MDM000821,2025-06-06,SCH0163,Goyal Enterprises,oil,0.342,BAG,2052,Cleared
MDM006303,2025-09-17,SCH0229,Sharma & Sons,Cooking Oil,,,3492,Due
MDM005285,2026-01-12,SCH0248,Singh Brothers,Dal,51.9,KG,4671,Paid
MDM009082,2025-12-09,SCH0261,Sharma Traders Pvt Ltd,Mustard Oil,51.1,KG,6132,Paid
MDM007093,2025-07-19,SCH0555,Sharma Traders Pvt Ltd,Wheat,11.6,KG,348,Pending
MDM007653,2025-10-21,SCH0563,Goyal Enterprises,Dal,0.912,BAG_50KG,4104,Due
MDM002449,2025-05-02,SCH0300,Kumar Supplies,Dal,0.442,BORI,1989,
MDM000475,2026-02-28,SCH0195,Kumar General Store,Dal,17.1,KG,1539,Paid
MDM008067,2026-03-15,SCH0261,Singh Brothers,Rice,56.6,KG,2264,
MDM006696,2025-07-09,SCH0361,Sharma Traders Pvt Ltd,Dal,,,3483,Pending
MDM007342,2025-04-19,SCH0469,Kumar Supplies,Rice,49400.0,G,1976,Paid
MDM011200,2025-08-17,SCH0473,Singh Agro,Cooking Oil,52.4,KG,6288,Paid
MDM006376,2026-01-16,SCH0354,Kumar Supplies,Dal,0.268,BORI,1206,Due
MDM002917,2025-07-31,SCH0026,Goyal Mill,Rice,0.794,BAG,1588,Paid
MDM003722,2025-11-16,SCH0473,Sharma & Sons,Wheat,,,885,Cleared
MDM004639,2026-01-19,SCH0139,Singh Brothers,Cooking Oil,32100.0,G,3852,Due
MDM000481,2025-09-02,SCH0089,Goyal Mill,Dal,,,4617,
MDM005332,2025-12-17,SCH0318,Singh Agro,oil,43300.0,G,5196,Pending
MDM005747,2025-09-30,SCH0050,Goyal Rice Mill,Wheat,30100.0,G,903,Paid
MDM002578,2026-02-13,SCH0295,S. Agro Works,Cooking Oil,33100.0,G,3972,Paid
MDM011180,2025-09-24,SCH0497,Sharma Traders Pvt Ltd,Wheat,41.0,KG,1230,Paid
MDM005796,2025-10-28,SCH0121,S. Agro Works,Dal,45.4,KG,4086,Pending
MDM009442,2025-05-25,SCH0418,Kumar & Co.,Wheat,0.76,BORI,1140,Due
MDM010111,2026-01-18,SCH0075,Kumar General Store,Rice,,,2268,Cleared
MDM004919,2025-08-31,SCH0311,S. Agro Works,Mustard Oil,,,5400,Pending
MDM010668,2025-11-15,SCH0060,Kumar Supplies,Rice,,,2200,Due
MDM006178,2026-01-08,SCH0405,Sharma Traders Pvt Ltd,Atta,47900.0,G,1437,Pending
MDM005970,2025-05-16,SCH0083,Sharma Traders,Mustard Oil,,,3072,Due
MDM001350,2025-10-05,SCH0461,Singh Agro,Dal,,,2763,
MDM010030,2026-03-22,SCH0209,Sharma Traders,Rice,0.986,BORI,1972,Paid
MDM006203,2026-01-05,SCH0481,Sharma Traders Pvt Ltd,Dal,,,3042,
MDM006340,2026-03-07,SCH0006,Kumar General Store,Wheat,37500.0,G,1125,Pending
MDM009151,2025-12-03,SCH0031,Goyal Rice Mill,Atta,,,1059,Pending
MDM002923,2026-01-05,SCH0478,Sharma Traders Pvt Ltd,Dal,48.1,KG,4329,Pending
MDM003435,2025-07-28,SCH0323,Goyal Mill,Dal,,,2664,Pending
MDM006729,2025-12-02,SCH0417,Sharma & Sons,Mustard Oil,,,5832,Due
MDM001607,2025-12-08,SCH0094,Sharma & Sons,Mustard Oil,0.684,BORI,4104,
MDM006006,2025-07-05,SCH0280,Sharma Traders Pvt Ltd,Rice,,,624,Due
MDM003032,2025-10-07,SCH0459,Kumar General Store,Atta,59.5,KG,1785,Paid
MDM002763,2025-10-06,SCH0342,Sharma & Sons,Atta,25.7,KG,771,Cleared
MDM008331,2025-12-24,SCH0571,Singh Brothers,Rice,1.196,BAG,2392,Paid
MDM006868,2025-09-24,SCH0542,Kumar & Co.,Dal,,,4419,Due
MDM005981,2025-06-22,SCH0101,Singh Agro,Mustard Oil,18.4,KG,2208,Paid
MDM003496,2025-12-23,SCH0106,Sharma Traders Pvt Ltd,Dal,,,1440,
MDM001660,2025-05-28,SCH0372,Sharma Traders,oil,13.1,KG,1572,Paid
MDM006202,2025-04-21,SCH0327,S. Agro Works,Cooking Oil,49.0,KG,5880,Paid
MDM011425,2025-04-15,SCH0302,S. Agro Works,Atta,46.9,KG,1407,
MDM001447,2025-08-16,SCH0456,Sharma Traders,Rice,19.8,KG,792,
MDM008875,2025-12-05,SCH0032,Sharma Traders Pvt Ltd,Atta,,,1395,Paid
MDM001021,2025-12-27,SCH0123,Sharma Traders,Dal,,,990,Paid
MDM000706,2025-12-08,SCH0318,Goyal Enterprises,Dal,,,5157,Paid
MDM008611,2025-10-21,SCH0099,Goyal Mill,Rice,56.4,KG,2256,Pending
MDM001867,2025-05-18,SCH0278,Kumar Supplies,Rice,39.2,KG,1568,Pending
MDM004011,2025-05-29,SCH0436,Sharma Traders,Atta,0.254,SACK,381,Paid
MDM003847,2025-12-11,SCH0189,Kumar & Co.,Cooking Oil,,,4956,Due
MDM002123,2026-02-19,SCH0506,Singh Brothers,Rice,15900.0,G,636,Due
MDM007190,2025-08-05,SCH0282,Singh Brothers,Wheat,,,1380,Pending
MDM002575,2026-03-17,SCH0503,Singh Brothers,Dal,39.9,KG,3591,Paid
MDM009983,2025-11-28,SCH0351,Kumar & Co.,Rice,,,2140,Paid
MDM001922,2025-12-24,SCH0498,Singh Agro,Cooking Oil,,,2964,Paid
MDM002957,2026-03-13,SCH0355,Sharma Traders Pvt Ltd,Cooking Oil,22800.0,G,2736,Paid
MDM007230,2025-11-04,SCH0375,Goyal Enterprises,Rice,55700.0,G,,Pending
MDM007333,2025-07-11,SCH0353,S. Agro Works,Wheat,,,348,Paid
MDM006487,2025-08-22,SCH0281,Singh Agro,Dal,39.2,KG,3528,Pending
MDM011782,2025-08-25,SCH0226,Singh Agro,Rice,0.8340000000000001,BAG,1668,Paid
MDM001420,2025-08-15,SCH0093,Goyal Enterprises,Rice,46.6,KG,1864,Pending
MDM003425,2025-07-05,SCH0073,Kumar General Store,Rice,,,684,Pending
MDM003778,2025-04-25,SCH0095,Kumar & Co.,Wheat,,,1257,Paid
MDM010439,2025-10-20,SCH0434,Kumar Supplies,Dal,,,2538,Paid
MDM008843,2025-11-25,SCH0464,Goyal Rice Mill,Dal,,,5166,Pending
MDM002026,2025-04-24,SCH0484,Goyal Rice Mill,Dal,35.9,KG,3231,Due
MDM000595,2025-07-23,SCH0484,Singh Brothers,Atta,10.9,KG,327,Pending
MDM001559,2025-10-02,SCH0335,Goyal Mill,Rice,13.2,KG,528,Cleared
MDM004394,2025-08-21,SCH0439,Goyal Rice Mill,Mustard Oil,1.016,BAG,6096,Paid
MDM004846,2025-05-27,SCH0539,Sharma & Sons,Cooking Oil,57300.0,G,6876,Due
MDM008223,2025-07-17,SCH0440,Kumar General Store,Atta,,,,Paid
MDM010560,2025-09-16,SCH0193,Singh Agro,Rice,31.6,KG,1264,Pending
MDM004774,2025-08-06,SCH0321,Sharma & Sons,oil,26.2,KG,3144,Due
MDM006387,2025-05-21,SCH0428,Goyal Rice Mill,Dal,1.04,BORI,4680,Paid
MDM011548,2025-04-23,SCH0265,S. Agro Works,Rice,18.8,KG,752,Cleared
MDM003401,2026-01-22,SCH0027,Singh Agro,oil,45900.0,G,5508,Pending
MDM002059,2026-02-12,SCH0482,Singh Agro,Rice,,,608,Cleared
MDM008753,2025-09-26,SCH0375,Kumar General Store,Wheat,46800.0,G,1404,Paid
MDM004688,2026-03-22,SCH0109,Kumar Supplies,Mustard Oil,16.1,KG,,Paid
MDM004951,2025-12-01,SCH0103,Kumar General Store,Mustard Oil,50.6,KG,6072,Pending
MDM011847,2026-02-25,SCH0478,Kumar Supplies,Wheat,10.7,KG,,Pending
MDM004048,2025-04-18,SCH0084,Goyal Rice Mill,Cooking Oil,33200.0,G,3984,Due
MDM007317,2025-10-25,SCH0384,Singh Brothers,Rice,45.9,KG,1836,Paid
MDM003964,2025-04-25,SCH0182,Singh Agro,Dal,,,2421,Due
MDM004016,2025-12-26,SCH0484,S. Agro Works,Cooking Oil,0.586,BAG,3516,Paid
MDM008500,2025-06-21,SCH0593,Kumar & Co.,Atta,34.1,KG,1023,Cleared
MDM010339,2025-04-23,SCH0547,Goyal Rice Mill,Wheat,,,840,Cleared
MDM007376,2025-11-11,SCH0461,Goyal Rice Mill,Dal,29.8,KG,2682,Due
MDM000536,2025-06-07,SCH0174,Kumar & Co.,Rice,0.838,BAG,1676,
MDM009787,2026-01-11,SCH0061,Goyal Rice Mill,Atta,43700.0,G,1311,Pending
MDM000293,2025-05-08,SCH0226,Kumar General Store,Wheat,1.006,BAG,1509,Cleared
MDM002837,2025-11-01,SCH0600,Sharma & Sons,Rice,28700.0,G,1148,Paid
MDM004747,2025-12-12,SCH0231,Sharma Traders,Dal,49900.0,G,4491,
MDM009537,2025-12-25,SCH0391,Goyal Mill,Dal,,,1800,
MDM002871,2025-08-27,SCH0361,Goyal Mill,Mustard Oil,29.3,KG,3516,Paid
MDM005235,2025-12-26,SCH0111,Sharma Traders,Rice,29.7,KG,1188,Due
MDM004694,2025-11-27,SCH0566,Kumar General Store,Mustard Oil,0.5920000000000001,BAG,3552,Paid
MDM004922,2026-02-14,SCH0528,Singh Brothers,Rice,,,616,Paid
MDM008709,2025-12-11,SCH0452,Goyal Enterprises,Mustard Oil,45.6,KG,5472,Pending
MDM007643,2025-04-10,SCH0342,S. Agro Works,Dal,1.158,BORI,5211,Due
MDM009167,2025-12-28,SCH0205,Goyal Enterprises,Rice,16.3,KG,652,Pending
MDM010195,2025-09-04,SCH0228,Goyal Enterprises,Dal,,,5373,Paid
MDM001319,2026-03-20,SCH0265,Singh Agro,Wheat,,,1095,Cleared
MDM008047,2025-11-05,SCH0297,Singh Agro,Wheat,19.2,KG,,Due
MDM008472,2025-04-14,SCH0033,Singh Agro,Mustard Oil,,,2028,
MDM004300,2026-03-06,SCH0291,Sharma & Sons,oil,,,2880,Cleared
MDM005993,2025-10-14,SCH0006,Goyal Rice Mill,Wheat,1.108,BAG,1662,Cleared
MDM009302,2025-10-16,SCH0400,Singh Agro,Rice,,,2156,Due
MDM005221,2025-04-18,SCH0390,Goyal Enterprises,Dal,11300.0,G,1017,
MDM009868,2025-07-01,SCH0585,Kumar & Co.,Wheat,22700.0,G,681,Paid
MDM006078,2025-05-28,SCH0536,Singh Brothers,Rice,1.106,BORI,2212,Pending
MDM006850,2025-12-08,SCH0078,Goyal Rice Mill,Rice,,,1900,
MDM005771,2025-10-25,SCH0403,Kumar & Co.,Dal,,,1035,Pending
MDM011261,2025-04-07,SCH0426,Sharma Traders,Rice,0.674,BORI,1348,Cleared
MDM002547,2025-08-27,SCH0404,Goyal Rice Mill,Dal,0.574,BORI,,Paid
MDM002229,2025-07-05,SCH0190,Goyal Mill,Rice,,,2032,Pending
MDM005665,2025-05-06,SCH0367,S. Agro Works,Cooking Oil,57600.0,G,6912,Pending
MDM009854,2026-03-28,SCH0143,Goyal Enterprises,Mustard Oil,,,2796,Paid
MDM006976,2025-11-26,SCH0296,Goyal Rice Mill,Wheat,26500.0,G,795,Pending
MDM006776,2025-09-27,SCH0563,Singh Agro,Dal,56000.0,G,5040,
MDM003285,2026-03-23,SCH0144,Sharma Traders,Rice,,,2236,Pending
MDM008828,2025-07-17,SCH0504,Singh Brothers,Atta,20.9,KG,627,Paid
MDM006330,2026-02-05,SCH0420,Sharma & Sons,Dal,56900.0,G,5121,Cleared
MDM006999,2025-11-07,SCH0348,Sharma Traders,Rice,0.626,BAG_50KG,1252,Due
MDM000357,2025-08-11,SCH0554,Sharma Traders Pvt Ltd,oil,0.598,SACK,3588,
MDM009222,2026-02-23,SCH0290,Goyal Rice Mill,Rice,52.2,KG,2088,Paid
MDM011723,2025-06-02,SCH0198,Singh Brothers,Cooking Oil,15.0,KG,1800,Paid
MDM006751,2025-08-03,SCH0374,Kumar & Co.,Wheat,0.26,BAG,390,Due
MDM010287,2025-05-06,SCH0145,Singh Brothers,Dal,31.0,KG,2790,Pending
MDM003602,2025-09-20,SCH0096,Singh Brothers,Wheat,58.9,KG,1767,Paid
MDM000838,2025-05-09,SCH0516,Goyal Mill,Mustard Oil,,,5412,
MDM010323,2025-05-03,SCH0159,Singh Agro,Rice,34.5,KG,1380,Paid
MDM000267,2026-03-24,SCH0147,S. Agro Works,Rice,,,928,Cleared
MDM007723,2025-09-05,SCH0101,Sharma & Sons,Dal,0.244,BAG_50KG,1098,Pending
MDM002007,2025-07-14,SCH0210,Singh Agro,oil,27900.0,G,3348,
MDM006691,2026-01-23,SCH0130,Goyal Enterprises,Wheat,46000.0,G,1380,Pending
MDM004527,2025-04-26,SCH0071,Goyal Enterprises,Wheat,17600.0,G,528,Paid
MDM008956,2025-09-22,SCH0242,Sharma Traders Pvt Ltd,Wheat,0.6559999999999999,BAG,983,Cleared
MDM002363,2025-06-28,SCH0076,Singh Agro,Wheat,,,978,Pending
MDM008317,2025-05-07,SCH0210,Sharma Traders Pvt Ltd,Wheat,0.55,BAG_50KG,825,Paid
MDM010165,2026-01-13,SCH0427,Kumar Supplies,Rice,47100.0,G,1884,Pending
MDM009031,2025-09-04,SCH0248,Sharma & Sons,Rice,19000.0,G,760,Paid
MDM000512,2025-06-11,SCH0598,Kumar Supplies,Rice,,,440,Pending
MDM002900,2025-07-29,SCH0117,Sharma Traders,Wheat,1.05,BORI,1575,Pending
MDM001891,2026-02-10,SCH0523,Sharma Traders,Wheat,,,1047,Due
MDM003466,2026-03-10,SCH0023,Kumar General Store,Dal,19000.0,G,1710,Paid
MDM011451,2025-08-22,SCH0023,S. Agro Works,Rice,42.2,KG,1688,Cleared
MDM000158,2026-03-02,SCH0028,Sharma Traders Pvt Ltd,Dal,0.452,BAG,2034,Cleared
MDM004130,2026-03-05,SCH0281,Sharma & Sons,Cooking Oil,0.33,BORI,1980,Paid
MDM000128,2025-10-05,SCH0242,Sharma & Sons,Rice,44200.0,G,1768,Paid
MDM005689,2026-03-07,SCH0187,Sharma & Sons,oil,1.184,BAG,7104,Paid
MDM006119,2025-07-27,SCH0296,Kumar & Co.,Dal,,,4635,
MDM001442,2025-11-10,SCH0071,Singh Brothers,Rice,44.1,KG,1764,Paid
MDM005762,2026-01-21,SCH0072,Goyal Enterprises,Wheat,18900.0,G,567,
MDM009248,2025-07-21,SCH0165,Sharma Traders,Dal,,,4257,Pending
MDM007712,2026-02-13,SCH0358,S. Agro Works,Cooking Oil,,,5400,Due
MDM002749,2025-11-20,SCH0361,Sharma & Sons,Wheat,34.5,KG,1035,Due
MDM005045,2025-11-12,SCH0381,Kumar Supplies,Dal,41900.0,G,3771,Paid
MDM011010,2026-01-09,SCH0064,Kumar Supplies,Atta,0.206,SACK,309,Paid
MDM009227,2025-09-11,SCH0025,Kumar Supplies,Dal,1.0,BAG_50KG,4500,Paid
MDM009400,2025-12-21,SCH0287,Sharma Traders Pvt Ltd,Dal,31.3,KG,2817,Paid
MDM003062,2026-03-30,SCH0262,S. Agro Works,Dal,0.346,BAG,1557,Due
MDM009839,2025-06-29,SCH0107,Goyal Mill,Mustard Oil,18100.0,G,2172,Pending
MDM006486,2025-09-15,SCH0531,Goyal Rice Mill,Rice,1.026,BAG,2052,Due
MDM005953,2025-04-04,SCH0341,Kumar & Co.,Wheat,37.8,KG,1134,Paid
MDM011498,2025-04-15,SCH0031,Goyal Rice Mill,Cooking Oil,0.968,SACK,5808,
MDM001058,2025-06-11,SCH0341,S. Agro Works,Rice,36.0,KG,,Paid
MDM001964,2026-01-17,SCH0124,Sharma Traders Pvt Ltd,Wheat,58.4,KG,1752,Due
MDM003126,2026-02-11,SCH0425,Goyal Rice Mill,Rice,33.9,KG,1356,
MDM003943,2025-04-08,SCH0388,Goyal Mill,Mustard Oil,15.9,KG,1908,Cleared
MDM004611,2025-07-26,SCH0229,Goyal Mill,Wheat,45.3,KG,1359,Pending
MDM001128,2026-01-24,SCH0549,Sharma & Sons,Dal,,,972,Due
MDM009414,2025-09-03,SCH0467,Goyal Enterprises,Dal,54.6,KG,4914,Paid
MDM011370,2026-03-08,SCH0347,Sharma Traders,Rice,,,1600,Due
MDM009737,2026-02-18,SCH0332,Sharma Traders Pvt Ltd,Mustard Oil,,,4152,Paid
MDM004257,2025-12-15,SCH0596,Singh Agro,Rice,1.198,BAG,2396,Pending
MDM004366,2025-04-26,SCH0529,Kumar & Co.,Dal,,,3312,Pending
MDM009835,2025-09-08,SCH0324,S. Agro Works,Rice,48.9,KG,1956,Cleared
MDM006187,2025-08-05,SCH0005,S. Agro Works,Cooking Oil,35.2,KG,4224,Cleared
MDM009560,2026-01-19,SCH0440,Kumar General Store,oil,,,5076,Cleared
MDM007226,2025-11-27,SCH0447,Singh Brothers,Cooking Oil,,,6024,Paid
MDM009995,2025-07-09,SCH0120,Sharma Traders,Dal,,,4428,Due
MDM001544,2026-02-06,SCH0423,Sharma Traders,Wheat,,,1794,Paid
MDM003264,2025-11-07,SCH0079,Kumar Supplies,Dal,39.1,KG,3519,Paid
MDM006686,2025-06-10,SCH0106,Goyal Enterprises,Dal,,,5058,
MDM009074,2025-11-25,SCH0523,Goyal Rice Mill,oil,55.2,KG,6624,
MDM003510,2025-05-09,SCH0574,Sharma & Sons,Dal,40.9,KG,3681,Pending
MDM007924,2025-11-28,SCH0478,Kumar General Store,Rice,50900.0,G,2036,Pending
MDM002269,2026-02-19,SCH0291,Singh Brothers,Mustard Oil,32.5,KG,3900,
MDM007591,2025-12-03,SCH0075,Kumar & Co.,Dal,,,1062,Paid
MDM007597,2025-10-20,SCH0265,Kumar Supplies,Dal,0.7440000000000001,BORI,3348,Cleared
MDM000133,2026-03-23,SCH0265,Sharma & Sons,Dal,26.7,KG,2403,Due
MDM007429,2025-07-08,SCH0371,Sharma Traders,Rice,,,924,Pending
MDM011351,2025-08-05,SCH0289,Singh Brothers,Wheat,,,558,Pending
MDM000604,2026-03-21,SCH0530,Kumar General Store,Cooking Oil,23.8,KG,2856,
MDM010700,2025-08-12,SCH0409,Kumar Supplies,Mustard Oil,1.184,BAG_50KG,7104,Due
MDM007076,2025-04-06,SCH0440,Singh Agro,Dal,58500.0,G,5265,Due
MDM008787,2025-06-15,SCH0558,Sharma Traders Pvt Ltd,oil,0.49,BAG,2940,Pending
MDM000394,2026-01-30,SCH0285,Goyal Enterprises,Cooking Oil,42.8,KG,5136,
MDM006054,2025-11-26,SCH0101,Goyal Rice Mill,Wheat,,,309,Cleared
MDM005072,2025-08-04,SCH0260,Kumar & Co.,Rice,51.1,KG,2044,Paid
MDM010994,2025-09-14,SCH0569,Kumar & Co.,Atta,,,1011,Cleared
MDM011148,2025-10-05,SCH0556,Singh Brothers,Wheat,,,903,Pending
MDM010546,2026-01-02,SCH0251,S. Agro Works,Rice,,,1768,
MDM008759,2025-10-17,SCH0599,Kumar General Store,Wheat,19300.0,G,,
MDM004448,2025-11-11,SCH0014,Goyal Rice Mill,Dal,,,5157,Pending
MDM007703,2026-03-06,SCH0435,Sharma Traders Pvt Ltd,Rice,36.4,KG,1456,Paid
MDM007039,2025-04-27,SCH0382,Singh Agro,Wheat,48.2,KG,1446,
MDM000182,2026-03-12,SCH0164,S. Agro Works,oil,,,2904,Due
MDM002278,2025-10-04,SCH0433,Singh Agro,Dal,0.202,BORI,909,Pending
MDM011625,2025-04-09,SCH0250,S. Agro Works,Atta,,,408,Pending
MDM003235,2026-03-21,SCH0486,Singh Brothers,Wheat,,,1473,Due
MDM006516,2025-12-31,SCH0532,Kumar Supplies,Wheat,,,945,
MDM009547,2025-10-13,SCH0479,S. Agro Works,Rice,37800.0,G,,Pending
MDM003910,2025-08-27,SCH0533,Kumar & Co.,Mustard Oil,,,4656,Pending
MDM011660,2025-07-31,SCH0575,Kumar Supplies,Rice,15.9,KG,636,Pending
MDM010504,2025-05-30,SCH0039,Goyal Enterprises,Rice,24.3,KG,972,Due
MDM004793,2025-05-06,SCH0354,Kumar Supplies,Atta,53.0,KG,1590,Due
MDM011863,2025-06-18,SCH0306,Goyal Enterprises,Rice,,,1176,Due
MDM000402,2025-07-02,SCH0525,Goyal Rice Mill,Dal,0.816,SACK,3672,
MDM004024,2026-03-21,SCH0080,Singh Agro,oil,,,3348,Pending
MDM003709,2025-07-19,SCH0502,Goyal Rice Mill,Rice,56000.0,G,2240,Paid
MDM001632,2025-09-28,SCH0441,Sharma Traders,Mustard Oil,43100.0,G,5172,Paid
MDM011419,2026-02-13,SCH0451,Sharma Traders,Rice,33000.0,G,1320,Paid
MDM006132,2025-04-30,SCH0541,Singh Agro,Dal,,,1971,Cleared
MDM004013,2026-03-15,SCH0303,Kumar Supplies,Wheat,20200.0,G,606,Pending
MDM007368,2025-06-21,SCH0205,Kumar General Store,Rice,45.7,KG,1828,
MDM011083,2026-03-29,SCH0359,S. Agro Works,Rice,,,556,
MDM009640,2026-02-19,SCH0154,Kumar Supplies,Wheat,59800.0,G,1794,Paid
MDM006082,2025-04-04,SCH0121,Sharma & Sons,Dal,22600.0,G,2034,Cleared
MDM010051,2026-01-30,SCH0529,Goyal Enterprises,Rice,,,544,Cleared
MDM007355,2026-03-10,SCH0071,Kumar Supplies,Rice,29500.0,G,1180,Due
MDM005853,2025-09-14,SCH0286,Kumar Supplies,Mustard Oil,19.6,KG,2352,Pending
MDM009118,2025-08-22,SCH0567,Singh Agro,Dal,,,2106,
MDM006833,2025-09-06,SCH0294,Kumar Supplies,Rice,1.094,BAG,2188,Paid
MDM008682,2025-11-26,SCH0183,Sharma Traders Pvt Ltd,Mustard Oil,17.5,KG,,Cleared
MDM008068,2025-06-24,SCH0229,Sharma & Sons,Rice,,,1140,Cleared
MDM007302,2026-03-10,SCH0440,S. Agro Works,Mustard Oil,0.608,BORI,3648,Due
MDM007196,2026-03-30,SCH0050,Goyal Rice Mill,Cooking Oil,0.6859999999999999,BORI,4116,Cleared
MDM005325,2025-12-19,SCH0220,Sharma Traders Pvt Ltd,Rice,28.9,KG,1156,Pending
MDM003603,2025-06-23,SCH0032,Goyal Mill,Dal,18800.0,G,1692,Due
MDM006348,2025-05-31,SCH0423,Goyal Mill,Dal,,,1530,Paid
MDM005101,2025-11-08,SCH0330,Goyal Mill,Dal,53.9,KG,,Pending
MDM006508,2025-05-07,SCH0541,Singh Brothers,Rice,52.9,KG,2116,Cleared
MDM002068,2026-03-14,SCH0503,S. Agro Works,Dal,27.9,KG,2511,Due
MDM007976,2025-06-21,SCH0387,S. Agro Works,Dal,0.982,BAG,4419,Paid
MDM005859,2025-12-21,SCH0159,Sharma & Sons,Rice,13700.0,G,548,Pending
MDM005289,2026-03-05,SCH0335,Sharma & Sons,Wheat,56.4,KG,1692,Paid
MDM010521,2026-01-25,SCH0281,Sharma & Sons,Rice,0.396,BAG,792,Pending
MDM001600,2025-07-22,SCH0557,Sharma Traders Pvt Ltd,Rice,,,1100,Pending
MDM009681,2025-11-01,SCH0033,Singh Agro,Rice,0.9259999999999999,BAG,1852,Cleared
MDM011014,2025-10-01,SCH0248,Kumar & Co.,Mustard Oil,,,3240,Due
MDM001386,2026-02-18,SCH0006,Kumar General Store,Wheat,,,864,
MDM009413,2025-04-26,SCH0598,Goyal Enterprises,Dal,13.7,KG,1233,
MDM008800,2026-03-18,SCH0241,Goyal Mill,Rice,0.412,BORI,824,Due
MDM003853,2025-10-11,SCH0277,Goyal Enterprises,Mustard Oil,,,3588,Pending
MDM006652,2025-12-05,SCH0531,Kumar Supplies,Atta,12.2,KG,366,
MDM001406,2026-03-30,SCH0134,Kumar & Co.,Dal,,,3879,
MDM005770,2025-12-22,SCH0342,Sharma & Sons,Dal,,,1179,Cleared
MDM003276,2026-01-31,SCH0102,Goyal Rice Mill,Wheat,36700.0,G,1101,Paid
MDM000810,2025-07-29,SCH0229,Kumar Supplies,Atta,28.6,KG,858,Pending
MDM009483,2025-12-04,SCH0436,Singh Brothers,Rice,,,1208,Pending
MDM002030,2025-05-17,SCH0319,Singh Agro,Mustard Oil,,,5508,Pending
MDM011458,2025-08-08,SCH0473,Kumar Supplies,Rice,38.2,KG,1528,Paid
MDM002651,2025-09-16,SCH0266,S. Agro Works,Rice,0.9159999999999999,BAG,1832,Pending
MDM004520,2026-01-30,SCH0440,Goyal Enterprises,Rice,0.9079999999999999,BORI,1816,Pending
MDM003025,2025-09-22,SCH0333,Kumar General Store,Wheat,0.762,BAG,1143,Paid
MDM011478,2026-01-11,SCH0487,Kumar & Co.,oil,,,5796,Pending
MDM009616,2025-06-19,SCH0130,Sharma Traders Pvt Ltd,Wheat,,,516,Paid
MDM008782,2026-03-26,SCH0288,Goyal Rice Mill,Dal,,,2178,
MDM007808,2025-06-28,SCH0150,Kumar Supplies,Rice,23.6,KG,944,Pending
MDM003621,2025-05-22,SCH0020,Singh Agro,Rice,17300.0,G,692,Pending
MDM001703,2025-09-29,SCH0441,S. Agro Works,Mustard Oil,0.816,BAG,4896,Pending
MDM004585,2026-01-13,SCH0580,S. Agro Works,Rice,29500.0,G,1180,Due
MDM000062,2025-12-17,SCH0187,Sharma Traders,Atta,50.6,KG,1518,
MDM003651,2026-02-19,SCH0505,Sharma Traders,oil,0.462,BAG,2772,Cleared
MDM004095,2025-04-19,SCH0097,Sharma & Sons,Wheat,45.4,KG,1362,Pending
MDM005227,2025-12-19,SCH0403,Goyal Mill,Atta,,,351,Paid
MDM010781,2025-05-24,SCH0507,S. Agro Works,Rice,,,1336,Due
MDM002095,2025-04-12,SCH0117,Singh Agro,Dal,,,1899,Paid
MDM011826,2025-11-20,SCH0228,Sharma Traders Pvt Ltd,oil,,,4044,Pending
MDM010429,2026-03-04,SCH0178,Kumar & Co.,Atta,37.8,KG,1134,Cleared
MDM001881,2025-07-02,SCH0274,Sharma & Sons,Wheat,10.8,KG,324,Paid
MDM003371,2025-10-22,SCH0309,Sharma & Sons,Wheat,38.6,KG,1158,Pending
MDM003996,2025-05-29,SCH0116,Kumar Supplies,Wheat,22600.0,G,678,Paid
MDM011462,2025-08-28,SCH0168,Sharma & Sons,Wheat,49800.0,G,1494,Paid
MDM003852,2025-10-27,SCH0030,Sharma Traders Pvt Ltd,Mustard Oil,0.9640000000000001,BAG,5784,Due
MDM010688,2025-08-05,SCH0206,Goyal Mill,Dal,,,3438,Due
MDM008711,2025-05-18,SCH0416,Kumar & Co.,Mustard Oil,39.6,KG,,Due
MDM002288,2025-09-20,SCH0388,Goyal Enterprises,Dal,1.13,BAG_50KG,5085,Due
MDM009411,2025-04-04,SCH0270,Singh Brothers,oil,0.43,BORI,2580,Paid
MDM009202,2025-06-19,SCH0037,Kumar & Co.,oil,44.8,KG,5376,
MDM008807,2025-08-17,SCH0398,Sharma Traders Pvt Ltd,Rice,0.9940000000000001,BORI,1988,
MDM004748,2025-05-29,SCH0301,Kumar Supplies,Rice,13.6,KG,544,Paid
MDM009599,2025-09-24,SCH0505,Sharma Traders,Wheat,48000.0,G,1440,Pending
MDM000665,2026-02-22,SCH0132,Kumar Supplies,Rice,19400.0,G,776,
MDM002907,2025-07-08,SCH0317,Sharma & Sons,Wheat,0.302,BAG,453,Pending
MDM007121,2025-04-06,SCH0186,Goyal Mill,Wheat,19.0,KG,570,Due
MDM001047,2025-11-19,SCH0505,Kumar General Store,Wheat,21.2,KG,636,Cleared
MDM011823,2025-11-04,SCH0017,Sharma Traders,Cooking Oil,23.4,KG,2808,Paid
MDM002405,2025-12-12,SCH0491,Sharma & Sons,Wheat,33.6,KG,,Pending
MDM005517,2025-12-22,SCH0008,Singh Agro,Cooking Oil,30.8,KG,3696,Pending
MDM001706,2025-05-18,SCH0011,Kumar Supplies,Rice,13.3,KG,532,Due
MDM008108,2025-09-21,SCH0517,Kumar & Co.,Dal,26.8,KG,2412,Pending
MDM001569,2025-04-26,SCH0550,Goyal Enterprises,Dal,47.3,KG,4257,Cleared
MDM000463,2025-09-28,SCH0300,Kumar General Store,Rice,47.0,KG,1880,Pending
MDM000744,2025-05-15,SCH0379,Goyal Enterprises,Rice,0.9420000000000001,BAG_50KG,1884,Due
MDM000223,2025-04-15,SCH0567,Sharma Traders Pvt Ltd,Dal,,,4392,Pending
MDM011274,2025-09-19,SCH0392,Sharma & Sons,Wheat,1.048,BORI,1572,Due
MDM008797,2026-03-05,SCH0075,Sharma Traders Pvt Ltd,Wheat,42.7,KG,1281,Paid
MDM003945,2026-01-31,SCH0176,S. Agro Works,oil,34700.0,G,4164,Paid
MDM000626,2026-02-09,SCH0528,Goyal Mill,Mustard Oil,21.4,KG,2568,Due
MDM011918,2025-06-12,SCH0126,S. Agro Works,Dal,45500.0,G,4095,Pending
MDM006922,2025-08-02,SCH0063,Kumar & Co.,Dal,24.7,KG,2223,
MDM002189,2025-07-21,SCH0358,Kumar Supplies,Dal,54.4,KG,4896,Pending
MDM002178,2025-06-27,SCH0405,Goyal Mill,Rice,27.2,KG,1088,Paid
MDM007303,2025-06-06,SCH0544,Goyal Enterprises,Mustard Oil,17.2,KG,2064,Paid
MDM003500,2025-12-27,SCH0557,S. Agro Works,Wheat,54.5,KG,1635,Paid
MDM009891,2025-04-24,SCH0144,Goyal Enterprises,Wheat,55700.0,G,1671,
MDM009354,2025-06-19,SCH0479,Kumar & Co.,Rice,,,480,
MDM009055,2025-04-18,SCH0389,Singh Agro,Cooking Oil,,,3924,Due
MDM007477,2026-02-04,SCH0001,Singh Brothers,Cooking Oil,,,6336,Paid
MDM000439,2025-04-19,SCH0348,S. Agro Works,Dal,38.0,KG,3420,Pending
MDM004602,2026-03-31,SCH0119,Goyal Enterprises,Rice,,,1160,Cleared
MDM005717,2025-12-08,SCH0312,Sharma & Sons,Rice,33.9,KG,1356,Pending
MDM000354,2025-10-20,SCH0544,Sharma Traders,Rice,0.342,BORI,684,Cleared
MDM009843,2025-07-12,SCH0171,Kumar & Co.,Wheat,,,960,Pending
MDM000457,2025-06-13,SCH0027,S. Agro Works,Dal,0.76,BAG,3420,
MDM009914,2025-05-03,SCH0161,Kumar Supplies,Rice,57200.0,G,2288,
MDM007018,2025-06-28,SCH0408,Singh Agro,Dal,35000.0,G,3150,Pending
MDM000240,2025-08-26,SCH0467,Goyal Mill,Mustard Oil,,,7020,Paid
MDM002622,2025-11-18,SCH0432,Kumar General Store,Atta,,,1233,Paid
MDM005693,2025-04-22,SCH0513,Sharma Traders Pvt Ltd,Wheat,,,1566,
MDM000231,2026-02-22,SCH0408,Goyal Mill,Wheat,,,1230,Pending
MDM005685,2025-05-06,SCH0099,S. Agro Works,Wheat,59000.0,G,1770,Due
MDM009369,2025-07-01,SCH0600,Singh Agro,Wheat,1.032,BAG_50KG,1548,Paid
MDM008298,2026-01-24,SCH0392,Goyal Enterprises,Wheat,,,354,
MDM008515,2026-02-06,SCH0296,Sharma Traders,Dal,0.562,SACK,2529,Pending
MDM007825,2025-05-26,SCH0070,Sharma Traders,Rice,,,2352,Cleared
MDM001019,2025-10-28,SCH0140,Goyal Enterprises,Rice,24.3,KG,972,Cleared
MDM007392,2025-04-19,SCH0539,Kumar Supplies,Dal,0.39,BAG_50KG,1755,Cleared
MDM008792,2025-12-01,SCH0443,Kumar Supplies,Dal,52.0,KG,4680,Paid
MDM008645,2025-07-22,SCH0242,Sharma Traders,Dal,0.67,BAG,3015,Pending
MDM001761,2025-11-29,SCH0566,Singh Agro,Dal,,,1044,Pending
MDM005821,2025-08-29,SCH0419,Goyal Rice Mill,Dal,,,1701,Paid
MDM000843,2025-11-20,SCH0189,Singh Brothers,Wheat,,,627,
MDM010973,2025-06-16,SCH0534,Kumar General Store,Dal,,,1152,Paid
MDM010482,2025-04-06,SCH0149,Sharma Traders,Atta,25300.0,G,,Due
MDM007043,2026-01-15,SCH0271,Sharma Traders Pvt Ltd,Rice,43600.0,G,1744,Due
MDM001104,2026-01-01,SCH0419,Goyal Mill,Wheat,,,948,Paid
MDM008038,2026-03-15,SCH0050,Singh Brothers,Wheat,,,1533,Pending
MDM008241,2025-07-04,SCH0297,Goyal Rice Mill,Dal,0.66,BAG,2970,Paid
MDM004075,2025-04-29,SCH0513,Goyal Mill,Rice,48.7,KG,1948,Paid
MDM005562,2025-07-23,SCH0285,Goyal Rice Mill,Wheat,0.6459999999999999,BAG,969,Pending
MDM003252,2025-11-27,SCH0040,Kumar & Co.,Dal,51500.0,G,4635,
MDM004640,2025-08-06,SCH0225,Goyal Rice Mill,Wheat,22.7,KG,681,Paid
MDM010108,2025-06-08,SCH0160,Sharma & Sons,Rice,,,616,Paid
MDM003064,2025-09-04,SCH0109,Sharma Traders,Rice,11.6,KG,464,Paid
MDM008179,2026-01-09,SCH0498,Kumar Supplies,Rice,,,1064,
MDM004935,2025-07-06,SCH0015,S. Agro Works,Mustard Oil,,,6468,Cleared
MDM011714,2025-12-23,SCH0588,Sharma & Sons,Wheat,0.7340000000000001,BAG,1101,Pending
MDM002948,2025-06-12,SCH0065,Kumar & Co.,Wheat,,,546,
MDM011319,2025-05-23,SCH0332,S. Agro Works,Rice,,,2232,Cleared
MDM011405,2025-05-06,SCH0264,Goyal Enterprises,Dal,0.5760000000000001,BORI,2592,Paid
MDM007325,2026-02-21,SCH0110,Goyal Enterprises,Atta,0.758,BAG,1137,Paid
MDM003432,2025-05-25,SCH0308,Sharma Traders Pvt Ltd,Mustard Oil,21.5,KG,2580,Pending
MDM011020,2025-05-10,SCH0042,Sharma Traders,Mustard Oil,0.294,BORI,1764,Cleared
MDM004827,2025-07-17,SCH0270,Sharma Traders Pvt Ltd,Dal,35.6,KG,3204,Pending
MDM006769,2025-07-08,SCH0130,Singh Brothers,Dal,48.0,KG,4320,
MDM010760,2025-10-01,SCH0240,Kumar Supplies,Rice,44700.0,G,1788,Pending
MDM004402,2026-03-02,SCH0495,Kumar & Co.,Mustard Oil,0.986,BAG_50KG,5916,Paid
MDM009947,2026-01-24,SCH0589,Singh Agro,Rice,,,1500,Paid
MDM010390,2025-06-25,SCH0299,Goyal Mill,Rice,0.636,BORI,1272,Due
MDM005382,2025-12-11,SCH0336,Singh Agro,Rice,0.504,BAG_50KG,1008,Paid
MDM001035,2025-12-10,SCH0367,Sharma & Sons,Rice,,,2364,Paid
MDM002265,2025-12-19,SCH0564,Singh Brothers,Dal,,,3780,Due
MDM009113,2025-09-20,SCH0207,S. Agro Works,Dal,57.5,KG,,Paid
MDM004744,2025-07-11,SCH0570,Kumar & Co.,Dal,13.0,KG,1170,
MDM004282,2025-04-06,SCH0410,Kumar & Co.,Dal,,,2772,Paid
MDM007282,2025-08-17,SCH0333,Goyal Rice Mill,Cooking Oil,,,2436,
MDM000907,2025-12-30,SCH0005,Singh Agro,Rice,39.4,KG,1576,Due
MDM011886,2025-10-13,SCH0580,Sharma & Sons,Mustard Oil,0.882,SACK,5292,Pending
MDM010428,2025-04-02,SCH0142,Goyal Rice Mill,Wheat,0.838,BAG,1257,
MDM000369,2026-03-13,SCH0489,S. Agro Works,Mustard Oil,47.8,KG,5736,Cleared
MDM011519,2026-02-21,SCH0179,Sharma Traders,oil,32.4,KG,3888,Cleared
MDM003594,2025-10-19,SCH0240,Sharma Traders,Dal,,,5364,
MDM001416,2025-10-12,SCH0519,Sharma Traders Pvt Ltd,Dal,56300.0,G,5067,Due
MDM004321,2025-04-11,SCH0108,Kumar Supplies,Rice,50.7,KG,2028,Pending
MDM002287,2025-05-12,SCH0096,Singh Brothers,Wheat,56.7,KG,1701,Pending
MDM008672,2025-08-24,SCH0590,Goyal Mill,Rice,12.9,KG,516,Pending
MDM005501,2025-04-18,SCH0366,Goyal Mill,Rice,22.0,KG,880,Cleared
MDM008741,2025-05-08,SCH0151,Kumar General Store,Rice,,,1368,Due
MDM005529,2025-12-04,SCH0138,Sharma Traders Pvt Ltd,Wheat,,,1515,Pending
MDM000115,2025-10-05,SCH0230,Sharma Traders,oil,38600.0,G,4632,Paid
MDM011209,2025-05-22,SCH0339,Sharma Traders,Rice,30.5,KG,1220,Due
MDM003995,2025-09-18,SCH0445,Sharma Traders Pvt Ltd,Mustard Oil,0.3720000000000001,BORI,2232,Paid
MDM002901,2025-05-04,SCH0060,Goyal Rice Mill,Atta,,,1677,
MDM001722,2025-07-10,SCH0419,Kumar General Store,Wheat,25100.0,G,753,Cleared
MDM006460,2026-03-06,SCH0181,Goyal Enterprises,Dal,10000.0,G,900,Cleared
MDM004581,2025-06-22,SCH0072,Goyal Mill,Wheat,33000.0,G,,Cleared
MDM003185,2025-06-17,SCH0032,Goyal Rice Mill,Mustard Oil,24200.0,G,2904,Paid
MDM007959,2025-07-06,SCH0182,S. Agro Works,Rice,13.7,KG,548,Cleared
MDM001825,2025-08-15,SCH0524,Sharma Traders Pvt Ltd,Rice,35.9,KG,1436,Paid
MDM003081,2026-03-09,SCH0058,Sharma & Sons,Cooking Oil,49100.0,G,5892,Cleared
MDM007181,2025-09-04,SCH0101,Goyal Enterprises,Rice,44.0,KG,1760,Due
MDM003024,2025-08-27,SCH0521,Sharma Traders,Mustard Oil,,,5136,
MDM007714,2026-02-26,SCH0430,Sharma & Sons,Rice,0.322,SACK,644,Paid
MDM009941,2025-10-11,SCH0029,Sharma Traders Pvt Ltd,Rice,0.816,BAG,1632,Cleared
MDM001902,2025-10-06,SCH0132,Goyal Mill,Cooking Oil,,,5952,Paid
MDM007309,2025-10-13,SCH0160,Kumar General Store,Dal,0.514,BORI,2313,
MDM003233,2025-09-12,SCH0363,Kumar General Store,Wheat,27700.0,G,831,Paid
MDM002321,2026-03-08,SCH0558,Kumar Supplies,Dal,,,3555,Pending
MDM001919,2026-02-21,SCH0091,Kumar Supplies,Cooking Oil,0.662,BAG,3972,Paid
MDM009674,2025-07-13,SCH0035,Kumar Supplies,Dal,,,,Due
MDM005917,2025-09-01,SCH0251,Goyal Rice Mill,Dal,,,4716,Paid
MDM001570,2025-10-18,SCH0005,Sharma Traders,oil,0.26,SACK,1560,Pending
MDM006058,2025-08-02,SCH0355,Kumar & Co.,Wheat,0.8240000000000001,BAG,1236,Due
MDM000348,2026-02-25,SCH0532,Sharma & Sons,Dal,,,1638,Paid
MDM001243,2025-11-02,SCH0206,Goyal Rice Mill,Dal,39.3,KG,3537,Cleared
MDM000421,2025-08-07,SCH0014,Kumar General Store,Dal,30.4,KG,2736,Paid
MDM004983,2026-01-14,SCH0002,Sharma & Sons,Dal,,,3960,Due
MDM009331,2026-01-28,SCH0024,Singh Agro,Rice,,,,
MDM000038,2026-01-13,SCH0252,Sharma Traders Pvt Ltd,Wheat,28.3,KG,849,Pending
MDM011961,2025-04-13,SCH0368,Sharma Traders Pvt Ltd,Dal,44.5,KG,4005,Pending
MDM010052,2026-02-22,SCH0448,Sharma Traders Pvt Ltd,Wheat,0.54,BAG,810,Paid
MDM004503,2025-06-04,SCH0419,Kumar & Co.,Cooking Oil,0.616,BAG,3696,Paid
MDM010872,2025-08-29,SCH0380,Kumar General Store,Wheat,26.8,KG,804,
MDM010774,2026-01-26,SCH0357,Sharma Traders Pvt Ltd,Rice,21.2,KG,848,Due
MDM001032,2025-12-15,SCH0377,Goyal Mill,Dal,14300.0,G,1287,Paid
MDM011679,2025-06-13,SCH0027,Goyal Enterprises,Mustard Oil,0.8059999999999999,BAG,4836,
MDM007146,2025-08-17,SCH0574,Singh Brothers,Rice,13.4,KG,536,Pending
MDM004398,2026-02-06,SCH0164,Goyal Mill,Wheat,,,1317,Due
MDM007413,2025-07-30,SCH0186,Goyal Enterprises,Dal,,,1161,Cleared
MDM004963,2026-02-20,SCH0558,Sharma & Sons,oil,0.494,BAG,2964,Pending
MDM005404,2026-01-04,SCH0041,Singh Agro,Rice,1.174,BORI,2348,
MDM010581,2025-05-14,SCH0042,S. Agro Works,Rice,19100.0,G,764,Paid
MDM000764,2026-03-29,SCH0262,Sharma Traders,Rice,31.5,KG,1260,
MDM008369,2026-03-29,SCH0589,Sharma & Sons,Wheat,0.442,BORI,663,Due
MDM010982,2025-12-05,SCH0530,Kumar Supplies,Rice,,,1868,Pending
MDM005033,2025-06-07,SCH0396,Sharma Traders Pvt Ltd,Dal,51.0,KG,4590,Paid
MDM002485,2025-08-03,SCH0560,Kumar Supplies,Wheat,,,510,Pending
MDM006209,2025-04-01,SCH0503,Singh Agro,Dal,46.3,KG,4167,Due
MDM001223,2025-12-05,SCH0371,Kumar General Store,Wheat,49000.0,G,1470,Pending
MDM008095,2025-11-19,SCH0021,Goyal Mill,Cooking Oil,,,3648,
MDM008456,2026-02-26,SCH0401,Kumar General Store,Dal,31800.0,G,2862,Cleared
MDM002135,2026-03-22,SCH0450,Goyal Enterprises,Dal,,,1557,Due
MDM002424,2025-11-10,SCH0351,Kumar General Store,Wheat,52.6,KG,,Paid
MDM008120,2025-12-16,SCH0551,Singh Brothers,Wheat,39.3,KG,,Cleared
MDM005203,2026-01-05,SCH0577,Sharma & Sons,Dal,,,1503,Pending
MDM007047,2025-12-01,SCH0248,Sharma & Sons,Wheat,46900.0,G,1407,Pending
MDM010884,2026-03-07,SCH0019,Sharma Traders,Rice,46100.0,G,1844,Paid
MDM006935,2025-04-28,SCH0251,Singh Brothers,oil,,,3468,Due
MDM005512,2025-06-11,SCH0352,Sharma Traders Pvt Ltd,Mustard Oil,26900.0,G,3228,Due
MDM006741,2026-01-03,SCH0594,Singh Agro,Rice,,,452,Paid
MDM008998,2025-09-12,SCH0402,Goyal Enterprises,Mustard Oil,36.7,KG,4404,Pending
MDM004603,2025-07-21,SCH0471,Sharma Traders Pvt Ltd,Mustard Oil,30.3,KG,3636,Paid
MDM001576,2025-12-22,SCH0166,Sharma & Sons,Cooking Oil,32600.0,G,3912,Due
MDM000510,2025-12-29,SCH0193,S. Agro Works,Dal,18.3,KG,1647,Paid
MDM009614,2025-08-18,SCH0226,Kumar & Co.,Rice,,,2216,
MDM006569,2025-06-16,SCH0514,Goyal Enterprises,Rice,0.742,SACK,,Paid
MDM009255,2025-07-14,SCH0412,Goyal Mill,Dal,41900.0,G,3771,Pending
MDM002305,2025-10-14,SCH0160,Sharma & Sons,oil,47300.0,G,5676,Due
MDM004721,2025-10-18,SCH0490,Kumar Supplies,oil,37.6,KG,4512,
MDM008638,2025-09-25,SCH0139,S. Agro Works,Rice,52.0,KG,2080,Pending
MDM000749,2025-05-11,SCH0022,Singh Agro,Rice,45600.0,G,1824,Cleared
MDM004270,2025-11-16,SCH0567,Goyal Mill,Cooking Oil,41.2,KG,4944,Due
MDM011877,2025-07-19,SCH0560,Sharma Traders Pvt Ltd,Wheat,51.6,KG,1548,Paid
MDM001260,2026-03-07,SCH0214,Goyal Enterprises,Rice,0.6779999999999999,BAG_50KG,1356,Paid
MDM003078,2026-01-16,SCH0424,Goyal Enterprises,Dal,,,3528,Paid
MDM006467,2025-08-18,SCH0372,Sharma Traders,Cooking Oil,55.7,KG,6684,Paid
MDM001889,2025-09-12,SCH0093,Sharma Traders Pvt Ltd,Rice,44700.0,G,1788,Cleared
MDM011908,2026-02-26,SCH0573,Sharma & Sons,Mustard Oil,0.4320000000000001,BAG_50KG,2592,Due
MDM005959,2025-11-02,SCH0092,Goyal Mill,Wheat,42.2,KG,1266,Pending
MDM008058,2025-09-21,SCH0096,Sharma Traders Pvt Ltd,Dal,44.1,KG,3969,Due
MDM000712,2025-05-06,SCH0349,Goyal Rice Mill,Rice,1.018,SACK,2036,Paid
MDM009000,2025-11-13,SCH0033,Goyal Rice Mill,Mustard Oil,0.7,SACK,,Paid
MDM011272,2025-05-30,SCH0112,Sharma & Sons,Dal,54.6,KG,4914,Paid
MDM010488,2025-12-15,SCH0114,Kumar & Co.,Wheat,13.9,KG,417,Pending
MDM004296,2025-12-04,SCH0466,Kumar Supplies,Rice,32.1,KG,1284,Due
MDM001373,2025-05-03,SCH0146,Sharma Traders Pvt Ltd,Mustard Oil,43.2,KG,5184,
MDM006089,2025-11-01,SCH0576,Goyal Mill,Cooking Oil,54600.0,G,,Paid
MDM010677,2026-01-13,SCH0018,Sharma & Sons,Wheat,0.514,BORI,771,Cleared
MDM000713,2026-03-14,SCH0581,Kumar & Co.,Wheat,0.9079999999999999,BAG,1362,Due
MDM003330,2025-09-13,SCH0272,Kumar & Co.,oil,24.0,KG,2880,Pending
MDM009453,2026-02-20,SCH0578,Goyal Rice Mill,Rice,13.3,KG,,
MDM005961,2026-02-22,SCH0528,Goyal Enterprises,Dal,26.2,KG,2358,Paid
MDM009743,2025-05-08,SCH0211,Kumar & Co.,Mustard Oil,40.7,KG,4884,Paid
MDM011999,2026-01-12,SCH0506,Singh Agro,Mustard Oil,58100.0,G,,Pending
MDM010575,2025-07-11,SCH0389,Goyal Enterprises,Dal,,,1215,Pending
MDM005031,2025-10-08,SCH0257,Singh Brothers,Mustard Oil,,,4872,Pending
MDM009920,2025-09-28,SCH0088,Goyal Enterprises,Wheat,40700.0,G,1221,
MDM011776,2025-06-27,SCH0557,Goyal Enterprises,Rice,15.4,KG,616,Due
MDM008285,2025-10-14,SCH0130,Singh Brothers,Atta,55.2,KG,1656,Due
MDM006071,2025-07-08,SCH0526,Singh Agro,Wheat,,,915,Paid
MDM004100,2025-10-20,SCH0372,Kumar Supplies,Dal,0.762,BAG_50KG,3429,Paid
MDM009339,2025-12-17,SCH0192,Singh Brothers,Wheat,46.4,KG,1392,Paid
MDM001483,2026-03-28,SCH0038,Sharma & Sons,Wheat,10.9,KG,327,Paid
MDM001490,2025-07-16,SCH0041,Kumar & Co.,Dal,55.3,KG,4977,Cleared
MDM000105,2026-02-20,SCH0191,Goyal Rice Mill,oil,,,2772,Due
MDM010828,2025-05-16,SCH0213,Sharma & Sons,Cooking Oil,1.174,BAG,,Pending
MDM001795,2025-11-13,SCH0543,Goyal Rice Mill,Dal,,,1683,Pending
MDM006773,2025-09-22,SCH0155,Kumar & Co.,Rice,,,1624,
MDM001822,2026-01-23,SCH0322,Goyal Enterprises,Rice,,,2084,Cleared
MDM002387,2025-05-23,SCH0268,Kumar & Co.,Dal,22900.0,G,2061,Pending
MDM004393,2026-01-02,SCH0401,Singh Brothers,Mustard Oil,11400.0,G,1368,
MDM008041,2026-02-26,SCH0347,Kumar General Store,Cooking Oil,,,,
MDM008813,2025-06-24,SCH0518,Kumar Supplies,Rice,46.9,KG,1876,
MDM001742,2025-04-27,SCH0356,Singh Agro,Rice,51.6,KG,2064,Paid
MDM001659,2025-06-26,SCH0179,Singh Brothers,Mustard Oil,,,,Paid
MDM000213,2025-08-04,SCH0476,Kumar General Store,Atta,,,,Cleared
MDM005640,2025-04-29,SCH0449,Goyal Enterprises,Cooking Oil,52.6,KG,,Pending
MDM011167,2025-08-03,SCH0271,Sharma Traders Pvt Ltd,Rice,41.7,KG,1668,Paid
MDM006381,2025-07-26,SCH0008,Sharma & Sons,Mustard Oil,22900.0,G,2748,Cleared
MDM003059,2025-08-05,SCH0552,Kumar Supplies,oil,0.304,BAG_50KG,1824,Pending
MDM000324,2025-12-06,SCH0469,Kumar Supplies,Dal,,,954,Cleared
MDM011642,2026-03-06,SCH0255,Kumar Supplies,Dal,54400.0,G,,Pending
MDM001098,2025-09-23,SCH0026,Singh Brothers,Wheat,42.8,KG,1284,Paid
MDM011814,2025-10-08,SCH0216,Singh Agro,Dal,55.7,KG,5013,Cleared
MDM001360,2026-01-23,SCH0593,Goyal Mill,Wheat,20.3,KG,609,Paid
MDM000335,2025-10-05,SCH0161,Goyal Mill,Dal,27.5,KG,2475,Paid
MDM009085,2025-09-13,SCH0256,Goyal Rice Mill,Wheat,0.586,BORI,879,Cleared
MDM003111,2026-01-03,SCH0343,Kumar & Co.,Rice,34200.0,G,1368,Pending
MDM003475,2026-03-18,SCH0507,S. Agro Works,Rice,0.526,BORI,1052,
MDM002841,2025-10-03,SCH0443,Kumar & Co.,Rice,51.5,KG,2060,Paid
MDM003692,2025-07-23,SCH0454,Goyal Mill,Wheat,11.6,KG,348,
MDM001614,2025-09-15,SCH0328,Goyal Rice Mill,Rice,,,1112,
MDM007008,2025-09-01,SCH0478,Kumar & Co.,Wheat,32.4,KG,972,Due
MDM000793,2025-09-12,SCH0236,Sharma & Sons,Wheat,,,1047,
MDM000234,2026-02-08,SCH0110,Sharma Traders Pvt Ltd,Mustard Oil,0.92,SACK,5520,Paid
MDM005999,2025-08-25,SCH0028,Sharma Traders Pvt Ltd,Mustard Oil,25.3,KG,3036,Paid
MDM010134,2026-02-22,SCH0141,Sharma & Sons,Dal,,,2727,Pending
MDM001065,2025-04-05,SCH0053,Goyal Mill,Rice,,,2120,Pending
MDM000210,2025-09-14,SCH0194,Kumar Supplies,Dal,,,4734,Due
MDM010400,2026-02-13,SCH0429,Kumar Supplies,Dal,,,4734,Paid
MDM001328,2026-02-24,SCH0376,Goyal Rice Mill,Dal,26.9,KG,2421,Paid
MDM005787,2025-12-26,SCH0384,Singh Brothers,Wheat,14.4,KG,432,Pending
MDM010650,2025-05-13,SCH0471,Goyal Rice Mill,Mustard Oil,47800.0,G,5736,
MDM005129,2025-04-24,SCH0256,Goyal Rice Mill,Rice,48.9,KG,1956,Paid
MDM001898,2025-08-10,SCH0073,Kumar & Co.,Rice,19300.0,G,772,Cleared
MDM004074,2026-03-30,SCH0404,Sharma & Sons,Rice,36700.0,G,1468,Paid
MDM002414,2026-03-22,SCH0266,Kumar & Co.,Rice,37300.0,G,1492,Pending
MDM004609,2025-07-22,SCH0473,Goyal Mill,oil,41400.0,G,4968,Paid
MDM005925,2025-07-17,SCH0443,S. Agro Works,Mustard Oil,,,4116,Paid
MDM005175,2025-11-03,SCH0052,Kumar Supplies,Wheat,0.8540000000000001,SACK,1281,Pending
MDM009545,2026-03-06,SCH0493,Kumar & Co.,Rice,0.634,BAG,1268,Pending
MDM003543,2025-10-21,SCH0016,Singh Brothers,Dal,25.6,KG,2304,Paid
MDM005523,2025-11-07,SCH0185,S. Agro Works,Dal,35.3,KG,3177,
MDM000872,2025-04-03,SCH0145,Sharma Traders Pvt Ltd,oil,,,2172,Paid
MDM008013,2025-10-17,SCH0194,Kumar General Store,Rice,22400.0,G,896,
MDM006498,2025-11-02,SCH0372,Goyal Rice Mill,Rice,,,1640,
MDM001264,2026-01-22,SCH0187,Goyal Rice Mill,Wheat,,,933,Due
MDM001619,2025-06-29,SCH0076,Singh Brothers,Dal,54.0,KG,,Paid
MDM007250,2025-09-14,SCH0469,Goyal Rice Mill,Mustard Oil,0.938,BAG,5628,
MDM007417,2025-08-14,SCH0474,Singh Agro,Dal,13800.0,G,1242,Paid
MDM006114,2025-05-20,SCH0223,Sharma Traders Pvt Ltd,Wheat,,,807,Pending
MDM002415,2025-10-06,SCH0454,Kumar General Store,Rice,21400.0,G,856,Paid
MDM005435,2025-05-10,SCH0235,Kumar Supplies,Mustard Oil,,,2496,Paid
MDM007195,2025-07-19,SCH0065,Goyal Rice Mill,Cooking Oil,23800.0,G,2856,
MDM004881,2025-11-05,SCH0206,Singh Brothers,Dal,30.2,KG,2718,Cleared
MDM001221,2025-10-19,SCH0568,Kumar & Co.,Dal,59900.0,G,5391,
MDM006887,2026-03-31,SCH0223,Kumar Supplies,Dal,,,4338,Cleared
MDM001766,2025-06-08,SCH0516,Singh Agro,Dal,24800.0,G,2232,
MDM004217,2025-09-06,SCH0355,Kumar & Co.,Dal,,,2916,Paid
MDM002457,2025-05-13,SCH0051,Goyal Mill,Atta,51.3,KG,1539,Pending
MDM005973,2025-09-12,SCH0173,Goyal Enterprises,Mustard Oil,12.1,KG,1452,Paid
MDM010995,2025-06-11,SCH0526,Sharma Traders Pvt Ltd,Mustard Oil,0.674,BAG,4044,Paid
MDM002002,2025-12-04,SCH0354,Goyal Mill,oil,39500.0,G,4740,Pending
MDM001514,2025-08-10,SCH0133,Sharma & Sons,Wheat,43.0,KG,1290,Paid
MDM006497,2026-02-26,SCH0096,Sharma & Sons,Dal,,,5004,Paid
MDM005251,2025-08-13,SCH0008,Kumar & Co.,Dal,43.6,KG,3924,
MDM002802,2025-07-21,SCH0122,Goyal Rice Mill,Dal,0.652,BORI,2934,Paid
MDM004169,2026-02-23,SCH0572,Singh Agro,Wheat,,,1353,Pending
MDM009625,2026-02-12,SCH0377,Kumar General Store,Dal,,,5382,Paid
MDM003583,2025-06-04,SCH0272,Goyal Rice Mill,Rice,55.7,KG,2228,Cleared
MDM002524,2026-01-27,SCH0030,Kumar General Store,Dal,59.3,KG,5337,Cleared
MDM004468,2025-11-27,SCH0565,Goyal Rice Mill,Dal,19200.0,G,1728,Pending
MDM007793,2026-03-21,SCH0093,Goyal Mill,Rice,0.642,BAG,1284,Cleared
MDM009469,2025-12-04,SCH0581,Kumar & Co.,Mustard Oil,43.7,KG,5244,Cleared
MDM008222,2026-02-15,SCH0363,Kumar General Store,Dal,0.344,BAG,1548,Due
MDM007614,2026-02-11,SCH0063,Kumar Supplies,Wheat,50600.0,G,1518,Pending
MDM008119,2025-10-29,SCH0425,Sharma Traders,Dal,47.4,KG,4266,Paid
MDM003079,2026-03-04,SCH0212,Kumar Supplies,Dal,45.9,KG,4131,Pending
MDM009673,2025-04-13,SCH0578,Sharma Traders Pvt Ltd,Dal,,,1899,Pending
MDM007803,2025-09-10,SCH0181,Sharma & Sons,Wheat,,,702,Due
MDM007465,2025-11-20,SCH0280,Kumar & Co.,Rice,22.0,KG,880,Paid
MDM010631,2025-05-03,SCH0373,Sharma Traders Pvt Ltd,oil,,,6408,Cleared
MDM002111,2025-10-22,SCH0093,Sharma Traders,Dal,,,2484,Paid
MDM007361,2025-06-14,SCH0560,Sharma & Sons,Rice,,,1140,Pending
MDM002376,2025-12-26,SCH0567,Goyal Rice Mill,Wheat,,,1008,Cleared
MDM009405,2025-06-13,SCH0213,S. Agro Works,Mustard Oil,29.4,KG,3528,Pending
MDM009439,2025-11-10,SCH0435,Sharma Traders,Rice,0.9359999999999999,BAG,1872,Pending
MDM001329,2025-09-11,SCH0056,Kumar General Store,Mustard Oil,16.7,KG,2004,Pending
MDM005628,2025-04-22,SCH0290,Kumar & Co.,Mustard Oil,0.802,BAG_50KG,4812,Paid
MDM002309,2025-10-13,SCH0087,Goyal Rice Mill,Dal,36600.0,G,3294,Paid
MDM004820,2025-12-17,SCH0574,Kumar Supplies,Wheat,26.9,KG,807,Pending
MDM003547,2025-10-11,SCH0084,Sharma Traders Pvt Ltd,Dal,50.5,KG,4545,Cleared
MDM003972,2025-11-22,SCH0270,Kumar & Co.,Mustard Oil,32.3,KG,3876,Due
MDM003528,2025-11-22,SCH0375,Kumar Supplies,Rice,16.3,KG,652,
MDM010464,2025-04-10,SCH0350,Goyal Enterprises,Dal,53.2,KG,4788,
MDM007378,2026-03-09,SCH0189,S. Agro Works,Rice,0.902,SACK,1804,Cleared
MDM002166,2025-06-16,SCH0319,S. Agro Works,Dal,,,1161,Paid
MDM000618,2025-09-20,SCH0361,Sharma Traders,Wheat,,,1026,Pending
MDM011998,2026-01-12,SCH0140,Sharma & Sons,Rice,1.084,BAG_50KG,2168,Paid
MDM004076,2025-07-04,SCH0298,S. Agro Works,Dal,0.7,SACK,3150,Paid
MDM004973,2025-11-20,SCH0383,Singh Brothers,Rice,32.1,KG,1284,Paid
MDM011736,2026-03-28,SCH0136,Singh Brothers,Rice,,,848,
MDM010109,2025-08-05,SCH0559,Kumar General Store,oil,48.2,KG,5784,Paid
MDM009171,2025-12-15,SCH0474,Goyal Rice Mill,Cooking Oil,44.0,KG,5280,Due
MDM008450,2025-05-30,SCH0365,Goyal Enterprises,oil,,,6612,Paid
MDM006862,2026-03-31,SCH0428,Singh Agro,Wheat,50.0,KG,1500,
MDM004673,2025-06-27,SCH0245,Goyal Enterprises,Rice,11.1,KG,444,
MDM002653,2025-05-25,SCH0057,Singh Agro,Mustard Oil,29500.0,G,3540,Pending
MDM008887,2025-09-15,SCH0061,Goyal Enterprises,Wheat,,,1344,Pending
MDM000746,2026-03-20,SCH0067,Singh Agro,Mustard Oil,32.0,KG,,Paid
MDM003542,2025-12-19,SCH0118,S. Agro Works,Dal,49200.0,G,4428,Pending
MDM010614,2025-08-09,SCH0102,Sharma Traders Pvt Ltd,Wheat,35.7,KG,1071,Cleared
MDM003746,2025-12-14,SCH0581,Goyal Rice Mill,Rice,28.5,KG,1140,Pending
MDM002005,2025-04-01,SCH0037,Kumar General Store,Dal,35.1,KG,3159,Cleared
MDM007856,2025-09-28,SCH0038,Kumar Supplies,Rice,59.7,KG,2388,Due
MDM004844,2025-07-05,SCH0448,Goyal Enterprises,Dal,,,4545,Due
MDM003048,2025-11-22,SCH0477,S. Agro Works,Dal,0.522,BAG_50KG,2349,Due
MDM011603,2025-09-20,SCH0472,Sharma Traders,Rice,59.1,KG,2364,
MDM010942,2025-06-01,SCH0120,Kumar General Store,Rice,41.4,KG,1656,Paid
MDM001337,2025-09-11,SCH0310,Sharma Traders Pvt Ltd,Rice,,,1612,Cleared
MDM006459,2026-03-24,SCH0102,Kumar Supplies,Dal,,,3375,Paid
MDM009823,2025-05-15,SCH0283,Goyal Enterprises,Wheat,,,789,Due
MDM007443,2025-12-07,SCH0325,Sharma Traders,Dal,40.7,KG,3663,
MDM006889,2025-07-01,SCH0382,Kumar & Co.,Dal,,,4095,Paid
MDM003096,2025-11-09,SCH0278,Kumar Supplies,Rice,0.66,BORI,1320,Pending
MDM005290,2025-08-02,SCH0351,Kumar General Store,Cooking Oil,,,2820,Paid
MDM003286,2025-04-26,SCH0501,Sharma & Sons,Wheat,0.5379999999999999,BAG,807,Paid
MDM005599,2026-01-08,SCH0016,Goyal Enterprises,Wheat,,,900,Pending
MDM007414,2026-01-15,SCH0062,Kumar General Store,Atta,28800.0,G,864,Pending
MDM004992,2025-07-27,SCH0537,Goyal Rice Mill,Cooking Oil,,,4212,Due
MDM003752,2025-11-17,SCH0190,Goyal Rice Mill,Cooking Oil,14.8,KG,1776,Paid
MDM001314,2025-09-23,SCH0491,Kumar General Store,Dal,0.6759999999999999,BAG_50KG,3042,Due
MDM004783,2025-06-23,SCH0106,Kumar & Co.,Dal,,,1827,Paid
MDM011986,2025-09-29,SCH0485,Singh Brothers,Atta,1.022,BAG,1533,Cleared
MDM007678,2025-07-11,SCH0125,Goyal Mill,Wheat,32.9,KG,987,Due
MDM005817,2025-06-06,SCH0179,Goyal Mill,Dal,53.1,KG,4779,Pending
MDM002904,2025-05-28,SCH0357,Sharma Traders,Dal,0.308,BAG,1386,Pending
MDM005425,2025-08-03,SCH0350,Kumar & Co.,Mustard Oil,35.2,KG,4224,Paid
MDM007457,2025-07-04,SCH0316,S. Agro Works,Dal,0.68,BAG_50KG,3060,Due
MDM003334,2025-04-17,SCH0444,Goyal Mill,Wheat,18.4,KG,552,Pending
MDM007848,2025-04-25,SCH0464,Kumar General Store,Cooking Oil,1.168,SACK,7008,Due
MDM008024,2026-03-23,SCH0124,Goyal Enterprises,Rice,,,1168,Pending
MDM007247,2025-12-23,SCH0087,Kumar Supplies,Cooking Oil,0.638,BAG,3828,Paid
MDM003054,2025-04-06,SCH0198,S. Agro Works,Dal,12.3,KG,1107,
MDM009158,2025-06-18,SCH0217,Goyal Rice Mill,Dal,,,2646,Paid
MDM000977,2025-12-13,SCH0131,Goyal Rice Mill,Wheat,0.746,BAG_50KG,1119,Pending
MDM006214,2025-12-28,SCH0091,Kumar Supplies,Wheat,,,1662,Paid
MDM004985,2025-05-25,SCH0320,Singh Agro,Dal,54.1,KG,4869,
MDM000654,2025-05-04,SCH0528,Sharma Traders,oil,0.7040000000000001,SACK,4224,Cleared
MDM010319,2026-01-10,SCH0166,Sharma & Sons,Dal,,,4581,Cleared
MDM002270,2025-09-08,SCH0335,Sharma & Sons,Mustard Oil,0.52,BAG_50KG,3120,Due
MDM005611,2025-05-17,SCH0545,Kumar General Store,Mustard Oil,52.9,KG,6348,Pending
MDM001504,2026-01-07,SCH0339,Kumar General Store,Wheat,25.9,KG,777,Paid
MDM010541,2026-03-02,SCH0253,Goyal Mill,Dal,24.0,KG,2160,Cleared
MDM008219,2026-01-29,SCH0234,Kumar & Co.,Cooking Oil,0.5579999999999999,BAG,3348,Pending
MDM007279,2025-08-03,SCH0233,Kumar General Store,Mustard Oil,39200.0,G,4704,Paid
MDM008695,2025-12-12,SCH0585,Singh Brothers,Wheat,48.0,KG,1440,Pending
MDM004348,2025-08-17,SCH0466,Kumar Supplies,Dal,57700.0,G,5193,Due
MDM007953,2025-06-24,SCH0012,Sharma Traders,Dal,,,4185,Due
MDM010540,2025-07-08,SCH0553,Sharma Traders Pvt Ltd,Mustard Oil,18400.0,G,2208,
MDM002115,2025-12-05,SCH0575,Kumar General Store,Dal,,,3717,Cleared
MDM006811,2025-11-29,SCH0481,Singh Agro,Dal,,,3222,Paid
MDM006301,2026-02-27,SCH0186,Singh Agro,Rice,59200.0,G,2368,Pending
MDM004195,2025-11-03,SCH0065,Singh Brothers,Dal,16400.0,G,1476,Pending
MDM002603,2025-06-01,SCH0195,Goyal Rice Mill,Dal,20500.0,G,1845,Pending
MDM007140,2025-05-25,SCH0541,Kumar General Store,Rice,38500.0,G,1540,Paid
MDM008632,2025-05-13,SCH0591,Sharma Traders Pvt Ltd,Dal,,,4383,Paid
MDM006680,2025-05-25,SCH0087,Kumar & Co.,Dal,30000.0,G,2700,Paid
MDM000521,2025-08-20,SCH0230,Sharma Traders,Wheat,10.8,KG,324,Due
MDM008643,2025-07-28,SCH0264,Sharma Traders Pvt Ltd,Rice,19200.0,G,768,
MDM004899,2026-01-30,SCH0418,S. Agro Works,Rice,,,1008,Pending
MDM009457,2025-08-04,SCH0534,Sharma & Sons,Rice,46.4,KG,1856,Paid
MDM007260,2026-01-11,SCH0080,Goyal Mill,Wheat,0.99,BORI,,Paid
MDM001093,2025-11-02,SCH0403,Goyal Rice Mill,Cooking Oil,0.9,BAG,5400,Pending
MDM005550,2026-03-04,SCH0009,Sharma Traders Pvt Ltd,Mustard Oil,18300.0,G,2196,
MDM006715,2025-09-29,SCH0345,Kumar & Co.,Cooking Oil,0.7859999999999999,BORI,4716,Pending
MDM008661,2026-01-24,SCH0537,Singh Brothers,Rice,43.2,KG,1728,Pending
MDM003772,2025-04-17,SCH0525,Sharma Traders Pvt Ltd,Wheat,,,924,Due
MDM001110,2025-08-09,SCH0255,Sharma & Sons,Wheat,1.082,BAG_50KG,,Paid
MDM001039,2025-12-11,SCH0500,Kumar Supplies,Wheat,0.574,BAG,861,Pending
MDM004550,2026-02-02,SCH0289,Sharma Traders,Rice,19600.0,G,784,Pending
MDM000021,2025-08-07,SCH0437,Sharma Traders Pvt Ltd,Atta,,,1461,Pending
MDM005815,2025-11-17,SCH0226,Kumar & Co.,Atta,0.314,BORI,471,Paid
MDM009797,2025-08-26,SCH0184,Goyal Mill,Wheat,,,,
MDM000935,2025-07-11,SCH0149,Goyal Mill,Mustard Oil,47300.0,G,5676,Pending
MDM006428,2025-10-17,SCH0285,Goyal Rice Mill,Rice,,,584,Paid
MDM011157,2026-03-06,SCH0266,Kumar & Co.,Wheat,29500.0,G,885,Pending
MDM011359,2025-05-31,SCH0416,Singh Brothers,Atta,52.8,KG,1584,Paid
MDM001727,2025-08-20,SCH0271,Singh Agro,Mustard Oil,38.9,KG,4668,Due
MDM009153,2025-06-14,SCH0103,Goyal Mill,Wheat,,,855,Paid
MDM006462,2025-04-06,SCH0034,Sharma Traders,Mustard Oil,,,2328,Cleared
MDM001738,2025-09-22,SCH0562,S. Agro Works,Wheat,1.154,SACK,1731,Paid
MDM004399,2025-12-21,SCH0442,Kumar Supplies,Dal,,,4590,Paid
MDM000562,2025-08-13,SCH0318,S. Agro Works,oil,,,6624,Due
MDM004882,2025-04-10,SCH0424,Sharma Traders,Dal,0.8320000000000001,BAG_50KG,3744,Due
MDM011389,2025-05-01,SCH0554,Goyal Mill,oil,37.8,KG,4536,Due
MDM009799,2026-01-02,SCH0011,Singh Brothers,Mustard Oil,0.98,SACK,5880,Paid
MDM001163,2025-08-22,SCH0072,Sharma Traders Pvt Ltd,Wheat,35.2,KG,1056,Due
MDM006509,2026-01-18,SCH0592,Sharma & Sons,Wheat,19000.0,G,570,Paid
MDM009046,2026-02-28,SCH0221,Kumar Supplies,Rice,19700.0,G,788,Due
MDM007573,2025-11-11,SCH0259,Goyal Enterprises,Dal,,,4671,Paid
MDM001528,2025-12-31,SCH0510,Goyal Enterprises,Wheat,,,351,Paid
MDM008966,2025-11-16,SCH0354,Goyal Rice Mill,Wheat,1.194,BAG,1791,Cleared
MDM002931,2026-01-01,SCH0244,Goyal Mill,Mustard Oil,44.1,KG,5292,Pending
MDM000059,2025-08-09,SCH0287,Sharma Traders,Rice,0.888,BAG,1776,Pending
MDM010176,2026-02-16,SCH0037,Kumar Supplies,Dal,,,1197,Due
MDM005621,2025-06-25,SCH0539,Kumar General Store,Mustard Oil,22.4,KG,2688,Due
MDM010534,2026-01-21,SCH0121,Sharma Traders,Dal,44.7,KG,4023,Paid
MDM002292,2026-02-28,SCH0477,Sharma Traders,Dal,,,2979,
MDM005612,2025-11-03,SCH0218,Kumar & Co.,Rice,19.9,KG,796,Paid
MDM007607,2026-02-21,SCH0079,Goyal Mill,Rice,0.826,BAG,1652,
MDM009532,2026-02-16,SCH0225,Sharma Traders,Rice,23.9,KG,956,
MDM001650,2025-04-20,SCH0580,Goyal Rice Mill,oil,20500.0,G,2460,Paid
MDM004193,2025-05-28,SCH0456,Sharma Traders,oil,16.5,KG,1980,Paid
MDM002725,2025-06-23,SCH0028,Sharma & Sons,Cooking Oil,34.5,KG,4140,Cleared
MDM011191,2025-07-15,SCH0238,Goyal Mill,Dal,,,,Pending
MDM007225,2026-03-03,SCH0271,S. Agro Works,Mustard Oil,0.616,BAG,3696,Paid
MDM007081,2026-03-01,SCH0235,Singh Agro,Dal,50.8,KG,4572,Cleared
MDM011740,2025-10-25,SCH0180,Singh Brothers,oil,,,7044,Pending
MDM004465,2026-03-19,SCH0406,Kumar Supplies,Wheat,0.4379999999999999,BORI,657,
MDM006274,2025-09-30,SCH0451,Goyal Mill,Mustard Oil,37.2,KG,,Paid
MDM009062,2025-11-04,SCH0095,Sharma Traders Pvt Ltd,Dal,31.3,KG,2817,Paid
MDM003871,2025-08-01,SCH0515,Kumar & Co.,Wheat,12900.0,G,,Paid
MDM004709,2026-02-03,SCH0426,Kumar & Co.,Mustard Oil,26700.0,G,3204,Pending
MDM011749,2025-10-17,SCH0535,Singh Agro,Dal,38.0,KG,3420,Pending
MDM002908,2026-02-08,SCH0239,Kumar Supplies,Dal,14.4,KG,1296,Pending
MDM009808,2025-07-12,SCH0109,Sharma Traders Pvt Ltd,Rice,,,1588,Cleared
MDM003539,2026-01-26,SCH0138,Goyal Enterprises,Atta,55.8,KG,1674,
MDM006948,2025-05-06,SCH0377,Sharma Traders Pvt Ltd,Mustard Oil,46.5,KG,5580,Pending
MDM008484,2025-06-22,SCH0387,Kumar & Co.,Rice,1.0,BORI,2000,Paid
MDM008913,2026-02-26,SCH0111,Singh Agro,Wheat,30.3,KG,909,Due
MDM001818,2025-04-01,SCH0545,Singh Brothers,Wheat,,,1449,
MDM003950,2025-04-18,SCH0549,Singh Agro,Dal,52.7,KG,4743,Pending
MDM000338,2025-07-25,SCH0293,Goyal Rice Mill,Dal,51.0,KG,4590,Due
MDM002073,2025-06-09,SCH0106,Sharma Traders Pvt Ltd,Dal,,,5193,Cleared
MDM010699,2026-03-05,SCH0210,Goyal Enterprises,Rice,,,1124,
MDM008694,2025-04-21,SCH0443,Singh Brothers,Dal,0.642,SACK,2889,Cleared
MDM005590,2025-09-02,SCH0264,Goyal Rice Mill,oil,,,2424,Paid
MDM003514,2025-09-18,SCH0314,Kumar General Store,Rice,27.9,KG,1116,Cleared
MDM002816,2025-10-29,SCH0226,Kumar Supplies,oil,19.9,KG,2388,Paid
MDM005148,2025-09-17,SCH0456,Kumar General Store,Rice,41.0,KG,1640,Paid
MDM010605,2025-09-25,SCH0485,Sharma Traders,Dal,,,2853,Paid
MDM010783,2026-03-16,SCH0044,Goyal Mill,Rice,,,1832,Due
MDM005873,2026-03-19,SCH0285,S. Agro Works,Mustard Oil,0.526,BAG_50KG,3156,Paid
MDM000767,2025-10-06,SCH0347,Sharma Traders Pvt Ltd,Rice,,,660,Paid
MDM003783,2025-10-03,SCH0592,Sharma Traders,Dal,,,3276,Pending
MDM008398,2026-01-05,SCH0278,Goyal Mill,Rice,22.0,KG,880,
MDM001145,2025-07-03,SCH0407,Goyal Mill,Rice,51300.0,G,2052,
MDM011052,2026-02-27,SCH0434,Singh Agro,Dal,,,2412,
MDM002511,2025-05-06,SCH0553,Sharma Traders,Dal,59.5,KG,5355,
MDM006499,2025-08-09,SCH0460,S. Agro Works,Dal,21000.0,G,1890,
MDM002274,2025-11-14,SCH0443,Singh Brothers,Wheat,0.752,BAG,1128,Paid
MDM010431,2026-03-24,SCH0229,Singh Brothers,Mustard Oil,,,7104,Paid
MDM007869,2025-11-12,SCH0553,Kumar General Store,Rice,,,564,Paid
MDM006473,2026-03-05,SCH0226,Sharma Traders,Dal,35300.0,G,3177,Paid
MDM004990,2025-10-15,SCH0173,Sharma & Sons,Mustard Oil,,,4452,Paid
MDM011129,2025-07-23,SCH0450,Kumar General Store,Dal,39700.0,G,3573,Cleared
MDM008723,2025-06-05,SCH0309,Goyal Mill,oil,25400.0,G,3048,Paid
MDM001673,2026-03-21,SCH0052,Goyal Rice Mill,Cooking Oil,10.6,KG,1272,Pending
MDM011372,2025-09-07,SCH0348,Goyal Enterprises,Dal,0.812,SACK,3654,
MDM009330,2025-10-13,SCH0014,Sharma Traders,oil,,,3420,Pending
MDM004056,2025-06-02,SCH0401,Sharma & Sons,Dal,25900.0,G,2331,Pending
MDM011023,2026-02-03,SCH0039,Kumar Supplies,Wheat,18500.0,G,555,Cleared
MDM001809,2025-06-27,SCH0533,Kumar Supplies,Dal,49.2,KG,4428,Pending
MDM002276,2025-07-02,SCH0583,Kumar General Store,Mustard Oil,,,4896,Pending
MDM003762,2026-01-25,SCH0407,Sharma & Sons,Cooking Oil,0.878,BORI,5268,Paid
MDM006907,2025-08-13,SCH0005,Singh Brothers,Rice,16200.0,G,648,Paid
MDM008731,2026-01-16,SCH0124,Sharma & Sons,Rice,15000.0,G,600,
MDM008077,2026-01-07,SCH0168,Sharma Traders Pvt Ltd,Dal,17.4,KG,1566,Pending
MDM002046,2025-08-23,SCH0204,Kumar General Store,Mustard Oil,16.6,KG,1992,Paid
MDM007160,2025-09-22,SCH0043,Singh Brothers,Dal,0.252,BAG,1134,
MDM004650,2026-01-09,SCH0037,Sharma Traders Pvt Ltd,Dal,23.5,KG,2115,Paid
MDM001296,2025-12-24,SCH0009,S. Agro Works,Rice,13.1,KG,524,Paid
MDM005997,2025-06-11,SCH0073,Kumar Supplies,Dal,31700.0,G,,Cleared
MDM003953,2026-03-03,SCH0155,Sharma Traders Pvt Ltd,Dal,29.3,KG,2637,Paid
MDM004485,2025-07-09,SCH0170,Goyal Enterprises,Wheat,33600.0,G,1008,Paid
MDM008288,2025-05-15,SCH0091,Goyal Rice Mill,Dal,,,4842,Cleared
MDM000445,2025-10-03,SCH0109,Kumar General Store,Rice,28.1,KG,1124,Pending
MDM000859,2025-12-29,SCH0057,Singh Agro,Wheat,,,,Paid
MDM000842,2026-02-09,SCH0369,S. Agro Works,Dal,45.6,KG,4104,Pending
MDM004767,2025-11-12,SCH0591,Singh Agro,Rice,12900.0,G,516,Paid
MDM009793,2025-06-25,SCH0364,Sharma & Sons,Wheat,,,1104,Pending
MDM009534,2025-10-19,SCH0330,Singh Agro,Cooking Oil,,,6888,Paid
MDM000995,2026-01-10,SCH0435,Goyal Rice Mill,Wheat,,,1254,Paid
MDM006721,2025-08-02,SCH0483,S. Agro Works,Rice,1.102,BAG,2204,Cleared
MDM001555,2025-10-29,SCH0072,Goyal Mill,Rice,,,528,Paid
MDM007663,2025-06-15,SCH0164,Kumar General Store,Rice,35.5,KG,1420,
MDM005904,2025-09-03,SCH0515,Sharma Traders Pvt Ltd,Wheat,26500.0,G,795,Cleared
MDM010592,2025-05-24,SCH0283,Kumar & Co.,Wheat,48.2,KG,1446,Cleared
MDM007466,2025-09-10,SCH0121,Sharma Traders Pvt Ltd,Rice,49.4,KG,1976,Pending
MDM006570,2025-11-05,SCH0211,Goyal Mill,oil,49.3,KG,5916,Due
MDM002514,2025-11-08,SCH0357,Sharma Traders Pvt Ltd,Mustard Oil,1.106,BORI,6636,Paid
MDM002836,2025-09-04,SCH0363,Kumar General Store,oil,,,6816,
MDM007229,2025-04-26,SCH0327,Kumar General Store,Mustard Oil,10.0,KG,1200,Pending
MDM002234,2026-02-23,SCH0512,S. Agro Works,oil,49.8,KG,5976,Pending
MDM003051,2025-11-08,SCH0006,Kumar & Co.,Wheat,38600.0,G,1158,Paid
MDM008268,2025-08-21,SCH0321,Singh Agro,Mustard Oil,,,1380,Due
MDM000401,2025-04-20,SCH0314,Kumar General Store,Rice,1.104,BAG,2208,Paid
MDM005059,2026-02-14,SCH0342,Kumar General Store,Atta,,,498,Paid
MDM005172,2026-03-09,SCH0013,Sharma Traders Pvt Ltd,Wheat,18700.0,G,561,Paid
MDM007929,2025-07-29,SCH0430,Goyal Mill,Rice,36.7,KG,1468,Pending
MDM001024,2025-05-07,SCH0032,Singh Brothers,Rice,43.6,KG,1744,Pending
MDM003299,2025-11-09,SCH0067,Kumar General Store,Cooking Oil,56.4,KG,6768,Pending
MDM004437,2025-10-30,SCH0340,Kumar General Store,Dal,0.75,BORI,3375,Pending
MDM006826,2025-09-01,SCH0421,Sharma & Sons,Rice,31.2,KG,1248,Pending
MDM004719,2025-05-05,SCH0331,Singh Agro,Mustard Oil,49800.0,G,5976,Paid
MDM006154,2025-09-04,SCH0162,Kumar & Co.,Wheat,11800.0,G,354,Pending
MDM005283,2025-06-30,SCH0469,Sharma Traders,Wheat,17800.0,G,534,Due
MDM004081,2025-08-09,SCH0111,Kumar & Co.,Mustard Oil,42.6,KG,5112,Pending
MDM000804,2025-06-15,SCH0261,Singh Agro,Wheat,0.268,BAG,402,Paid
MDM001551,2025-12-25,SCH0496,S. Agro Works,Cooking Oil,,,5400,Cleared
MDM001010,2025-08-08,SCH0142,Kumar General Store,Rice,0.7959999999999999,BAG_50KG,1592,Paid
MDM007507,2025-05-30,SCH0455,Goyal Rice Mill,Wheat,1.14,SACK,1710,Pending
MDM002738,2025-10-30,SCH0390,Sharma Traders Pvt Ltd,Cooking Oil,,,,Paid
MDM000649,2025-07-13,SCH0346,Goyal Rice Mill,Atta,49900.0,G,1497,Paid
MDM006429,2026-01-12,SCH0411,Kumar & Co.,Cooking Oil,,,5376,
MDM002863,2025-05-02,SCH0022,Goyal Enterprises,Mustard Oil,0.286,BAG_50KG,1716,Pending
MDM006649,2025-12-27,SCH0508,Kumar Supplies,Rice,,,1608,
MDM009617,2025-05-05,SCH0485,Kumar & Co.,Mustard Oil,0.452,BORI,2712,
MDM000551,2025-09-03,SCH0208,Goyal Rice Mill,Mustard Oil,,,3480,Due
MDM009389,2025-09-15,SCH0197,Singh Brothers,Rice,16800.0,G,672,Pending
MDM008452,2026-01-15,SCH0452,S. Agro Works,Rice,58.0,KG,2320,Paid
MDM000212,2026-02-17,SCH0196,Kumar Supplies,Wheat,,,1332,Cleared
MDM010473,2025-12-07,SCH0551,Kumar Supplies,Rice,48300.0,G,,
MDM006374,2026-01-06,SCH0430,Kumar General Store,Dal,40.4,KG,3636,Pending
MDM006062,2025-09-11,SCH0368,Sharma Traders Pvt Ltd,Wheat,0.48,BAG,720,Paid
MDM007468,2025-04-24,SCH0410,Sharma Traders Pvt Ltd,Dal,35.7,KG,3213,Due
MDM003544,2025-08-21,SCH0466,Singh Brothers,Wheat,55.2,KG,,
MDM005100,2025-07-19,SCH0242,Singh Brothers,Rice,,,2192,Paid
MDM001439,2025-07-04,SCH0085,Sharma Traders,Dal,46700.0,G,,Due
MDM002516,2026-02-22,SCH0139,Goyal Rice Mill,Wheat,0.456,BORI,684,Paid
MDM002869,2026-03-26,SCH0229,Kumar General Store,Atta,,,801,Pending
MDM002435,2025-07-14,SCH0144,Kumar & Co.,Dal,,,3375,Pending
MDM008986,2025-06-05,SCH0087,Singh Brothers,Dal,57.7,KG,5193,Due
MDM010208,2025-12-05,SCH0050,Kumar & Co.,Rice,15.7,KG,628,Pending
MDM005427,2026-03-26,SCH0351,Goyal Enterprises,Rice,,,,Paid
MDM001315,2025-08-01,SCH0321,Singh Agro,Mustard Oil,0.5,BAG,,Due
MDM009578,2025-12-10,SCH0382,Singh Agro,Dal,0.388,BAG_50KG,1746,Paid
MDM005886,2026-02-19,SCH0584,S. Agro Works,Atta,,,309,
MDM003980,2025-10-02,SCH0570,Singh Brothers,Rice,15.3,KG,612,Due
MDM000013,2025-04-17,SCH0367,Kumar & Co.,Atta,28.9,KG,867,Due
MDM000819,2026-03-13,SCH0386,Singh Agro,Wheat,,,1626,Due
MDM002785,2025-11-22,SCH0328,Singh Brothers,Atta,34000.0,G,1020,Due
MDM010690,2025-05-28,SCH0345,Kumar & Co.,Wheat,,,1260,Pending
MDM000454,2025-09-29,SCH0482,Kumar Supplies,Rice,14300.0,G,572,
MDM009461,2025-06-14,SCH0247,S. Agro Works,Dal,,,5202,Pending
MDM011975,2025-05-26,SCH0090,Goyal Enterprises,Wheat,13.8,KG,414,Paid
MDM001657,2025-05-22,SCH0408,Singh Agro,Dal,,,1926,Pending
MDM003458,2026-01-30,SCH0441,Sharma & Sons,Rice,45.8,KG,1832,Pending
MDM005386,2025-12-20,SCH0281,Goyal Mill,Mustard Oil,29800.0,G,3576,Paid
MDM010793,2025-11-11,SCH0271,Sharma Traders,Rice,,,508,Paid
MDM009712,2025-12-10,SCH0238,Goyal Mill,Dal,,,1107,Paid
MDM010718,2025-10-27,SCH0283,Kumar General Store,Rice,0.696,SACK,1392,Pending
MDM002909,2025-09-21,SCH0384,Sharma Traders,Rice,0.868,BORI,1736,Paid
MDM006900,2025-11-29,SCH0499,S. Agro Works,Mustard Oil,42000.0,G,5040,Cleared
MDM000941,2026-01-06,SCH0364,Singh Agro,Rice,1.11,BORI,,Paid
MDM010621,2026-02-17,SCH0401,Singh Brothers,Rice,,,1708,Paid
MDM005937,2025-08-25,SCH0308,Sharma Traders Pvt Ltd,Rice,,,,Pending
MDM009521,2026-01-23,SCH0600,Goyal Rice Mill,Wheat,10900.0,G,327,Paid
MDM005420,2025-07-31,SCH0398,Sharma Traders Pvt Ltd,Mustard Oil,0.9420000000000001,BAG,5652,
MDM005432,2025-05-06,SCH0244,Singh Brothers,Cooking Oil,,,5028,Paid
MDM007592,2025-04-27,SCH0226,Singh Agro,Mustard Oil,,,3756,Paid
MDM011789,2025-09-12,SCH0178,Kumar & Co.,Dal,21400.0,G,1926,Paid
MDM011373,2025-08-03,SCH0169,Kumar General Store,Dal,,,2250,Pending
MDM001401,2025-07-29,SCH0563,Sharma Traders,Dal,0.364,BAG,1638,Cleared
MDM000031,2026-01-13,SCH0052,Sharma Traders,Dal,37800.0,G,3402,Paid
MDM003678,2025-06-12,SCH0557,Sharma Traders Pvt Ltd,Rice,1.19,BAG,2380,Pending
MDM009125,2025-04-10,SCH0391,Singh Agro,Mustard Oil,26800.0,G,3216,Pending
MDM005889,2025-06-12,SCH0404,Singh Brothers,Mustard Oil,,,,Cleared
MDM005025,2025-08-29,SCH0366,Kumar & Co.,Wheat,,,1353,Paid
MDM005767,2025-10-24,SCH0281,Sharma Traders,Dal,,,3897,Pending
MDM001109,2025-08-15,SCH0217,Kumar Supplies,Wheat,30100.0,G,903,Pending
MDM009448,2026-03-04,SCH0463,Kumar General Store,Rice,,,1956,Pending
MDM011711,2025-05-30,SCH0141,Goyal Mill,Dal,,,2664,Due
MDM003230,2026-03-28,SCH0337,Sharma Traders Pvt Ltd,Dal,57700.0,G,5193,Due
MDM009989,2025-09-16,SCH0405,Sharma Traders Pvt Ltd,Rice,,,2084,Cleared
MDM009933,2025-05-24,SCH0159,Singh Agro,Dal,,,4014,Cleared
MDM005786,2025-09-30,SCH0481,Sharma & Sons,Rice,16.8,KG,672,Due
MDM003320,2025-06-11,SCH0188,Kumar & Co.,Wheat,59.6,KG,1788,Paid
MDM010025,2025-08-22,SCH0380,Kumar & Co.,Wheat,,,753,Due
MDM006108,2025-05-15,SCH0507,Sharma Traders,Wheat,,,393,Paid
MDM007563,2025-10-05,SCH0520,Singh Brothers,Rice,34400.0,G,1376,Pending
MDM006791,2025-08-28,SCH0229,S. Agro Works,Wheat,25.8,KG,774,Paid
MDM008433,2025-05-14,SCH0134,Singh Agro,Rice,,,1956,Paid
MDM009239,2025-11-10,SCH0560,Sharma Traders Pvt Ltd,Rice,,,1432,Paid
MDM001564,2025-04-20,SCH0213,Sharma Traders Pvt Ltd,Dal,20.0,KG,1800,Paid
MDM010803,2025-06-25,SCH0232,Goyal Rice Mill,Dal,,,2475,
MDM005515,2026-02-04,SCH0206,Sharma & Sons,Wheat,,,429,Cleared
MDM003072,2025-06-23,SCH0229,Singh Agro,Dal,0.492,BAG,2214,Cleared
MDM009644,2025-08-14,SCH0308,Kumar Supplies,oil,20.3,KG,2436,Paid
MDM010352,2025-11-05,SCH0304,Kumar General Store,Dal,10.7,KG,963,
MDM009784,2026-01-24,SCH0536,Sharma Traders,Rice,23900.0,G,956,Cleared
MDM006640,2025-11-26,SCH0538,Sharma Traders Pvt Ltd,Dal,,,5094,Due
MDM011030,2025-11-28,SCH0018,Sharma Traders,Wheat,,,1695,Due
MDM009407,2025-04-12,SCH0242,Goyal Rice Mill,Rice,0.616,BORI,1232,
MDM008064,2025-08-06,SCH0455,Singh Agro,Rice,,,604,
MDM005532,2026-01-14,SCH0499,Kumar General Store,Dal,25.9,KG,2331,Pending
MDM010728,2026-03-25,SCH0168,Sharma Traders,Cooking Oil,,,4332,Pending
MDM004953,2025-06-19,SCH0355,Singh Brothers,Dal,19.2,KG,1728,Paid
MDM011385,2025-08-07,SCH0210,Kumar Supplies,Dal,16300.0,G,1467,
MDM002214,2026-01-24,SCH0065,Sharma & Sons,Mustard Oil,32000.0,G,3840,
MDM009015,2026-03-25,SCH0511,Sharma & Sons,Mustard Oil,53600.0,G,6432,Pending
MDM009684,2025-09-08,SCH0371,Singh Agro,Mustard Oil,0.878,BAG,5268,Due
MDM009856,2025-07-25,SCH0408,Singh Brothers,Cooking Oil,21300.0,G,2556,Cleared
MDM004563,2025-10-05,SCH0259,Singh Brothers,Rice,11200.0,G,448,Pending
MDM002112,2025-11-07,SCH0063,Goyal Mill,Rice,0.838,SACK,1676,Paid
MDM004878,2025-05-24,SCH0258,S. Agro Works,Rice,46.8,KG,1872,Cleared
MDM011195,2025-09-20,SCH0364,Kumar Supplies,oil,,,6660,
MDM006658,2025-09-07,SCH0349,Kumar General Store,Mustard Oil,,,2688,Due
MDM011476,2025-08-15,SCH0498,Singh Brothers,Atta,,,870,Cleared
MDM011159,2025-10-10,SCH0543,S. Agro Works,Dal,,,4167,
MDM009276,2026-01-22,SCH0265,Kumar General Store,Dal,32400.0,G,2916,Pending
MDM006480,2026-01-04,SCH0106,Sharma & Sons,Wheat,,,1245,Due
MDM006388,2025-11-22,SCH0212,Singh Agro,Rice,13.4,KG,536,Cleared
MDM009916,2025-10-31,SCH0156,Goyal Mill,oil,48.9,KG,5868,Pending
MDM011035,2025-04-17,SCH0291,Sharma Traders,Rice,,,972,
MDM009450,2025-06-06,SCH0307,Kumar & Co.,Wheat,1.196,BAG,1794,Cleared
MDM000356,2025-06-08,SCH0307,S. Agro Works,Dal,,,1746,Paid
MDM001430,2025-09-21,SCH0398,Kumar General Store,Dal,,,3591,
MDM008118,2025-12-07,SCH0166,Sharma Traders Pvt Ltd,Dal,0.608,BAG,2736,Due
MDM008740,2025-04-02,SCH0596,Singh Agro,Rice,36.8,KG,1472,Paid
MDM008938,2025-08-20,SCH0523,Sharma Traders Pvt Ltd,Wheat,43.9,KG,1317,Pending
MDM004562,2025-11-13,SCH0176,Sharma & Sons,Rice,0.682,BORI,1364,Paid
MDM000333,2025-11-28,SCH0268,Singh Brothers,Dal,15.4,KG,1386,Paid
MDM011034,2025-07-21,SCH0436,Kumar & Co.,Rice,,,876,Pending
MDM004225,2025-06-25,SCH0206,Kumar General Store,Rice,14300.0,G,572,Pending
MDM000965,2025-10-13,SCH0390,Kumar General Store,Wheat,0.818,SACK,1227,Paid
MDM000121,2025-12-27,SCH0253,Singh Brothers,Mustard Oil,48700.0,G,5844,Due
MDM004430,2025-05-23,SCH0581,Kumar General Store,Wheat,0.342,SACK,513,Paid
MDM008296,2025-05-07,SCH0114,Singh Agro,Dal,0.612,BAG,2754,Cleared
MDM003282,2025-11-22,SCH0038,Goyal Enterprises,Rice,0.7,BAG,1400,Pending
MDM002371,2026-02-09,SCH0572,Kumar General Store,Cooking Oil,37.7,KG,4524,Cleared
MDM002545,2025-06-01,SCH0567,Sharma & Sons,Dal,,,1701,Paid
MDM005684,2025-06-23,SCH0390,Kumar & Co.,Wheat,30.5,KG,915,Paid
MDM009842,2025-04-04,SCH0414,Sharma Traders Pvt Ltd,Dal,1.13,BORI,5085,Pending
MDM002886,2025-04-08,SCH0167,Kumar General Store,Rice,48.1,KG,1924,Pending
MDM008283,2026-03-14,SCH0133,Kumar Supplies,oil,,,3984,Pending
MDM002179,2025-04-25,SCH0104,Goyal Enterprises,Wheat,52600.0,G,1578,Pending
MDM006439,2025-04-26,SCH0329,Sharma Traders,Cooking Oil,0.6559999999999999,BAG,3936,Paid
MDM008125,2025-05-23,SCH0449,Goyal Mill,oil,18900.0,G,2268,Paid
MDM008440,2025-04-02,SCH0130,Singh Agro,Wheat,28.5,KG,855,Pending
MDM003124,2025-04-01,SCH0463,Singh Brothers,oil,49800.0,G,5976,Pending
MDM010491,2025-09-09,SCH0259,Kumar General Store,Dal,12.9,KG,1161,Paid
MDM001545,2025-06-19,SCH0282,Kumar General Store,Rice,,,1844,Paid
MDM005971,2025-12-30,SCH0259,Singh Brothers,Atta,,,1185,Pending
MDM011752,2025-08-24,SCH0436,S. Agro Works,Wheat,0.258,BAG,387,Pending
MDM011520,2025-07-26,SCH0193,Goyal Mill,Mustard Oil,,,2424,Pending
MDM004699,2026-03-28,SCH0239,Sharma Traders Pvt Ltd,Cooking Oil,11200.0,G,1344,Pending
MDM008342,2026-01-27,SCH0494,Goyal Enterprises,Rice,20.8,KG,832,
MDM011953,2025-05-10,SCH0084,Goyal Mill,Dal,0.366,BAG_50KG,1647,Paid
MDM000946,2025-10-04,SCH0186,Kumar Supplies,Rice,17.3,KG,692,Paid
MDM007919,2026-02-25,SCH0128,Singh Agro,Wheat,,,,Paid
MDM005744,2025-05-03,SCH0250,Kumar General Store,Atta,0.81,BAG,1215,Pending
MDM006418,2025-05-20,SCH0552,Goyal Mill,Wheat,,,927,Due
MDM011762,2025-06-29,SCH0571,Goyal Rice Mill,Dal,55800.0,G,5022,Paid
MDM008107,2025-06-28,SCH0367,Singh Brothers,Mustard Oil,,,6036,Due
MDM009021,2025-11-21,SCH0167,Singh Agro,Dal,,,1071,Pending
MDM001562,2026-02-24,SCH0271,Kumar & Co.,Dal,26000.0,G,2340,Pending
MDM011835,2025-06-04,SCH0453,Singh Agro,Atta,34800.0,G,1044,Due
MDM005330,2026-01-09,SCH0069,S. Agro Works,Cooking Oil,47.8,KG,5736,
MDM008232,2025-07-19,SCH0498,Kumar Supplies,Dal,30100.0,G,2709,Pending
MDM001096,2025-09-07,SCH0141,Singh Brothers,Dal,,,3672,Paid
MDM009531,2025-11-28,SCH0494,Sharma Traders Pvt Ltd,Atta,,,1191,Paid
MDM003288,2026-03-10,SCH0402,Singh Brothers,Rice,,,1160,Due
MDM010218,2025-05-21,SCH0540,S. Agro Works,Rice,12.0,KG,480,Pending
MDM010694,2025-08-30,SCH0130,Singh Agro,Wheat,,,525,Pending
MDM002606,2025-12-15,SCH0549,Kumar & Co.,Dal,0.96,BORI,4320,Paid
MDM001393,2025-11-20,SCH0211,Goyal Rice Mill,oil,53.9,KG,6468,
MDM004897,2026-02-18,SCH0350,Goyal Mill,Rice,,,1356,Due
MDM011870,2025-04-15,SCH0461,Singh Agro,Wheat,,,369,Pending
MDM000753,2025-05-16,SCH0084,Goyal Rice Mill,Rice,18800.0,G,752,
MDM007440,2025-12-31,SCH0518,Kumar & Co.,Dal,38.0,KG,3420,Paid
MDM003738,2026-03-07,SCH0350,Goyal Enterprises,Wheat,41.7,KG,1251,Paid
MDM009650,2026-03-26,SCH0445,Singh Brothers,Cooking Oil,16500.0,G,1980,Cleared
MDM010548,2025-10-28,SCH0166,Sharma Traders Pvt Ltd,oil,40900.0,G,4908,
MDM003216,2025-05-09,SCH0132,Singh Brothers,Rice,52900.0,G,2116,Cleared
MDM009293,2025-09-18,SCH0260,S. Agro Works,Wheat,25.9,KG,777,Pending
MDM001778,2026-01-25,SCH0476,Singh Agro,oil,33200.0,G,3984,Due
MDM004114,2025-07-18,SCH0447,Sharma & Sons,Mustard Oil,53.5,KG,6420,Paid
MDM001771,2025-09-03,SCH0438,Sharma Traders,oil,,,1692,
MDM010527,2025-05-28,SCH0275,Sharma Traders,Dal,11400.0,G,1026,Paid
MDM009706,2025-08-25,SCH0464,Goyal Rice Mill,Atta,16.3,KG,489,Pending
MDM003023,2025-05-20,SCH0260,Singh Brothers,Dal,,,4797,Pending
MDM004229,2025-09-04,SCH0367,Goyal Rice Mill,Rice,24.7,KG,988,
MDM003013,2025-12-29,SCH0136,Singh Brothers,Mustard Oil,,,2040,Pending
MDM011270,2025-06-06,SCH0303,Goyal Rice Mill,Cooking Oil,,,1404,Pending
MDM008941,2026-03-22,SCH0232,Goyal Mill,Rice,,,1812,
MDM009618,2025-08-10,SCH0337,Goyal Mill,Dal,1.048,BORI,4716,Paid
MDM005431,2025-12-14,SCH0576,Kumar & Co.,oil,41900.0,G,5028,Cleared
MDM006825,2026-02-25,SCH0382,Goyal Rice Mill,Wheat,45600.0,G,1368,Paid
MDM000528,2025-09-15,SCH0467,Goyal Mill,Dal,0.706,SACK,3177,Pending
MDM006291,2026-03-18,SCH0449,Singh Brothers,Wheat,1.158,BAG,1737,
MDM011564,2025-08-19,SCH0055,Singh Brothers,Rice,51700.0,G,2068,
MDM004265,2025-06-18,SCH0596,Sharma Traders,oil,16.4,KG,1968,Paid
MDM004263,2025-05-04,SCH0582,Singh Agro,Wheat,30.0,KG,900,Paid
MDM006651,2025-12-14,SCH0259,Sharma Traders Pvt Ltd,Rice,,,1232,Paid
MDM001920,2026-03-08,SCH0147,Singh Agro,Rice,,,1396,Pending
MDM000702,2025-06-15,SCH0204,Kumar General Store,Wheat,,,1431,Due
MDM010616,2025-06-09,SCH0081,Goyal Enterprises,Wheat,,,1389,Due
MDM004561,2025-09-13,SCH0204,Singh Agro,oil,,,2460,Due
MDM011107,2025-10-08,SCH0210,Singh Brothers,Dal,0.402,BAG_50KG,1809,Pending
MDM009783,2025-06-04,SCH0195,Kumar General Store,Rice,,,1708,Paid
MDM001299,2025-05-04,SCH0397,Goyal Mill,Mustard Oil,0.7140000000000001,SACK,4284,Pending
MDM001353,2025-07-09,SCH0085,S. Agro Works,Wheat,42700.0,G,1281,Paid
MDM002927,2025-12-10,SCH0457,Singh Agro,Rice,19.7,KG,788,Paid
MDM009606,2025-06-09,SCH0222,S. Agro Works,Rice,,,1588,Cleared
MDM001288,2025-11-26,SCH0172,Goyal Mill,Mustard Oil,,,,
MDM004514,2025-11-30,SCH0090,S. Agro Works,Mustard Oil,0.644,BAG_50KG,3864,Paid
MDM010117,2025-10-28,SCH0061,Sharma Traders,Cooking Oil,23700.0,G,2844,Paid
MDM006488,2025-07-30,SCH0522,S. Agro Works,Dal,,,4131,Paid
MDM006212,2025-04-12,SCH0562,S. Agro Works,Mustard Oil,38000.0,G,4560,
MDM003698,2026-03-23,SCH0121,Sharma Traders Pvt Ltd,Rice,50.6,KG,2024,Cleared
MDM002014,2025-07-02,SCH0356,Sharma & Sons,Rice,46.4,KG,1856,
MDM011561,2026-03-31,SCH0285,Sharma Traders Pvt Ltd,oil,23000.0,G,2760,Paid
MDM004374,2025-09-02,SCH0467,Kumar General Store,Wheat,59.4,KG,1782,Paid
MDM004664,2025-12-10,SCH0476,Kumar General Store,Rice,44.0,KG,1760,
MDM005958,2025-11-07,SCH0018,Kumar Supplies,Mustard Oil,53200.0,G,6384,Paid
MDM002148,2025-08-20,SCH0084,Goyal Enterprises,Rice,1.092,BAG,2184,Paid
MDM005866,2025-12-09,SCH0260,S. Agro Works,oil,,,2748,Paid
MDM007886,2025-11-08,SCH0114,Kumar & Co.,Mustard Oil,,,3180,
MDM009624,2026-01-24,SCH0006,Goyal Enterprises,Wheat,39.4,KG,1182,Paid
MDM009189,2026-01-27,SCH0105,Kumar & Co.,Rice,26.4,KG,1056,Cleared
MDM011905,2025-12-23,SCH0311,Goyal Rice Mill,Wheat,,,951,Due
MDM007739,2025-08-15,SCH0456,Sharma Traders Pvt Ltd,Wheat,33400.0,G,1002,Paid
MDM008262,2025-11-09,SCH0352,Sharma Traders Pvt Ltd,Rice,0.69,BAG_50KG,1380,Pending
MDM009049,2025-06-04,SCH0285,Singh Brothers,Dal,34500.0,G,3105,Pending
MDM000811,2025-07-14,SCH0397,Goyal Mill,Rice,58700.0,G,2348,Due
MDM011064,2025-10-22,SCH0328,Sharma Traders Pvt Ltd,Wheat,1.146,BAG,1719,
MDM002074,2025-07-02,SCH0370,Sharma Traders,oil,,,4992,Due
MDM008608,2026-03-24,SCH0328,Sharma Traders Pvt Ltd,Dal,,,1854,Paid
MDM009073,2025-04-16,SCH0411,Kumar & Co.,Rice,,,1692,Pending
MDM000886,2025-05-10,SCH0548,Sharma Traders Pvt Ltd,Cooking Oil,,,4548,Paid
MDM001478,2025-12-19,SCH0534,Sharma Traders Pvt Ltd,Mustard Oil,50600.0,G,6072,Due
MDM001791,2025-07-28,SCH0372,Sharma & Sons,Wheat,48500.0,G,1455,Paid
MDM011803,2025-05-02,SCH0461,Goyal Enterprises,Rice,,,1212,Due
MDM002009,2026-01-23,SCH0322,Goyal Enterprises,Dal,,,3834,Pending
MDM010997,2025-04-04,SCH0027,Sharma & Sons,Rice,1.17,BAG,2340,Paid
MDM000683,2025-11-26,SCH0041,Singh Agro,Mustard Oil,53.2,KG,,Due
MDM003896,2025-11-14,SCH0269,Goyal Mill,Wheat,30.2,KG,906,Paid
MDM005219,2025-07-06,SCH0143,Kumar General Store,Rice,,,824,Pending
MDM006400,2025-11-25,SCH0104,Kumar General Store,Rice,32.9,KG,1316,Paid
MDM000058,2025-05-20,SCH0348,Sharma Traders,Wheat,0.764,BORI,1146,Pending
MDM006347,2025-05-23,SCH0144,Goyal Mill,Mustard Oil,40600.0,G,4872,Due
MDM002400,2025-09-23,SCH0434,Kumar & Co.,Wheat,,,426,Due
MDM007926,2025-08-13,SCH0213,Kumar General Store,Rice,,,1876,Cleared
MDM011896,2025-06-28,SCH0333,S. Agro Works,Wheat,0.332,BAG,498,Pending
MDM007823,2026-01-27,SCH0490,Kumar & Co.,Rice,16.2,KG,648,Pending
MDM010600,2026-02-16,SCH0062,Singh Brothers,oil,,,4644,Pending
MDM010835,2025-07-07,SCH0243,Goyal Rice Mill,Rice,12.8,KG,512,Paid
MDM001469,2025-07-10,SCH0337,Kumar & Co.,Mustard Oil,,,6960,Due
MDM001417,2026-02-08,SCH0156,Goyal Rice Mill,Dal,,,4626,Paid
MDM007402,2025-04-14,SCH0511,Goyal Rice Mill,Rice,,,1772,Pending
MDM002359,2025-08-05,SCH0309,Sharma Traders Pvt Ltd,oil,30300.0,G,3636,Paid
MDM007284,2025-11-04,SCH0513,Goyal Mill,Mustard Oil,55000.0,G,6600,
MDM005826,2026-03-02,SCH0243,Kumar General Store,Dal,44.0,KG,,Pending
MDM010533,2025-09-04,SCH0031,Goyal Rice Mill,Dal,36.8,KG,3312,Due
MDM010472,2025-05-09,SCH0196,Sharma Traders Pvt Ltd,oil,21.1,KG,,
MDM010221,2025-05-29,SCH0241,Kumar & Co.,oil,0.9159999999999999,BAG_50KG,5496,Cleared
MDM009965,2026-01-06,SCH0111,Goyal Enterprises,Mustard Oil,23700.0,G,2844,Paid
MDM003870,2025-08-31,SCH0074,S. Agro Works,Rice,0.7040000000000001,BAG,1408,Pending
MDM011852,2025-10-25,SCH0238,Kumar & Co.,Dal,0.9440000000000001,BAG,4248,Due
MDM007149,2025-12-09,SCH0174,Goyal Rice Mill,Rice,0.97,BAG,1940,Pending
MDM009194,2025-11-12,SCH0160,Singh Brothers,Mustard Oil,,,6768,Pending
MDM008716,2025-10-11,SCH0594,Singh Agro,Wheat,46700.0,G,1401,Paid
MDM009730,2025-04-30,SCH0551,Sharma Traders,Mustard Oil,57.3,KG,6876,Cleared
MDM001056,2026-03-22,SCH0219,Goyal Enterprises,Wheat,,,648,Paid
MDM002282,2026-01-27,SCH0475,Kumar General Store,Rice,,,672,Pending
MDM008763,2025-07-08,SCH0153,Goyal Enterprises,Dal,21.4,KG,1926,Cleared
MDM001925,2025-05-29,SCH0425,Kumar & Co.,oil,0.522,SACK,,Pending
MDM011153,2026-01-27,SCH0428,Kumar Supplies,Mustard Oil,1.184,BAG_50KG,7104,Due
MDM001076,2025-11-17,SCH0322,Goyal Mill,Rice,,,1552,Cleared
MDM001116,2026-03-26,SCH0585,Kumar General Store,Dal,57300.0,G,5157,
MDM003937,2026-01-09,SCH0485,S. Agro Works,Mustard Oil,36.5,KG,4380,Paid
MDM003534,2025-08-24,SCH0589,Sharma Traders,Dal,,,1440,Due
MDM009692,2026-01-13,SCH0594,Kumar Supplies,Dal,12.2,KG,1098,Due
MDM000461,2026-02-12,SCH0495,Sharma & Sons,Rice,44900.0,G,1796,Paid
MDM003033,2025-04-15,SCH0505,Kumar Supplies,Dal,33500.0,G,3015,Pending
MDM004208,2025-09-27,SCH0526,Singh Brothers,Mustard Oil,,,,Due
MDM011769,2025-08-25,SCH0535,Sharma & Sons,Rice,43.8,KG,1752,
MDM001453,2026-02-12,SCH0351,Sharma & Sons,Cooking Oil,,,5712,Pending
MDM002150,2025-09-21,SCH0159,Kumar & Co.,Rice,11900.0,G,476,Pending
MDM000320,2025-04-08,SCH0513,S. Agro Works,Rice,41300.0,G,1652,Paid
MDM005126,2025-10-10,SCH0443,Singh Brothers,Mustard Oil,55400.0,G,6648,Paid
MDM001923,2026-02-02,SCH0560,Singh Agro,Dal,23500.0,G,2115,Due
MDM010549,2025-12-28,SCH0141,Sharma Traders,Mustard Oil,27800.0,G,3336,Cleared
MDM010971,2025-04-17,SCH0017,Goyal Rice Mill,Rice,11.7,KG,468,Pending
MDM011751,2025-06-11,SCH0164,S. Agro Works,Rice,49.7,KG,1988,Paid
MDM009976,2025-08-26,SCH0197,Singh Agro,Dal,0.39,BAG,1755,Pending
MDM011980,2025-12-08,SCH0553,Goyal Enterprises,Atta,19.8,KG,594,Pending
MDM002130,2025-12-23,SCH0104,Sharma Traders,oil,42.1,KG,5052,Due
MDM004833,2026-01-20,SCH0233,Kumar & Co.,Rice,,,1504,Paid
MDM006625,2025-07-02,SCH0043,Sharma & Sons,Atta,,,1017,
MDM008073,2026-03-01,SCH0126,Kumar General Store,Rice,,,2240,Pending
MDM001053,2025-08-13,SCH0196,Singh Brothers,oil,,,5868,Paid
MDM008082,2025-11-18,SCH0061,Sharma Traders Pvt Ltd,Rice,23400.0,G,936,Pending
MDM008486,2026-02-21,SCH0212,Singh Brothers,Dal,41200.0,G,3708,Cleared
MDM004068,2026-01-07,SCH0351,Singh Brothers,Dal,20400.0,G,1836,
MDM001457,2025-09-23,SCH0409,Kumar & Co.,Rice,0.306,SACK,612,Pending
MDM007943,2025-11-01,SCH0007,Goyal Enterprises,Mustard Oil,1.12,BAG,6720,Cleared
MDM000362,2025-07-24,SCH0223,Kumar General Store,Wheat,0.9940000000000001,BAG_50KG,1491,Pending
MDM003146,2025-12-18,SCH0344,Sharma & Sons,Atta,44600.0,G,1338,Pending
MDM005666,2026-03-29,SCH0367,Kumar & Co.,Dal,32.6,KG,2934,Cleared
MDM009304,2025-04-10,SCH0045,Sharma & Sons,Dal,1.194,BAG,5373,Due
MDM006557,2025-04-16,SCH0514,Kumar & Co.,Rice,42.4,KG,1696,Paid
MDM008607,2025-09-01,SCH0360,Sharma Traders,Rice,38800.0,G,1552,Paid
MDM004675,2025-06-14,SCH0479,Sharma Traders Pvt Ltd,Wheat,,,1377,
MDM009157,2025-10-07,SCH0351,Singh Brothers,Wheat,,,1383,Cleared
MDM000541,2025-07-31,SCH0480,Sharma Traders,Rice,,,612,
MDM007444,2025-12-12,SCH0024,Singh Agro,Cooking Oil,18.8,KG,2256,Pending
MDM010460,2025-09-01,SCH0413,Sharma & Sons,Wheat,18800.0,G,564,Pending
MDM011834,2026-01-11,SCH0210,Sharma Traders Pvt Ltd,Rice,,,2060,
MDM011144,2025-11-18,SCH0424,Sharma Traders,Rice,55000.0,G,2200,Pending
MDM000755,2025-05-10,SCH0523,Goyal Enterprises,Rice,0.7120000000000001,SACK,1424,
MDM007144,2025-11-30,SCH0257,S. Agro Works,Mustard Oil,,,3336,Due
MDM002004,2025-07-24,SCH0489,Singh Brothers,Wheat,45000.0,G,1350,
MDM002543,2025-12-17,SCH0468,Singh Brothers,Cooking Oil,28.9,KG,3468,Cleared
MDM006224,2025-08-19,SCH0318,Goyal Mill,Atta,0.29,BAG_50KG,,Paid
MDM005083,2025-08-17,SCH0464,Singh Brothers,Wheat,30.4,KG,912,Pending
MDM006631,2025-11-27,SCH0395,Sharma Traders Pvt Ltd,Dal,,,1188,Due
MDM004272,2025-06-08,SCH0094,Goyal Rice Mill,Rice,,,2276,Paid
MDM000101,2025-07-10,SCH0079,Kumar & Co.,Rice,0.43,BAG,860,Paid
MDM011894,2025-08-14,SCH0592,Goyal Mill,Rice,11.8,KG,472,Paid
MDM000602,2025-08-24,SCH0232,Goyal Rice Mill,Cooking Oil,,,6480,Pending
MDM011012,2025-07-08,SCH0281,Goyal Rice Mill,oil,,,2856,Cleared
MDM006267,2025-12-22,SCH0259,Kumar General Store,Mustard Oil,1.01,SACK,6060,Pending
MDM007603,2025-05-20,SCH0535,Goyal Mill,Rice,0.444,BAG_50KG,888,Paid
MDM001045,2025-06-06,SCH0489,Kumar Supplies,Mustard Oil,28.9,KG,,Cleared
MDM009576,2026-03-20,SCH0014,Goyal Enterprises,oil,10100.0,G,1212,Pending
MDM001558,2025-05-15,SCH0521,Singh Agro,Dal,24800.0,G,2232,Pending
MDM001488,2025-04-02,SCH0595,Singh Agro,Rice,,,632,Due
MDM008675,2025-07-04,SCH0477,Kumar & Co.,Cooking Oil,,,7116,Due
MDM011354,2025-11-07,SCH0414,Sharma Traders Pvt Ltd,Wheat,,,1509,Pending
MDM007151,2025-05-07,SCH0263,Goyal Rice Mill,Mustard Oil,,,6372,
MDM002116,2025-06-10,SCH0144,Kumar & Co.,oil,46200.0,G,5544,Paid
MDM011551,2025-07-19,SCH0458,Kumar & Co.,Dal,21.1,KG,1899,
MDM000619,2025-04-15,SCH0176,Goyal Rice Mill,oil,,,,Pending
MDM005154,2025-10-15,SCH0281,Singh Agro,Wheat,,,849,Pending
MDM005764,2025-11-01,SCH0007,Goyal Enterprises,Dal,55700.0,G,5013,Cleared
MDM005212,2026-02-07,SCH0340,Sharma & Sons,Dal,50.8,KG,4572,Pending
MDM003397,2025-07-20,SCH0345,Singh Brothers,Rice,1.2,BORI,2400,Paid
MDM001601,2025-10-07,SCH0023,Goyal Enterprises,Cooking Oil,,,2748,Pending
MDM008481,2025-12-06,SCH0431,Goyal Mill,Wheat,,,1686,Due
MDM008656,2025-06-20,SCH0302,Singh Brothers,Rice,39000.0,G,1560,Pending
MDM001616,2025-11-19,SCH0286,S. Agro Works,Mustard Oil,35.0,KG,4200,Cleared
MDM001753,2026-02-25,SCH0174,Singh Brothers,Wheat,11.8,KG,354,Cleared
MDM006260,2026-02-11,SCH0321,Singh Brothers,Cooking Oil,45100.0,G,5412,Pending
MDM009759,2025-04-10,SCH0347,Singh Brothers,Wheat,0.7859999999999999,BAG,1179,Paid
MDM002084,2025-07-04,SCH0203,Goyal Rice Mill,Wheat,17700.0,G,531,
MDM011504,2025-10-23,SCH0569,S. Agro Works,Wheat,29.1,KG,873,
MDM008877,2025-12-22,SCH0507,Kumar & Co.,Dal,0.6779999999999999,BAG,3051,Due
MDM007594,2025-12-06,SCH0396,Kumar General Store,Mustard Oil,,,2664,Paid
MDM007045,2026-03-31,SCH0322,Singh Brothers,Mustard Oil,,,2592,Pending
MDM009234,2025-09-20,SCH0364,Kumar General Store,Dal,0.998,BAG,4491,Paid
MDM000676,2025-08-23,SCH0246,Goyal Enterprises,Rice,,,1476,Paid
MDM002546,2025-04-12,SCH0060,S. Agro Works,Dal,36.5,KG,3285,Pending
MDM008834,2025-05-20,SCH0393,Kumar General Store,Wheat,43700.0,G,1311,Due
MDM010283,2025-06-03,SCH0316,Singh Brothers,Dal,48.0,KG,4320,Due
MDM004000,2026-02-08,SCH0229,Kumar & Co.,Wheat,15.6,KG,468,Paid
MDM011735,2026-02-15,SCH0196,Singh Brothers,Rice,44.5,KG,1780,Cleared
MDM000176,2025-11-21,SCH0425,S. Agro Works,Rice,,,1488,
MDM008015,2025-05-16,SCH0325,Goyal Enterprises,Cooking Oil,0.67,BAG,4020,Due
MDM003610,2025-07-12,SCH0475,Kumar Supplies,Rice,12600.0,G,504,Paid
MDM011360,2026-02-25,SCH0199,Goyal Mill,Dal,49.7,KG,4473,Cleared
MDM003788,2025-12-23,SCH0088,Goyal Enterprises,Atta,,,1068,Paid
MDM004863,2025-11-30,SCH0584,Singh Agro,Rice,41900.0,G,1676,Pending
MDM002226,2025-08-09,SCH0598,Kumar & Co.,Dal,35.6,KG,3204,Due
MDM007517,2025-06-07,SCH0429,Goyal Enterprises,Wheat,29.7,KG,891,Pending
MDM008109,2025-11-28,SCH0052,Kumar & Co.,Rice,,,2384,Pending
MDM001127,2025-11-04,SCH0215,Kumar & Co.,Rice,17.7,KG,708,Due
MDM005741,2025-07-12,SCH0177,Sharma & Sons,Wheat,0.64,SACK,960,Due
MDM008495,2025-08-17,SCH0209,Kumar & Co.,Rice,46300.0,G,1852,Cleared
MDM002442,2025-11-15,SCH0115,Singh Brothers,Atta,0.408,SACK,612,Pending
MDM001323,2025-08-31,SCH0130,Sharma Traders,Dal,46.6,KG,4194,Pending
MDM001604,2025-12-26,SCH0574,Goyal Enterprises,oil,14700.0,G,1764,Pending
MDM004211,2025-11-22,SCH0004,Kumar Supplies,Rice,,,1496,Pending
MDM009628,2025-04-30,SCH0384,Goyal Mill,Dal,44.4,KG,3996,Paid
MDM010638,2025-05-28,SCH0340,Sharma Traders Pvt Ltd,Cooking Oil,1.152,SACK,6912,
MDM004066,2026-02-18,SCH0499,Goyal Mill,Cooking Oil,,,4464,Pending
MDM007780,2026-02-20,SCH0259,Sharma Traders Pvt Ltd,Wheat,,,1050,Cleared
MDM011547,2025-04-14,SCH0375,Sharma Traders,Cooking Oil,,,3600,Paid
MDM008777,2025-06-19,SCH0508,Singh Agro,Dal,56000.0,G,5040,Due
MDM010240,2025-07-12,SCH0005,Kumar Supplies,Wheat,36900.0,G,1107,Paid
MDM004072,2025-10-09,SCH0431,Kumar & Co.,Rice,0.3779999999999999,BAG,756,Paid
MDM001508,2025-06-05,SCH0270,Goyal Enterprises,Rice,53200.0,G,2128,Due
MDM001560,2025-08-19,SCH0588,S. Agro Works,oil,,,3600,Paid
MDM011994,2025-11-24,SCH0248,Kumar General Store,Dal,0.262,BAG_50KG,1179,Paid
MDM004686,2025-10-19,SCH0553,Singh Agro,Mustard Oil,,,2976,Pending
MDM004915,2025-06-12,SCH0353,S. Agro Works,Mustard Oil,,,1536,Pending
MDM010067,2025-08-29,SCH0565,Singh Brothers,Dal,10600.0,G,954,Paid
MDM005282,2026-02-26,SCH0046,Goyal Enterprises,Atta,12.3,KG,369,Pending
MDM001837,2025-05-20,SCH0411,S. Agro Works,Wheat,,,1752,
MDM001355,2026-02-21,SCH0329,Kumar General Store,Dal,,,,Paid
MDM010870,2025-12-26,SCH0149,Goyal Rice Mill,Cooking Oil,16100.0,G,1932,Paid
MDM007725,2025-10-24,SCH0595,Kumar & Co.,Dal,40.2,KG,3618,Cleared
MDM010895,2026-02-20,SCH0274,Goyal Enterprises,Dal,10.6,KG,954,Pending
MDM010036,2026-01-21,SCH0543,S. Agro Works,Wheat,,,1332,Paid
MDM004033,2025-12-11,SCH0279,Sharma Traders Pvt Ltd,Wheat,16.1,KG,483,Pending
MDM007154,2025-05-22,SCH0266,Goyal Rice Mill,Dal,,,2862,
MDM005929,2025-12-13,SCH0185,Sharma Traders,oil,0.256,BAG,1536,Cleared
MDM009586,2025-07-28,SCH0318,Goyal Mill,Mustard Oil,,,5976,Cleared
MDM008730,2025-07-07,SCH0448,Singh Agro,Dal,0.534,BAG,2403,Pending
MDM010088,2025-10-23,SCH0090,Sharma & Sons,Dal,,,1791,Pending
MDM002252,2026-01-25,SCH0159,Sharma Traders Pvt Ltd,Dal,27.4,KG,2466,Pending
MDM001026,2025-11-25,SCH0509,Sharma Traders Pvt Ltd,Dal,58.8,KG,5292,Pending
MDM009629,2025-06-09,SCH0460,Kumar & Co.,Atta,15.0,KG,450,Cleared
MDM005805,2025-07-26,SCH0302,Kumar Supplies,Wheat,29.6,KG,888,Cleared
MDM011386,2025-08-08,SCH0191,Goyal Enterprises,Rice,57.7,KG,2308,Paid
MDM010632,2026-01-16,SCH0572,Kumar General Store,Dal,,,1845,Paid
MDM003398,2025-06-12,SCH0256,Sharma Traders,Mustard Oil,0.7979999999999999,BAG,4788,Paid
MDM000314,2025-04-02,SCH0002,S. Agro Works,Dal,,,3258,Paid
MDM007841,2025-06-20,SCH0511,Singh Brothers,Dal,20.1,KG,1809,Pending
MDM006081,2025-08-08,SCH0053,Goyal Enterprises,oil,57400.0,G,6888,Paid
MDM007760,2025-07-26,SCH0599,Kumar Supplies,Dal,15000.0,G,1350,
MDM008963,2025-10-02,SCH0441,Kumar General Store,Wheat,49000.0,G,1470,
MDM011324,2025-10-13,SCH0279,Sharma Traders,Cooking Oil,0.742,BORI,4452,Pending
MDM005548,2026-03-09,SCH0080,Goyal Mill,Dal,,,5328,Due
MDM002971,2025-05-13,SCH0498,Singh Agro,Dal,0.5379999999999999,BAG,2421,Paid
MDM006162,2025-08-09,SCH0338,Kumar General Store,Dal,0.932,BAG,4194,
MDM003886,2025-09-22,SCH0479,Goyal Enterprises,Atta,13.3,KG,399,Cleared
MDM011872,2025-06-30,SCH0371,Kumar General Store,Mustard Oil,46400.0,G,5568,Pending
MDM011825,2025-10-07,SCH0353,Kumar Supplies,Rice,27100.0,G,1084,Paid
MDM005228,2025-08-08,SCH0348,Singh Brothers,Dal,0.626,BAG,,Pending
MDM011828,2025-08-01,SCH0116,Goyal Mill,Rice,,,1328,Pending
MDM004741,2025-11-01,SCH0269,S. Agro Works,Rice,,,1932,Pending
MDM005273,2025-04-18,SCH0589,Goyal Enterprises,Rice,,,908,Due
MDM009292,2025-10-25,SCH0201,S. Agro Works,Rice,,,1368,
MDM007915,2025-10-25,SCH0112,S. Agro Works,Rice,,,476,Cleared
MDM009662,2025-04-20,SCH0344,Sharma Traders,Rice,,,2252,Pending
MDM001841,2025-04-12,SCH0373,Singh Agro,Rice,13400.0,G,536,Due
MDM011222,2025-04-12,SCH0502,Goyal Mill,Dal,,,1215,Pending
MDM011122,2026-02-08,SCH0352,Kumar General Store,Rice,0.742,BAG,1484,Due
MDM003674,2026-02-17,SCH0369,S. Agro Works,Mustard Oil,17.1,KG,2052,Pending
MDM009116,2026-02-09,SCH0058,Goyal Rice Mill,Wheat,44300.0,G,1329,Paid
MDM010695,2025-05-27,SCH0490,Singh Brothers,Rice,56.6,KG,2264,Due
MDM003321,2025-04-22,SCH0507,Kumar Supplies,Mustard Oil,45.4,KG,5448,Pending
MDM002273,2026-02-24,SCH0278,Goyal Enterprises,Rice,,,596,Paid
MDM011602,2025-05-06,SCH0154,Goyal Mill,Rice,,,1504,Pending
MDM004255,2025-11-27,SCH0430,Singh Brothers,Dal,43.5,KG,3915,Pending
MDM008524,2026-01-28,SCH0162,Sharma & Sons,oil,19.6,KG,2352,
MDM000848,2026-02-27,SCH0403,Kumar Supplies,Dal,,,1602,
MDM005164,2025-12-06,SCH0203,Sharma Traders Pvt Ltd,Rice,35.7,KG,1428,
MDM011189,2025-07-29,SCH0255,Goyal Rice Mill,Rice,35600.0,G,1424,Pending
MDM006068,2025-06-25,SCH0571,Singh Brothers,Mustard Oil,29200.0,G,,Due
MDM008775,2025-06-27,SCH0332,Singh Agro,Rice,37.4,KG,1496,
MDM005088,2025-06-15,SCH0338,Singh Brothers,Mustard Oil,55700.0,G,6684,Cleared
MDM004598,2025-07-21,SCH0583,Singh Brothers,Wheat,37.6,KG,1128,Paid
MDM001418,2025-05-03,SCH0420,Kumar General Store,Rice,0.444,BORI,888,Paid
MDM005461,2025-10-31,SCH0352,Goyal Mill,Mustard Oil,22.8,KG,2736,Pending
MDM003849,2025-07-21,SCH0594,Sharma & Sons,Mustard Oil,,,2604,Paid
MDM000605,2025-04-24,SCH0496,Singh Agro,Mustard Oil,44700.0,G,5364,Cleared
MDM010723,2025-07-27,SCH0463,Kumar & Co.,Mustard Oil,35.8,KG,4296,Paid
MDM002079,2025-07-30,SCH0032,Kumar Supplies,Dal,19.8,KG,1782,Due
MDM008964,2025-11-05,SCH0299,Kumar General Store,Cooking Oil,34.2,KG,4104,Pending
MDM002312,2025-09-25,SCH0255,Kumar & Co.,Wheat,,,318,Pending
MDM004344,2026-02-13,SCH0566,Sharma Traders Pvt Ltd,Cooking Oil,,,4704,Pending
MDM010586,2026-02-13,SCH0127,Goyal Rice Mill,Wheat,38.0,KG,1140,
MDM001983,2025-07-08,SCH0103,Kumar & Co.,Rice,56.1,KG,2244,Paid
MDM004467,2025-07-23,SCH0258,Sharma & Sons,Dal,,,4050,Paid
MDM000200,2025-06-07,SCH0053,Kumar & Co.,Cooking Oil,38.8,KG,4656,
MDM000486,2025-05-02,SCH0390,Kumar & Co.,Dal,,,2097,Pending
MDM003271,2025-05-24,SCH0380,Sharma Traders Pvt Ltd,Rice,40.6,KG,1624,Paid
MDM002824,2026-02-26,SCH0541,Sharma Traders,Dal,,,5184,Pending
MDM004552,2025-04-19,SCH0153,Kumar & Co.,Mustard Oil,28300.0,G,3396,Cleared
MDM003246,2025-05-18,SCH0357,Singh Brothers,Wheat,22.1,KG,663,Paid
MDM004454,2025-09-24,SCH0590,Sharma & Sons,Atta,40.2,KG,1206,Paid
MDM010983,2025-09-13,SCH0052,Kumar & Co.,Rice,1.032,BAG_50KG,,
MDM005654,2025-08-18,SCH0081,Singh Brothers,Dal,,,4941,
MDM003750,2026-03-10,SCH0181,Kumar General Store,Wheat,55000.0,G,1650,Pending
MDM007918,2025-07-10,SCH0527,Kumar & Co.,Wheat,33200.0,G,996,Paid
MDM010142,2025-08-26,SCH0391,Singh Agro,Mustard Oil,0.9740000000000001,BAG,,Cleared
MDM010085,2025-11-15,SCH0065,Kumar General Store,Wheat,51.4,KG,1542,Due
MDM002795,2025-04-23,SCH0171,S. Agro Works,Cooking Oil,23800.0,G,2856,Pending
MDM004960,2025-08-14,SCH0516,Kumar General Store,oil,,,7044,Paid
MDM010103,2025-10-18,SCH0219,Goyal Rice Mill,Wheat,12.0,KG,360,Pending
MDM008539,2025-09-28,SCH0501,Kumar Supplies,Dal,49.8,KG,4482,Due
MDM000525,2026-03-21,SCH0460,Sharma Traders,Dal,,,3627,Due
MDM000948,2026-03-23,SCH0053,Sharma Traders Pvt Ltd,Cooking Oil,1.0,SACK,,Due
MDM009542,2025-04-21,SCH0005,Goyal Mill,oil,1.066,BAG,6396,Due
MDM009795,2025-09-22,SCH0310,Sharma Traders,Rice,22400.0,G,896,Due
MDM001281,2025-04-14,SCH0389,Sharma & Sons,Dal,18.7,KG,1683,Paid
MDM000123,2025-09-07,SCH0577,Goyal Enterprises,Mustard Oil,,,,Cleared
MDM004367,2025-12-25,SCH0003,Singh Brothers,Rice,,,816,Pending
MDM010989,2025-08-07,SCH0012,Kumar Supplies,Dal,0.532,BAG,2394,Pending
MDM010875,2026-01-19,SCH0113,Kumar General Store,Mustard Oil,,,,Due
MDM002303,2025-04-22,SCH0400,S. Agro Works,Dal,25.1,KG,2259,Pending
MDM011138,2025-10-30,SCH0405,Singh Brothers,Rice,29.7,KG,1188,Pending
MDM009294,2025-11-17,SCH0183,Goyal Mill,Dal,,,2862,Pending
MDM001006,2025-07-15,SCH0146,Sharma Traders Pvt Ltd,Dal,34.0,KG,3060,
MDM003461,2026-02-06,SCH0073,S. Agro Works,Dal,58.3,KG,5247,Pending
MDM010122,2025-12-08,SCH0538,Sharma & Sons,Wheat,29.0,KG,870,
MDM009261,2025-06-21,SCH0440,Sharma Traders Pvt Ltd,Dal,36.7,KG,3303,Pending
MDM011091,2025-07-01,SCH0340,S. Agro Works,Dal,34.6,KG,3114,Paid
MDM003056,2025-12-14,SCH0555,Kumar Supplies,Dal,,,4977,Paid
MDM003567,2026-03-02,SCH0324,Sharma Traders Pvt Ltd,Wheat,42700.0,G,1281,Pending
MDM004830,2025-04-25,SCH0144,Sharma Traders,Mustard Oil,46100.0,G,5532,Paid
MDM002133,2026-02-18,SCH0198,Kumar General Store,Rice,,,1296,
MDM006530,2025-11-26,SCH0415,Kumar Supplies,Dal,,,,Paid
MDM005740,2025-08-06,SCH0405,Sharma Traders Pvt Ltd,Wheat,28.8,KG,864,Pending
MDM007815,2025-09-03,SCH0427,Goyal Enterprises,Wheat,41.5,KG,1245,Paid
MDM000230,2025-09-18,SCH0231,Kumar & Co.,Wheat,,,372,Paid
MDM006536,2026-03-14,SCH0140,Sharma & Sons,Dal,18300.0,G,1647,Pending
MDM004002,2026-03-18,SCH0263,Sharma Traders Pvt Ltd,Cooking Oil,59.8,KG,7176,Paid
MDM008678,2025-10-11,SCH0427,Kumar General Store,Rice,15.6,KG,,
MDM007567,2026-03-19,SCH0180,Singh Agro,Cooking Oil,57.4,KG,6888,Paid
MDM003008,2025-06-18,SCH0446,Kumar General Store,Rice,0.398,SACK,,Paid
MDM006073,2026-03-04,SCH0468,Kumar General Store,Wheat,48200.0,G,1446,Cleared
MDM004588,2025-11-27,SCH0204,Sharma & Sons,Mustard Oil,26.6,KG,3192,Pending
MDM004222,2025-09-02,SCH0493,Sharma Traders,Dal,59000.0,G,5310,Paid
MDM011673,2025-07-30,SCH0472,Kumar General Store,Mustard Oil,40300.0,G,4836,Pending
MDM011893,2026-01-15,SCH0096,Sharma Traders Pvt Ltd,Wheat,13200.0,G,396,Pending
MDM005156,2025-07-04,SCH0019,Kumar Supplies,Wheat,38.3,KG,1149,Paid
MDM002751,2026-03-19,SCH0080,Goyal Rice Mill,Dal,10100.0,G,909,
MDM010128,2025-05-30,SCH0593,Kumar & Co.,Cooking Oil,58.6,KG,7032,Paid
MDM005345,2025-12-14,SCH0146,Goyal Mill,Dal,,,2025,Paid
MDM004377,2025-06-27,SCH0324,Goyal Rice Mill,oil,,,3756,Paid
MDM002945,2026-02-25,SCH0055,Goyal Mill,oil,35.6,KG,,Pending
MDM008924,2026-03-05,SCH0415,Singh Agro,Rice,0.5479999999999999,BAG,1096,Paid
MDM002719,2026-03-17,SCH0269,Sharma Traders,Wheat,59700.0,G,1791,Due
MDM008177,2026-01-29,SCH0111,Singh Agro,Dal,37.2,KG,3348,Due
MDM007314,2026-01-12,SCH0382,Kumar General Store,Dal,54.9,KG,4941,Paid
MDM011277,2025-08-01,SCH0426,Goyal Mill,Dal,,,3708,Cleared
MDM006394,2025-10-30,SCH0445,Sharma Traders Pvt Ltd,Dal,20900.0,G,1881,Pending
MDM009554,2025-10-28,SCH0348,Sharma & Sons,Rice,,,,
MDM004162,2026-03-24,SCH0445,Kumar Supplies,Mustard Oil,56.9,KG,6828,Cleared
MDM010530,2025-07-18,SCH0178,Sharma Traders,oil,0.51,BAG,3060,Pending
MDM009515,2025-04-03,SCH0301,Goyal Mill,Mustard Oil,29100.0,G,3492,Cleared
MDM010169,2026-01-31,SCH0465,Kumar General Store,Wheat,,,960,Pending
MDM007604,2026-03-12,SCH0438,Singh Brothers,Cooking Oil,55.6,KG,6672,Paid
MDM010846,2025-09-04,SCH0008,Sharma & Sons,Wheat,1.048,BAG,1572,Cleared
MDM010938,2026-02-08,SCH0051,Goyal Rice Mill,Rice,21.1,KG,844,Pending
MDM009034,2025-07-12,SCH0271,Kumar General Store,Dal,0.5539999999999999,SACK,2493,Pending
MDM001018,2025-06-27,SCH0072,Goyal Rice Mill,Wheat,0.768,BAG_50KG,1152,Paid
MDM005415,2025-05-23,SCH0584,Sharma Traders,Dal,56.6,KG,5094,Pending
MDM010939,2025-10-16,SCH0324,Singh Agro,Wheat,0.852,BAG,1278,Paid
MDM007686,2025-08-29,SCH0130,S. Agro Works,Dal,,,2259,Cleared
MDM001929,2025-11-17,SCH0029,Sharma & Sons,Wheat,13.0,KG,390,Paid
MDM000351,2025-11-23,SCH0089,Goyal Enterprises,Dal,47400.0,G,4266,Due
MDM006415,2025-04-28,SCH0476,Goyal Mill,Cooking Oil,,,,Pending
MDM011540,2025-10-03,SCH0029,S. Agro Works,Wheat,52600.0,G,1578,Pending
MDM009299,2025-05-16,SCH0231,Sharma Traders,Atta,58.8,KG,1764,Due
MDM009345,2025-12-30,SCH0219,Goyal Rice Mill,Wheat,,,330,Paid
MDM011171,2025-07-05,SCH0058,Singh Agro,oil,1.04,SACK,6240,Paid
MDM000565,2025-08-19,SCH0055,Sharma Traders Pvt Ltd,Wheat,,,702,Paid
MDM001583,2026-02-06,SCH0095,Singh Brothers,Mustard Oil,52.2,KG,6264,Paid
MDM002176,2025-04-03,SCH0290,Kumar General Store,Rice,15.0,KG,600,Paid
MDM011597,2025-10-23,SCH0005,Kumar & Co.,Rice,12.2,KG,488,Due
MDM003934,2025-08-24,SCH0084,Kumar Supplies,oil,33.0,KG,3960,Cleared
MDM002708,2025-05-06,SCH0461,Goyal Rice Mill,Wheat,,,486,
MDM005263,2025-04-03,SCH0589,Sharma & Sons,Cooking Oil,28.6,KG,3432,Pending
MDM006038,2025-06-12,SCH0406,Goyal Mill,Dal,44300.0,G,3987,Cleared
MDM003536,2026-01-18,SCH0332,Singh Agro,Rice,,,1456,Paid
MDM011124,2025-09-05,SCH0009,Sharma Traders,Mustard Oil,29.5,KG,3540,Paid
MDM007742,2025-08-05,SCH0077,Kumar Supplies,Dal,36.1,KG,3249,Pending
MDM007173,2025-12-29,SCH0329,Kumar Supplies,Atta,56400.0,G,1692,Due
MDM003740,2026-03-14,SCH0518,Kumar General Store,Cooking Oil,41600.0,G,4992,
MDM009664,2025-09-30,SCH0371,Sharma & Sons,Rice,23.3,KG,932,Pending
MDM000822,2026-03-12,SCH0398,Kumar Supplies,Mustard Oil,1.188,BAG,7128,Paid
MDM002064,2026-03-13,SCH0238,Kumar General Store,Dal,42100.0,G,3789,Pending
MDM008348,2025-10-01,SCH0141,Sharma Traders Pvt Ltd,Wheat,,,1071,Pending
MDM000082,2025-12-31,SCH0082,Goyal Enterprises,Wheat,32.6,KG,978,Pending
MDM008110,2025-06-23,SCH0574,Goyal Enterprises,Atta,27200.0,G,816,Paid
MDM011434,2026-02-19,SCH0350,Sharma & Sons,Wheat,40.0,KG,,Due
MDM002698,2025-04-03,SCH0079,Goyal Enterprises,Rice,0.772,SACK,1544,Pending
MDM000832,2026-01-29,SCH0159,Sharma & Sons,Wheat,0.8420000000000001,BAG_50KG,1263,Cleared
MDM003827,2025-06-28,SCH0225,Goyal Enterprises,Dal,0.4,BORI,1800,Paid
MDM006852,2026-03-04,SCH0140,Sharma Traders,Dal,16.1,KG,1449,Cleared
MDM002834,2026-03-21,SCH0400,Kumar & Co.,Mustard Oil,11400.0,G,,Paid
MDM008164,2025-10-24,SCH0440,Goyal Rice Mill,Rice,0.286,BAG,572,Paid
MDM011627,2025-09-12,SCH0524,Kumar Supplies,oil,53800.0,G,6456,Pending
MDM006959,2025-10-06,SCH0511,Goyal Enterprises,Wheat,46700.0,G,1401,Cleared
MDM000049,2026-02-14,SCH0123,Goyal Mill,Dal,,,2538,Cleared
MDM007370,2026-01-21,SCH0171,Goyal Mill,Wheat,35100.0,G,1053,
MDM011208,2025-11-19,SCH0441,Sharma Traders Pvt Ltd,Cooking Oil,0.294,BAG_50KG,1764,Due
MDM005007,2026-03-20,SCH0579,Goyal Enterprises,Dal,52.2,KG,4698,
MDM009289,2025-09-14,SCH0444,Singh Agro,Atta,35.3,KG,1059,Due
MDM004096,2025-08-10,SCH0256,Sharma & Sons,Dal,,,1890,Paid
MDM002690,2025-10-30,SCH0120,Sharma & Sons,Rice,,,2148,Pending
MDM005982,2025-07-30,SCH0330,S. Agro Works,Rice,26.0,KG,1040,
MDM007269,2025-05-25,SCH0588,S. Agro Works,Wheat,57200.0,G,1716,Due
MDM006659,2025-09-12,SCH0266,Sharma Traders,Dal,49.6,KG,4464,Pending
MDM002374,2025-12-30,SCH0421,Sharma Traders Pvt Ltd,Wheat,55.2,KG,1656,Cleared
MDM010565,2025-04-01,SCH0395,S. Agro Works,Dal,,,3024,
MDM002759,2025-10-09,SCH0287,Kumar & Co.,Mustard Oil,,,2580,Paid
MDM007709,2025-12-10,SCH0058,Goyal Mill,Rice,36.4,KG,1456,Due
MDM010290,2025-10-25,SCH0394,Goyal Enterprises,Wheat,0.408,BORI,612,
MDM008026,2026-01-11,SCH0484,Sharma Traders,Mustard Oil,48.4,KG,5808,Due
MDM005630,2026-01-29,SCH0214,Goyal Mill,Dal,44.2,KG,3978,Due
MDM003881,2025-07-16,SCH0501,Sharma Traders Pvt Ltd,Wheat,42.7,KG,1281,Paid
MDM008143,2025-04-14,SCH0219,Kumar General Store,Atta,22.5,KG,675,Paid
MDM010962,2025-11-10,SCH0347,Sharma & Sons,Cooking Oil,49.6,KG,5952,Pending
MDM011331,2025-06-24,SCH0439,Kumar Supplies,oil,,,6840,Pending
MDM006823,2025-07-15,SCH0321,S. Agro Works,Cooking Oil,26.7,KG,3204,Pending
MDM006840,2025-09-04,SCH0097,Sharma Traders,Wheat,29.6,KG,888,
MDM003946,2025-05-20,SCH0252,Sharma Traders Pvt Ltd,Cooking Oil,,,,Due
MDM009756,2025-11-20,SCH0316,Sharma & Sons,Cooking Oil,,,1728,Pending
MDM002165,2025-05-03,SCH0373,Sharma & Sons,Atta,0.44,BORI,,
MDM002887,2026-01-09,SCH0400,Sharma Traders Pvt Ltd,Wheat,,,648,Pending
MDM005354,2026-02-21,SCH0514,Goyal Mill,Mustard Oil,20.9,KG,2508,Paid
MDM008944,2026-03-12,SCH0573,Sharma & Sons,Cooking Oil,0.292,BAG_50KG,1752,Due
MDM000517,2026-03-31,SCH0184,Sharma & Sons,Mustard Oil,11.3,KG,,Pending
MDM009635,2026-01-12,SCH0181,Goyal Mill,Rice,33.9,KG,1356,Pending
MDM010304,2025-11-24,SCH0260,Kumar Supplies,Wheat,30000.0,G,900,Pending
MDM000173,2025-08-04,SCH0180,Sharma Traders,Mustard Oil,,,3408,Due
MDM000640,2025-11-08,SCH0080,Kumar Supplies,Dal,22.3,KG,2007,Pending
MDM007236,2025-05-07,SCH0439,Kumar Supplies,Wheat,42.8,KG,1284,Due
MDM008102,2025-10-22,SCH0361,Singh Brothers,oil,,,4992,Pending
MDM001144,2025-11-09,SCH0361,Sharma Traders,Wheat,,,405,Pending
MDM008901,2026-03-24,SCH0099,Singh Brothers,Mustard Oil,1.092,BAG,6552,Cleared
MDM007552,2025-11-14,SCH0403,Sharma & Sons,Rice,45200.0,G,1808,
MDM011223,2025-05-24,SCH0220,Sharma & Sons,Rice,0.444,BAG,888,Due
MDM001833,2025-07-05,SCH0211,Goyal Rice Mill,Rice,12.0,KG,480,Paid
MDM007840,2025-11-29,SCH0564,Kumar & Co.,Dal,0.72,BAG,3240,Paid
MDM006501,2026-02-28,SCH0260,Goyal Enterprises,Wheat,11.4,KG,342,
MDM003687,2025-10-10,SCH0204,Sharma & Sons,Cooking Oil,,,5928,Paid
MDM010926,2025-09-29,SCH0242,Goyal Rice Mill,Wheat,24.7,KG,741,Paid
MDM004538,2026-02-19,SCH0489,Kumar General Store,Dal,,,5004,
MDM006320,2025-09-02,SCH0152,Sharma Traders,Mustard Oil,1.034,BAG,6204,Pending
MDM007754,2025-12-21,SCH0207,S. Agro Works,Dal,0.812,BORI,,Pending
MDM000835,2025-04-09,SCH0369,S. Agro Works,Atta,,,924,
MDM002487,2025-09-18,SCH0007,Sharma Traders,Rice,15300.0,G,612,Due
MDM009242,2026-03-21,SCH0242,S. Agro Works,Dal,,,5130,Pending
MDM006024,2025-07-17,SCH0236,Singh Brothers,Rice,0.434,BORI,868,Paid
MDM011895,2025-05-01,SCH0206,Sharma Traders Pvt Ltd,Cooking Oil,49.7,KG,5964,Pending
MDM008512,2025-10-08,SCH0386,Goyal Mill,Dal,51.4,KG,4626,Paid
MDM010889,2025-07-30,SCH0009,Kumar General Store,Dal,0.522,SACK,2349,Pending
MDM007177,2026-03-27,SCH0318,Kumar & Co.,oil,54400.0,G,6528,Due
MDM000066,2025-11-18,SCH0582,Goyal Rice Mill,Dal,,,927,Pending
MDM005909,2025-10-04,SCH0001,Goyal Mill,Atta,10700.0,G,321,Due
MDM005121,2025-12-16,SCH0537,Sharma Traders Pvt Ltd,Rice,59.9,KG,2396,Paid
MDM008401,2026-03-01,SCH0115,Kumar General Store,Cooking Oil,0.254,BAG,1524,Cleared
MDM002025,2026-03-16,SCH0527,Goyal Rice Mill,Dal,,,1233,Pending
MDM006552,2025-05-07,SCH0596,Sharma & Sons,Rice,18.7,KG,748,Paid
MDM000355,2025-12-04,SCH0028,Sharma & Sons,Wheat,0.524,SACK,786,Pending
MDM006226,2025-06-10,SCH0560,Kumar & Co.,oil,,,3108,Cleared
MDM004763,2025-04-16,SCH0105,Goyal Mill,oil,51200.0,G,6144,Pending
MDM006324,2025-12-25,SCH0436,Singh Agro,Mustard Oil,37.9,KG,4548,
MDM010013,2025-07-24,SCH0303,Goyal Enterprises,Rice,0.982,SACK,1964,Paid
MDM006308,2025-12-02,SCH0159,Singh Agro,Dal,0.89,SACK,4005,Pending
MDM004569,2026-03-09,SCH0012,S. Agro Works,Atta,0.238,SACK,357,Due
MDM003128,2025-10-26,SCH0436,Kumar & Co.,Wheat,34.4,KG,1032,Due
MDM004949,2025-05-03,SCH0263,Goyal Mill,Wheat,31.9,KG,957,Due
MDM000310,2026-03-21,SCH0498,S. Agro Works,Mustard Oil,,,3372,Paid
MDM006985,2025-09-30,SCH0590,S. Agro Works,Atta,43.0,KG,1290,Cleared
MDM006102,2025-09-14,SCH0022,Goyal Mill,Rice,,,2096,Paid
MDM006866,2026-03-02,SCH0405,Kumar General Store,Rice,0.404,BAG,808,Cleared
MDM004355,2025-10-11,SCH0476,Goyal Enterprises,Dal,1.04,BAG,4680,Pending
MDM007922,2026-02-10,SCH0207,Sharma Traders,Rice,33.0,KG,1320,Paid
MDM010523,2026-01-21,SCH0185,Singh Brothers,Dal,,,1980,Paid
MDM007835,2025-12-08,SCH0109,Singh Brothers,oil,,,6132,Cleared
MDM006746,2025-10-05,SCH0200,Goyal Mill,Rice,,,1324,Cleared
MDM002584,2026-02-01,SCH0381,Sharma & Sons,Wheat,31.4,KG,942,Due
MDM002771,2025-06-24,SCH0361,Goyal Enterprises,oil,40800.0,G,4896,
MDM004813,2025-06-21,SCH0473,Singh Agro,oil,57800.0,G,6936,Pending
MDM008912,2026-02-28,SCH0009,Kumar & Co.,Rice,28700.0,G,1148,Due
MDM008418,2026-02-03,SCH0277,Goyal Mill,Rice,23.9,KG,956,Paid
MDM006030,2025-06-29,SCH0070,Kumar Supplies,Wheat,26000.0,G,,Cleared
MDM003210,2025-07-22,SCH0551,Sharma & Sons,Rice,,,1956,Cleared
MDM009535,2025-12-12,SCH0281,Goyal Enterprises,Rice,58000.0,G,2320,Pending
MDM003906,2026-01-02,SCH0317,S. Agro Works,Dal,,,3897,Paid
MDM006605,2026-01-13,SCH0008,Goyal Rice Mill,Wheat,49.0,KG,1470,Pending
MDM011887,2025-10-29,SCH0207,Sharma Traders Pvt Ltd,oil,,,6948,Paid
MDM010072,2025-11-10,SCH0116,Goyal Mill,Mustard Oil,,,,Paid
MDM006568,2025-12-18,SCH0140,Singh Brothers,Wheat,16.6,KG,498,Pending
MDM002380,2025-08-07,SCH0599,Singh Agro,Dal,,,1386,Cleared
MDM008619,2026-01-15,SCH0530,Kumar & Co.,Rice,,,1544,
MDM011608,2025-10-27,SCH0434,Sharma Traders,Mustard Oil,,,4812,Due
MDM004170,2025-06-09,SCH0007,Kumar Supplies,Dal,46.8,KG,4212,Pending
MDM010252,2025-06-26,SCH0080,Goyal Enterprises,Mustard Oil,45.6,KG,5472,
MDM003429,2025-10-22,SCH0077,Sharma Traders,Rice,33.7,KG,1348,Paid
MDM004422,2025-09-02,SCH0560,S. Agro Works,Rice,,,1852,
MDM001102,2025-09-10,SCH0592,Sharma Traders Pvt Ltd,Dal,0.35,SACK,1575,Due
MDM007503,2026-01-12,SCH0308,Singh Agro,Dal,,,5166,Paid
MDM005383,2026-02-06,SCH0204,Sharma & Sons,Wheat,16.4,KG,492,Paid
MDM011785,2025-10-28,SCH0030,Singh Brothers,Rice,,,956,Cleared
MDM003251,2025-09-18,SCH0558,Goyal Enterprises,Dal,26.4,KG,2376,Paid
MDM004410,2025-05-31,SCH0525,Singh Agro,Dal,19.7,KG,1773,
MDM004141,2026-03-08,SCH0476,Goyal Mill,Dal,0.242,BAG_50KG,1089,Paid
MDM003558,2025-06-09,SCH0344,Sharma Traders,Wheat,0.3779999999999999,BAG_50KG,567,Cleared
MDM007272,2025-09-30,SCH0201,Goyal Mill,Wheat,22.9,KG,687,Due
MDM000119,2025-05-09,SCH0180,Sharma Traders Pvt Ltd,Dal,12300.0,G,1107,Pending
MDM002023,2026-01-02,SCH0482,Sharma & Sons,Dal,0.652,BORI,2934,Pending
MDM004599,2026-01-18,SCH0492,Goyal Rice Mill,Cooking Oil,0.9640000000000001,BAG,5784,Due
MDM009836,2025-09-10,SCH0204,Singh Brothers,Cooking Oil,,,3408,
MDM004982,2025-11-23,SCH0167,Sharma Traders,Rice,,,1352,Due
MDM010705,2025-12-25,SCH0246,Goyal Enterprises,Rice,,,1080,Pending
MDM005845,2025-07-11,SCH0065,S. Agro Works,Dal,1.008,BAG_50KG,4536,Cleared
MDM008882,2025-06-15,SCH0427,Goyal Enterprises,Dal,58300.0,G,5247,Paid
MDM004682,2026-02-15,SCH0540,S. Agro Works,Rice,,,1904,Pending
MDM009956,2025-08-16,SCH0533,Sharma & Sons,Wheat,57.0,KG,1710,Pending
MDM007349,2025-12-23,SCH0412,Goyal Rice Mill,Dal,17.8,KG,1602,Cleared
MDM004274,2025-12-26,SCH0168,Goyal Mill,Mustard Oil,,,5616,Pending
MDM006444,2025-06-17,SCH0464,Goyal Rice Mill,Mustard Oil,17.4,KG,2088,Due
MDM000088,2025-12-26,SCH0096,Kumar General Store,Atta,52900.0,G,1587,Pending
MDM009758,2025-11-05,SCH0530,Goyal Enterprises,Wheat,,,1674,Pending
MDM003383,2025-04-29,SCH0298,Goyal Mill,Wheat,32.9,KG,987,Pending
MDM008254,2025-08-09,SCH0460,Singh Brothers,Wheat,1.116,BORI,1674,Paid
MDM000404,2025-08-14,SCH0439,Goyal Enterprises,Rice,,,1532,Pending
MDM003351,2025-06-14,SCH0374,Goyal Enterprises,Dal,37.9,KG,3411,Paid
MDM010288,2025-08-10,SCH0319,Goyal Rice Mill,Dal,10.2,KG,918,
MDM005174,2026-03-16,SCH0296,Kumar General Store,Dal,58800.0,G,5292,Due
MDM008724,2025-04-21,SCH0421,Kumar Supplies,Mustard Oil,,,4296,Due
MDM002242,2025-07-04,SCH0086,Sharma & Sons,Dal,0.28,BORI,1260,Pending
MDM010856,2025-12-27,SCH0203,Sharma Traders,Dal,25.1,KG,2259,Pending
MDM008019,2026-03-18,SCH0030,Kumar Supplies,Dal,58.4,KG,5256,Paid
MDM001028,2026-02-11,SCH0045,S. Agro Works,Dal,43.1,KG,,
MDM011992,2025-10-01,SCH0178,Singh Agro,Mustard Oil,52.1,KG,6252,Cleared
MDM006259,2025-11-14,SCH0456,Kumar & Co.,Mustard Oil,0.8079999999999999,SACK,4848,Due
MDM002437,2025-05-09,SCH0462,Kumar Supplies,Mustard Oil,41.3,KG,4956,Paid
MDM006033,2025-09-08,SCH0339,Kumar & Co.,Cooking Oil,23.2,KG,2784,Pending
MDM008352,2025-07-31,SCH0093,Goyal Enterprises,Dal,30100.0,G,2709,Cleared
MDM001279,2025-09-26,SCH0003,Kumar General Store,Rice,,,1896,
MDM009676,2025-11-02,SCH0136,Kumar General Store,Mustard Oil,,,1284,Cleared
MDM007772,2025-12-20,SCH0448,Kumar General Store,Atta,,,1776,Cleared
MDM001426,2025-09-17,SCH0110,Kumar Supplies,Mustard Oil,,,1668,Cleared
MDM007029,2025-04-11,SCH0597,Kumar General Store,Rice,0.38,SACK,760,Paid
MDM001503,2025-06-24,SCH0264,Goyal Rice Mill,Dal,,,1422,Paid
MDM010583,2025-05-09,SCH0176,Sharma Traders,Wheat,48.4,KG,1452,Paid
MDM010125,2025-12-15,SCH0141,Kumar General Store,Dal,0.504,BAG,2268,Pending
MDM010602,2025-08-11,SCH0173,Sharma Traders Pvt Ltd,Cooking Oil,29900.0,G,3588,
MDM000679,2026-02-09,SCH0293,Sharma & Sons,Dal,,,1674,Paid
MDM008605,2026-03-02,SCH0265,Goyal Enterprises,oil,,,4056,Due
MDM011110,2025-06-28,SCH0197,Singh Agro,Rice,33500.0,G,1340,Cleared
MDM007521,2025-12-02,SCH0231,Kumar & Co.,Rice,,,1388,Due
MDM007854,2026-02-15,SCH0391,Goyal Enterprises,Rice,20300.0,G,812,Pending
MDM001071,2026-03-05,SCH0415,Goyal Mill,Wheat,,,600,Paid
MDM002481,2025-12-30,SCH0561,Singh Agro,Dal,0.716,BAG,3222,Pending
MDM011381,2025-04-03,SCH0456,Goyal Rice Mill,Wheat,44.1,KG,1323,Cleared
MDM003393,2025-06-26,SCH0464,Goyal Rice Mill,Rice,0.278,BAG,556,Pending
MDM001100,2025-10-22,SCH0222,Sharma Traders,Rice,55200.0,G,2208,Cleared
MDM010686,2026-02-20,SCH0299,Sharma & Sons,Atta,20.4,KG,612,Due
MDM007982,2025-12-15,SCH0182,Kumar Supplies,Wheat,0.29,BAG_50KG,435,
MDM000419,2025-12-03,SCH0249,S. Agro Works,Dal,11.7,KG,1053,Paid
MDM007423,2025-12-27,SCH0056,Kumar Supplies,Dal,40500.0,G,3645,Pending
MDM005377,2025-05-08,SCH0339,Goyal Rice Mill,Cooking Oil,34.7,KG,4164,Pending
MDM001948,2025-07-28,SCH0117,S. Agro Works,Dal,,,2223,Paid
MDM003337,2025-06-10,SCH0451,Goyal Mill,Dal,0.8,BAG,3600,Pending
MDM002300,2025-12-04,SCH0024,Sharma Traders,Rice,21.7,KG,868,Paid
MDM006953,2026-01-11,SCH0047,S. Agro Works,Mustard Oil,23.4,KG,2808,
MDM006957,2025-07-22,SCH0042,Singh Brothers,Wheat,,,1587,Cleared
MDM000209,2025-10-28,SCH0005,Kumar & Co.,Wheat,,,1497,Pending
MDM010827,2026-03-21,SCH0426,Kumar General Store,Cooking Oil,,,5928,Paid
MDM010383,2026-02-20,SCH0380,Kumar General Store,Dal,26900.0,G,2421,Pending
MDM005618,2025-12-06,SCH0029,Goyal Rice Mill,Mustard Oil,50.9,KG,6108,
MDM000529,2025-04-11,SCH0423,S. Agro Works,Rice,45.0,KG,1800,Pending
MDM000780,2025-05-10,SCH0091,Goyal Rice Mill,Rice,,,,Cleared
MDM000723,2026-03-12,SCH0325,Singh Brothers,Dal,29000.0,G,,Pending
MDM007496,2025-08-21,SCH0180,Sharma & Sons,Dal,0.84,BAG,3780,Paid
MDM001861,2025-09-29,SCH0107,Goyal Enterprises,Wheat,27.7,KG,831,Cleared
MDM010475,2026-01-06,SCH0253,Singh Brothers,Cooking Oil,52.8,KG,6336,Cleared
MDM011815,2026-03-05,SCH0508,Kumar General Store,Dal,,,3141,Cleared
MDM010462,2025-10-16,SCH0089,Kumar Supplies,Rice,,,1844,Pending
MDM011199,2025-06-10,SCH0094,Kumar General Store,Wheat,,,1068,Paid
MDM001993,2025-07-08,SCH0394,Goyal Enterprises,Rice,,,1204,Cleared
MDM002333,2025-08-05,SCH0032,Singh Brothers,oil,31.8,KG,3816,Pending
MDM009973,2025-04-11,SCH0013,Kumar Supplies,Wheat,0.49,BAG_50KG,735,Paid
MDM011403,2025-11-18,SCH0196,Sharma Traders,Wheat,15.3,KG,459,Cleared
MDM005995,2026-03-10,SCH0366,Sharma Traders Pvt Ltd,Cooking Oil,,,1416,Pending
MDM003460,2025-06-28,SCH0315,Kumar General Store,Wheat,0.424,BAG,636,Paid
MDM008927,2026-02-01,SCH0344,Sharma & Sons,Wheat,0.652,BAG_50KG,978,Pending
MDM007208,2026-01-01,SCH0200,S. Agro Works,Dal,,,2268,
MDM004519,2026-03-29,SCH0103,Sharma Traders,Cooking Oil,,,5052,Pending
MDM005585,2025-08-27,SCH0205,Kumar Supplies,Rice,,,,Paid
MDM005642,2026-03-27,SCH0169,Kumar General Store,Rice,11.8,KG,472,Cleared
MDM010294,2025-04-16,SCH0332,Sharma Traders Pvt Ltd,Rice,29.7,KG,1188,Paid
MDM000258,2025-07-26,SCH0075,Singh Agro,Wheat,,,795,Paid
MDM009412,2026-01-17,SCH0363,Sharma Traders Pvt Ltd,Dal,54300.0,G,,Paid
MDM009346,2026-01-15,SCH0267,Goyal Mill,Dal,40.1,KG,3609,Paid
MDM011241,2025-04-06,SCH0590,Sharma Traders,Dal,21.3,KG,1917,Paid
MDM009872,2026-02-05,SCH0404,Singh Agro,Atta,0.978,BAG,1467,Due
MDM007647,2025-05-06,SCH0159,Kumar Supplies,Rice,,,,Paid
MDM003626,2026-02-22,SCH0503,Kumar Supplies,Mustard Oil,0.212,BAG,1272,Pending
MDM000703,2025-11-22,SCH0482,Singh Brothers,Dal,45800.0,G,4122,Pending
MDM003190,2025-11-01,SCH0018,Sharma & Sons,oil,37.9,KG,,Cleared
MDM000504,2025-07-10,SCH0211,Sharma & Sons,oil,,,4572,Paid
MDM010891,2025-11-25,SCH0581,Sharma & Sons,Mustard Oil,14.2,KG,1704,Due
MDM002557,2025-07-11,SCH0450,Kumar General Store,Dal,48.1,KG,4329,
MDM010754,2025-04-05,SCH0147,Goyal Mill,Wheat,58.8,KG,1764,Pending
MDM002249,2025-11-21,SCH0398,Goyal Enterprises,Atta,,,1359,
MDM000373,2025-07-12,SCH0388,Sharma Traders,Rice,54800.0,G,2192,Cleared
MDM004053,2025-10-19,SCH0461,Goyal Mill,Wheat,1.002,BAG,1503,
MDM003938,2025-05-11,SCH0289,Sharma & Sons,Dal,0.91,BAG,4095,Cleared
MDM004077,2025-10-28,SCH0317,Sharma & Sons,Mustard Oil,25900.0,G,,
MDM000998,2025-07-29,SCH0574,Sharma Traders Pvt Ltd,Dal,26.8,KG,2412,Cleared
MDM004333,2025-04-28,SCH0207,Sharma & Sons,Cooking Oil,0.246,BORI,1476,
MDM005633,2026-02-12,SCH0146,S. Agro Works,Mustard Oil,10.7,KG,1284,
MDM001177,2025-07-17,SCH0540,Sharma & Sons,Dal,,,,Paid
MDM011971,2025-11-20,SCH0171,Sharma & Sons,Dal,,,3177,Due
MDM000552,2025-05-14,SCH0078,Singh Brothers,Rice,0.528,BAG,1056,Pending
MDM004841,2025-10-08,SCH0083,Kumar Supplies,Rice,54900.0,G,2196,
MDM004373,2025-11-20,SCH0166,Goyal Rice Mill,Wheat,12.6,KG,378,Pending
MDM003498,2026-03-24,SCH0373,Goyal Mill,Mustard Oil,47.2,KG,5664,Pending
MDM005460,2025-10-18,SCH0208,Kumar & Co.,Dal,1.156,BAG,5202,Cleared
MDM005107,2025-08-15,SCH0486,Goyal Enterprises,Rice,,,2352,Pending
MDM005774,2025-12-23,SCH0241,Kumar General Store,Mustard Oil,,,2508,
MDM010737,2026-03-04,SCH0343,Sharma & Sons,Dal,,,3285,Pending
MDM008217,2025-08-30,SCH0029,Singh Brothers,oil,34.0,KG,4080,Pending
MDM006949,2026-01-05,SCH0324,S. Agro Works,Wheat,18600.0,G,558,Paid
MDM007640,2025-07-21,SCH0050,Singh Brothers,Rice,0.218,BAG,436,Cleared
MDM008474,2026-01-15,SCH0238,Goyal Rice Mill,Rice,59.3,KG,2372,
MDM000694,2025-08-28,SCH0290,Kumar & Co.,Wheat,11600.0,G,348,Due
MDM002534,2025-11-03,SCH0543,Kumar General Store,Rice,1.032,BAG,2064,Due
MDM005012,2026-02-09,SCH0005,Singh Agro,Wheat,,,,
MDM003444,2025-05-03,SCH0527,Kumar Supplies,Mustard Oil,0.5760000000000001,BORI,3456,Due
MDM000983,2025-07-28,SCH0145,Goyal Enterprises,Wheat,54.1,KG,1623,Paid
MDM005442,2025-08-21,SCH0045,S. Agro Works,Dal,0.452,SACK,,Paid
MDM011629,2025-05-26,SCH0540,Kumar General Store,Wheat,,,1299,Cleared
MDM004223,2025-07-06,SCH0159,Goyal Rice Mill,Wheat,0.674,BAG_50KG,1011,Cleared
MDM000092,2025-04-02,SCH0142,Singh Brothers,Wheat,,,1611,Cleared
MDM002267,2026-02-06,SCH0169,Singh Brothers,oil,,,1824,Pending
MDM008863,2025-06-10,SCH0591,Sharma Traders Pvt Ltd,Rice,14500.0,G,580,Pending
MDM007497,2025-11-15,SCH0392,Goyal Enterprises,Wheat,0.542,BAG_50KG,813,
MDM007599,2025-05-01,SCH0158,Singh Brothers,Rice,,,716,Pending
MDM000262,2025-10-17,SCH0006,Singh Agro,Dal,0.376,BAG_50KG,1692,Paid
MDM003338,2025-08-28,SCH0131,Kumar General Store,oil,17200.0,G,,Paid
MDM007948,2025-08-28,SCH0536,Kumar General Store,oil,11.2,KG,1344,Pending
MDM009905,2025-04-07,SCH0099,Kumar Supplies,Mustard Oil,39.8,KG,4776,
MDM010609,2025-06-20,SCH0488,Goyal Enterprises,Dal,,,4338,Pending
MDM000446,2026-01-16,SCH0404,Sharma Traders,oil,0.422,BAG,2532,
MDM003556,2025-05-22,SCH0103,Goyal Mill,Dal,29.4,KG,2646,Pending
MDM002195,2026-02-20,SCH0283,S. Agro Works,Dal,18600.0,G,1674,Pending
MDM006877,2025-08-24,SCH0201,Kumar & Co.,Rice,53.8,KG,2152,
MDM008238,2025-07-16,SCH0284,Goyal Enterprises,Rice,29.9,KG,1196,Cleared
MDM002868,2025-05-27,SCH0373,Sharma Traders,Dal,,,3708,
MDM002527,2026-03-10,SCH0510,Goyal Enterprises,Dal,34.4,KG,3096,Paid
MDM011798,2025-05-27,SCH0025,Goyal Rice Mill,Wheat,0.75,BAG,,Cleared
MDM007866,2025-09-19,SCH0316,Goyal Mill,Rice,46.7,KG,1868,Pending
MDM011332,2025-12-01,SCH0313,Goyal Rice Mill,Rice,0.866,BORI,1732,Pending
MDM001169,2025-12-02,SCH0144,Sharma & Sons,Dal,25400.0,G,2286,
MDM004145,2026-01-16,SCH0213,Sharma Traders Pvt Ltd,Dal,,,4221,Pending
MDM000085,2025-08-18,SCH0381,Sharma Traders,Cooking Oil,,,3888,Cleared
MDM003150,2025-11-10,SCH0275,Singh Agro,Dal,45.1,KG,4059,Due
MDM010091,2025-10-25,SCH0524,S. Agro Works,oil,0.326,BAG_50KG,1956,Paid
MDM000881,2025-10-03,SCH0250,Singh Brothers,Rice,0.6859999999999999,BAG_50KG,1372,Pending
MDM007133,2025-05-30,SCH0214,Sharma & Sons,Wheat,,,1701,Paid
MDM008319,2025-10-15,SCH0203,Kumar General Store,Wheat,,,939,
MDM001468,2025-09-15,SCH0146,Kumar & Co.,Dal,,,1323,Due
MDM009038,2026-01-01,SCH0331,Goyal Mill,Rice,,,504,Cleared
MDM007345,2025-05-27,SCH0231,Singh Agro,Mustard Oil,,,5472,Paid
MDM007174,2025-07-25,SCH0058,Kumar General Store,Wheat,34.4,KG,1032,Paid
MDM004327,2025-09-11,SCH0080,S. Agro Works,Wheat,0.244,SACK,366,
MDM004045,2025-12-16,SCH0337,Singh Agro,Mustard Oil,,,,Pending
MDM004138,2025-05-10,SCH0148,Goyal Rice Mill,Rice,0.546,BAG,1092,
MDM003040,2025-11-17,SCH0253,Sharma & Sons,Rice,,,2004,Paid
MDM006390,2025-11-14,SCH0557,Kumar General Store,Dal,12.2,KG,,Due
MDM010927,2026-03-18,SCH0591,Singh Brothers,Rice,0.36,BORI,720,Paid
MDM007211,2025-06-19,SCH0421,Sharma & Sons,Wheat,,,1224,Pending
MDM000580,2025-06-20,SCH0575,Goyal Mill,Wheat,,,657,Pending
MDM008671,2025-12-11,SCH0222,S. Agro Works,Dal,,,2772,Pending
MDM009096,2025-08-20,SCH0038,Goyal Enterprises,Dal,16700.0,G,1503,Cleared
MDM008864,2025-12-07,SCH0428,Goyal Enterprises,Wheat,47900.0,G,1437,Pending
MDM009727,2025-04-05,SCH0328,Singh Brothers,Cooking Oil,,,3708,Cleared
MDM002468,2026-02-01,SCH0339,Goyal Mill,Dal,54.8,KG,4932,Paid
MDM004158,2025-06-29,SCH0515,Sharma Traders Pvt Ltd,Wheat,13.8,KG,414,Pending
MDM006120,2026-01-31,SCH0256,Sharma & Sons,Wheat,10800.0,G,324,Paid
MDM000414,2025-10-07,SCH0521,Sharma Traders Pvt Ltd,Mustard Oil,,,4920,Paid
MDM000403,2026-02-05,SCH0501,Singh Agro,Dal,21900.0,G,1971,Pending
MDM004429,2025-05-02,SCH0535,Kumar & Co.,Wheat,38.3,KG,1149,Due
MDM002085,2026-01-11,SCH0202,Goyal Rice Mill,Dal,,,4347,Pending
MDM003058,2025-11-17,SCH0388,Goyal Rice Mill,Dal,0.612,BAG,2754,Paid
MDM009252,2025-09-09,SCH0581,Kumar & Co.,Dal,,,2439,Due
MDM000165,2025-08-07,SCH0038,Kumar & Co.,Rice,35.1,KG,1404,Pending
MDM004303,2026-02-25,SCH0547,S. Agro Works,Wheat,44400.0,G,1332,Paid
MDM007865,2026-02-22,SCH0268,S. Agro Works,Mustard Oil,0.248,SACK,1488,Pending
MDM009757,2025-06-18,SCH0312,Kumar & Co.,Dal,0.946,BORI,4257,
MDM003318,2025-09-01,SCH0553,Sharma Traders Pvt Ltd,Dal,56800.0,G,5112,Paid
MDM009903,2026-01-10,SCH0009,Goyal Rice Mill,oil,40900.0,G,4908,Due
MDM003935,2026-02-15,SCH0582,Singh Agro,Rice,0.6,BAG,1200,Paid
MDM001848,2026-01-07,SCH0034,Goyal Rice Mill,Mustard Oil,43100.0,G,5172,
MDM001335,2025-05-03,SCH0571,Kumar Supplies,oil,,,,
MDM009498,2026-03-18,SCH0331,Goyal Mill,Wheat,,,1704,Paid
MDM000754,2025-11-19,SCH0582,Sharma & Sons,Dal,,,2223,Paid
MDM003065,2025-10-09,SCH0539,Singh Brothers,Rice,21200.0,G,848,Paid
MDM000707,2025-11-12,SCH0238,Singh Agro,Mustard Oil,0.242,SACK,1452,Pending
MDM003492,2025-06-26,SCH0583,Goyal Rice Mill,Dal,36300.0,G,3266,Pending
MDM004574,2026-03-25,SCH0581,Kumar & Co.,Mustard Oil,17.9,KG,2148,
MDM007350,2026-03-21,SCH0210,Goyal Mill,Dal,0.836,BAG,3762,Cleared
MDM005158,2025-10-10,SCH0520,Goyal Enterprises,Rice,,,1496,Cleared
MDM003152,2026-03-20,SCH0512,Goyal Rice Mill,Dal,,,,Due
MDM011556,2025-07-03,SCH0354,Goyal Enterprises,Wheat,0.386,BAG_50KG,579,Paid
MDM003800,2025-09-29,SCH0392,Sharma Traders Pvt Ltd,Wheat,,,1410,
MDM004023,2026-03-14,SCH0149,Sharma Traders Pvt Ltd,Mustard Oil,15.1,KG,1812,Pending
MDM001075,2025-06-08,SCH0033,Kumar Supplies,Dal,0.626,BAG_50KG,2817,Paid
MDM008266,2025-09-27,SCH0590,Singh Agro,Wheat,19900.0,G,597,
MDM003439,2026-02-26,SCH0390,Sharma & Sons,Mustard Oil,,,2820,Cleared
MDM007755,2025-07-24,SCH0232,Singh Brothers,Rice,,,548,Pending
MDM011039,2025-10-25,SCH0263,Kumar General Store,Rice,,,592,Paid
MDM007798,2025-11-08,SCH0385,Singh Brothers,Wheat,,,1539,Paid
MDM002430,2026-01-05,SCH0571,Singh Agro,Dal,,,1017,Cleared
MDM000247,2025-06-30,SCH0278,Goyal Enterprises,Wheat,,,1182,Paid
MDM003816,2025-07-11,SCH0374,Goyal Mill,Rice,,,1584,
MDM005823,2025-11-27,SCH0490,Goyal Enterprises,Dal,,,2493,Pending
MDM003633,2025-11-22,SCH0435,Sharma Traders,Rice,,,1748,
MDM008240,2025-12-06,SCH0195,Sharma Traders,Dal,20.0,KG,1800,Pending
MDM002263,2026-01-23,SCH0102,Goyal Rice Mill,Atta,42600.0,G,1278,Pending
MDM002247,2025-05-10,SCH0392,Goyal Enterprises,Wheat,51900.0,G,1557,Pending
MDM000836,2026-02-09,SCH0262,Goyal Rice Mill,Mustard Oil,0.934,BAG_50KG,5604,
MDM005065,2025-12-21,SCH0104,Kumar Supplies,Wheat,26.8,KG,,Cleared
MDM000433,2025-10-20,SCH0573,Sharma Traders,Dal,42.8,KG,,Due
MDM005426,2026-01-01,SCH0130,Goyal Enterprises,Dal,,,,
MDM001174,2025-04-22,SCH0012,Singh Brothers,oil,46.6,KG,5592,Paid
MDM005810,2025-04-11,SCH0467,Kumar & Co.,Wheat,42.3,KG,1269,Cleared
MDM004657,2025-11-01,SCH0024,Kumar Supplies,Wheat,,,1614,Paid
MDM007650,2025-05-06,SCH0333,Singh Agro,oil,,,3276,Pending
MDM008297,2025-04-01,SCH0251,Goyal Enterprises,oil,18.8,KG,2256,Pending
MDM000251,2025-12-29,SCH0280,Kumar Supplies,Atta,20900.0,G,627,Due
MDM005231,2025-05-01,SCH0282,Kumar Supplies,Rice,52.7,KG,2108,Paid
MDM005505,2026-01-14,SCH0572,Goyal Enterprises,Wheat,30600.0,G,918,Due
MDM009845,2025-12-24,SCH0569,Goyal Enterprises,Mustard Oil,48400.0,G,5808,Cleared
MDM009725,2025-07-22,SCH0409,Sharma Traders Pvt Ltd,Cooking Oil,,,6804,Pending
MDM003408,2026-02-25,SCH0044,Kumar General Store,Rice,44700.0,G,1788,Paid
MDM002730,2025-08-16,SCH0237,Kumar & Co.,Wheat,13.3,KG,399,Paid
MDM000434,2025-06-02,SCH0333,Sharma & Sons,Atta,0.7040000000000001,BAG,1056,
MDM007654,2025-05-16,SCH0559,Goyal Mill,Wheat,51.9,KG,1557,
MDM009361,2026-01-01,SCH0260,Kumar Supplies,Dal,0.41,BAG_50KG,1845,Paid
MDM011225,2025-04-18,SCH0118,Singh Brothers,Dal,0.752,BAG,3384,Paid
MDM007451,2025-04-03,SCH0215,Singh Brothers,Mustard Oil,37.2,KG,4464,Paid
MDM011161,2026-03-19,SCH0403,S. Agro Works,Dal,,,3582,Paid
MDM007278,2026-01-07,SCH0158,Singh Agro,Rice,,,1128,Pending
MDM010347,2025-12-26,SCH0590,Sharma & Sons,Mustard Oil,,,6300,Cleared
MDM004003,2025-04-09,SCH0045,Sharma Traders,oil,,,3972,Due
MDM008192,2026-02-03,SCH0066,Goyal Rice Mill,Wheat,42300.0,G,1269,Paid
MDM001333,2025-06-18,SCH0492,Kumar General Store,Dal,27.3,KG,2457,Paid
MDM008945,2026-03-03,SCH0338,Sharma Traders,Dal,1.104,BORI,4968,Pending
MDM009360,2025-09-19,SCH0099,Singh Agro,Rice,52.4,KG,2096,Paid
MDM009245,2025-08-30,SCH0490,S. Agro Works,Cooking Oil,,,2904,Due
MDM001444,2025-04-13,SCH0240,Goyal Mill,Wheat,41.0,KG,1230,Paid
MDM010064,2025-04-16,SCH0213,Kumar & Co.,Wheat,36.0,KG,1080,Pending
MDM011807,2025-12-10,SCH0381,S. Agro Works,oil,38.4,KG,4608,Pending
MDM004311,2025-07-02,SCH0319,Kumar Supplies,Cooking Oil,0.534,BAG_50KG,3204,Pending
MDM004900,2025-08-26,SCH0445,Singh Agro,Rice,15100.0,G,604,Pending
MDM006559,2025-12-13,SCH0320,Kumar & Co.,Rice,0.426,BAG_50KG,852,Pending
MDM010934,2025-09-06,SCH0582,Sharma & Sons,Dal,1.166,BAG,5247,Paid
MDM011179,2025-10-05,SCH0258,Singh Brothers,Rice,45.9,KG,1836,Pending
MDM009755,2026-03-05,SCH0189,Sharma Traders,Atta,1.02,BAG,1530,
MDM002570,2025-12-11,SCH0492,S. Agro Works,Mustard Oil,44.8,KG,5376,Paid
MDM008992,2025-09-28,SCH0537,Singh Brothers,oil,,,1692,Due
MDM004278,2025-08-28,SCH0587,S. Agro Works,Wheat,10.1,KG,303,Pending
MDM003667,2025-11-02,SCH0291,Kumar & Co.,Mustard Oil,38.6,KG,4632,Cleared
MDM006135,2025-10-20,SCH0443,Singh Brothers,oil,13.6,KG,1632,Due
MDM002447,2026-01-29,SCH0568,Kumar General Store,Mustard Oil,46.0,KG,5520,Pending
MDM010219,2026-03-21,SCH0478,Goyal Mill,Rice,,,976,
MDM003658,2025-09-17,SCH0220,Sharma Traders Pvt Ltd,Cooking Oil,,,3912,
MDM009971,2025-10-20,SCH0439,Kumar & Co.,Mustard Oil,41.9,KG,5028,
MDM003173,2025-08-09,SCH0219,Goyal Mill,Wheat,37100.0,G,1113,Pending
MDM001224,2025-06-12,SCH0089,Singh Brothers,Wheat,0.218,BAG,327,Due
MDM009575,2025-12-19,SCH0246,Sharma Traders Pvt Ltd,Wheat,57.8,KG,1734,Cleared
MDM004167,2026-03-04,SCH0441,Goyal Rice Mill,Wheat,41.4,KG,1242,Paid
MDM000545,2025-05-28,SCH0112,Sharma Traders Pvt Ltd,Dal,0.654,BAG,2943,
MDM001205,2026-03-24,SCH0226,Kumar Supplies,Rice,,,2044,Paid
MDM005606,2025-11-09,SCH0276,Kumar & Co.,Atta,0.89,BAG,1335,Paid
MDM006441,2025-09-03,SCH0068,Singh Brothers,Rice,26.5,KG,1060,Due
MDM011243,2026-03-17,SCH0048,Sharma Traders,Cooking Oil,43.8,KG,5256,Paid
MDM002638,2025-07-09,SCH0156,Goyal Mill,Dal,,,2439,Due
MDM006244,2025-06-02,SCH0354,Kumar & Co.,Cooking Oil,1.01,SACK,,Due
MDM010276,2025-05-24,SCH0055,Sharma Traders,Mustard Oil,21.2,KG,2544,Pending
MDM006561,2026-03-10,SCH0515,Kumar Supplies,Wheat,0.9440000000000001,BORI,1416,
MDM010770,2025-12-15,SCH0564,Singh Brothers,Rice,18300.0,G,732,Paid
MDM000878,2025-06-30,SCH0120,S. Agro Works,Rice,50.3,KG,2012,Paid
MDM010022,2025-11-14,SCH0145,Singh Agro,Rice,,,1000,Paid
MDM000197,2025-12-27,SCH0319,Kumar General Store,Dal,1.076,SACK,4842,Pending
MDM003384,2025-05-24,SCH0591,Sharma & Sons,Rice,,,2272,Pending
MDM004380,2025-09-16,SCH0193,Sharma & Sons,Rice,25.6,KG,1024,Paid
MDM008527,2025-11-30,SCH0586,Sharma Traders Pvt Ltd,Wheat,12.8,KG,384,Due
MDM008861,2026-03-29,SCH0555,Kumar General Store,Wheat,,,948,Pending
MDM002998,2026-01-15,SCH0427,Sharma & Sons,Mustard Oil,58300.0,G,6996,Pending
MDM002572,2026-01-04,SCH0376,Goyal Rice Mill,Rice,34600.0,G,1384,Due
MDM011926,2026-02-11,SCH0312,Singh Agro,Dal,,,4653,Pending
MDM010657,2025-10-11,SCH0292,Goyal Enterprises,oil,14.7,KG,1764,Cleared
MDM011576,2026-03-05,SCH0302,Singh Brothers,Rice,45.9,KG,1836,Paid
MDM011837,2025-11-15,SCH0109,Goyal Mill,Wheat,28.8,KG,864,Paid
MDM004970,2025-05-07,SCH0515,Singh Brothers,Wheat,53800.0,G,1614,Paid
MDM004712,2025-12-11,SCH0391,Singh Brothers,Rice,52.8,KG,2112,
MDM004164,2025-07-17,SCH0113,Goyal Rice Mill,Rice,52600.0,G,2104,Pending
MDM006391,2025-07-03,SCH0328,Singh Agro,Rice,13200.0,G,528,Pending
MDM005814,2025-05-31,SCH0515,Goyal Enterprises,Wheat,46500.0,G,,Pending
MDM009285,2025-10-20,SCH0590,Singh Brothers,Cooking Oil,42300.0,G,5076,Cleared
MDM002683,2025-12-15,SCH0368,Goyal Rice Mill,Mustard Oil,,,4680,Paid
MDM006261,2026-02-08,SCH0477,Singh Agro,Wheat,16.0,KG,480,Paid
MDM002509,2026-03-16,SCH0043,Kumar General Store,Rice,1.016,BAG_50KG,2032,
MDM006392,2025-05-11,SCH0129,S. Agro Works,Wheat,23.2,KG,696,Pending
MDM001511,2026-02-15,SCH0004,Goyal Enterprises,Mustard Oil,,,2328,Pending
MDM004315,2025-12-16,SCH0198,Goyal Mill,Rice,29700.0,G,1188,
MDM007769,2025-06-13,SCH0181,Sharma Traders Pvt Ltd,Wheat,,,1044,Due
MDM001245,2026-01-28,SCH0164,Goyal Rice Mill,Dal,53300.0,G,4797,Paid
MDM005668,2025-07-01,SCH0026,Singh Brothers,Rice,,,2004,Paid
MDM010887,2025-08-11,SCH0021,Goyal Mill,Rice,17700.0,G,708,Pending
MDM004122,2025-10-27,SCH0454,Kumar Supplies,Wheat,,,795,Paid
MDM004996,2026-01-11,SCH0210,Singh Brothers,Dal,,,4374,Paid
MDM008962,2026-01-10,SCH0422,Goyal Rice Mill,Dal,1.182,BAG,5319,Cleared
MDM005736,2025-12-06,SCH0376,Sharma Traders Pvt Ltd,Rice,,,704,Pending
MDM006924,2026-01-02,SCH0052,Sharma Traders,Dal,15400.0,G,1386,Pending
MDM006661,2025-04-14,SCH0486,Goyal Mill,Dal,,,2349,
MDM000255,2025-07-23,SCH0593,Kumar Supplies,Rice,,,1504,
MDM007445,2025-04-13,SCH0149,Goyal Rice Mill,Mustard Oil,10.3,KG,1236,Cleared
MDM004512,2025-07-28,SCH0333,Kumar Supplies,Dal,32.5,KG,2925,Cleared
MDM007104,2025-04-30,SCH0297,Sharma Traders,Rice,46500.0,G,1860,
MDM005160,2026-02-10,SCH0363,Goyal Mill,Cooking Oil,,,2352,Cleared
MDM010199,2025-11-29,SCH0060,Goyal Rice Mill,Dal,,,1620,Paid
MDM000760,2025-04-06,SCH0313,Goyal Rice Mill,Mustard Oil,51900.0,G,6228,Paid
MDM000655,2025-05-09,SCH0401,Kumar Supplies,Rice,,,1892,Paid
MDM011800,2025-10-29,SCH0304,Goyal Enterprises,Rice,,,864,Pending
MDM003402,2025-06-19,SCH0285,Goyal Rice Mill,Mustard Oil,0.242,BORI,1452,Pending
MDM001421,2026-01-16,SCH0223,Goyal Enterprises,Wheat,,,465,Pending
MDM003045,2025-05-11,SCH0266,Kumar & Co.,Dal,14700.0,G,1323,
MDM002831,2025-04-27,SCH0247,Sharma Traders,Rice,57.5,KG,2300,
MDM008360,2025-10-22,SCH0337,Goyal Enterprises,Wheat,,,690,Due
MDM000329,2025-08-23,SCH0121,Sharma & Sons,Rice,49.5,KG,1980,Pending
MDM000254,2025-11-23,SCH0179,Kumar Supplies,Wheat,,,1638,Paid
MDM007783,2025-05-11,SCH0224,Kumar Supplies,Cooking Oil,58.9,KG,7068,Cleared
MDM010198,2026-02-16,SCH0505,Singh Brothers,Rice,0.9840000000000001,BAG,1968,Paid
MDM004378,2025-05-21,SCH0225,Goyal Rice Mill,Rice,,,1552,
MDM005093,2025-09-29,SCH0537,S. Agro Works,Dal,,,1575,Pending
MDM003020,2025-07-22,SCH0289,Goyal Rice Mill,Rice,,,512,Cleared
MDM003030,2025-05-03,SCH0072,Kumar & Co.,oil,1.038,SACK,6228,Paid
MDM002637,2025-04-13,SCH0321,S. Agro Works,Rice,25.0,KG,1000,Cleared
MDM007533,2025-05-15,SCH0072,Singh Brothers,Mustard Oil,43.9,KG,5268,Cleared
MDM006881,2026-01-18,SCH0010,Goyal Enterprises,Dal,,,5040,Pending
MDM003019,2026-02-10,SCH0422,Sharma & Sons,Cooking Oil,43.2,KG,5184,Pending
MDM002946,2026-03-27,SCH0420,Sharma & Sons,Rice,,,1220,
MDM003660,2025-05-25,SCH0446,Sharma Traders Pvt Ltd,oil,0.332,SACK,1992,Due
MDM008751,2025-12-01,SCH0575,S. Agro Works,Rice,36900.0,G,1476,Due
MDM008701,2025-11-30,SCH0465,Goyal Enterprises,Rice,43400.0,G,1736,Pending
MDM011604,2025-08-09,SCH0300,Singh Brothers,oil,,,5868,Cleared
MDM002664,2026-02-16,SCH0042,Sharma Traders Pvt Ltd,Rice,,,432,Pending
MDM005791,2025-11-22,SCH0369,Sharma Traders Pvt Ltd,Cooking Oil,,,4416,Cleared
MDM001363,2025-04-01,SCH0063,Goyal Mill,Dal,31200.0,G,2808,Paid
MDM008505,2025-05-25,SCH0153,Goyal Enterprises,Cooking Oil,0.388,BORI,2328,Pending
MDM003482,2025-06-10,SCH0542,S. Agro Works,Dal,,,2610,Cleared
MDM011903,2026-02-23,SCH0101,Kumar Supplies,Dal,12.2,KG,1098,Paid
MDM010465,2025-04-17,SCH0132,Goyal Enterprises,Mustard Oil,47.5,KG,5700,Cleared
MDM007581,2025-08-02,SCH0530,Goyal Enterprises,Dal,27.7,KG,2493,
MDM005441,2025-11-03,SCH0214,Sharma Traders Pvt Ltd,Dal,,,2331,Pending
MDM007206,2025-04-22,SCH0014,Singh Agro,Dal,0.782,BORI,3519,Paid
MDM008367,2025-05-04,SCH0444,Kumar General Store,Dal,52.0,KG,4680,Paid
MDM002881,2026-03-31,SCH0215,Kumar & Co.,Rice,,,1188,Paid
MDM003382,2025-04-19,SCH0465,Sharma Traders,Rice,37.9,KG,1516,
MDM001303,2025-12-29,SCH0565,Kumar Supplies,Wheat,19000.0,G,570,Pending
MDM006409,2025-08-13,SCH0115,Goyal Rice Mill,Wheat,34.9,KG,,Due
MDM004958,2025-07-05,SCH0565,S. Agro Works,Dal,0.6779999999999999,BAG_50KG,3051,Pending
MDM004837,2025-12-26,SCH0551,Sharma Traders,Rice,15700.0,G,628,Paid
MDM006254,2026-02-09,SCH0249,S. Agro Works,Dal,,,4455,Cleared
MDM009002,2025-08-11,SCH0266,Sharma Traders,Cooking Oil,55700.0,G,6684,Due
MDM005497,2025-06-19,SCH0526,S. Agro Works,Dal,18.7,KG,1683,Paid
MDM007670,2025-06-02,SCH0221,Sharma & Sons,Rice,14200.0,G,568,Cleared
MDM000943,2025-09-06,SCH0284,Singh Agro,Wheat,0.772,BORI,1158,Pending
MDM010079,2026-01-09,SCH0133,Goyal Mill,Rice,0.912,BAG,1824,Pending
MDM003236,2025-05-01,SCH0197,Goyal Mill,Dal,0.934,SACK,4203,Paid
MDM003258,2025-05-02,SCH0585,S. Agro Works,Rice,35.6,KG,1424,Due
MDM009358,2026-03-13,SCH0058,Kumar General Store,Wheat,35200.0,G,1056,Due
MDM009121,2026-01-15,SCH0223,Sharma Traders Pvt Ltd,Wheat,34700.0,G,1041,Pending
MDM000177,2025-06-26,SCH0096,Goyal Mill,Rice,32.5,KG,1300,Pending
MDM000436,2025-09-14,SCH0136,Kumar & Co.,Wheat,,,600,Paid
MDM010655,2026-01-26,SCH0279,Sharma Traders Pvt Ltd,Rice,38.7,KG,1548,Due
MDM000309,2025-11-25,SCH0113,Kumar & Co.,Atta,24800.0,G,744,Pending
MDM001566,2025-12-18,SCH0099,Goyal Rice Mill,Mustard Oil,29.7,KG,3564,Pending
MDM003965,2026-02-07,SCH0369,Goyal Mill,Cooking Oil,,,1356,Paid
MDM002136,2025-10-21,SCH0207,Singh Agro,Cooking Oil,,,1620,Due
MDM011755,2025-09-30,SCH0220,Singh Agro,Dal,48.8,KG,4392,Paid
MDM010843,2025-10-06,SCH0153,Sharma Traders Pvt Ltd,Dal,0.622,BORI,2799,Paid
MDM004978,2025-05-02,SCH0386,Singh Brothers,Rice,36.6,KG,1464,
MDM006197,2025-06-05,SCH0156,S. Agro Works,Dal,,,2547,Pending
MDM010110,2025-06-07,SCH0058,Sharma Traders Pvt Ltd,Dal,39600.0,G,3564,
MDM000596,2025-11-07,SCH0421,Goyal Mill,Dal,0.736,BAG_50KG,3312,
MDM005614,2026-02-10,SCH0474,Goyal Enterprises,Mustard Oil,,,7176,Cleared
MDM004626,2026-01-23,SCH0559,Goyal Rice Mill,oil,1.006,BAG,6036,Pending
MDM005333,2025-08-25,SCH0305,Kumar General Store,Mustard Oil,27.8,KG,3336,Due
MDM008332,2026-01-22,SCH0111,Goyal Enterprises,Atta,0.978,BAG,1467,Cleared
MDM010270,2026-03-03,SCH0076,Goyal Rice Mill,Dal,14.7,KG,1323,Due
MDM002624,2025-08-16,SCH0055,Kumar General Store,Dal,15300.0,G,1377,Pending
MDM004573,2025-05-15,SCH0277,Goyal Rice Mill,Rice,17.0,KG,680,
MDM009372,2026-02-12,SCH0408,Singh Brothers,Rice,57.2,KG,2288,Pending
MDM011300,2025-08-01,SCH0534,Goyal Rice Mill,Rice,0.75,BAG_50KG,1500,Due
MDM000232,2026-03-23,SCH0596,Singh Agro,Dal,28.4,KG,2556,Paid
MDM000180,2025-11-24,SCH0433,Goyal Enterprises,Rice,,,452,Pending
MDM000738,2025-04-25,SCH0208,Singh Brothers,Dal,52.1,KG,4689,Paid
MDM011878,2025-12-04,SCH0515,Singh Agro,Wheat,,,348,Paid
MDM009397,2026-02-06,SCH0309,Sharma Traders Pvt Ltd,Rice,1.184,BAG,2368,Due
MDM009054,2025-09-08,SCH0288,Goyal Enterprises,Dal,,,1755,Paid
MDM007837,2026-01-09,SCH0361,Singh Brothers,Mustard Oil,,,5268,Cleared
MDM008514,2025-07-03,SCH0482,Goyal Rice Mill,Rice,57700.0,G,2308,Paid
MDM007853,2025-07-23,SCH0135,Goyal Mill,oil,36.9,KG,4428,
MDM005956,2026-03-09,SCH0335,Kumar & Co.,Dal,21.0,KG,1890,Due
MDM001322,2025-07-12,SCH0575,Singh Agro,Cooking Oil,0.496,BORI,2976,Pending
MDM001996,2025-10-10,SCH0600,S. Agro Works,Wheat,0.6579999999999999,BAG,987,Paid
MDM006518,2026-02-14,SCH0486,Kumar Supplies,Rice,57500.0,G,2300,Paid
MDM005613,2025-11-13,SCH0100,Singh Brothers,Dal,,,1782,Pending
MDM007961,2026-02-28,SCH0488,Sharma Traders,Dal,18200.0,G,1638,Cleared
MDM007363,2025-12-17,SCH0565,Sharma Traders,Dal,,,4986,Paid
MDM000801,2026-01-27,SCH0102,Goyal Mill,Rice,30.5,KG,1220,Paid
MDM009357,2025-07-14,SCH0351,Goyal Enterprises,Wheat,50400.0,G,1512,
MDM002087,2025-09-07,SCH0471,Kumar Supplies,Rice,32.7,KG,1308,Cleared
MDM007560,2025-08-10,SCH0224,Goyal Mill,Dal,48.8,KG,4392,Cleared
MDM000070,2025-04-26,SCH0339,Singh Agro,Dal,,,5202,Paid
MDM005368,2025-10-23,SCH0189,Kumar General Store,Wheat,0.674,BORI,1011,
MDM006522,2026-03-11,SCH0012,Singh Brothers,Rice,1.096,SACK,2192,
MDM008372,2025-08-13,SCH0239,Kumar General Store,Cooking Oil,14.7,KG,1764,Pending
MDM005171,2025-04-19,SCH0048,Goyal Rice Mill,Dal,14.0,KG,1260,Paid
MDM001681,2025-05-23,SCH0404,Sharma & Sons,Rice,1.06,BAG,,Pending
MDM000378,2025-06-20,SCH0293,Singh Agro,Rice,20.3,KG,812,Cleared
MDM001470,2025-06-21,SCH0354,Goyal Mill,Mustard Oil,0.274,BAG,,Paid
MDM002604,2025-10-23,SCH0334,Goyal Enterprises,Wheat,0.44,BAG,660,Pending
MDM004182,2025-09-30,SCH0050,Goyal Enterprises,Rice,50.5,KG,2020,Paid
MDM008236,2025-07-01,SCH0535,Goyal Rice Mill,Dal,,,4959,Pending
MDM004506,2025-07-09,SCH0448,Singh Brothers,Wheat,,,495,Paid
MDM008178,2025-07-20,SCH0394,Kumar General Store,Rice,,,480,Due
MDM004231,2025-08-20,SCH0261,Sharma Traders Pvt Ltd,Rice,,,1980,Pending
MDM003092,2025-09-01,SCH0324,S. Agro Works,Dal,,,5283,Paid
MDM002727,2025-12-08,SCH0532,Kumar General Store,Rice,22.9,KG,916,Cleared
MDM000478,2025-04-10,SCH0419,Singh Brothers,Rice,15.8,KG,,Paid
MDM001330,2025-12-14,SCH0580,Sharma Traders,Rice,47.6,KG,1904,Paid
MDM002284,2025-11-26,SCH0219,Sharma Traders,Wheat,50000.0,G,1500,
MDM003733,2025-09-07,SCH0270,Goyal Rice Mill,Rice,22.1,KG,884,
MDM011920,2025-09-15,SCH0151,Kumar General Store,Dal,23.2,KG,2088,Pending
MDM000752,2025-06-22,SCH0158,S. Agro Works,Dal,20.8,KG,1872,
MDM006250,2026-02-23,SCH0099,Goyal Enterprises,Wheat,0.308,BAG,462,Paid
MDM000874,2025-06-17,SCH0298,Sharma & Sons,Rice,24300.0,G,972,
MDM007972,2025-12-23,SCH0237,Goyal Mill,Atta,,,432,Due
MDM007909,2025-04-14,SCH0500,Kumar & Co.,Dal,,,2340,Due
MDM004565,2026-02-26,SCH0455,Singh Brothers,Wheat,11100.0,G,333,Paid
MDM001546,2025-08-06,SCH0309,Kumar & Co.,Rice,,,1416,Cleared
MDM000740,2025-04-09,SCH0080,Singh Agro,Dal,0.61,BORI,2745,Due
MDM010577,2026-03-16,SCH0498,Singh Brothers,Wheat,26400.0,G,792,
MDM002684,2026-02-10,SCH0077,Sharma Traders,Rice,35.5,KG,1420,Due
MDM009479,2025-09-27,SCH0459,Sharma Traders Pvt Ltd,Mustard Oil,47.3,KG,5676,Pending
MDM009137,2025-06-15,SCH0426,Singh Brothers,Rice,,,1688,Pending
MDM005122,2025-04-20,SCH0167,Sharma Traders,Dal,10.8,KG,972,Pending
MDM010623,2025-07-27,SCH0010,S. Agro Works,Rice,,,468,Cleared
MDM003519,2025-06-18,SCH0432,Sharma Traders,oil,,,2376,Paid
MDM011747,2025-08-13,SCH0476,Goyal Rice Mill,Atta,0.43,BAG,645,Paid
MDM002355,2025-07-16,SCH0280,Kumar Supplies,Wheat,51400.0,G,1542,Due
MDM010780,2025-09-25,SCH0487,Kumar General Store,Wheat,,,561,Paid
MDM000774,2026-03-26,SCH0353,S. Agro Works,Dal,38300.0,G,3447,Due
MDM010071,2025-07-15,SCH0193,Singh Brothers,Rice,35900.0,G,1436,
MDM010885,2025-08-23,SCH0447,Singh Agro,oil,,,6240,Pending
MDM005201,2025-08-22,SCH0218,Kumar & Co.,Dal,,,3249,Pending
MDM009774,2025-05-28,SCH0022,Kumar Supplies,Wheat,47.8,KG,1434,Paid
MDM000642,2026-03-29,SCH0444,Singh Agro,Dal,23.9,KG,2151,Cleared
MDM006474,2026-03-30,SCH0571,Sharma & Sons,Mustard Oil,0.7759999999999999,BAG,4656,
MDM006051,2025-08-24,SCH0048,S. Agro Works,Dal,0.258,BORI,1161,Cleared
MDM007268,2025-11-29,SCH0115,Sharma Traders Pvt Ltd,Dal,15.4,KG,1386,Paid
MDM007728,2025-10-31,SCH0562,Kumar Supplies,oil,57.4,KG,6888,Pending
MDM004310,2025-10-05,SCH0426,Singh Agro,Dal,39800.0,G,3582,Paid
MDM005205,2026-01-10,SCH0323,Kumar & Co.,Dal,,,4914,Due
MDM000866,2025-12-13,SCH0144,Singh Brothers,Rice,34.3,KG,1372,Paid
MDM011214,2025-10-26,SCH0147,Singh Brothers,Rice,36500.0,G,1460,Cleared
MDM011824,2025-06-23,SCH0162,S. Agro Works,Wheat,1.19,BAG,1785,Paid
MDM007534,2026-01-10,SCH0463,Kumar Supplies,Rice,24.3,KG,972,Cleared
MDM010369,2026-02-22,SCH0096,Goyal Mill,Dal,,,1854,Pending
MDM010194,2025-09-29,SCH0230,Goyal Enterprises,Dal,39600.0,G,3564,Paid
MDM008315,2025-11-25,SCH0322,Goyal Enterprises,Rice,50.1,KG,2004,Pending
MDM000963,2025-07-24,SCH0182,Goyal Rice Mill,Wheat,0.616,BAG_50KG,924,Pending
MDM008328,2025-08-04,SCH0261,Kumar General Store,Cooking Oil,,,5724,Paid
MDM008658,2025-06-23,SCH0387,Kumar General Store,Rice,1.152,BAG_50KG,2304,Due
MDM006960,2026-01-19,SCH0229,Kumar Supplies,Wheat,,,384,Cleared
MDM003310,2025-11-01,SCH0454,Goyal Rice Mill,Dal,51.4,KG,4626,
MDM002167,2026-01-19,SCH0191,Goyal Rice Mill,Rice,39.1,KG,1564,Pending
MDM000364,2025-04-03,SCH0419,Sharma Traders Pvt Ltd,Wheat,34700.0,G,1041,Pending
MDM003724,2025-11-23,SCH0285,Kumar General Store,Dal,,,2466,Paid
MDM002826,2025-04-05,SCH0463,Kumar Supplies,Wheat,,,1470,Pending
MDM006272,2025-07-27,SCH0455,Sharma Traders Pvt Ltd,Mustard Oil,48.6,KG,5832,Cleared
MDM003598,2025-05-13,SCH0287,Goyal Rice Mill,Dal,,,3474,
MDM004727,2025-08-02,SCH0538,Sharma Traders Pvt Ltd,Wheat,,,1107,
MDM000547,2025-09-25,SCH0270,Kumar General Store,Wheat,41.8,KG,1254,Cleared
MDM002941,2026-01-22,SCH0591,Singh Brothers,oil,46.6,KG,5592,Cleared
MDM000472,2026-02-14,SCH0218,Goyal Rice Mill,Rice,58.1,KG,2324,Due
MDM001642,2025-07-03,SCH0411,Kumar Supplies,Dal,,,3933,
MDM011570,2025-11-13,SCH0358,Sharma & Sons,Wheat,26500.0,G,795,Cleared
MDM003339,2026-01-14,SCH0556,Singh Agro,Rice,39.4,KG,1576,Paid
MDM005610,2025-04-14,SCH0245,Kumar Supplies,Wheat,,,765,
MDM001173,2026-02-10,SCH0191,Kumar General Store,Dal,0.7120000000000001,BAG_50KG,3204,Pending
MDM007319,2025-11-30,SCH0137,Goyal Mill,Rice,20.2,KG,808,Cleared
MDM005274,2025-05-03,SCH0586,Kumar & Co.,Dal,0.37,BAG_50KG,,Paid
MDM007887,2026-03-14,SCH0530,S. Agro Works,oil,,,3492,Cleared
MDM007214,2025-06-24,SCH0335,Goyal Rice Mill,Cooking Oil,0.82,BORI,4920,Cleared
MDM005567,2025-06-30,SCH0509,Kumar & Co.,Mustard Oil,0.316,BAG,1896,Due
MDM005722,2025-04-01,SCH0160,Sharma & Sons,Wheat,49.3,KG,1479,Pending
MDM010567,2025-07-13,SCH0466,Goyal Mill,Rice,50.5,KG,,
MDM001411,2026-02-22,SCH0136,Goyal Mill,Dal,,,4149,Pending
MDM009951,2025-12-21,SCH0414,S. Agro Works,Mustard Oil,24.1,KG,2892,Cleared
MDM009494,2025-04-22,SCH0515,Singh Agro,Dal,0.8759999999999999,BAG,,Paid
MDM005681,2025-08-11,SCH0200,Kumar General Store,Dal,47600.0,G,4284,Paid
MDM009196,2026-03-29,SCH0518,Goyal Rice Mill,Dal,,,,Due
MDM002695,2025-11-28,SCH0600,Sharma & Sons,Rice,0.642,BAG,1284,
MDM000816,2025-04-14,SCH0411,Goyal Rice Mill,Wheat,46.6,KG,1398,Paid
MDM002132,2025-12-05,SCH0217,Singh Brothers,Rice,58.8,KG,2352,
MDM001798,2026-03-29,SCH0315,Kumar General Store,Dal,46.4,KG,4176,Paid
MDM004576,2025-11-02,SCH0508,Singh Brothers,Cooking Oil,48700.0,G,5844,
MDM005191,2025-07-14,SCH0384,Sharma Traders Pvt Ltd,Wheat,0.44,BAG,660,Due
MDM003123,2025-11-14,SCH0318,S. Agro Works,Atta,,,591,Paid
MDM005366,2025-07-11,SCH0144,Singh Agro,Mustard Oil,0.462,BORI,2772,Pending
MDM011440,2025-09-20,SCH0106,Sharma Traders,oil,10600.0,G,1272,Due
MDM004276,2025-11-08,SCH0251,Goyal Rice Mill,Wheat,0.86,BAG_50KG,1290,Pending
MDM011682,2026-03-31,SCH0240,Goyal Mill,Wheat,25.0,KG,750,Due
MDM003090,2025-09-06,SCH0590,Sharma & Sons,Wheat,,,648,Paid
MDM011237,2025-10-14,SCH0180,Goyal Mill,Atta,17.6,KG,528,Cleared
MDM010467,2026-02-25,SCH0250,Goyal Mill,oil,0.9740000000000001,BAG,5844,
MDM007797,2025-06-07,SCH0241,Singh Agro,Dal,40.0,KG,3600,Pending
MDM005254,2025-04-30,SCH0408,Goyal Enterprises,Mustard Oil,57.4,KG,6888,Paid
MDM000238,2026-03-02,SCH0562,Goyal Enterprises,Dal,0.636,BAG_50KG,2862,Cleared
MDM001533,2025-11-14,SCH0142,Sharma Traders Pvt Ltd,Dal,24100.0,G,2169,Due
MDM011640,2026-03-02,SCH0205,Goyal Rice Mill,Mustard Oil,0.4320000000000001,SACK,2592,
MDM005852,2025-08-29,SCH0270,Singh Brothers,Mustard Oil,17.5,KG,2100,Cleared
MDM003411,2025-07-07,SCH0095,Sharma Traders Pvt Ltd,Wheat,46.5,KG,1395,Cleared
MDM002832,2025-10-11,SCH0368,Goyal Mill,Wheat,0.516,BAG,774,Cleared
MDM011248,2025-12-28,SCH0229,Singh Agro,Wheat,0.652,BORI,978,Pending
MDM001536,2026-03-29,SCH0100,S. Agro Works,Wheat,44.9,KG,1347,Pending
MDM003880,2025-11-26,SCH0204,S. Agro Works,Rice,0.45,BAG,900,Pending
MDM005303,2025-07-12,SCH0037,S. Agro Works,Mustard Oil,0.61,SACK,3660,Due
MDM008971,2025-08-27,SCH0454,Kumar General Store,Dal,41.2,KG,3708,Paid
MDM001300,2025-08-10,SCH0411,Sharma Traders,Mustard Oil,21.7,KG,2604,Cleared
MDM005500,2025-12-28,SCH0082,Kumar & Co.,Wheat,0.422,BAG,633,Paid
MDM005577,2026-02-04,SCH0123,Goyal Enterprises,Dal,47.2,KG,4248,Paid
MDM008841,2025-06-05,SCH0029,S. Agro Works,Dal,26.2,KG,2358,Pending
MDM001481,2026-03-02,SCH0205,Kumar Supplies,Mustard Oil,17.0,KG,2040,Due
MDM002794,2026-01-03,SCH0314,Singh Agro,Dal,51.5,KG,4635,
MDM007434,2025-10-12,SCH0485,S. Agro Works,Rice,,,2256,
MDM005092,2026-01-19,SCH0155,Sharma Traders,Dal,,,4104,Pending
MDM002330,2025-11-23,SCH0336,Singh Agro,Atta,,,1749,Pending
MDM006046,2025-07-21,SCH0117,Goyal Mill,Dal,11700.0,G,1053,Paid
MDM005757,2025-12-21,SCH0160,Sharma & Sons,Cooking Oil,0.316,SACK,1896,
MDM007073,2025-06-07,SCH0302,Kumar & Co.,Wheat,0.218,BAG,327,Cleared
MDM009187,2025-10-15,SCH0502,Goyal Enterprises,Dal,,,1629,Pending
MDM003662,2025-11-01,SCH0306,Goyal Mill,Mustard Oil,,,3360,Cleared
MDM000556,2025-04-09,SCH0368,Sharma Traders,Rice,,,2160,Due
MDM004826,2025-05-03,SCH0006,Singh Agro,Atta,0.632,BAG,948,
MDM001164,2025-07-15,SCH0330,Sharma Traders Pvt Ltd,Rice,,,676,Paid
MDM007631,2025-10-16,SCH0420,S. Agro Works,Mustard Oil,,,6408,Paid
MDM004716,2025-11-27,SCH0268,Kumar Supplies,Dal,25.3,KG,2277,Due
MDM000398,2025-09-06,SCH0104,Goyal Rice Mill,Rice,28500.0,G,1140,Pending
MDM009603,2025-04-11,SCH0340,Goyal Mill,Dal,58.9,KG,5301,Paid
MDM008087,2025-04-03,SCH0185,Singh Agro,Atta,50.5,KG,1515,Pending
MDM006523,2025-05-02,SCH0101,Goyal Rice Mill,Dal,0.8440000000000001,BORI,3798,Paid
MDM008052,2025-10-04,SCH0546,Singh Agro,Dal,0.8079999999999999,BAG,3636,Paid
MDM006572,2025-12-16,SCH0074,Singh Agro,Dal,30100.0,G,2709,Paid
MDM000724,2026-03-18,SCH0419,S. Agro Works,Dal,40500.0,G,3645,Paid
MDM000301,2026-03-24,SCH0030,S. Agro Works,Rice,21500.0,G,860,Due
MDM010375,2025-10-05,SCH0229,Sharma Traders Pvt Ltd,Mustard Oil,,,2400,Paid
MDM009588,2026-03-16,SCH0047,Sharma Traders Pvt Ltd,Wheat,0.84,SACK,1260,Cleared
MDM004295,2025-08-22,SCH0330,Goyal Enterprises,Wheat,42300.0,G,1269,
MDM004186,2025-10-27,SCH0495,Sharma Traders Pvt Ltd,Rice,41500.0,G,1660,Pending
MDM010714,2025-04-01,SCH0307,Sharma Traders Pvt Ltd,Dal,39.2,KG,3528,
MDM005675,2026-01-09,SCH0569,Sharma & Sons,Dal,0.754,BAG,3393,
MDM003143,2025-11-05,SCH0051,Kumar Supplies,Wheat,23900.0,G,717,Paid
MDM008199,2025-12-18,SCH0175,Sharma Traders,Wheat,22.5,KG,,Cleared
MDM011914,2025-04-14,SCH0365,Goyal Enterprises,Rice,51800.0,G,2072,Pending
MDM003206,2025-12-26,SCH0534,Singh Brothers,Dal,34.3,KG,3087,Cleared
MDM004956,2025-11-12,SCH0152,Kumar & Co.,Dal,19.8,KG,1782,Paid
MDM004583,2026-03-13,SCH0326,Singh Agro,Dal,40.3,KG,3627,Paid
MDM011187,2025-05-26,SCH0092,Kumar General Store,Rice,,,1000,Cleared
MDM011829,2025-11-03,SCH0219,Goyal Mill,Dal,45.0,KG,4050,Due
MDM006909,2025-11-05,SCH0053,Goyal Rice Mill,Mustard Oil,,,1824,Due
MDM011960,2025-08-14,SCH0013,Goyal Mill,Wheat,39200.0,G,1176,Paid
MDM009714,2025-10-07,SCH0266,Kumar & Co.,Wheat,0.866,BORI,1299,Pending
MDM001153,2025-08-14,SCH0141,Goyal Enterprises,Wheat,54.5,KG,1635,Pending
MDM001213,2025-09-10,SCH0025,Singh Agro,Cooking Oil,,,2196,Pending
MDM004504,2026-03-26,SCH0032,Goyal Mill,Rice,20200.0,G,808,Paid
MDM010143,2026-01-27,SCH0059,Singh Brothers,Wheat,0.9179999999999999,BAG,1377,Pending
MDM011990,2025-08-12,SCH0099,Kumar General Store,Wheat,,,,
MDM009011,2026-01-12,SCH0296,Kumar & Co.,Dal,16.7,KG,1503,Paid
MDM005428,2026-03-09,SCH0531,Sharma Traders,Mustard Oil,,,3120,Paid
MDM007385,2025-10-08,SCH0351,Goyal Mill,Wheat,37.2,KG,1116,Paid
MDM007238,2025-06-20,SCH0330,Kumar & Co.,Rice,0.272,BAG,544,Paid
MDM000666,2026-02-02,SCH0234,Singh Agro,Rice,14700.0,G,,Due
MDM011130,2026-02-04,SCH0364,Singh Agro,Wheat,49.7,KG,,Pending
MDM000643,2025-10-30,SCH0148,Kumar General Store,Wheat,0.722,BAG_50KG,1083,Due
MDM003768,2025-12-21,SCH0162,Kumar Supplies,Dal,21200.0,G,1908,
MDM004273,2025-05-26,SCH0301,Kumar General Store,Mustard Oil,,,6156,Cleared
MDM011586,2025-10-20,SCH0597,Goyal Rice Mill,Wheat,,,1215,Paid
MDM000787,2025-11-12,SCH0193,Kumar Supplies,Dal,,,2286,Paid
MDM002858,2025-05-03,SCH0515,Singh Agro,Dal,51.3,KG,4617,Due
MDM003203,2025-10-27,SCH0346,Goyal Enterprises,Dal,,,3105,Pending
MDM007377,2025-06-23,SCH0273,Goyal Rice Mill,Dal,,,2034,Pending
MDM004188,2025-12-21,SCH0226,Sharma & Sons,Rice,59.5,KG,2380,
MDM010912,2026-03-10,SCH0266,Kumar & Co.,Wheat,,,1599,Pending
MDM011411,2025-12-01,SCH0451,S. Agro Works,Dal,10500.0,G,945,Paid
MDM004825,2025-12-11,SCH0126,Singh Agro,Mustard Oil,24.4,KG,2928,Paid
MDM002906,2025-11-12,SCH0389,Singh Agro,Dal,,,2322,Pending
MDM004627,2025-12-18,SCH0006,S. Agro Works,Rice,,,1008,Pending
MDM010861,2025-11-05,SCH0079,Sharma Traders,Wheat,24100.0,G,723,Paid
MDM000997,2025-05-11,SCH0294,Singh Agro,Rice,26400.0,G,1056,Pending
MDM006464,2025-10-08,SCH0287,Singh Brothers,Dal,,,2232,Paid
MDM010156,2025-11-18,SCH0048,Kumar Supplies,Cooking Oil,,,1488,Paid
MDM006888,2025-08-09,SCH0023,Goyal Enterprises,Rice,,,1096,Paid
MDM005524,2025-09-19,SCH0264,Kumar General Store,Wheat,55100.0,G,1653,
MDM009301,2026-01-20,SCH0008,Goyal Rice Mill,Mustard Oil,,,4920,Paid
MDM000157,2025-08-06,SCH0201,Kumar General Store,Dal,0.9079999999999999,BAG_50KG,4086,Cleared
MDM008070,2025-07-25,SCH0198,Sharma Traders Pvt Ltd,Dal,0.948,BAG,4266,Due
MDM003086,2026-03-24,SCH0027,Kumar General Store,Dal,0.448,BAG,2016,Due
MDM008613,2025-06-06,SCH0033,Sharma & Sons,Dal,,,5247,Due
MDM001553,2025-10-13,SCH0201,Singh Agro,Rice,,,2108,Due
MDM007766,2025-12-27,SCH0413,Goyal Rice Mill,Rice,13900.0,G,556,Due
MDM006370,2025-11-02,SCH0383,S. Agro Works,Dal,24800.0,G,2232,Paid
MDM007838,2026-03-07,SCH0060,Kumar & Co.,Wheat,,,669,
MDM003796,2025-10-01,SCH0269,Sharma Traders,Rice,49.0,KG,1960,Cleared
MDM000496,2026-03-27,SCH0339,Kumar General Store,Dal,,,4356,Cleared
MDM002322,2025-08-25,SCH0199,Singh Brothers,oil,15.5,KG,1860,
MDM006533,2025-06-06,SCH0141,S. Agro Works,Dal,35300.0,G,3177,Paid
MDM010387,2025-11-26,SCH0125,Kumar & Co.,Rice,,,1984,Due
MDM000152,2025-04-02,SCH0434,Singh Brothers,Wheat,0.574,BORI,861,Paid
MDM010531,2025-09-29,SCH0506,Sharma Traders,Rice,,,508,Paid
MDM009392,2026-01-25,SCH0435,Singh Agro,Rice,10.9,KG,436,Due
MDM009878,2025-08-05,SCH0072,Sharma & Sons,Rice,20.0,KG,800,Paid
MDM008453,2025-04-06,SCH0057,Sharma & Sons,Dal,,,4905,Paid
MDM001739,2026-01-10,SCH0467,Sharma Traders,Rice,,,1176,Paid
MDM003002,2026-02-06,SCH0257,Singh Brothers,oil,,,4164,Pending
MDM011997,2025-09-25,SCH0355,Sharma Traders,Cooking Oil,34900.0,G,4188,Pending
MDM007624,2025-10-30,SCH0435,Sharma Traders Pvt Ltd,Dal,53.8,KG,4842,
MDM010916,2025-08-18,SCH0249,S. Agro Works,Rice,30.4,KG,1216,Paid
MDM011318,2026-01-28,SCH0120,Goyal Enterprises,Wheat,47.9,KG,1437,
MDM010839,2026-03-09,SCH0231,Goyal Mill,Rice,57700.0,G,2308,Due
MDM002884,2026-01-01,SCH0544,Goyal Mill,oil,,,1788,Cleared
MDM003721,2026-01-03,SCH0342,S. Agro Works,Wheat,,,1431,Pending
MDM010881,2026-01-06,SCH0307,Sharma Traders Pvt Ltd,Dal,,,4383,
MDM010538,2025-08-11,SCH0227,Sharma Traders Pvt Ltd,Dal,38400.0,G,3456,Pending
MDM005894,2025-08-09,SCH0437,Goyal Rice Mill,Wheat,12500.0,G,375,Cleared
MDM005472,2025-10-22,SCH0169,S. Agro Works,Rice,25.9,KG,1036,Pending
MDM006063,2025-08-15,SCH0328,Sharma Traders,Rice,0.76,SACK,,Cleared
MDM007796,2026-03-16,SCH0434,Goyal Enterprises,Wheat,49.8,KG,1494,Paid
MDM002277,2025-06-22,SCH0001,S. Agro Works,Wheat,,,1002,Paid
MDM004824,2025-09-03,SCH0411,S. Agro Works,Mustard Oil,0.596,BAG_50KG,3576,Pending
MDM004705,2025-11-09,SCH0353,Sharma Traders,Wheat,57900.0,G,1737,Pending
MDM004462,2025-10-14,SCH0269,S. Agro Works,Wheat,,,420,Paid
MDM000344,2025-08-31,SCH0314,Kumar & Co.,Rice,,,2116,Pending
MDM006408,2025-10-29,SCH0015,Kumar General Store,Rice,37400.0,G,1496,
MDM004137,2026-01-06,SCH0170,Goyal Rice Mill,Dal,0.63,BORI,2835,Paid
MDM008918,2025-08-14,SCH0328,Sharma & Sons,Wheat,0.238,BORI,357,Paid
MDM006453,2025-08-15,SCH0178,Sharma & Sons,Wheat,46.4,KG,1392,Cleared
MDM009543,2025-09-03,SCH0479,Singh Brothers,Dal,,,3609,Due
MDM002224,2025-12-15,SCH0385,Kumar & Co.,Rice,0.636,BAG,1272,Pending
MDM004197,2026-01-06,SCH0417,Sharma Traders,Rice,24400.0,G,976,
MDM008053,2026-03-30,SCH0343,Kumar Supplies,Rice,,,1736,Pending
MDM006562,2025-11-11,SCH0101,Kumar Supplies,Dal,,,4401,Paid
MDM010736,2025-07-05,SCH0230,Singh Brothers,Rice,0.3720000000000001,SACK,744,Pending
MDM005082,2025-08-04,SCH0352,S. Agro Works,Rice,0.7040000000000001,BAG_50KG,1408,Pending
MDM010643,2025-11-22,SCH0497,Kumar & Co.,oil,28.5,KG,3420,
MDM007979,2025-06-24,SCH0295,S. Agro Works,Rice,38000.0,G,1520,Due
MDM011287,2025-12-13,SCH0146,Sharma & Sons,Wheat,39800.0,G,1194,Cleared
MDM004735,2025-04-16,SCH0100,Kumar Supplies,Rice,22100.0,G,884,Pending
MDM006913,2026-02-22,SCH0472,Kumar Supplies,Rice,40.6,KG,1624,Paid
MDM001466,2026-03-10,SCH0150,S. Agro Works,Mustard Oil,37100.0,G,4452,
MDM004594,2025-06-29,SCH0048,Goyal Enterprises,Mustard Oil,49300.0,G,5916,Due
MDM002235,2025-04-06,SCH0341,Goyal Rice Mill,Atta,49.1,KG,1473,Paid
MDM008950,2025-09-18,SCH0265,Kumar & Co.,Rice,10.8,KG,432,Pending
MDM003904,2026-03-20,SCH0340,Kumar General Store,Dal,39.0,KG,3510,Pending
MDM000284,2025-06-21,SCH0517,Singh Agro,Rice,32.9,KG,1316,
MDM011832,2025-04-11,SCH0053,Singh Agro,Dal,29900.0,G,,Pending
MDM006221,2025-04-24,SCH0475,Kumar Supplies,Wheat,,,834,Paid
MDM010594,2026-02-05,SCH0403,Singh Agro,oil,,,4752,Due
MDM008494,2025-08-21,SCH0375,Singh Agro,Mustard Oil,,,6528,
MDM008750,2026-02-24,SCH0050,Kumar Supplies,Cooking Oil,57300.0,G,6876,Pending
MDM004152,2025-04-13,SCH0536,Kumar Supplies,Mustard Oil,14.1,KG,,Cleared
MDM007404,2025-08-03,SCH0189,Singh Brothers,Wheat,,,1149,Paid
MDM008631,2025-08-10,SCH0158,Sharma Traders,Wheat,0.402,BORI,603,Pending
MDM002122,2025-09-23,SCH0317,Goyal Enterprises,Mustard Oil,,,4596,
MDM011284,2026-02-23,SCH0160,Sharma Traders,Dal,0.948,BAG,4266,Due
MDM005013,2026-02-14,SCH0003,Singh Agro,Cooking Oil,14.5,KG,1740,Paid
MDM010777,2026-03-04,SCH0004,Sharma & Sons,Rice,,,2044,Due
MDM006358,2025-06-13,SCH0209,Goyal Enterprises,Mustard Oil,45700.0,G,5484,Pending
MDM003162,2026-03-02,SCH0156,S. Agro Works,Wheat,40.8,KG,1224,Cleared
MDM002631,2026-02-14,SCH0087,Singh Brothers,Rice,49.3,KG,1972,Pending
MDM009682,2025-07-12,SCH0304,Singh Brothers,Dal,0.82,BORI,3690,Due
MDM010516,2025-04-10,SCH0420,Goyal Mill,Dal,16300.0,G,1467,Pending
MDM008263,2026-02-16,SCH0325,Sharma Traders Pvt Ltd,Wheat,11.8,KG,354,Cleared
MDM011082,2025-09-24,SCH0513,Kumar General Store,Dal,,,4392,Paid
MDM001204,2025-08-26,SCH0356,Goyal Rice Mill,Wheat,,,1569,Pending
MDM008386,2026-01-28,SCH0569,Kumar Supplies,Wheat,14.1,KG,423,Cleared
MDM000617,2025-12-08,SCH0261,Singh Agro,Rice,0.606,BAG,1212,
MDM001927,2025-04-14,SCH0202,Sharma Traders Pvt Ltd,Atta,48.3,KG,1449,Pending
MDM003115,2025-10-10,SCH0100,Goyal Rice Mill,Dal,35.0,KG,,
MDM002642,2025-09-09,SCH0327,Kumar & Co.,Rice,0.778,BORI,1556,Paid
MDM011075,2025-05-16,SCH0103,Kumar Supplies,Mustard Oil,0.222,BAG_50KG,1332,Pending
MDM002563,2025-12-24,SCH0436,Singh Brothers,Atta,0.7240000000000001,BORI,1086,Cleared
MDM007718,2025-12-30,SCH0570,Sharma Traders Pvt Ltd,Dal,1.014,BORI,4563,
MDM002729,2025-07-04,SCH0217,Kumar General Store,Atta,,,1383,Paid
MDM007360,2025-04-12,SCH0357,Singh Agro,Cooking Oil,42.2,KG,5064,Pending
MDM009804,2026-02-05,SCH0139,Sharma & Sons,Rice,27700.0,G,1108,Due
MDM002127,2026-02-23,SCH0369,Kumar Supplies,oil,11.3,KG,1356,Paid
MDM006576,2025-12-11,SCH0260,S. Agro Works,Dal,,,3456,Due
MDM010180,2025-10-27,SCH0479,Sharma Traders Pvt Ltd,oil,,,1272,Pending
MDM007088,2025-11-19,SCH0574,Kumar & Co.,oil,27.9,KG,3348,Due
MDM007589,2025-06-09,SCH0519,Kumar Supplies,Cooking Oil,,,5280,Cleared
MDM000806,2025-11-30,SCH0047,S. Agro Works,Mustard Oil,47500.0,G,5700,Pending
MDM004695,2025-12-16,SCH0577,Goyal Enterprises,Mustard Oil,40.9,KG,4908,Paid
MDM007501,2025-06-06,SCH0175,Sharma Traders,Mustard Oil,,,,Pending
MDM006422,2025-05-26,SCH0110,Goyal Mill,Rice,58.5,KG,2340,
MDM003141,2025-06-24,SCH0456,Sharma Traders,oil,,,4212,Paid
MDM004281,2025-07-11,SCH0237,S. Agro Works,Dal,39.4,KG,3546,
MDM005339,2025-05-11,SCH0252,Sharma Traders,oil,14500.0,G,1740,
MDM010821,2025-06-10,SCH0059,Sharma Traders,oil,,,4344,Pending
MDM000567,2025-11-18,SCH0523,Singh Agro,Atta,,,930,Paid
MDM007339,2026-01-03,SCH0550,Sharma & Sons,Dal,,,5400,Due
MDM000548,2025-05-18,SCH0193,Singh Brothers,Atta,1.014,SACK,1521,
MDM000027,2025-05-06,SCH0468,Singh Brothers,Rice,28600.0,G,1144,Paid
MDM007593,2025-07-20,SCH0150,Sharma Traders Pvt Ltd,Dal,,,3231,Cleared
MDM003919,2026-02-25,SCH0221,Kumar Supplies,Wheat,38.0,KG,1140,Cleared
MDM004487,2026-01-26,SCH0198,Kumar Supplies,Cooking Oil,48.5,KG,5820,Cleared
MDM006897,2026-01-05,SCH0103,Singh Agro,Rice,0.51,BAG,1020,Pending
MDM005399,2025-05-01,SCH0260,Sharma & Sons,Rice,10.5,KG,420,Pending
MDM008544,2025-07-22,SCH0016,Sharma Traders Pvt Ltd,Rice,18.3,KG,732,Paid
MDM011309,2025-04-11,SCH0226,S. Agro Works,Mustard Oil,,,1464,Paid
MDM001222,2025-10-17,SCH0338,Goyal Enterprises,Mustard Oil,44.1,KG,5292,Paid
MDM007656,2025-05-25,SCH0448,Sharma Traders Pvt Ltd,Dal,36400.0,G,3276,Due
MDM002549,2025-04-13,SCH0318,Singh Agro,Mustard Oil,47.2,KG,5664,Paid
MDM011700,2025-10-09,SCH0495,S. Agro Works,Mustard Oil,34.9,KG,4188,Due
MDM000438,2025-10-25,SCH0562,Sharma & Sons,Mustard Oil,0.27,BAG,1620,Paid
MDM006701,2025-04-12,SCH0114,Kumar General Store,Cooking Oil,,,4260,Due
MDM011418,2025-07-28,SCH0148,Goyal Rice Mill,Wheat,,,1134,Due
MDM007476,2025-08-12,SCH0478,Kumar General Store,Wheat,59.7,KG,1791,Paid
MDM001862,2025-10-08,SCH0465,Kumar Supplies,Mustard Oil,,,4476,Due
MDM002700,2026-02-06,SCH0102,Goyal Mill,Mustard Oil,,,4776,
MDM008629,2025-12-03,SCH0470,Sharma Traders Pvt Ltd,Dal,38.7,KG,3483,Pending
MDM007112,2025-09-02,SCH0318,Sharma Traders Pvt Ltd,Rice,16.0,KG,640,Paid
MDM002482,2025-09-10,SCH0246,Sharma Traders Pvt Ltd,Dal,52.0,KG,4680,Due
MDM006113,2025-12-29,SCH0241,Singh Agro,Rice,23800.0,G,952,Pending
MDM010416,2025-09-29,SCH0243,Kumar & Co.,Atta,59900.0,G,1797,
MDM002707,2026-01-18,SCH0227,Kumar General Store,Wheat,0.634,BAG,951,Due
MDM008325,2025-11-24,SCH0079,S. Agro Works,oil,0.718,BAG,4308,
MDM000327,2025-05-28,SCH0491,Goyal Enterprises,Rice,43000.0,G,,Pending
MDM005136,2025-12-09,SCH0434,Goyal Mill,Rice,,,600,Paid
MDM005326,2025-11-02,SCH0545,S. Agro Works,Rice,1.062,BAG,,Pending
MDM002500,2025-10-12,SCH0531,S. Agro Works,Cooking Oil,0.504,SACK,3024,Cleared
MDM001005,2025-08-22,SCH0135,Singh Brothers,Cooking Oil,0.75,SACK,4500,Paid
MDM011756,2025-07-22,SCH0451,Sharma Traders Pvt Ltd,Rice,1.1,BAG_50KG,2200,Cleared
MDM006898,2026-03-24,SCH0222,Singh Agro,Rice,12800.0,G,512,Due
MDM004012,2025-11-27,SCH0551,Sharma & Sons,Rice,,,1464,Cleared
MDM011193,2026-03-08,SCH0442,S. Agro Works,Rice,,,1748,Cleared
MDM000535,2025-11-08,SCH0206,Kumar & Co.,Dal,,,3924,Paid
MDM008086,2026-01-24,SCH0193,Singh Brothers,Atta,43100.0,G,,Paid
MDM003961,2025-05-07,SCH0096,Goyal Mill,Wheat,0.386,SACK,579,Paid
MDM000586,2025-07-19,SCH0362,Sharma Traders Pvt Ltd,Mustard Oil,,,3084,Paid
MDM011921,2025-10-03,SCH0495,Goyal Enterprises,Rice,32.4,KG,1296,Paid
MDM008601,2025-09-06,SCH0580,S. Agro Works,oil,0.9179999999999999,BAG,5508,Paid
MDM010721,2026-02-15,SCH0046,S. Agro Works,Rice,0.706,BORI,,Cleared
MDM008635,2025-09-06,SCH0157,Kumar & Co.,Wheat,54800.0,G,1644,
MDM008363,2025-06-04,SCH0210,Sharma Traders,oil,50800.0,G,6096,Paid
MDM000492,2026-01-01,SCH0146,Sharma Traders Pvt Ltd,Rice,,,1660,Paid
MDM005860,2026-01-18,SCH0474,Singh Agro,Rice,0.462,BORI,,Paid
MDM011706,2025-05-05,SCH0156,Kumar General Store,Dal,16.8,KG,1512,Paid
MDM006052,2025-10-22,SCH0024,S. Agro Works,Rice,33100.0,G,1324,Paid
MDM009697,2025-06-07,SCH0466,Goyal Enterprises,Rice,43200.0,G,,
MDM003549,2025-05-03,SCH0197,Sharma Traders,Wheat,0.634,BORI,951,Pending
MDM011322,2025-04-26,SCH0261,Goyal Mill,Dal,19.1,KG,1719,Pending
MDM001917,2025-09-05,SCH0256,Kumar & Co.,Rice,23400.0,G,936,Pending
MDM003186,2026-02-16,SCH0406,Sharma & Sons,Mustard Oil,,,6204,Paid
MDM001911,2025-04-27,SCH0526,Singh Brothers,Rice,18000.0,G,,Due
MDM008181,2025-11-12,SCH0502,Singh Brothers,Mustard Oil,34.1,KG,4092,Pending
MDM006496,2025-06-19,SCH0596,Singh Agro,Dal,26.4,KG,2376,Paid
MDM001134,2026-01-27,SCH0408,Sharma & Sons,Mustard Oil,,,1968,Paid
MDM007900,2026-03-08,SCH0558,Kumar & Co.,Dal,35.5,KG,3195,Cleared
MDM009352,2026-03-21,SCH0542,Goyal Enterprises,Dal,,,2412,
MDM002519,2025-05-13,SCH0317,Singh Agro,Atta,,,1704,Paid
MDM008888,2025-10-10,SCH0479,Singh Brothers,Wheat,58100.0,G,1743,Due
MDM001318,2025-09-28,SCH0550,Sharma Traders Pvt Ltd,Dal,35.2,KG,3168,Pending
MDM004369,2025-05-03,SCH0448,Goyal Rice Mill,Rice,27.7,KG,1108,Cleared
MDM000122,2025-05-26,SCH0349,Kumar & Co.,Wheat,0.866,BAG_50KG,1299,Pending
MDM009464,2026-03-15,SCH0360,Singh Brothers,Wheat,1.104,BAG_50KG,1656,
MDM002450,2026-03-31,SCH0375,Sharma Traders,Atta,,,831,Due
MDM006183,2026-02-01,SCH0588,Kumar General Store,Rice,,,592,Due
MDM005663,2026-01-28,SCH0029,Goyal Rice Mill,Rice,51.8,KG,2072,Cleared
MDM006755,2025-09-02,SCH0451,Singh Agro,Wheat,0.7959999999999999,BAG,1194,Paid
MDM002602,2026-01-01,SCH0138,Kumar Supplies,Wheat,30600.0,G,918,Cleared
MDM001523,2025-06-03,SCH0190,Sharma Traders Pvt Ltd,Cooking Oil,55600.0,G,6672,Paid
MDM003485,2025-05-04,SCH0533,Sharma Traders,Cooking Oil,46500.0,G,5580,Pending
MDM002174,2025-07-25,SCH0354,Kumar & Co.,Dal,20100.0,G,1809,Paid
MDM003284,2025-09-10,SCH0149,Sharma Traders,Cooking Oil,0.698,BAG_50KG,4188,Due
MDM004555,2025-05-22,SCH0518,S. Agro Works,Wheat,0.422,BORI,633,Paid
MDM003606,2025-11-19,SCH0121,Sharma Traders,Rice,,,1252,Pending
MDM011939,2025-04-13,SCH0077,Sharma & Sons,Cooking Oil,,,,Pending
MDM009250,2025-12-19,SCH0088,Sharma Traders Pvt Ltd,Wheat,,,1311,Paid
MDM005932,2026-02-18,SCH0310,Sharma Traders,Rice,,,,Pending
MDM011202,2025-06-11,SCH0001,Goyal Enterprises,Dal,0.318,BORI,1431,Pending
MDM003769,2026-01-11,SCH0092,Sharma Traders Pvt Ltd,Wheat,17900.0,G,537,Due
MDM007455,2025-06-29,SCH0411,Singh Agro,Wheat,0.9840000000000001,BAG,1476,Paid
MDM011553,2025-04-20,SCH0404,Singh Agro,Wheat,45500.0,G,1365,Paid
MDM004039,2025-07-31,SCH0012,Kumar General Store,Cooking Oil,55.2,KG,6624,Pending
MDM003503,2026-01-01,SCH0318,Singh Brothers,Wheat,54900.0,G,1647,Paid
MDM001408,2025-05-23,SCH0048,Singh Brothers,Wheat,24200.0,G,726,Paid
MDM004632,2025-12-09,SCH0087,Singh Agro,Rice,10.8,KG,432,Pending
MDM006344,2025-06-30,SCH0175,Goyal Rice Mill,Dal,31.9,KG,2871,Pending
MDM007062,2025-07-10,SCH0512,Goyal Rice Mill,Mustard Oil,24200.0,G,2904,Paid
MDM004936,2025-09-16,SCH0363,S. Agro Works,Wheat,,,1113,Cleared
MDM010800,2025-07-15,SCH0431,Goyal Enterprises,Rice,,,,Due
MDM008293,2025-11-05,SCH0052,Kumar Supplies,oil,0.672,BORI,4032,Due
MDM002580,2025-05-02,SCH0544,Kumar & Co.,Wheat,0.224,SACK,,Pending
MDM005872,2025-09-26,SCH0590,Singh Agro,Dal,29.8,KG,2682,Pending
MDM003270,2025-08-12,SCH0466,Singh Brothers,Dal,30300.0,G,2727,Due
MDM011808,2026-01-13,SCH0431,Goyal Rice Mill,oil,37.3,KG,4476,Due
MDM001868,2025-11-19,SCH0025,Singh Brothers,Mustard Oil,,,2772,Pending
MDM005551,2026-01-01,SCH0580,Singh Brothers,Rice,0.268,BAG,536,Pending
MDM006323,2025-10-21,SCH0531,Goyal Mill,Wheat,12800.0,G,384,Pending
MDM002522,2025-07-17,SCH0275,Singh Brothers,Wheat,0.578,BORI,867,Cleared
MDM006809,2025-04-28,SCH0187,Goyal Mill,Rice,0.542,BORI,1084,Pending
MDM001821,2025-06-29,SCH0552,Kumar & Co.,Dal,,,1530,Paid
MDM006844,2025-10-05,SCH0251,S. Agro Works,Rice,,,1112,
MDM000052,2025-10-11,SCH0126,Goyal Mill,Rice,,,1116,
MDM003889,2025-05-06,SCH0370,Kumar Supplies,Dal,1.12,SACK,5040,
MDM005188,2025-12-29,SCH0373,Kumar Supplies,Dal,11.4,KG,1026,Pending
MDM008292,2026-02-24,SCH0081,Sharma & Sons,Rice,36.4,KG,1456,
MDM003578,2025-10-22,SCH0099,Kumar Supplies,Rice,0.47,BAG,940,Paid
MDM004566,2025-10-11,SCH0090,Goyal Enterprises,Cooking Oil,0.7879999999999999,BAG_50KG,4728,Pending
MDM010726,2025-07-11,SCH0114,Sharma Traders,Wheat,,,1710,Paid
MDM010171,2025-10-19,SCH0094,Singh Brothers,Rice,,,1728,Cleared
MDM006527,2025-10-23,SCH0161,Singh Agro,Dal,0.804,BORI,3618,Pending
MDM001859,2025-09-07,SCH0258,Sharma Traders,Wheat,41.7,KG,1251,Paid
MDM007748,2025-08-24,SCH0532,Kumar & Co.,Wheat,,,1140,Paid
MDM011780,2025-11-29,SCH0369,Sharma Traders,Rice,0.902,BORI,1804,Due
MDM004962,2025-04-01,SCH0138,S. Agro Works,Dal,18300.0,G,,
MDM007676,2025-12-09,SCH0300,Kumar & Co.,Rice,44.3,KG,,
MDM007550,2025-08-03,SCH0433,Kumar General Store,Mustard Oil,,,6516,
MDM008881,2025-12-12,SCH0334,Goyal Rice Mill,oil,55.5,KG,6660,
MDM005199,2026-02-08,SCH0119,Kumar General Store,Cooking Oil,41.4,KG,4968,
MDM007511,2025-12-11,SCH0188,Kumar & Co.,Dal,0.338,BAG,1521,Paid
MDM000426,2026-01-12,SCH0498,Goyal Mill,Dal,1.174,BORI,5283,
MDM004285,2025-05-19,SCH0122,Singh Brothers,Mustard Oil,,,1440,
MDM010880,2026-03-05,SCH0481,Singh Brothers,Wheat,,,840,Cleared
MDM011432,2026-01-07,SCH0313,Kumar & Co.,oil,,,6576,Paid
MDM000229,2025-08-26,SCH0016,S. Agro Works,Dal,24.8,KG,2232,Paid
MDM007954,2026-02-20,SCH0549,Singh Agro,Rice,0.246,BAG,492,Paid
MDM002742,2025-04-05,SCH0556,Singh Brothers,Dal,,,2538,Cleared
MDM005138,2026-01-31,SCH0283,Sharma Traders,oil,24200.0,G,2904,Cleared
MDM010807,2025-09-02,SCH0572,Singh Brothers,Dal,,,4095,Paid
MDM006316,2025-06-20,SCH0227,Kumar General Store,Dal,46000.0,G,4140,Cleared
MDM007489,2026-03-19,SCH0587,Goyal Mill,Dal,45.3,KG,4077,
MDM002922,2026-02-07,SCH0577,S. Agro Works,Wheat,49.6,KG,1488,Paid
MDM005719,2026-03-01,SCH0354,Goyal Rice Mill,Rice,27.1,KG,1084,Pending
MDM008432,2025-08-29,SCH0191,Goyal Rice Mill,Rice,,,1400,Paid
MDM005584,2025-05-07,SCH0331,Singh Agro,oil,47.4,KG,5688,Pending
MDM010413,2025-07-07,SCH0118,Singh Agro,Rice,16.0,KG,640,Cleared
MDM003654,2025-05-21,SCH0005,Goyal Mill,Mustard Oil,56700.0,G,,Paid
MDM006998,2025-10-03,SCH0197,S. Agro Works,Wheat,1.16,BAG_50KG,1740,Cleared
MDM006278,2025-05-31,SCH0047,S. Agro Works,Rice,0.9,BAG,1800,Pending
MDM001129,2026-01-19,SCH0031,S. Agro Works,Dal,26.8,KG,2412,Due
MDM007781,2025-07-01,SCH0387,Goyal Enterprises,Mustard Oil,0.468,BAG,2808,Paid
MDM002332,2025-11-06,SCH0379,Goyal Mill,Mustard Oil,11.0,KG,1320,Due
MDM002209,2026-03-31,SCH0385,Goyal Enterprises,Dal,35100.0,G,3159,
MDM007696,2026-03-19,SCH0122,S. Agro Works,Dal,18.5,KG,1665,Pending
MDM010992,2025-05-31,SCH0095,Goyal Mill,Rice,0.492,BAG,984,
MDM006443,2025-04-14,SCH0268,Sharma & Sons,Rice,0.36,BAG,,Pending
MDM003154,2026-02-12,SCH0182,Goyal Mill,Atta,55400.0,G,1662,Cleared
MDM008284,2025-09-24,SCH0544,S. Agro Works,Rice,0.9440000000000001,BAG,1888,Pending
MDM009683,2025-08-22,SCH0139,Goyal Rice Mill,Mustard Oil,26600.0,G,3192,Paid
MDM011871,2026-03-18,SCH0352,Sharma & Sons,Dal,,,1989,Cleared
MDM004991,2025-07-15,SCH0024,Kumar & Co.,Dal,0.982,BORI,4419,Pending
MDM002375,2025-05-08,SCH0179,Singh Brothers,Rice,,,1824,Pending
MDM001633,2026-03-17,SCH0496,Singh Agro,Dal,29.7,KG,2673,Due
MDM008845,2025-09-04,SCH0321,Goyal Enterprises,Wheat,45.7,KG,1371,Paid
MDM002299,2025-09-16,SCH0537,Kumar & Co.,Atta,34500.0,G,1035,Paid
MDM009265,2025-08-24,SCH0391,Goyal Mill,Wheat,1.118,BAG_50KG,1677,Due
MDM004253,2025-08-07,SCH0461,Goyal Enterprises,Dal,52600.0,G,4734,
MDM011544,2025-10-08,SCH0431,Goyal Enterprises,Atta,1.066,SACK,1599,Paid
MDM002722,2026-01-22,SCH0338,S. Agro Works,oil,11.1,KG,1332,Paid
MDM009435,2026-02-26,SCH0228,Sharma Traders Pvt Ltd,Cooking Oil,57600.0,G,6912,Due
MDM008480,2026-02-12,SCH0246,Goyal Mill,oil,0.598,BORI,3588,Pending
MDM006426,2026-02-25,SCH0515,S. Agro Works,Wheat,0.408,BAG,612,
MDM001737,2025-11-06,SCH0266,Sharma & Sons,Atta,,,789,Pending
MDM009214,2025-10-23,SCH0078,Goyal Rice Mill,Dal,1.038,SACK,4671,Paid
MDM009165,2025-12-31,SCH0355,Kumar Supplies,Rice,0.356,BAG,712,
MDM005737,2026-01-10,SCH0468,Goyal Rice Mill,Dal,,,1350,Cleared
MDM008425,2025-11-12,SCH0420,Kumar Supplies,Dal,0.596,BAG,2682,Paid
MDM006180,2025-10-27,SCH0126,Kumar Supplies,Dal,32.9,KG,2961,Paid
MDM005095,2025-10-19,SCH0355,Sharma Traders,Rice,57100.0,G,2284,Paid
MDM002641,2025-10-02,SCH0301,Goyal Mill,Mustard Oil,,,4332,Pending
MDM006465,2026-02-10,SCH0227,S. Agro Works,Mustard Oil,0.5820000000000001,BAG_50KG,3492,
MDM008237,2025-04-29,SCH0332,Sharma Traders,Dal,16200.0,G,,Pending
MDM008335,2025-11-08,SCH0411,Singh Agro,Wheat,29900.0,G,897,Pending
MDM010040,2025-04-04,SCH0121,Kumar Supplies,Rice,0.682,SACK,1364,Cleared
MDM002551,2025-04-16,SCH0458,Kumar & Co.,Rice,51600.0,G,2064,Paid
MDM006483,2025-09-18,SCH0582,Singh Agro,Rice,1.188,SACK,2376,Paid
MDM009544,2025-10-30,SCH0158,Sharma Traders,Rice,,,1236,Paid
MDM000939,2025-07-03,SCH0289,Kumar Supplies,Wheat,39.1,KG,1173,
MDM007811,2025-12-28,SCH0381,Goyal Rice Mill,Mustard Oil,25.0,KG,3000,Paid
MDM010947,2026-01-26,SCH0079,Singh Brothers,Mustard Oil,24.6,KG,2952,Paid
MDM004853,2025-06-10,SCH0265,Kumar Supplies,Dal,21.3,KG,1917,
MDM002645,2026-01-30,SCH0335,Sharma & Sons,oil,,,2508,Pending
MDM010798,2025-11-21,SCH0186,Goyal Enterprises,Dal,0.7040000000000001,BORI,3168,Cleared
MDM003166,2025-12-21,SCH0335,Goyal Enterprises,Rice,10900.0,G,436,Pending
MDM003640,2025-08-31,SCH0166,Goyal Enterprises,Cooking Oil,23900.0,G,2868,Cleared
MDM005070,2025-11-14,SCH0531,Kumar & Co.,Wheat,0.448,BAG,672,Paid
MDM010494,2025-09-23,SCH0496,Kumar General Store,Atta,25.6,KG,768,
MDM008148,2026-01-19,SCH0127,Goyal Mill,Mustard Oil,,,4332,Paid
MDM002062,2026-03-15,SCH0500,Kumar General Store,Wheat,48.1,KG,1443,
MDM004646,2025-05-19,SCH0300,Goyal Rice Mill,Dal,,,1710,Due
MDM006581,2026-02-19,SCH0476,Kumar General Store,Dal,0.89,BORI,4005,
MDM002813,2025-07-12,SCH0007,Sharma & Sons,Mustard Oil,,,3972,Cleared
MDM011592,2025-08-22,SCH0383,Kumar General Store,oil,,,4500,Pending
MDM010671,2025-07-28,SCH0425,Kumar & Co.,Atta,20400.0,G,612,
MDM011945,2025-11-25,SCH0063,Singh Agro,Dal,0.458,BORI,2061,Due
MDM011104,2025-10-06,SCH0561,Kumar & Co.,Mustard Oil,,,4884,Paid
MDM002550,2025-09-02,SCH0489,S. Agro Works,Mustard Oil,0.5,BAG,3000,Pending
MDM011404,2025-06-07,SCH0153,Singh Brothers,Wheat,,,1599,Cleared
MDM006577,2025-10-01,SCH0066,Singh Brothers,oil,34700.0,G,4164,Paid
MDM011704,2025-08-18,SCH0466,Sharma Traders Pvt Ltd,Wheat,27.2,KG,816,Pending
MDM004175,2026-01-05,SCH0407,Singh Agro,Wheat,0.57,BORI,855,Paid
MDM005933,2025-10-18,SCH0587,Singh Brothers,Rice,1.138,BAG_50KG,2276,Paid
MDM010817,2025-08-04,SCH0060,Sharma & Sons,Wheat,38700.0,G,1161,Cleared
MDM001025,2025-09-19,SCH0169,Singh Brothers,Wheat,47500.0,G,1425,Pending
MDM004849,2025-06-07,SCH0014,Sharma Traders,Wheat,,,393,Paid
MDM006595,2025-10-09,SCH0464,Sharma & Sons,Dal,,,2934,Paid
MDM001952,2026-01-13,SCH0340,Goyal Enterprises,Cooking Oil,47500.0,G,5700,Pending
MDM007638,2026-02-01,SCH0584,Sharma & Sons,Dal,22900.0,G,2061,
MDM000352,2025-05-05,SCH0329,Kumar & Co.,Wheat,10.6,KG,318,Cleared
MDM009857,2025-10-12,SCH0525,Goyal Rice Mill,Rice,,,480,Pending
MDM011569,2025-12-07,SCH0330,Kumar General Store,Dal,40.1,KG,3609,Due
MDM005481,2025-11-20,SCH0309,Goyal Mill,Dal,52.7,KG,4743,Cleared
MDM009699,2025-10-12,SCH0013,Sharma Traders,Mustard Oil,30.9,KG,3708,Paid
MDM004798,2025-12-02,SCH0191,Kumar General Store,Wheat,,,1425,Cleared
MDM011845,2025-12-23,SCH0064,Sharma Traders Pvt Ltd,Rice,,,1188,Cleared
MDM003663,2025-12-05,SCH0041,Goyal Rice Mill,Dal,21200.0,G,1908,Paid
MDM007702,2025-12-25,SCH0366,Goyal Rice Mill,Mustard Oil,49100.0,G,5892,Pending
MDM004658,2026-02-15,SCH0537,Kumar General Store,Rice,11.1,KG,444,
MDM009942,2025-11-30,SCH0504,Goyal Rice Mill,Rice,48100.0,G,,
MDM003151,2025-06-15,SCH0235,Goyal Enterprises,Wheat,,,1149,Paid
MDM007318,2025-07-12,SCH0115,Kumar Supplies,Rice,,,912,Due
MDM004814,2025-10-20,SCH0214,Kumar General Store,Mustard Oil,40.6,KG,4872,Pending
MDM006194,2025-04-14,SCH0312,Kumar & Co.,Wheat,1.086,BAG_50KG,1629,Paid
MDM008714,2025-05-05,SCH0536,Singh Agro,Dal,26300.0,G,2367,Paid
MDM005144,2025-09-13,SCH0209,Sharma Traders Pvt Ltd,Rice,1.066,BAG_50KG,2132,Due
MDM002940,2025-09-20,SCH0274,Kumar & Co.,Wheat,,,1743,Cleared
MDM007308,2026-02-11,SCH0254,Kumar Supplies,Rice,0.782,BORI,1564,Pending
MDM004511,2025-12-27,SCH0078,Kumar Supplies,Dal,43600.0,G,3924,Pending
MDM001341,2025-08-16,SCH0557,Goyal Mill,Atta,,,1764,Pending
MDM011579,2025-07-28,SCH0309,Sharma Traders,Wheat,,,1737,Due
MDM001392,2025-08-07,SCH0099,Goyal Rice Mill,Dal,,,1377,Cleared
MDM010279,2026-01-06,SCH0139,Kumar & Co.,Atta,,,1212,
MDM007086,2025-09-07,SCH0255,S. Agro Works,Mustard Oil,34200.0,G,4104,Paid
MDM009593,2025-10-06,SCH0485,Goyal Enterprises,Mustard Oil,59800.0,G,7176,Pending
MDM007804,2025-05-07,SCH0135,Singh Brothers,Wheat,0.9840000000000001,BAG,1476,Paid
MDM007449,2025-10-03,SCH0172,Kumar General Store,Wheat,23.6,KG,708,Paid
MDM008743,2025-10-20,SCH0269,Sharma Traders,Mustard Oil,28.1,KG,3372,Paid
MDM001584,2026-01-27,SCH0583,Sharma Traders,Dal,22.8,KG,2052,Due
MDM001413,2025-09-11,SCH0304,Goyal Mill,Rice,,,1516,Pending
MDM008700,2026-02-13,SCH0017,Goyal Rice Mill,Mustard Oil,0.384,SACK,2304,
MDM010813,2025-10-26,SCH0505,Goyal Enterprises,oil,31400.0,G,3768,Paid
MDM002257,2025-11-10,SCH0092,Kumar Supplies,Wheat,27100.0,G,813,Due
MDM010255,2025-10-15,SCH0319,Goyal Enterprises,Wheat,1.164,BAG,1746,Pending
MDM008127,2025-09-20,SCH0550,Kumar General Store,Wheat,11.7,KG,351,Pending
MDM002213,2025-04-30,SCH0422,Singh Agro,Wheat,37700.0,G,1131,Due
MDM005604,2026-01-11,SCH0326,Sharma Traders,Dal,54.1,KG,4869,Due
MDM002623,2025-07-14,SCH0428,Kumar Supplies,Rice,34300.0,G,1372,Pending
MDM008133,2026-01-19,SCH0186,Kumar General Store,Rice,,,1092,Pending
MDM005418,2025-08-10,SCH0424,Sharma Traders Pvt Ltd,Rice,,,444,Pending
MDM004939,2026-02-08,SCH0385,Singh Brothers,Atta,,,,Paid
MDM009704,2025-12-06,SCH0307,Sharma Traders Pvt Ltd,Mustard Oil,,,4452,Pending
MDM003625,2025-06-09,SCH0055,Singh Brothers,Dal,21800.0,G,1962,Paid
MDM006555,2025-11-14,SCH0513,S. Agro Works,Dal,41.4,KG,3726,Pending
MDM004268,2025-06-14,SCH0463,Sharma & Sons,Dal,,,2520,Due
MDM011958,2025-04-13,SCH0411,Goyal Enterprises,Dal,38600.0,G,3474,Due
MDM000464,2025-09-26,SCH0586,Kumar General Store,oil,49.0,KG,5880,Cleared
MDM001755,2025-07-31,SCH0381,Singh Brothers,Mustard Oil,16000.0,G,1920,
MDM007040,2025-07-01,SCH0170,Kumar Supplies,Wheat,55500.0,G,1665,Pending
MDM005639,2025-06-07,SCH0360,Goyal Rice Mill,Atta,19.4,KG,582,Pending
MDM009367,2026-03-17,SCH0004,Goyal Mill,Mustard Oil,1.11,BAG_50KG,6660,Cleared
MDM006179,2026-01-22,SCH0042,Sharma Traders Pvt Ltd,Rice,,,940,Due
MDM007775,2026-01-01,SCH0175,Sharma & Sons,oil,32300.0,G,3876,
MDM000379,2025-09-19,SCH0033,S. Agro Works,Dal,,,1998,Pending
MDM003107,2025-05-23,SCH0364,S. Agro Works,Mustard Oil,,,4356,Due
MDM004804,2025-09-04,SCH0550,Goyal Mill,Rice,15500.0,G,620,Paid
MDM001336,2025-11-10,SCH0471,Sharma & Sons,Atta,28.4,KG,852,Pending
MDM010871,2026-02-21,SCH0406,Singh Agro,Rice,,,2224,Cleared
MDM011978,2025-07-13,SCH0364,Kumar Supplies,Dal,1.198,BAG,5391,
MDM002717,2025-06-01,SCH0095,Sharma & Sons,Wheat,17.8,KG,534,Paid
MDM008830,2025-08-16,SCH0247,Sharma Traders,Mustard Oil,25.0,KG,3000,
MDM006685,2026-01-24,SCH0153,Goyal Enterprises,Mustard Oil,,,6624,Cleared
MDM007756,2025-04-22,SCH0158,Kumar General Store,Atta,47.4,KG,1422,Pending
MDM008485,2025-07-05,SCH0216,S. Agro Works,Rice,,,1996,Cleared
MDM008117,2025-05-22,SCH0068,Singh Brothers,Dal,,,2538,
MDM008066,2025-07-09,SCH0361,Goyal Rice Mill,Wheat,30900.0,G,927,
MDM001812,2025-12-08,SCH0116,Singh Agro,oil,46.2,KG,5544,Pending
MDM007655,2026-03-21,SCH0068,Singh Brothers,Dal,0.986,BAG_50KG,4437,Paid
MDM007041,2025-11-26,SCH0534,Singh Agro,Dal,,,2871,Paid
MDM001895,2025-07-22,SCH0585,Singh Brothers,Dal,37.5,KG,3375,Due
MDM009122,2025-10-04,SCH0117,Kumar Supplies,Mustard Oil,13000.0,G,1560,
MDM006713,2025-11-06,SCH0314,Goyal Enterprises,Wheat,36.1,KG,1083,Cleared
MDM008410,2025-05-14,SCH0071,Kumar General Store,Rice,,,676,Cleared
MDM006923,2025-11-30,SCH0039,Goyal Mill,Dal,40000.0,G,3600,Due
MDM001190,2025-09-22,SCH0311,Goyal Rice Mill,Cooking Oil,0.888,BAG,5328,Pending
MDM005195,2025-08-28,SCH0289,Singh Agro,Mustard Oil,0.466,BAG_50KG,2796,Paid
MDM008272,2025-04-19,SCH0313,Singh Agro,Rice,26.6,KG,1064,Paid
MDM009277,2026-01-23,SCH0146,Kumar General Store,Mustard Oil,,,1968,
MDM007499,2025-11-17,SCH0080,Goyal Rice Mill,Rice,52.3,KG,2092,Pending
MDM003455,2026-02-02,SCH0051,Kumar General Store,Dal,1.026,BORI,4617,Pending
MDM008115,2025-11-10,SCH0052,Goyal Rice Mill,Rice,54.7,KG,2188,Paid
MDM006700,2025-07-07,SCH0270,S. Agro Works,Cooking Oil,,,1356,Pending
MDM010914,2025-10-16,SCH0531,Kumar General Store,Rice,42.6,KG,1704,Due
MDM009967,2025-07-12,SCH0549,Singh Agro,Cooking Oil,59100.0,G,7092,Pending
MDM007277,2025-05-20,SCH0047,Goyal Rice Mill,Mustard Oil,0.732,SACK,4392,Paid
MDM009211,2025-06-13,SCH0355,Goyal Enterprises,Mustard Oil,,,6972,Due
MDM004614,2026-01-21,SCH0274,Goyal Enterprises,Atta,0.738,BAG,1107,Cleared
MDM003993,2025-06-01,SCH0146,Singh Agro,Dal,1.048,BAG,4716,
MDM011426,2025-10-22,SCH0199,Kumar & Co.,Dal,0.232,BORI,1044,Pending
MDM001031,2025-11-27,SCH0332,Kumar General Store,Wheat,,,1242,Pending
MDM010829,2026-01-21,SCH0508,Goyal Rice Mill,Dal,,,2538,Pending
MDM002221,2025-09-28,SCH0068,Kumar Supplies,Dal,,,936,Paid
MDM003775,2026-01-09,SCH0003,Goyal Mill,Dal,0.8059999999999999,BAG_50KG,3627,Due
MDM008776,2025-10-12,SCH0027,S. Agro Works,Dal,14.5,KG,1305,Pending
MDM009571,2025-05-19,SCH0400,Singh Brothers,Dal,35.8,KG,3222,Paid
MDM001756,2025-12-18,SCH0304,Singh Agro,Wheat,17400.0,G,522,Pending
MDM006551,2025-05-19,SCH0014,Kumar & Co.,Rice,,,1792,Paid
MDM009035,2025-08-10,SCH0508,Sharma Traders Pvt Ltd,Dal,,,3879,Paid
MDM008953,2025-10-26,SCH0552,Goyal Mill,Rice,36.4,KG,1456,Paid
MDM004328,2025-06-22,SCH0050,Sharma & Sons,Cooking Oil,,,5772,Paid
MDM011350,2025-12-23,SCH0520,Goyal Rice Mill,Wheat,1.066,SACK,1599,
MDM000111,2026-02-24,SCH0412,Sharma Traders,oil,0.398,BAG,2388,Due
MDM011718,2025-11-11,SCH0139,Goyal Rice Mill,Wheat,58.9,KG,1767,Due
MDM011927,2025-05-10,SCH0052,S. Agro Works,Wheat,53700.0,G,1611,Cleared
MDM005732,2025-10-03,SCH0493,S. Agro Works,Atta,38.3,KG,1149,
MDM002918,2025-07-16,SCH0006,S. Agro Works,Wheat,0.986,BAG,1479,Pending
MDM006650,2025-05-18,SCH0489,Kumar General Store,Wheat,11.4,KG,342,Pending
MDM001516,2026-02-20,SCH0192,Goyal Rice Mill,oil,22800.0,G,2736,Paid
MDM011672,2025-12-28,SCH0202,Goyal Enterprises,Wheat,11.5,KG,345,Due
MDM011185,2025-10-23,SCH0553,Kumar Supplies,Wheat,1.116,BORI,1674,Pending
MDM010385,2025-06-30,SCH0317,Singh Brothers,Dal,34.7,KG,3123,Pending
MDM002264,2026-02-19,SCH0411,Kumar Supplies,oil,,,1680,Pending
MDM006927,2025-12-23,SCH0420,Kumar Supplies,Rice,1.056,SACK,2112,Pending
MDM007895,2025-12-20,SCH0466,Kumar Supplies,Wheat,54.3,KG,1629,Pending
MDM010490,2025-06-14,SCH0395,Sharma Traders,Dal,48100.0,G,4329,Paid
MDM010366,2025-09-16,SCH0030,Singh Agro,Dal,49500.0,G,4455,Pending
MDM000894,2026-01-25,SCH0382,Goyal Rice Mill,Rice,35.5,KG,1420,Paid
MDM001491,2025-12-07,SCH0415,Sharma & Sons,Dal,,,4734,Pending
MDM001851,2025-05-14,SCH0224,Kumar & Co.,Rice,40500.0,G,1620,Paid
MDM009991,2025-11-26,SCH0553,Goyal Enterprises,Rice,16.7,KG,668,Paid
MDM007736,2025-10-18,SCH0224,S. Agro Works,Cooking Oil,0.48,BAG,2880,Paid
MDM000325,2025-08-25,SCH0433,Singh Agro,Rice,40100.0,G,1604,Paid
MDM001216,2026-01-13,SCH0318,Goyal Rice Mill,Dal,,,2970,Paid
MDM002934,2025-12-26,SCH0269,S. Agro Works,Wheat,16.3,KG,,Pending
MDM004690,2025-06-07,SCH0014,Kumar Supplies,Wheat,1.07,BAG,1605,Pending
MDM009143,2025-09-11,SCH0270,Singh Brothers,Dal,0.474,BAG_50KG,2133,Pending
MDM008873,2025-05-09,SCH0166,Kumar General Store,Rice,,,2372,Pending
MDM010604,2025-10-15,SCH0208,Goyal Enterprises,Dal,52700.0,G,4743,Paid
MDM011342,2026-01-14,SCH0464,Sharma Traders,Mustard Oil,46.7,KG,5604,Due
MDM008129,2025-08-07,SCH0495,Kumar Supplies,Cooking Oil,,,3216,Due
MDM001130,2025-11-07,SCH0155,Goyal Rice Mill,oil,,,1464,Pending
MDM009620,2026-03-23,SCH0154,Kumar General Store,Rice,,,2032,Pending
MDM002919,2026-02-04,SCH0449,Singh Brothers,Atta,47700.0,G,1431,Due
MDM006118,2025-08-21,SCH0440,Kumar & Co.,Dal,,,1269,Paid
MDM003085,2025-10-11,SCH0370,Kumar General Store,Rice,25.4,KG,1016,Due
MDM004589,2025-04-16,SCH0248,Kumar General Store,Cooking Oil,10400.0,G,1248,Paid
MDM004305,2026-03-20,SCH0195,Kumar & Co.,Mustard Oil,43.5,KG,5220,Paid
MDM002796,2025-07-29,SCH0591,Sharma Traders,Cooking Oil,,,,
MDM008872,2025-10-01,SCH0568,Kumar & Co.,Cooking Oil,33000.0,G,3960,Cleared
MDM000799,2025-06-11,SCH0355,Sharma Traders,Dal,0.29,SACK,1305,Paid
MDM000735,2025-08-11,SCH0586,Sharma & Sons,Cooking Oil,58.2,KG,6984,Paid
MDM002245,2025-12-21,SCH0585,Singh Agro,Rice,32.2,KG,1288,Paid
MDM000179,2026-01-10,SCH0553,Kumar & Co.,Wheat,,,615,
MDM009162,2025-06-29,SCH0098,Goyal Enterprises,oil,,,6264,
MDM009364,2025-07-21,SCH0466,Kumar & Co.,Rice,0.738,BAG,1476,Pending
MDM001175,2025-08-01,SCH0292,S. Agro Works,Dal,51800.0,G,4662,Cleared
MDM006596,2025-12-18,SCH0529,S. Agro Works,Dal,41.9,KG,3771,Pending
MDM008571,2026-01-18,SCH0147,Goyal Enterprises,Dal,,,2169,
MDM001832,2025-07-09,SCH0583,Sharma Traders,Mustard Oil,41400.0,G,4968,
MDM009986,2026-02-19,SCH0482,Sharma Traders,Wheat,33.0,KG,990,Pending
MDM006587,2026-02-08,SCH0398,Kumar & Co.,Wheat,0.784,BORI,1176,Paid
MDM009922,2025-10-25,SCH0164,Kumar Supplies,Mustard Oil,,,6240,Due
MDM001782,2025-06-30,SCH0130,Sharma Traders Pvt Ltd,Dal,59900.0,G,5391,Cleared
MDM003202,2025-08-16,SCH0118,S. Agro Works,Wheat,,,810,Pending
MDM000199,2025-10-04,SCH0008,Singh Brothers,Rice,53.5,KG,2140,
MDM010135,2026-02-03,SCH0154,Sharma Traders,Rice,58.4,KG,,
MDM004088,2025-08-21,SCH0462,Sharma Traders,Rice,0.21,BAG,420,Due
MDM005194,2026-03-21,SCH0172,S. Agro Works,Rice,33300.0,G,1332,Paid
MDM000549,2025-07-07,SCH0392,Kumar & Co.,Rice,11.3,KG,452,Pending
MDM003340,2026-01-22,SCH0454,Goyal Rice Mill,Atta,11.9,KG,357,Cleared
MDM011656,2025-07-04,SCH0137,Sharma & Sons,Dal,,,5301,Paid
MDM006984,2026-01-03,SCH0118,Kumar & Co.,Mustard Oil,39.5,KG,4740,Paid
MDM007290,2025-10-12,SCH0316,Goyal Rice Mill,Dal,26700.0,G,2403,Cleared
MDM002533,2025-11-05,SCH0271,Singh Brothers,Dal,1.152,BAG,,Pending
MDM011421,2025-04-15,SCH0115,Sharma Traders,oil,15800.0,G,1896,Paid
MDM002315,2025-06-22,SCH0172,Singh Agro,Wheat,1.104,BAG,1656,Due
MDM009130,2025-08-19,SCH0248,S. Agro Works,Dal,,,2277,
MDM008794,2025-04-19,SCH0298,Goyal Mill,Mustard Oil,0.894,BAG,5364,Pending
MDM010187,2026-03-30,SCH0491,Kumar Supplies,Rice,,,1072,Cleared
MDM008780,2026-02-03,SCH0541,Sharma & Sons,oil,,,6456,Pending
MDM000067,2025-04-17,SCH0130,Singh Agro,Atta,18000.0,G,540,Pending
MDM005128,2025-05-06,SCH0136,Kumar Supplies,Rice,41900.0,G,1676,Paid
MDM004713,2025-05-20,SCH0309,Sharma & Sons,Rice,57.2,KG,2288,Due
MDM005215,2026-02-12,SCH0257,Sharma & Sons,Mustard Oil,28.5,KG,3420,
MDM003261,2026-02-20,SCH0125,Sharma & Sons,Mustard Oil,43.9,KG,5268,Pending
MDM005034,2025-09-28,SCH0025,Singh Agro,Wheat,29600.0,G,888,Pending
MDM002573,2025-08-05,SCH0580,S. Agro Works,Wheat,30300.0,G,909,
MDM008451,2025-05-10,SCH0285,S. Agro Works,Dal,26.4,KG,,Paid
MDM008891,2025-04-14,SCH0189,Goyal Rice Mill,Dal,24.1,KG,2169,Cleared
MDM000623,2025-12-21,SCH0084,Kumar & Co.,Rice,41500.0,G,1660,Cleared
MDM001682,2025-09-21,SCH0524,Singh Agro,oil,28.3,KG,3396,Paid
MDM000788,2025-05-24,SCH0160,Kumar General Store,Mustard Oil,,,4356,Pending
MDM003333,2025-07-30,SCH0185,Kumar General Store,Cooking Oil,57200.0,G,6864,
MDM007110,2025-09-27,SCH0049,Goyal Rice Mill,Rice,31800.0,G,1272,Due
MDM006009,2026-01-30,SCH0436,Sharma Traders Pvt Ltd,Wheat,22.5,KG,675,Cleared
MDM008926,2026-01-07,SCH0498,Kumar & Co.,Mustard Oil,33.7,KG,4044,Pending
MDM010808,2026-01-08,SCH0389,Singh Brothers,Wheat,,,957,
MDM003281,2025-11-09,SCH0366,S. Agro Works,Mustard Oil,,,2412,Paid
MDM010804,2026-03-18,SCH0221,Sharma Traders,Rice,,,428,Paid
MDM011267,2025-11-12,SCH0553,Sharma Traders Pvt Ltd,Wheat,0.594,SACK,,Pending
MDM008371,2025-12-15,SCH0169,Kumar & Co.,Dal,,,4059,Paid
MDM008704,2025-08-13,SCH0074,Sharma Traders,Rice,12.1,KG,484,Cleared
MDM010685,2025-05-13,SCH0514,Goyal Enterprises,Atta,51.6,KG,1548,Paid
MDM000516,2025-09-25,SCH0253,Goyal Rice Mill,Dal,,,4212,Pending
MDM000479,2025-07-23,SCH0129,Kumar Supplies,Atta,16.3,KG,489,Cleared
MDM009993,2026-02-09,SCH0181,Sharma Traders,Rice,35900.0,G,1436,Paid
MDM007009,2025-12-09,SCH0108,Kumar Supplies,Rice,56.3,KG,2252,Cleared
MDM008455,2026-01-16,SCH0386,Kumar & Co.,Cooking Oil,0.328,SACK,1968,Paid
MDM002648,2025-09-21,SCH0468,Singh Agro,Dal,0.9540000000000001,BAG_50KG,4293,
MDM010126,2025-04-27,SCH0226,Singh Agro,Rice,12700.0,G,508,Due
MDM009782,2025-04-11,SCH0510,Singh Brothers,Wheat,,,1125,Pending
MDM007862,2025-10-11,SCH0552,Sharma Traders Pvt Ltd,Wheat,0.628,BAG,,Due
MDM001034,2025-12-14,SCH0533,Singh Agro,Dal,,,3573,Pending
MDM007192,2025-07-19,SCH0403,Kumar Supplies,Rice,59.4,KG,2376,Due
MDM002599,2026-02-01,SCH0150,Kumar General Store,Wheat,0.56,BORI,,Pending
MDM006349,2025-07-28,SCH0539,Singh Agro,Wheat,,,1314,Due
MDM006910,2025-10-03,SCH0316,Singh Brothers,Wheat,,,1326,Due
MDM006593,2025-04-04,SCH0154,Kumar General Store,Rice,38.1,KG,1524,Pending
MDM008373,2025-06-27,SCH0566,Goyal Enterprises,Dal,0.9279999999999999,BAG,4176,Cleared
MDM008765,2026-03-17,SCH0436,Singh Agro,Cooking Oil,47.7,KG,5724,Pending
MDM000345,2025-04-23,SCH0118,Kumar Supplies,Mustard Oil,56700.0,G,6804,Pending
MDM005522,2026-03-17,SCH0409,Sharma Traders,Dal,,,3411,Due
MDM009899,2026-03-01,SCH0042,Goyal Mill,Rice,54.8,KG,2192,Paid
MDM001872,2025-04-13,SCH0219,Sharma Traders,Wheat,40.1,KG,1203,Pending
MDM002978,2025-09-09,SCH0281,Sharma Traders Pvt Ltd,Cooking Oil,0.204,BORI,1224,Pending
MDM007661,2025-12-26,SCH0126,Sharma Traders,Dal,27.0,KG,2430,Pending
MDM003987,2025-04-15,SCH0158,Kumar General Store,Rice,0.236,BAG_50KG,472,Cleared
MDM011873,2025-12-25,SCH0298,S. Agro Works,Dal,58800.0,G,5292,Paid
MDM002889,2025-05-29,SCH0487,Goyal Mill,Rice,32800.0,G,1312,Due
MDM008722,2025-09-29,SCH0519,Kumar & Co.,Wheat,0.344,BAG_50KG,516,Due
MDM004624,2025-06-17,SCH0144,Sharma & Sons,Rice,43900.0,G,1756,Paid
MDM004819,2025-06-14,SCH0327,Kumar General Store,oil,0.8420000000000001,BAG,5052,Pending
MDM010153,2025-10-19,SCH0119,Goyal Mill,Rice,,,2304,Cleared
MDM010888,2025-10-30,SCH0376,Kumar Supplies,Mustard Oil,15.7,KG,1884,
MDM000221,2026-03-11,SCH0581,S. Agro Works,Rice,,,1352,
MDM007218,2026-01-30,SCH0146,Sharma Traders,Mustard Oil,0.94,BORI,5640,
MDM007388,2026-01-03,SCH0167,Goyal Enterprises,Cooking Oil,,,2724,Paid
MDM010280,2025-10-02,SCH0277,Goyal Enterprises,Wheat,1.088,BORI,1632,Due
MDM007051,2025-12-25,SCH0587,Sharma Traders Pvt Ltd,Mustard Oil,0.258,BORI,1548,Paid
MDM006249,2025-05-31,SCH0324,Sharma & Sons,Dal,21800.0,G,1962,Pending
MDM010042,2026-02-03,SCH0029,Singh Brothers,Dal,0.862,BAG_50KG,3879,Paid
MDM004017,2025-12-03,SCH0446,Goyal Rice Mill,Mustard Oil,,,6048,Paid
MDM010183,2025-07-17,SCH0096,S. Agro Works,Dal,,,3573,Due
MDM004249,2025-05-01,SCH0315,Sharma Traders Pvt Ltd,Mustard Oil,,,6300,
MDM009452,2026-01-05,SCH0455,Kumar General Store,Dal,,,1710,Due
MDM011304,2025-04-02,SCH0534,Kumar Supplies,Rice,21.8,KG,872,
MDM008654,2026-03-12,SCH0326,Goyal Mill,Wheat,,,549,Cleared
MDM005869,2025-04-24,SCH0213,Singh Brothers,Wheat,43.8,KG,1314,Paid
MDM006633,2026-03-28,SCH0180,Singh Brothers,Rice,1.002,BORI,2004,Cleared
MDM001265,2025-08-26,SCH0091,Goyal Mill,Atta,,,309,Paid
MDM007832,2025-12-16,SCH0364,Singh Brothers,Mustard Oil,46700.0,G,5604,Due
MDM004242,2025-12-27,SCH0098,Kumar & Co.,Wheat,,,972,Pending
MDM005651,2025-07-24,SCH0075,S. Agro Works,oil,,,1632,Pending
MDM006476,2025-04-18,SCH0115,Kumar General Store,Wheat,23300.0,G,699,Pending
MDM011227,2025-10-23,SCH0379,Kumar Supplies,Rice,,,2020,Pending
MDM007502,2025-05-02,SCH0136,Goyal Rice Mill,Dal,0.9620000000000001,BAG,4329,Pending
MDM011341,2025-07-23,SCH0087,Kumar Supplies,Rice,56000.0,G,2240,Paid
MDM008577,2026-03-16,SCH0363,Kumar Supplies,Dal,43.0,KG,3870,Cleared
MDM002882,2025-12-04,SCH0245,Sharma Traders,Mustard Oil,24.8,KG,2976,Pending
MDM001678,2026-02-26,SCH0336,Kumar Supplies,oil,20.4,KG,2448,Pending
MDM006598,2025-05-26,SCH0320,Singh Brothers,Rice,0.36,BORI,720,Pending
MDM006724,2026-01-20,SCH0154,S. Agro Works,Atta,33.0,KG,990,Paid
MDM000902,2026-03-14,SCH0496,Kumar & Co.,Cooking Oil,0.292,BAG,1752,Due
MDM009437,2025-09-28,SCH0354,Goyal Rice Mill,Dal,1.104,BAG,4968,Paid
MDM002297,2025-09-07,SCH0181,S. Agro Works,Dal,21900.0,G,1970,Pending
MDM003403,2025-07-11,SCH0377,Sharma Traders,Cooking Oil,,,5244,Pending
MDM008574,2026-03-12,SCH0076,Goyal Mill,Dal,0.414,BORI,1863,Due
MDM000297,2025-12-06,SCH0032,Goyal Mill,oil,,,6600,Due
MDM010852,2026-03-30,SCH0324,Goyal Enterprises,Wheat,,,1266,Pending
MDM004154,2025-09-20,SCH0300,Kumar General Store,Mustard Oil,41.1,KG,4932,
MDM010035,2026-01-19,SCH0558,Sharma Traders,Dal,,,,Paid
MDM006725,2025-12-20,SCH0107,Kumar General Store,Dal,59400.0,G,5346,Pending
MDM000028,2026-03-30,SCH0148,Goyal Rice Mill,Mustard Oil,,,2268,
MDM006758,2025-06-25,SCH0323,Singh Agro,Rice,29.7,KG,1188,Pending
MDM009148,2025-08-10,SCH0164,Goyal Mill,Mustard Oil,,,4968,Cleared
MDM003830,2026-03-18,SCH0592,Goyal Mill,Rice,20300.0,G,812,Paid
MDM008564,2026-02-05,SCH0111,Sharma Traders,oil,38200.0,G,4584,
MDM003249,2025-10-28,SCH0184,Kumar Supplies,Dal,46.8,KG,4212,Pending
MDM009780,2025-10-11,SCH0456,Goyal Rice Mill,Wheat,,,867,Paid
MDM007937,2025-04-30,SCH0509,Kumar General Store,Dal,,,3033,Due
MDM002581,2025-11-18,SCH0207,Kumar General Store,Wheat,18.9,KG,567,Pending
MDM007628,2025-11-10,SCH0502,S. Agro Works,Rice,,,1524,Cleared
MDM011512,2026-03-23,SCH0133,Singh Brothers,Mustard Oil,53.9,KG,6468,
MDM008404,2025-09-16,SCH0265,Sharma Traders,oil,42800.0,G,5136,Due
MDM001371,2025-08-29,SCH0466,Sharma Traders,Mustard Oil,15.3,KG,1836,Pending
MDM009355,2025-06-11,SCH0390,S. Agro Works,Dal,,,1719,Paid
MDM007932,2026-02-23,SCH0018,S. Agro Works,Wheat,,,1149,Due
MDM005552,2025-07-15,SCH0043,Goyal Rice Mill,Cooking Oil,55.5,KG,6660,
MDM008541,2025-10-19,SCH0123,Kumar General Store,Wheat,1.166,BAG_50KG,1749,
MDM005255,2026-03-26,SCH0346,S. Agro Works,Mustard Oil,,,6792,Pending
MDM000682,2025-05-08,SCH0331,Sharma Traders,Atta,49.8,KG,1494,Paid
MDM011499,2026-03-07,SCH0392,Sharma Traders,Dal,,,2016,Paid
MDM004776,2025-06-12,SCH0174,Goyal Mill,Dal,,,3186,Cleared
MDM005423,2026-02-19,SCH0265,Kumar & Co.,Wheat,,,345,Due
MDM003160,2025-06-21,SCH0339,Kumar General Store,Dal,,,,Pending
MDM008982,2026-03-02,SCH0100,Goyal Mill,Wheat,,,1023,Due
MDM002988,2025-07-01,SCH0321,Singh Brothers,oil,14100.0,G,1692,Pending
MDM004909,2025-12-19,SCH0426,Kumar Supplies,Atta,29.6,KG,888,Cleared
MDM001883,2026-03-04,SCH0468,Singh Agro,Rice,46700.0,G,1868,Cleared
MDM006720,2026-03-17,SCH0383,Kumar Supplies,Atta,,,972,Paid
MDM008559,2026-01-05,SCH0451,Kumar Supplies,Dal,47600.0,G,4284,Due
MDM001941,2025-09-28,SCH0463,Singh Agro,Wheat,31.8,KG,954,
MDM003297,2025-04-04,SCH0025,Goyal Rice Mill,Wheat,38600.0,G,1158,Pending
MDM003535,2026-02-11,SCH0068,Singh Agro,Rice,,,1912,Due
MDM009627,2025-07-07,SCH0570,Kumar Supplies,oil,0.778,BAG_50KG,4668,Pending
MDM003730,2025-05-22,SCH0210,Sharma & Sons,Dal,0.79,BORI,3555,
MDM000491,2026-03-13,SCH0321,Kumar Supplies,Dal,46.8,KG,4212,Due
MDM007884,2025-11-17,SCH0238,Kumar Supplies,oil,30000.0,G,3600,Cleared
MDM001182,2025-09-12,SCH0483,Singh Agro,Atta,45.3,KG,1359,Cleared
MDM001376,2025-09-20,SCH0576,Goyal Mill,Rice,13.9,KG,556,Paid
MDM005015,2026-03-19,SCH0516,Sharma & Sons,Rice,44.3,KG,1772,Pending
MDM006992,2025-04-09,SCH0337,Kumar & Co.,Dal,58400.0,G,,Pending
MDM000627,2025-12-18,SCH0319,Goyal Enterprises,Rice,55.2,KG,2208,
MDM004759,2026-02-11,SCH0359,Sharma & Sons,Wheat,31.3,KG,939,Pending
MDM011219,2025-05-15,SCH0509,Sharma & Sons,Rice,,,,Cleared
MDM002113,2026-02-09,SCH0380,Goyal Mill,Rice,,,1872,Paid
MDM008535,2025-07-10,SCH0348,Sharma & Sons,oil,56800.0,G,6816,Pending
MDM008890,2025-08-28,SCH0212,Kumar Supplies,Rice,,,652,Paid
MDM006228,2026-02-21,SCH0051,Singh Agro,Rice,,,1824,Due
MDM001768,2025-10-17,SCH0328,Sharma & Sons,Dal,16300.0,G,1467,Pending
MDM009059,2025-12-06,SCH0532,Sharma Traders Pvt Ltd,oil,23000.0,G,2760,Paid
MDM004181,2025-10-09,SCH0500,Kumar General Store,Dal,42.0,KG,3780,Paid
MDM009351,2025-05-09,SCH0483,Goyal Mill,Rice,,,1564,Paid
MDM006378,2026-02-06,SCH0042,Singh Agro,Rice,1.112,SACK,2224,Due
MDM001463,2026-02-26,SCH0314,Kumar General Store,Mustard Oil,58100.0,G,6972,Paid
MDM002888,2025-05-05,SCH0596,S. Agro Works,Dal,,,1620,Pending
MDM006761,2025-05-14,SCH0448,S. Agro Works,Wheat,17.5,KG,525,Due
MDM000685,2025-12-08,SCH0394,Goyal Rice Mill,oil,,,6168,
MDM004540,2025-10-26,SCH0279,S. Agro Works,Dal,1.004,BAG,4518,Paid
MDM004515,2025-05-16,SCH0304,Sharma & Sons,Wheat,17700.0,G,531,Pending
MDM009496,2025-06-16,SCH0518,Kumar Supplies,Wheat,,,1512,Cleared
MDM009715,2025-07-17,SCH0171,Kumar Supplies,Mustard Oil,59.7,KG,7164,Pending
MDM001367,2025-10-01,SCH0059,Kumar & Co.,Rice,48.1,KG,1924,Pending
MDM003917,2025-11-28,SCH0536,Goyal Mill,Mustard Oil,14300.0,G,1716,Pending
MDM002640,2026-02-04,SCH0384,Sharma Traders Pvt Ltd,Mustard Oil,48400.0,G,5808,Pending
MDM011690,2025-07-12,SCH0090,Kumar Supplies,Dal,,,2916,Cleared
MDM005603,2025-09-30,SCH0091,Kumar Supplies,Mustard Oil,22.2,KG,2664,Pending
MDM011278,2025-06-25,SCH0162,Kumar General Store,Cooking Oil,0.598,BORI,3588,Due
MDM005730,2025-10-25,SCH0328,Kumar Supplies,Rice,,,1480,
MDM005731,2025-10-04,SCH0190,Singh Agro,Rice,31600.0,G,1264,Pending
MDM007689,2026-01-11,SCH0583,Goyal Enterprises,Wheat,25.1,KG,753,Pending
MDM008903,2025-05-24,SCH0530,Singh Brothers,Wheat,,,510,Pending
MDM002301,2026-02-28,SCH0190,Kumar Supplies,Dal,,,954,Pending
MDM004788,2025-07-09,SCH0464,Kumar & Co.,Wheat,,,1704,Pending
MDM002939,2025-12-30,SCH0119,Kumar General Store,Dal,,,5058,Pending
MDM005660,2025-11-18,SCH0236,Goyal Enterprises,Rice,14.8,KG,592,Paid
MDM008447,2025-11-07,SCH0370,Sharma Traders Pvt Ltd,Mustard Oil,52.6,KG,6312,Paid
MDM010697,2026-01-17,SCH0523,Goyal Mill,Rice,,,2008,Due
MDM007691,2026-02-06,SCH0585,S. Agro Works,Dal,0.532,BORI,2394,Paid
MDM001980,2025-06-04,SCH0069,Goyal Enterprises,Rice,43.8,KG,1752,Pending
MDM005980,2025-06-30,SCH0104,Kumar Supplies,Rice,,,656,Paid
MDM003804,2025-09-22,SCH0357,Kumar General Store,Dal,1.014,BAG_50KG,4563,
MDM004535,2026-02-02,SCH0205,Kumar Supplies,Wheat,17.7,KG,531,Paid
MDM008347,2025-10-18,SCH0537,Singh Agro,Wheat,,,984,
MDM011387,2026-03-30,SCH0177,Kumar Supplies,Dal,0.224,BORI,1008,Pending
MDM009404,2026-02-24,SCH0019,Kumar & Co.,Cooking Oil,50300.0,G,6036,
MDM007258,2025-05-11,SCH0071,Kumar Supplies,Rice,0.352,SACK,704,Paid
MDM009267,2025-04-19,SCH0167,Kumar Supplies,Atta,44.6,KG,1338,Paid
MDM004801,2026-02-25,SCH0424,Kumar General Store,Dal,,,3708,
MDM002281,2025-12-13,SCH0094,Kumar General Store,Rice,46.0,KG,1840,Pending
MDM007770,2026-01-05,SCH0107,Goyal Mill,Mustard Oil,,,4776,Paid
MDM006352,2026-01-05,SCH0529,S. Agro Works,Rice,37200.0,G,1488,Paid
MDM004470,2026-03-22,SCH0285,Goyal Enterprises,Cooking Oil,56.7,KG,6804,Pending
MDM005134,2025-05-07,SCH0300,Kumar General Store,Cooking Oil,18200.0,G,2184,Paid
MDM000999,2025-07-10,SCH0040,Goyal Mill,Wheat,20.5,KG,615,Paid
MDM004131,2025-11-03,SCH0127,Goyal Rice Mill,Atta,31.3,KG,939,
MDM005267,2025-08-17,SCH0400,Kumar Supplies,Rice,,,1304,Pending
MDM010559,2025-07-08,SCH0390,Goyal Rice Mill,Dal,10.5,KG,945,Paid
MDM001785,2026-01-10,SCH0431,Goyal Mill,Atta,37.4,KG,,Paid
MDM003183,2025-08-26,SCH0166,Kumar Supplies,Mustard Oil,28100.0,G,3372,Paid
MDM010707,2025-11-18,SCH0100,Goyal Mill,Dal,20.7,KG,1863,Paid
MDM000495,2026-03-25,SCH0352,Goyal Mill,Dal,,,2673,Paid
MDM006835,2025-09-12,SCH0155,Sharma & Sons,Dal,,,3150,Paid
MDM009591,2025-04-14,SCH0402,Sharma & Sons,Dal,0.552,SACK,2484,
MDM002861,2026-02-02,SCH0425,Sharma Traders Pvt Ltd,Mustard Oil,31200.0,G,3744,Due
MDM002039,2025-08-29,SCH0063,S. Agro Works,Dal,10600.0,G,954,Cleared
MDM004042,2026-03-12,SCH0491,Kumar Supplies,Wheat,10700.0,G,321,
MDM009474,2025-07-13,SCH0529,Sharma Traders,Wheat,59.9,KG,1797,Cleared
MDM002898,2025-09-28,SCH0017,Singh Brothers,Dal,0.308,BAG,1386,Paid
MDM000367,2025-10-21,SCH0561,Singh Brothers,Rice,,,1304,Due
MDM000850,2026-01-16,SCH0201,Kumar General Store,Rice,23700.0,G,948,Pending
MDM007964,2025-12-27,SCH0011,S. Agro Works,Mustard Oil,55400.0,G,6648,Paid
MDM007091,2025-10-16,SCH0506,Sharma & Sons,Dal,1.158,BAG,5211,Paid
MDM008210,2025-11-12,SCH0591,Sharma Traders,Rice,26.9,KG,1076,Paid
MDM007757,2025-11-18,SCH0030,Kumar & Co.,Dal,26800.0,G,,Cleared
MDM002654,2025-11-03,SCH0450,Singh Brothers,Dal,53.9,KG,4851,Paid
MDM003504,2025-07-20,SCH0253,Kumar & Co.,Dal,0.97,BAG,4365,Paid
MDM008518,2025-05-05,SCH0477,Goyal Rice Mill,Rice,,,2372,Paid
MDM006096,2025-07-23,SCH0151,Singh Brothers,Dal,,,2988,
MDM001542,2025-10-24,SCH0289,Kumar Supplies,oil,16.7,KG,2004,Pending
MDM006379,2026-02-28,SCH0524,Sharma & Sons,Dal,,,4086,Pending
MDM010950,2026-03-17,SCH0438,Singh Brothers,Rice,,,2208,Due
MDM000323,2025-10-05,SCH0562,Sharma Traders Pvt Ltd,Cooking Oil,57.0,KG,6840,Due
MDM002032,2025-11-26,SCH0060,Sharma & Sons,Mustard Oil,,,6060,Pending
MDM008392,2025-11-10,SCH0494,Kumar Supplies,Rice,54.7,KG,2188,Cleared
MDM009572,2025-10-26,SCH0440,Kumar & Co.,Mustard Oil,45.6,KG,5472,Pending
MDM000814,2025-12-17,SCH0421,Sharma Traders,oil,45.9,KG,5508,Paid
MDM002529,2025-08-22,SCH0429,Sharma & Sons,Wheat,45.4,KG,1362,Due
MDM011584,2025-08-02,SCH0362,Goyal Mill,Rice,,,1228,Paid
MDM006845,2025-09-17,SCH0354,Singh Brothers,Rice,39700.0,G,1588,Pending
MDM006281,2025-08-28,SCH0434,Sharma Traders Pvt Ltd,oil,27400.0,G,3288,Cleared
MDM011361,2025-10-07,SCH0420,Kumar Supplies,Rice,0.578,BAG_50KG,1156,Paid
MDM010529,2025-11-27,SCH0525,Kumar & Co.,Wheat,,,1077,Pending
MDM005275,2025-07-15,SCH0016,Goyal Mill,Wheat,31.1,KG,933,Paid
MDM001080,2025-07-30,SCH0484,Singh Agro,Dal,,,1314,Cleared
MDM002227,2026-03-04,SCH0583,Goyal Rice Mill,Dal,34.6,KG,3114,Pending
MDM009647,2025-06-24,SCH0424,Kumar General Store,Dal,0.216,BORI,972,
MDM011283,2025-12-27,SCH0268,Singh Agro,Rice,41.3,KG,,Paid
MDM003516,2025-07-06,SCH0299,Sharma Traders,Wheat,32400.0,G,972,Paid
MDM002706,2025-11-04,SCH0289,Goyal Rice Mill,Mustard Oil,,,5328,Pending
MDM009243,2026-01-21,SCH0233,Singh Agro,Mustard Oil,34600.0,G,4152,Paid
MDM006513,2026-02-20,SCH0377,Goyal Rice Mill,Rice,27.1,KG,1084,Due
MDM001165,2025-05-30,SCH0234,Goyal Rice Mill,Rice,56500.0,G,2260,Pending
MDM003262,2025-07-18,SCH0446,Kumar & Co.,Cooking Oil,46900.0,G,5628,Pending
MDM006490,2026-02-02,SCH0538,Kumar Supplies,Cooking Oil,,,2364,Cleared
MDM011338,2025-09-21,SCH0042,S. Agro Works,Wheat,16.5,KG,495,Due
MDM001451,2025-12-20,SCH0076,Goyal Mill,Rice,32.3,KG,1292,Pending
MDM006127,2025-05-17,SCH0186,Singh Agro,Rice,21300.0,G,852,Pending
MDM004230,2026-02-03,SCH0012,Sharma Traders Pvt Ltd,Dal,,,1610,
MDM008289,2025-10-12,SCH0469,Sharma & Sons,Rice,13.9,KG,556,
MDM003863,2026-01-29,SCH0026,Goyal Enterprises,Dal,0.39,SACK,1755,Cleared
MDM002937,2025-06-28,SCH0470,Singh Agro,Mustard Oil,,,5592,
MDM010920,2025-06-02,SCH0065,Kumar & Co.,Dal,,,3033,Due
MDM003918,2025-06-03,SCH0141,Goyal Enterprises,Rice,32600.0,G,1304,
MDM005488,2025-12-09,SCH0511,Kumar Supplies,Mustard Oil,23300.0,G,2796,Pending
MDM007506,2025-06-18,SCH0319,Kumar Supplies,Wheat,1.176,BAG_50KG,1764,
MDM010062,2025-04-10,SCH0040,Singh Brothers,Dal,0.412,BAG_50KG,1854,Cleared
MDM001724,2025-05-01,SCH0245,Goyal Enterprises,Wheat,10.8,KG,324,Due
MDM009104,2025-09-06,SCH0317,Kumar Supplies,Dal,1.048,BAG,4716,Cleared
MDM006837,2025-07-10,SCH0001,Kumar General Store,Wheat,,,1230,Pending
MDM007255,2025-05-15,SCH0333,Goyal Mill,Wheat,,,1125,Paid
MDM004057,2025-04-03,SCH0204,Kumar Supplies,oil,0.55,BORI,3300,Pending
MDM011753,2025-09-03,SCH0283,Goyal Enterprises,Rice,14.5,KG,580,Pending
MDM003000,2025-12-13,SCH0469,Kumar General Store,Cooking Oil,34200.0,G,4104,Pending
MDM009023,2025-09-27,SCH0227,Sharma Traders Pvt Ltd,Rice,0.836,SACK,1672,Pending
MDM011137,2025-10-20,SCH0211,Sharma & Sons,Wheat,,,462,Pending
MDM001232,2025-06-21,SCH0334,Sharma & Sons,Dal,,,5193,
MDM001515,2026-03-20,SCH0364,Goyal Rice Mill,Atta,,,,Pending
MDM002314,2025-08-04,SCH0095,Kumar General Store,Dal,,,1764,Paid
MDM009053,2025-12-13,SCH0575,Sharma & Sons,Dal,,,5400,Paid
MDM001452,2025-05-11,SCH0065,Sharma & Sons,Mustard Oil,34.2,KG,4104,
MDM010371,2025-08-08,SCH0485,Sharma & Sons,Wheat,54.5,KG,1635,
MDM007582,2026-02-03,SCH0162,Kumar Supplies,Wheat,,,807,Pending
MDM006822,2025-09-07,SCH0426,Sharma Traders,Rice,0.708,SACK,1416,Cleared
MDM008476,2026-03-23,SCH0028,Goyal Mill,oil,18.6,KG,2232,
MDM011240,2025-05-17,SCH0355,Kumar General Store,Dal,39.4,KG,3546,Pending
MDM004322,2026-01-01,SCH0209,Singh Brothers,Wheat,14.0,KG,420,Pending
MDM008378,2026-01-13,SCH0404,Sharma Traders,Dal,37.9,KG,3411,Cleared
MDM000839,2025-10-09,SCH0398,Goyal Enterprises,Wheat,,,1566,Pending
MDM007096,2026-03-30,SCH0036,S. Agro Works,Mustard Oil,,,1752,Pending
MDM003900,2025-07-18,SCH0152,Goyal Enterprises,Cooking Oil,,,3888,Paid
MDM010500,2025-12-31,SCH0457,Kumar & Co.,Rice,,,2388,Paid
MDM003568,2025-11-15,SCH0500,Singh Brothers,Dal,41300.0,G,3717,
MDM011445,2025-10-21,SCH0039,Goyal Mill,Mustard Oil,0.812,BAG,4872,Paid
MDM005453,2026-03-04,SCH0090,Goyal Mill,Dal,29000.0,G,2610,Paid
MDM003088,2025-07-02,SCH0012,Goyal Rice Mill,Atta,0.6,BORI,900,Due
MDM008234,2025-09-27,SCH0379,Sharma Traders Pvt Ltd,Dal,32900.0,G,2961,
MDM010680,2025-05-29,SCH0343,Goyal Rice Mill,Atta,0.518,SACK,777,Pending
MDM004547,2026-03-02,SCH0161,Sharma Traders,Cooking Oil,19100.0,G,2292,Paid
MDM004693,2026-03-03,SCH0520,S. Agro Works,Rice,0.284,SACK,568,Cleared
MDM001715,2025-12-24,SCH0284,Sharma & Sons,Dal,10.2,KG,918,Pending
MDM010772,2025-06-01,SCH0168,Goyal Mill,Dal,31600.0,G,2844,Paid
MDM004271,2025-08-12,SCH0180,Sharma & Sons,oil,43400.0,G,5208,Cleared
MDM000340,2025-09-16,SCH0209,Sharma & Sons,Dal,40800.0,G,3672,Paid
MDM004087,2025-10-02,SCH0027,Kumar General Store,Rice,33500.0,G,1340,
MDM007851,2025-11-05,SCH0181,Goyal Rice Mill,Rice,25600.0,G,1024,Pending
MDM010046,2025-07-05,SCH0027,Sharma Traders Pvt Ltd,Cooking Oil,47.5,KG,5700,Paid
MDM007529,2025-08-02,SCH0099,Goyal Enterprises,Cooking Oil,31200.0,G,3744,Paid
MDM000589,2026-02-05,SCH0333,Singh Brothers,Cooking Oil,27900.0,G,3348,Pending
MDM003366,2026-02-07,SCH0259,Singh Brothers,Cooking Oil,31400.0,G,3768,Pending
MDM002671,2025-07-14,SCH0233,Singh Brothers,Dal,53.8,KG,4842,Pending
MDM005516,2025-08-19,SCH0420,Goyal Rice Mill,Dal,1.164,SACK,5238,Cleared
MDM003590,2026-03-27,SCH0449,Goyal Mill,Mustard Oil,31400.0,G,3768,Cleared
MDM000035,2025-12-01,SCH0023,Sharma Traders Pvt Ltd,Wheat,0.236,SACK,354,Due
MDM000029,2025-04-22,SCH0136,Sharma Traders,Wheat,0.498,BAG,747,Paid
MDM002396,2025-09-30,SCH0266,Kumar General Store,Wheat,,,690,Paid
MDM008201,2026-02-27,SCH0214,Goyal Mill,Wheat,,,1335,Due
MDM005507,2025-08-12,SCH0026,S. Agro Works,Wheat,,,609,Pending
MDM008894,2025-07-07,SCH0521,Sharma Traders,Wheat,58.7,KG,1761,Paid
MDM002171,2025-12-06,SCH0275,Singh Brothers,Dal,43.1,KG,3879,Paid
MDM007885,2025-04-21,SCH0078,Kumar Supplies,Cooking Oil,,,6636,Paid
MDM008785,2025-09-21,SCH0307,Goyal Mill,Rice,,,964,Paid
MDM000890,2026-01-18,SCH0078,S. Agro Works,Dal,0.83,SACK,3735,Paid
MDM003879,2025-10-15,SCH0434,Goyal Rice Mill,Atta,46700.0,G,1401,
MDM003323,2025-07-22,SCH0392,Goyal Rice Mill,Rice,14.3,KG,572,Cleared
MDM011610,2025-04-08,SCH0137,Kumar & Co.,Wheat,40700.0,G,,Cleared
MDM003515,2025-10-15,SCH0247,Singh Brothers,Rice,14000.0,G,560,Paid
MDM006779,2025-04-07,SCH0055,Kumar General Store,Rice,,,2260,Due
MDM010744,2026-02-08,SCH0586,Singh Brothers,Wheat,27300.0,G,819,Paid
MDM005674,2025-06-06,SCH0435,Singh Agro,Wheat,,,1167,Paid
MDM008532,2026-03-26,SCH0227,Goyal Enterprises,Dal,,,4149,Pending
MDM002775,2025-09-05,SCH0096,Kumar Supplies,Wheat,36900.0,G,1107,
MDM003734,2025-10-01,SCH0065,Goyal Enterprises,Dal,40.5,KG,3645,Pending
MDM011697,2025-06-29,SCH0187,Kumar & Co.,Atta,34.4,KG,1032,Paid
MDM004529,2025-06-16,SCH0073,Goyal Mill,Rice,23.9,KG,956,Paid
MDM001655,2025-11-16,SCH0246,Goyal Enterprises,Dal,46.4,KG,4176,Pending
MDM009751,2025-10-27,SCH0406,Goyal Rice Mill,Dal,34.0,KG,3060,Paid
MDM007717,2025-12-28,SCH0102,Singh Brothers,Mustard Oil,35.0,KG,4200,
MDM000224,2025-06-18,SCH0286,Sharma Traders,Mustard Oil,0.634,BAG,3804,Paid
MDM010653,2025-11-30,SCH0407,Sharma & Sons,oil,,,3912,Due
MDM006682,2026-02-08,SCH0522,S. Agro Works,Cooking Oil,,,3816,Paid
MDM006803,2025-08-13,SCH0553,Sharma Traders,Rice,48700.0,G,1948,Pending
MDM005983,2025-08-29,SCH0542,Goyal Mill,Rice,42.8,KG,1712,Due
MDM004240,2025-10-01,SCH0499,Goyal Rice Mill,Wheat,0.6779999999999999,BORI,1017,Due
MDM005883,2025-04-23,SCH0290,Sharma Traders Pvt Ltd,Atta,,,513,Pending
MDM001591,2025-05-10,SCH0218,Sharma & Sons,Rice,15.5,KG,,Paid
MDM011173,2025-05-08,SCH0138,Sharma & Sons,Dal,1.04,BAG,4680,Pending
MDM003257,2025-10-14,SCH0480,Kumar & Co.,Rice,43.9,KG,1756,Cleared
MDM010712,2026-03-05,SCH0104,Kumar Supplies,Wheat,,,1752,Paid
MDM007320,2025-04-16,SCH0123,Goyal Mill,Wheat,1.154,BAG_50KG,1731,Pending
MDM002182,2025-05-13,SCH0207,Kumar Supplies,Atta,1.09,SACK,1635,Paid
MDM007673,2025-10-17,SCH0511,Kumar & Co.,Dal,24.7,KG,2223,Pending
MDM009231,2025-07-17,SCH0570,Goyal Mill,Rice,53500.0,G,2140,Pending
MDM009060,2025-12-24,SCH0477,Sharma Traders,Wheat,0.282,SACK,423,Due
MDM006166,2025-08-17,SCH0538,Sharma Traders Pvt Ltd,Rice,36.8,KG,1472,
MDM007590,2026-02-15,SCH0323,Goyal Enterprises,oil,0.206,BAG,1236,Cleared
MDM011979,2025-04-04,SCH0027,Kumar & Co.,Wheat,42600.0,G,1278,
MDM009218,2025-11-15,SCH0213,Singh Brothers,Atta,41.2,KG,,Pending
MDM004818,2026-03-02,SCH0507,Goyal Enterprises,oil,,,1488,Pending
MDM008389,2025-04-19,SCH0456,Kumar General Store,Rice,,,2388,
MDM006932,2025-06-17,SCH0545,Sharma Traders Pvt Ltd,Rice,32.0,KG,1280,Paid
MDM001210,2026-01-09,SCH0402,Singh Brothers,Wheat,0.29,BAG,435,
MDM010004,2025-06-30,SCH0400,Kumar & Co.,Mustard Oil,10900.0,G,1308,Paid
MDM000422,2025-08-28,SCH0394,Goyal Rice Mill,Cooking Oil,0.696,SACK,4176,Due
MDM001707,2025-10-14,SCH0584,Singh Agro,Mustard Oil,,,1212,Cleared
MDM001159,2025-09-13,SCH0118,Goyal Enterprises,Dal,1.122,BORI,5049,Paid
MDM002307,2025-08-14,SCH0440,Goyal Enterprises,Rice,21000.0,G,840,Paid
MDM000274,2026-02-05,SCH0511,Sharma & Sons,Mustard Oil,,,4632,Paid
MDM000172,2025-05-09,SCH0239,Sharma & Sons,Dal,36.3,KG,3267,Paid
MDM003957,2026-02-19,SCH0469,Singh Agro,Rice,28800.0,G,1152,Cleared
MDM005607,2025-07-23,SCH0562,Kumar & Co.,Mustard Oil,0.924,BAG,5544,Pending
MDM007602,2025-06-16,SCH0502,Sharma Traders Pvt Ltd,Wheat,,,1539,Pending
MDM004866,2025-09-29,SCH0368,Goyal Mill,Mustard Oil,17700.0,G,2124,Pending
MDM007454,2025-07-07,SCH0383,Sharma Traders Pvt Ltd,Atta,28.7,KG,861,Pending
MDM003189,2025-07-07,SCH0116,Goyal Mill,Mustard Oil,31.7,KG,3804,
MDM001726,2026-02-15,SCH0187,Kumar General Store,Rice,,,1348,Cleared
MDM006956,2026-01-07,SCH0369,Singh Agro,Rice,0.848,BORI,1696,Due
MDM008427,2025-09-05,SCH0105,Kumar & Co.,Rice,31.6,KG,1264,Pending
MDM001565,2025-07-03,SCH0535,Kumar General Store,Rice,39.4,KG,1576,
MDM001783,2026-02-21,SCH0570,Goyal Mill,Rice,44100.0,G,1764,Pending
MDM000844,2025-04-12,SCH0541,Singh Agro,Dal,0.21,SACK,945,
MDM011851,2025-10-29,SCH0431,Singh Brothers,Rice,0.728,SACK,1456,Paid
MDM006848,2025-11-25,SCH0548,Kumar & Co.,Mustard Oil,,,2508,Cleared
MDM000905,2026-02-26,SCH0382,Kumar & Co.,Mustard Oil,,,3420,Cleared
MDM003495,2025-05-08,SCH0583,Goyal Mill,Mustard Oil,1.024,SACK,6144,Paid
MDM011954,2026-03-28,SCH0580,Sharma & Sons,Rice,27.8,KG,1112,Due
MDM010292,2026-01-29,SCH0414,Goyal Enterprises,Mustard Oil,38.8,KG,4656,Paid
MDM001548,2025-09-08,SCH0543,Singh Brothers,Dal,33200.0,G,2988,Pending
MDM010312,2025-11-12,SCH0030,Singh Agro,Dal,24500.0,G,2205,Paid
MDM002081,2025-09-07,SCH0326,Sharma Traders Pvt Ltd,Wheat,55900.0,G,1677,Pending
MDM009432,2025-11-11,SCH0051,Kumar & Co.,Mustard Oil,56400.0,G,6768,Cleared
MDM009377,2025-09-16,SCH0405,Sharma & Sons,Dal,0.396,BAG,1782,Pending
MDM011601,2026-03-07,SCH0588,Goyal Enterprises,Wheat,0.752,BORI,,Cleared
MDM003986,2025-05-30,SCH0327,Kumar & Co.,Cooking Oil,56400.0,G,6768,Cleared
MDM008937,2025-12-28,SCH0248,Kumar & Co.,Wheat,16.7,KG,501,Pending
MDM008048,2026-03-01,SCH0438,Singh Agro,Mustard Oil,,,3576,Paid
MDM008799,2025-04-01,SCH0409,Singh Agro,Dal,,,2934,Cleared
MDM011256,2025-11-14,SCH0488,Sharma Traders Pvt Ltd,Dal,,,3609,Paid
MDM010121,2025-06-02,SCH0021,Goyal Mill,Dal,0.71,BORI,3195,Pending
MDM004678,2025-10-30,SCH0349,Sharma Traders,Dal,0.44,BAG,1980,Paid
MDM003821,2026-02-08,SCH0516,Goyal Mill,Wheat,10100.0,G,303,Pending
MDM005210,2025-05-10,SCH0285,Singh Agro,Rice,20.2,KG,808,Cleared
MDM002647,2025-04-03,SCH0023,Goyal Mill,Dal,,,3852,Pending
MDM011813,2025-10-31,SCH0580,Kumar & Co.,Rice,,,1744,Cleared
MDM009460,2025-09-14,SCH0593,Singh Agro,Rice,,,2116,Paid
MDM006366,2026-03-12,SCH0408,Kumar Supplies,Mustard Oil,1.038,BAG,6228,
MDM000257,2026-03-21,SCH0329,Goyal Rice Mill,Wheat,0.296,BAG,444,Pending
MDM008092,2026-03-23,SCH0202,Sharma & Sons,Atta,58.1,KG,1743,Paid
MDM004351,2025-06-09,SCH0075,S. Agro Works,Cooking Oil,54.4,KG,6528,Pending
MDM008720,2025-12-12,SCH0537,Kumar General Store,Wheat,58.1,KG,1743,Cleared
MDM005924,2025-04-10,SCH0032,Kumar & Co.,Mustard Oil,29.7,KG,3564,Paid
MDM011882,2025-07-18,SCH0222,Kumar & Co.,Rice,,,2360,Paid
MDM002156,2025-10-12,SCH0388,Goyal Enterprises,Wheat,0.7040000000000001,BAG_50KG,1056,Paid
MDM009026,2026-02-18,SCH0332,Singh Agro,Rice,43400.0,G,1736,Pending
MDM010979,2026-02-09,SCH0489,Kumar General Store,Mustard Oil,43100.0,G,5172,Pending
MDM003716,2025-08-29,SCH0149,Sharma Traders,Dal,49.8,KG,4482,Paid
MDM004058,2025-11-10,SCH0226,Singh Agro,Rice,18.8,KG,752,Pending
MDM010745,2025-11-06,SCH0178,S. Agro Works,Wheat,59700.0,G,1791,Pending
MDM010244,2025-07-02,SCH0004,Sharma Traders Pvt Ltd,Wheat,0.8240000000000001,BAG,1236,Paid
MDM003623,2026-03-22,SCH0344,Singh Brothers,Dal,,,4725,Paid
MDM005649,2025-10-12,SCH0047,Kumar General Store,Wheat,42.0,KG,1260,Pending
MDM006849,2025-05-28,SCH0401,Kumar General Store,Dal,55700.0,G,5013,
MDM006404,2025-12-31,SCH0289,Kumar General Store,oil,44200.0,G,5304,Pending
MDM003103,2025-05-30,SCH0471,Kumar Supplies,Dal,45.5,KG,4095,Pending
MDM000559,2025-05-22,SCH0258,Kumar General Store,Dal,0.62,BORI,2790,Pending
MDM010118,2025-06-08,SCH0289,Goyal Enterprises,Dal,0.898,BAG_50KG,4041,Due
MDM008817,2025-04-01,SCH0395,Sharma & Sons,Dal,12500.0,G,1125,Cleared
MDM001437,2025-05-23,SCH0443,Kumar & Co.,Wheat,48.2,KG,1446,Paid
MDM000508,2025-06-03,SCH0064,S. Agro Works,Mustard Oil,,,6120,
MDM005276,2025-04-07,SCH0540,Goyal Rice Mill,Mustard Oil,36.4,KG,4368,Cleared
MDM004473,2025-05-26,SCH0134,Kumar & Co.,Cooking Oil,,,3984,Pending
MDM001870,2025-04-13,SCH0231,S. Agro Works,Rice,10.6,KG,424,Pending
MDM005664,2025-09-09,SCH0393,Kumar Supplies,Mustard Oil,31.2,KG,3744,Pending
MDM006843,2026-02-28,SCH0106,Sharma Traders Pvt Ltd,Dal,0.6759999999999999,SACK,3042,Cleared
MDM005931,2026-03-20,SCH0386,Goyal Enterprises,Wheat,24100.0,G,723,Pending
MDM010152,2025-10-23,SCH0567,Sharma & Sons,Rice,0.47,BAG,940,Cleared
MDM000756,2025-04-01,SCH0194,S. Agro Works,Cooking Oil,38.7,KG,4644,Pending
MDM007880,2025-06-07,SCH0136,Sharma Traders Pvt Ltd,Rice,37700.0,G,1508,Pending
MDM002340,2026-02-01,SCH0253,Sharma Traders Pvt Ltd,Rice,48.8,KG,1952,Cleared
MDM004051,2025-05-24,SCH0466,Sharma Traders,Rice,,,404,Paid
MDM008072,2026-02-23,SCH0347,Sharma & Sons,Atta,45800.0,G,1374,Cleared
MDM003837,2025-10-10,SCH0520,Kumar General Store,Dal,,,3501,Paid
MDM004387,2025-11-27,SCH0040,Kumar & Co.,Rice,,,1584,Due
MDM008012,2025-09-06,SCH0515,Singh Agro,Rice,0.41,BAG_50KG,820,Cleared
MDM009381,2026-02-21,SCH0217,Goyal Mill,Wheat,,,,Paid
MDM002119,2025-07-24,SCH0582,Sharma & Sons,Wheat,24.0,KG,720,Pending
MDM010706,2026-03-02,SCH0124,Goyal Enterprises,Wheat,0.884,BAG,1326,
MDM000730,2025-05-04,SCH0443,Kumar General Store,Dal,32.0,KG,2880,Pending
MDM000502,2025-10-02,SCH0136,Singh Agro,Dal,0.46,BAG_50KG,2070,Due
MDM006638,2025-04-01,SCH0007,Kumar General Store,Cooking Oil,,,3432,Cleared
MDM000644,2025-10-16,SCH0234,S. Agro Works,Dal,26600.0,G,2394,Cleared
MDM007632,2025-10-31,SCH0183,Goyal Rice Mill,Rice,,,,Pending
MDM001540,2025-08-16,SCH0094,Kumar General Store,Dal,28.4,KG,2556,Paid
MDM008772,2025-08-29,SCH0546,Sharma Traders,Dal,28.7,KG,2583,Pending
MDM001212,2025-04-27,SCH0288,S. Agro Works,Dal,25.3,KG,2277,Paid
MDM009117,2026-02-28,SCH0428,Goyal Rice Mill,Wheat,48500.0,G,1455,Cleared
MDM011263,2025-09-15,SCH0135,Kumar & Co.,Dal,,,4284,
MDM000673,2026-03-26,SCH0332,Singh Agro,Rice,56800.0,G,2272,Pending
MDM004916,2025-06-18,SCH0170,Sharma Traders Pvt Ltd,Rice,14.3,KG,572,Paid
MDM006107,2025-08-12,SCH0424,Kumar General Store,Mustard Oil,1.086,BAG,6516,
MDM006632,2025-07-28,SCH0279,Kumar General Store,Rice,,,1424,
MDM003378,2026-01-28,SCH0498,Kumar & Co.,Rice,59600.0,G,2384,Paid
MDM004477,2026-02-16,SCH0482,Goyal Enterprises,Wheat,50200.0,G,1506,
MDM005616,2025-09-10,SCH0390,Sharma Traders Pvt Ltd,Mustard Oil,,,4896,Paid
MDM010858,2025-07-23,SCH0220,Sharma Traders,Dal,52.7,KG,4743,Pending
MDM001465,2025-12-14,SCH0446,Kumar General Store,Mustard Oil,,,2124,Due
MDM004746,2025-05-02,SCH0371,Singh Agro,Wheat,32300.0,G,969,Pending
MDM011019,2025-06-20,SCH0257,Goyal Mill,oil,,,2208,Due
MDM001193,2025-09-13,SCH0318,S. Agro Works,Dal,0.616,BAG,2772,Cleared
MDM003794,2026-01-06,SCH0043,Kumar General Store,Wheat,,,1086,Paid
MDM001873,2026-02-19,SCH0013,S. Agro Works,Rice,23100.0,G,924,Paid
MDM003591,2026-01-28,SCH0472,Goyal Mill,Dal,,,5103,Pending
MDM006361,2026-03-12,SCH0337,Goyal Rice Mill,Cooking Oil,52000.0,G,,Pending
MDM003159,2025-07-05,SCH0167,Sharma & Sons,oil,0.49,BAG,2940,Pending
MDM009977,2025-08-18,SCH0057,Singh Agro,Rice,,,600,Paid
MDM000506,2025-12-19,SCH0438,Kumar Supplies,Dal,45900.0,G,4131,Cleared
MDM000244,2025-09-26,SCH0570,Sharma Traders Pvt Ltd,Mustard Oil,53.2,KG,6384,Pending
MDM005679,2026-01-28,SCH0365,Goyal Enterprises,Atta,,,1590,Paid
MDM000507,2026-01-01,SCH0359,Sharma Traders Pvt Ltd,Wheat,,,699,Pending
MDM010102,2025-07-06,SCH0123,Sharma & Sons,Atta,0.632,BAG,948,Pending
MDM006502,2025-08-11,SCH0572,Goyal Mill,Wheat,29.7,KG,891,Pending
MDM009159,2025-05-14,SCH0091,S. Agro Works,Dal,,,4626,
MDM008355,2025-04-26,SCH0151,Sharma Traders Pvt Ltd,Mustard Oil,0.36,BAG,2160,
MDM004718,2025-11-28,SCH0579,Kumar General Store,Dal,26300.0,G,2367,Paid
MDM006223,2025-08-20,SCH0322,Sharma Traders,Wheat,,,753,Cleared
MDM007078,2025-05-29,SCH0508,Sharma & Sons,Rice,0.556,BAG_50KG,1112,Paid
MDM007666,2025-11-29,SCH0343,Sharma Traders,Wheat,24.0,KG,720,Pending
MDM001774,2025-09-04,SCH0517,Kumar General Store,Cooking Oil,,,6564,Due
MDM006607,2026-01-20,SCH0038,Goyal Rice Mill,Rice,,,960,Pending
MDM003011,2025-05-23,SCH0492,Kumar & Co.,Dal,,,1386,Pending
MDM007531,2026-02-12,SCH0577,Sharma Traders,Dal,57200.0,G,5148,Due
MDM010092,2026-03-31,SCH0528,Singh Agro,Wheat,26500.0,G,795,
MDM000798,2025-10-28,SCH0355,S. Agro Works,Dal,,,999,Due
MDM003619,2025-10-16,SCH0357,Kumar & Co.,oil,0.98,BORI,5880,
MDM002382,2025-07-19,SCH0017,Singh Agro,oil,1.186,BAG,7116,Pending
MDM002830,2025-08-23,SCH0573,Singh Agro,Dal,31500.0,G,2835,Due
MDM007613,2025-10-18,SCH0217,Sharma & Sons,Mustard Oil,20100.0,G,2412,
MDM011515,2026-02-16,SCH0189,Goyal Mill,oil,0.988,SACK,5928,Paid
MDM010801,2025-11-05,SCH0383,S. Agro Works,Rice,0.474,BAG_50KG,948,Pending
MDM004634,2026-03-22,SCH0183,Singh Brothers,Rice,34200.0,G,1368,Pending
MDM000313,2026-02-09,SCH0259,Sharma & Sons,Mustard Oil,,,5376,Pending
MDM006511,2026-02-07,SCH0360,Sharma & Sons,Atta,,,1056,Pending
MDM000747,2025-10-18,SCH0282,Goyal Mill,oil,,,2340,Due
MDM003570,2025-11-20,SCH0137,Goyal Enterprises,Rice,,,496,Paid
MDM000791,2025-10-30,SCH0516,Singh Brothers,oil,40.1,KG,4812,
MDM002477,2026-01-23,SCH0463,Sharma Traders Pvt Ltd,Wheat,34400.0,G,1032,Paid
MDM006121,2025-12-10,SCH0394,Kumar Supplies,Dal,11200.0,G,1008,Paid
MDM007347,2025-11-08,SCH0440,Goyal Enterprises,Dal,11.8,KG,1062,Due
MDM011524,2026-02-11,SCH0109,Sharma & Sons,Mustard Oil,58.2,KG,6984,Pending
MDM002571,2026-01-05,SCH0203,Sharma & Sons,Mustard Oil,27.3,KG,3276,Due
MDM005754,2025-12-14,SCH0314,Kumar General Store,Dal,23.1,KG,2079,
MDM008128,2025-04-13,SCH0326,Goyal Enterprises,Dal,38.4,KG,3456,Pending
MDM010681,2025-12-01,SCH0519,Singh Brothers,Wheat,,,1041,
MDM006449,2025-11-04,SCH0585,Sharma Traders,Dal,22.1,KG,1989,Paid
MDM005600,2025-04-26,SCH0232,Sharma Traders Pvt Ltd,Mustard Oil,,,2460,Pending
MDM008384,2025-10-05,SCH0116,Singh Agro,Wheat,21100.0,G,633,Cleared
MDM004356,2025-11-16,SCH0023,Sharma & Sons,Rice,38700.0,G,1548,Cleared
MDM002164,2025-07-22,SCH0216,Kumar General Store,oil,38700.0,G,4644,Paid
MDM009072,2025-08-25,SCH0276,Sharma Traders,Mustard Oil,,,1776,Pending
MDM008899,2026-02-08,SCH0375,Sharma & Sons,oil,25.7,KG,3084,
MDM000381,2025-09-09,SCH0030,Goyal Mill,Rice,,,1416,Due
MDM011244,2025-08-25,SCH0200,Kumar Supplies,Wheat,21000.0,G,630,Paid
MDM001293,2025-05-11,SCH0433,Sharma & Sons,Rice,35.4,KG,1416,Cleared
MDM001913,2025-04-05,SCH0224,Goyal Rice Mill,Atta,18100.0,G,543,
MDM008978,2025-10-04,SCH0276,Sharma & Sons,Wheat,20.2,KG,606,
MDM000600,2025-10-12,SCH0102,Kumar General Store,Dal,0.736,BAG,3312,Cleared
MDM003893,2025-09-23,SCH0064,Sharma Traders Pvt Ltd,Dal,,,4005,Cleared
MDM004142,2025-10-29,SCH0385,Goyal Rice Mill,Cooking Oil,0.6920000000000001,BAG,4152,Due
MDM005541,2025-10-04,SCH0108,Singh Agro,Rice,50.1,KG,,
MDM001653,2025-08-16,SCH0398,Kumar Supplies,Dal,49.8,KG,4482,Cleared
MDM008242,2025-08-26,SCH0556,Kumar General Store,Dal,18300.0,G,1647,Due
MDM009734,2025-09-07,SCH0123,Kumar General Store,Wheat,,,1254,Pending
MDM001894,2025-10-11,SCH0352,Singh Brothers,Wheat,48.3,KG,1449,
MDM001945,2026-02-14,SCH0288,Goyal Enterprises,Rice,0.6579999999999999,BAG_50KG,1316,Cleared
MDM003396,2025-04-23,SCH0276,Goyal Rice Mill,Cooking Oil,36200.0,G,4344,
MDM003389,2025-06-15,SCH0110,Kumar Supplies,Wheat,45700.0,G,1371,Paid
MDM006503,2025-07-16,SCH0070,Kumar Supplies,Wheat,,,1554,Due
MDM004363,2025-07-01,SCH0543,Singh Brothers,Atta,19.7,KG,,Due
MDM000376,2025-04-26,SCH0501,Kumar Supplies,Wheat,,,1611,Cleared
MDM001967,2025-11-09,SCH0049,Goyal Enterprises,Mustard Oil,,,3876,Pending
MDM003958,2025-05-06,SCH0261,Sharma Traders,Rice,0.226,BAG,452,
MDM006196,2025-08-27,SCH0551,Goyal Enterprises,Wheat,0.324,SACK,486,Pending
MDM010842,2025-06-07,SCH0587,Sharma Traders Pvt Ltd,Dal,15300.0,G,1377,Pending
MDM004424,2025-04-15,SCH0017,Sharma Traders,Dal,52.3,KG,4707,Pending
MDM005352,2025-10-21,SCH0166,S. Agro Works,Mustard Oil,24900.0,G,2988,Pending
MDM005697,2025-04-05,SCH0568,Singh Brothers,Rice,,,968,Paid
MDM001244,2025-07-30,SCH0230,Singh Brothers,Mustard Oil,,,3216,Due
MDM008189,2025-05-27,SCH0359,Sharma & Sons,Mustard Oil,,,4524,Pending
MDM009961,2025-06-25,SCH0426,Goyal Rice Mill,Wheat,0.976,BORI,1464,Paid
MDM006915,2025-08-23,SCH0127,S. Agro Works,Wheat,56.6,KG,1698,Due
MDM008737,2026-01-13,SCH0167,Goyal Rice Mill,Mustard Oil,,,6876,Cleared
MDM011858,2025-09-13,SCH0434,S. Agro Works,oil,34.6,KG,4152,Pending
MDM001472,2025-04-23,SCH0364,Singh Brothers,Mustard Oil,32.1,KG,3852,
MDM003347,2026-02-27,SCH0090,Sharma & Sons,Wheat,44.0,KG,1320,Paid
MDM004523,2026-02-27,SCH0181,Sharma & Sons,Mustard Oil,1.036,SACK,6216,Paid
MDM002658,2025-04-13,SCH0332,Sharma Traders Pvt Ltd,Rice,0.7440000000000001,BAG,1488,
MDM002854,2025-05-31,SCH0294,Singh Agro,Dal,42200.0,G,3798,Paid
MDM004507,2025-06-18,SCH0194,Sharma Traders,Mustard Oil,,,2916,Paid
MDM011713,2025-11-07,SCH0357,Goyal Mill,Rice,,,2060,Paid
MDM004046,2026-01-10,SCH0537,S. Agro Works,oil,17.2,KG,2064,Paid
MDM009114,2026-01-31,SCH0554,Sharma & Sons,Wheat,52200.0,G,1566,Cleared
MDM004063,2026-03-26,SCH0336,Singh Brothers,Mustard Oil,39.8,KG,4776,
MDM005327,2025-11-15,SCH0023,Goyal Rice Mill,Wheat,29600.0,G,888,Pending
MDM007966,2025-05-01,SCH0415,Goyal Rice Mill,Wheat,58300.0,G,1749,Paid
MDM006579,2026-02-07,SCH0255,Goyal Rice Mill,Mustard Oil,1.164,BAG,6984,Paid
MDM009919,2025-08-06,SCH0019,Singh Agro,Mustard Oil,44.3,KG,5316,Cleared
MDM008623,2026-03-08,SCH0109,Kumar & Co.,Wheat,,,840,Paid
MDM004307,2025-09-17,SCH0331,Singh Agro,Dal,,,4473,Paid
MDM009221,2025-08-12,SCH0028,Sharma Traders,oil,,,2208,Pending
MDM005140,2025-05-11,SCH0122,Singh Brothers,Mustard Oil,1.124,BAG,,Cleared
MDM007483,2025-10-14,SCH0160,Singh Brothers,Mustard Oil,55.7,KG,6684,Pending
MDM009516,2025-12-26,SCH0338,Sharma Traders,Rice,,,632,Pending
MDM010545,2025-10-09,SCH0210,Kumar Supplies,Dal,44800.0,G,4032,Paid
MDM003991,2025-06-24,SCH0186,Sharma & Sons,Dal,48100.0,G,4329,Cleared
MDM001050,2025-06-08,SCH0311,Kumar Supplies,Dal,0.328,SACK,1475,Due
MDM003824,2025-08-14,SCH0507,Singh Agro,oil,,,6636,Pending
MDM008194,2026-03-22,SCH0589,Sharma Traders Pvt Ltd,Rice,31500.0,G,1260,Paid
MDM009896,2025-08-20,SCH0043,Kumar & Co.,oil,58.2,KG,6984,
MDM002036,2025-04-06,SCH0159,Sharma Traders,Wheat,28100.0,G,843,Pending
MDM004040,2025-07-11,SCH0025,Goyal Enterprises,Dal,1.172,SACK,5274,Pending
MDM011055,2026-03-25,SCH0353,Goyal Mill,Mustard Oil,17.5,KG,2100,Pending
MDM008463,2025-04-20,SCH0144,Sharma Traders,Rice,12400.0,G,496,Paid
MDM011559,2026-01-05,SCH0540,Goyal Rice Mill,Rice,0.452,BAG_50KG,904,Due
MDM001973,2025-11-18,SCH0465,Goyal Rice Mill,Wheat,,,1500,Pending
MDM007326,2025-09-25,SCH0074,Kumar General Store,Wheat,23700.0,G,711,Paid
MDM002100,2025-12-23,SCH0357,Singh Brothers,Cooking Oil,,,6264,Paid
MDM001500,2025-05-13,SCH0050,Sharma Traders Pvt Ltd,Rice,28900.0,G,1156,Pending
MDM005206,2025-05-09,SCH0157,Kumar & Co.,Mustard Oil,34.4,KG,4128,Pending
MDM003513,2025-07-02,SCH0113,Kumar Supplies,Atta,,,507,Paid
MDM010014,2025-11-10,SCH0312,Singh Agro,Dal,10600.0,G,954,Pending
MDM011424,2026-01-15,SCH0414,Goyal Rice Mill,oil,,,,Paid
MDM000653,2025-10-07,SCH0040,Goyal Rice Mill,Rice,,,1784,Paid
MDM000171,2025-10-25,SCH0445,Goyal Rice Mill,oil,36.3,KG,4356,Paid
MDM004086,2025-08-09,SCH0545,Goyal Enterprises,Rice,42400.0,G,1696,Cleared
MDM000243,2025-09-30,SCH0326,Goyal Enterprises,oil,39.7,KG,4764,Pending
MDM009747,2025-05-22,SCH0331,Sharma Traders Pvt Ltd,Dal,40.2,KG,3618,Paid
MDM005799,2026-02-23,SCH0027,Sharma Traders,Wheat,15.0,KG,450,
MDM010498,2026-03-11,SCH0250,S. Agro Works,Dal,39.2,KG,3528,Due
MDM004372,2025-10-22,SCH0128,Sharma Traders Pvt Ltd,Wheat,54.2,KG,1626,Pending
MDM001645,2025-11-16,SCH0535,Singh Agro,Wheat,17600.0,G,528,Cleared
MDM006356,2025-07-16,SCH0078,Goyal Mill,Wheat,19.1,KG,573,Cleared
MDM005595,2025-06-22,SCH0152,Kumar Supplies,Dal,,,,Cleared
MDM002757,2025-05-21,SCH0104,Kumar General Store,Dal,,,4023,Due
MDM008096,2025-05-17,SCH0159,Kumar General Store,Wheat,10600.0,G,318,Due
MDM007733,2025-07-17,SCH0298,S. Agro Works,Dal,47700.0,G,4293,Paid
MDM009510,2025-05-11,SCH0346,Goyal Enterprises,Wheat,,,1041,
MDM009587,2025-05-10,SCH0364,Goyal Enterprises,Dal,,,2529,Paid
MDM011070,2026-03-19,SCH0351,Kumar General Store,Dal,0.34,BAG_50KG,1530,Paid
MDM005232,2025-05-18,SCH0424,Kumar General Store,Wheat,0.418,BAG,627,Paid
MDM002077,2025-07-07,SCH0101,S. Agro Works,Rice,43600.0,G,1744,Cleared
MDM004104,2025-04-03,SCH0323,Sharma Traders Pvt Ltd,Rice,0.36,BORI,720,Due
MDM011816,2026-02-26,SCH0326,Kumar & Co.,Rice,33700.0,G,1348,Pending
MDM003997,2025-05-15,SCH0100,S. Agro Works,Cooking Oil,,,5040,Due
MDM004802,2026-02-27,SCH0594,Goyal Mill,Dal,,,1458,Due
MDM005969,2025-10-19,SCH0144,Sharma & Sons,Rice,46.0,KG,1840,
MDM007437,2025-11-06,SCH0597,Kumar Supplies,Wheat,50400.0,G,1512,Cleared
MDM007515,2025-07-29,SCH0486,Sharma & Sons,Wheat,,,957,Paid
MDM010767,2026-03-23,SCH0514,Singh Brothers,Dal,0.452,BORI,2034,
MDM008664,2025-06-23,SCH0117,Kumar & Co.,Dal,0.9079999999999999,BAG_50KG,4086,
MDM011831,2025-10-07,SCH0137,Kumar General Store,Rice,,,1156,Paid
MDM011581,2026-02-08,SCH0056,Goyal Mill,Mustard Oil,30200.0,G,3624,Paid
MDM007274,2025-06-08,SCH0592,Goyal Mill,Dal,,,1863,Pending
MDM008207,2025-06-08,SCH0559,S. Agro Works,Dal,36200.0,G,3258,Pending
MDM005850,2025-11-05,SCH0578,S. Agro Works,oil,,,6864,
MDM007066,2026-02-21,SCH0297,Sharma & Sons,Wheat,0.946,BAG_50KG,1419,Paid
MDM006878,2025-08-28,SCH0178,Singh Agro,Rice,0.598,SACK,1196,Cleared
MDM010273,2026-01-07,SCH0014,Goyal Enterprises,oil,54300.0,G,6516,Paid
MDM004662,2026-02-04,SCH0561,Sharma Traders Pvt Ltd,Dal,35.3,KG,3177,Pending
MDM004079,2025-08-19,SCH0276,Sharma Traders Pvt Ltd,Dal,,,3789,Pending
MDM006055,2025-12-05,SCH0043,Singh Agro,Rice,,,1392,Pending
MDM010435,2025-07-17,SCH0590,Kumar General Store,Mustard Oil,,,3600,
MDM005975,2025-05-08,SCH0392,Sharma Traders Pvt Ltd,Dal,18.7,KG,1683,Paid
MDM000641,2025-12-22,SCH0328,Singh Brothers,Wheat,42.1,KG,1263,Cleared
MDM001271,2025-04-29,SCH0235,Sharma & Sons,Rice,,,,Pending
MDM007038,2025-11-30,SCH0593,Singh Brothers,Dal,46800.0,G,4212,
MDM002779,2025-04-03,SCH0047,Sharma Traders Pvt Ltd,Mustard Oil,0.5760000000000001,BAG,3456,Cleared
MDM008080,2025-12-25,SCH0112,Goyal Rice Mill,Cooking Oil,22900.0,G,2748,Paid
MDM004933,2025-08-03,SCH0085,Sharma Traders Pvt Ltd,Wheat,24.5,KG,735,Paid
MDM006061,2025-12-28,SCH0253,Sharma Traders,Mustard Oil,,,5712,Paid
MDM001986,2025-11-27,SCH0584,Kumar & Co.,Dal,,,1431,Pending
MDM003862,2025-07-26,SCH0254,Kumar Supplies,Mustard Oil,,,4452,Pending
MDM003481,2026-01-08,SCH0569,Kumar Supplies,Dal,0.672,SACK,3024,Paid
MDM001535,2025-08-24,SCH0105,S. Agro Works,Rice,0.71,BAG,1420,Due
MDM000326,2026-01-04,SCH0535,S. Agro Works,Wheat,0.71,BORI,1065,Paid
MDM005765,2025-08-03,SCH0510,Kumar Supplies,Wheat,,,1629,Pending
MDM002339,2026-03-09,SCH0198,Sharma Traders,Rice,0.36,BAG,720,
MDM007117,2026-03-22,SCH0066,S. Agro Works,Cooking Oil,1.13,BAG,6780,Paid
MDM003981,2025-04-06,SCH0267,Singh Brothers,Wheat,29700.0,G,891,
MDM009280,2025-09-25,SCH0303,Sharma & Sons,Atta,16.3,KG,489,Pending
MDM007234,2025-09-04,SCH0198,Singh Brothers,Wheat,,,1611,
MDM004055,2025-12-08,SCH0071,S. Agro Works,Rice,0.616,BAG_50KG,1232,Due
MDM002238,2025-09-06,SCH0392,Singh Brothers,Atta,,,1446,Paid
MDM005230,2025-05-29,SCH0531,Sharma & Sons,Rice,,,940,Paid
MDM009420,2025-04-08,SCH0369,Sharma & Sons,Rice,55.6,KG,,
MDM004572,2025-04-01,SCH0327,S. Agro Works,Rice,,,,Paid
MDM011951,2025-12-20,SCH0160,Kumar Supplies,Mustard Oil,,,7164,Paid
MDM005475,2026-03-14,SCH0261,Sharma & Sons,Rice,,,568,
MDM010192,2025-07-27,SCH0332,Singh Agro,Rice,,,1384,Cleared
MDM000865,2025-05-17,SCH0198,Singh Agro,Cooking Oil,49000.0,G,5880,Paid
MDM008445,2025-12-22,SCH0411,Kumar General Store,Rice,37200.0,G,1488,Pending
MDM004943,2025-04-02,SCH0402,Sharma Traders Pvt Ltd,Dal,,,,Paid
MDM002254,2025-11-18,SCH0195,Sharma & Sons,Rice,12800.0,G,512,Cleared
MDM006011,2026-01-19,SCH0137,Kumar General Store,Mustard Oil,,,6624,Due
MDM007984,2025-11-16,SCH0110,Goyal Rice Mill,Rice,50500.0,G,2020,
MDM000372,2025-05-30,SCH0032,Goyal Rice Mill,Dal,,,2996,Pending
MDM008871,2025-12-26,SCH0296,Sharma & Sons,Dal,21200.0,G,1908,Pending
MDM011715,2025-09-09,SCH0176,Goyal Enterprises,Wheat,34.8,KG,1044,Cleared
MDM000610,2026-02-28,SCH0125,Goyal Mill,Rice,32200.0,G,1288,Cleared
MDM007259,2025-12-03,SCH0366,Kumar & Co.,Mustard Oil,55.0,KG,6600,Due
MDM010335,2025-09-18,SCH0370,Sharma & Sons,Mustard Oil,32400.0,G,3888,
MDM010766,2025-06-20,SCH0010,Sharma Traders,Rice,0.648,BAG,1296,Cleared
MDM008615,2026-01-09,SCH0423,S. Agro Works,Mustard Oil,48100.0,G,5772,
MDM011472,2025-09-06,SCH0519,Singh Brothers,Wheat,,,948,Pending
MDM009654,2026-03-31,SCH0076,Singh Brothers,Rice,39.9,KG,1596,Due
MDM011923,2026-03-25,SCH0519,Goyal Mill,Wheat,28.8,KG,864,Pending
MDM009307,2025-11-18,SCH0396,Kumar General Store,Dal,,,2160,Cleared
MDM005831,2026-01-29,SCH0568,Kumar General Store,Cooking Oil,,,3696,Paid
MDM002365,2025-05-30,SCH0027,Kumar Supplies,Mustard Oil,19.1,KG,,Pending
MDM003214,2025-10-13,SCH0208,Goyal Mill,Dal,59.4,KG,5346,Pending
MDM005457,2025-06-05,SCH0471,Sharma & Sons,Dal,,,2916,
MDM000912,2025-08-06,SCH0594,Sharma Traders Pvt Ltd,Atta,,,1095,Cleared
MDM011166,2026-01-06,SCH0294,Singh Brothers,Wheat,,,408,Pending
MDM010775,2026-01-06,SCH0039,Goyal Rice Mill,Rice,,,1496,
MDM003790,2025-07-20,SCH0572,Singh Brothers,Dal,49.9,KG,4491,Pending
MDM009039,2025-07-12,SCH0066,Sharma & Sons,Wheat,0.4,BAG,600,Paid
MDM010405,2025-06-28,SCH0337,Kumar & Co.,Wheat,10.7,KG,321,Pending
MDM005582,2025-10-08,SCH0083,S. Agro Works,Dal,,,1737,Pending
MDM007061,2025-11-04,SCH0579,Goyal Rice Mill,Wheat,,,1581,Pending
MDM009044,2025-06-05,SCH0419,Goyal Rice Mill,Dal,,,5067,Pending
MDM008644,2025-06-17,SCH0411,Kumar & Co.,Wheat,,,1140,
MDM005061,2025-06-18,SCH0365,Sharma & Sons,Rice,17.7,KG,,Pending
MDM001424,2025-06-24,SCH0516,S. Agro Works,Wheat,39.9,KG,1197,Paid
MDM000480,2026-02-10,SCH0191,Sharma & Sons,oil,14.8,KG,1776,Cleared
MDM000663,2025-12-11,SCH0481,Kumar Supplies,Wheat,13.1,KG,393,Paid
MDM008584,2025-12-06,SCH0409,Goyal Mill,Dal,,,1980,
MDM006438,2025-09-13,SCH0357,Sharma & Sons,Wheat,31.2,KG,936,
MDM011090,2025-08-29,SCH0468,Kumar General Store,Dal,18.6,KG,1674,Cleared
MDM010033,2026-01-28,SCH0048,Goyal Mill,Rice,,,1120,Due
MDM002989,2025-06-10,SCH0197,Kumar General Store,Rice,,,2028,Pending
MDM001120,2025-05-30,SCH0490,S. Agro Works,Wheat,,,852,Paid
MDM002777,2026-03-24,SCH0435,Singh Brothers,Rice,20400.0,G,816,Pending
MDM004536,2026-03-14,SCH0405,Goyal Rice Mill,Cooking Oil,,,4884,Due
MDM011791,2025-09-12,SCH0458,Goyal Mill,Wheat,,,,Paid
MDM008774,2025-06-01,SCH0514,Sharma Traders,Mustard Oil,0.982,BAG_50KG,5892,Pending
MDM011779,2025-11-03,SCH0090,Kumar General Store,Dal,,,5211,Pending
MDM006350,2025-05-31,SCH0538,Sharma Traders,Wheat,14200.0,G,426,Pending
MDM010217,2025-07-17,SCH0296,Goyal Rice Mill,Wheat,49.5,KG,1485,
MDM009472,2026-01-20,SCH0094,Goyal Rice Mill,Rice,,,1728,Pending
MDM007839,2025-09-29,SCH0145,Sharma Traders,Rice,52400.0,G,2096,
MDM005574,2026-02-11,SCH0519,Kumar General Store,Dal,0.484,BORI,2178,Due
MDM006136,2025-06-02,SCH0203,Sharma & Sons,Wheat,,,714,Pending
MDM005270,2026-02-22,SCH0166,S. Agro Works,Wheat,,,759,Pending
MDM004428,2025-09-05,SCH0041,Sharma Traders Pvt Ltd,Rice,0.996,BAG,1992,Cleared
MDM009631,2025-05-09,SCH0441,Kumar & Co.,Dal,59.5,KG,,Cleared
MDM005248,2025-12-02,SCH0195,Goyal Mill,Cooking Oil,1.152,SACK,6912,Due
MDM007337,2025-08-21,SCH0271,Goyal Enterprises,Rice,27.0,KG,1080,
MDM003982,2025-12-17,SCH0336,Kumar & Co.,Dal,0.9940000000000001,BORI,4473,Paid
MDM008911,2025-04-11,SCH0316,S. Agro Works,Mustard Oil,21700.0,G,2604,Paid
MDM011766,2025-11-15,SCH0159,Singh Agro,Rice,24.5,KG,980,Cleared
MDM002894,2026-01-06,SCH0163,Sharma Traders Pvt Ltd,Rice,25400.0,G,1016,
MDM002670,2025-10-21,SCH0302,Kumar & Co.,Rice,27.6,KG,1104,
MDM003978,2025-07-04,SCH0290,Sharma & Sons,Cooking Oil,0.992,BAG,,Due
MDM008085,2025-05-25,SCH0087,Goyal Enterprises,Cooking Oil,37.4,KG,4488,
MDM000280,2025-12-19,SCH0426,Goyal Enterprises,Wheat,,,738,Pending
MDM009748,2026-02-24,SCH0158,Goyal Mill,Dal,31100.0,G,2799,Paid
MDM009181,2026-02-28,SCH0582,Goyal Mill,Dal,11.9,KG,1071,Pending
MDM009134,2026-03-10,SCH0477,Kumar Supplies,Dal,27200.0,G,2448,Paid
MDM010892,2025-08-29,SCH0384,Goyal Rice Mill,oil,1.106,BAG_50KG,6636,Paid
MDM009368,2025-10-03,SCH0551,S. Agro Works,Rice,35.2,KG,1408,
MDM005198,2025-11-13,SCH0291,S. Agro Works,oil,1.156,BAG,6936,Cleared
MDM004665,2025-04-21,SCH0125,Goyal Enterprises,Rice,42700.0,G,1708,Due
MDM001695,2025-06-27,SCH0559,Sharma Traders,Wheat,0.948,BAG,1422,Cleared
MDM011626,2026-02-26,SCH0331,Kumar & Co.,Mustard Oil,0.992,BAG_50KG,5952,Due
MDM005019,2025-07-07,SCH0406,Kumar Supplies,Dal,1.026,SACK,4617,Paid
MDM006134,2025-07-24,SCH0445,S. Agro Works,Dal,,,1386,
MDM003480,2025-11-27,SCH0241,Sharma Traders,Wheat,40.5,KG,1215,Paid
MDM005555,2025-06-18,SCH0101,Kumar & Co.,Dal,,,3915,Pending
MDM004417,2026-02-17,SCH0598,Kumar & Co.,Dal,56.9,KG,5121,Due
MDM011501,2025-04-08,SCH0105,Kumar General Store,Dal,,,4347,Due
MDM004156,2025-10-05,SCH0386,Singh Agro,Rice,18900.0,G,756,Paid
MDM004884,2025-08-28,SCH0374,Singh Agro,Wheat,0.416,SACK,624,Cleared
MDM005808,2025-04-18,SCH0094,Singh Agro,Wheat,,,1425,Paid
MDM003810,2025-08-25,SCH0248,Kumar Supplies,Dal,40400.0,G,3636,Due
MDM008185,2025-09-24,SCH0425,Sharma Traders,Dal,0.61,BAG_50KG,2745,Due
MDM010645,2025-07-06,SCH0276,S. Agro Works,oil,0.46,BAG_50KG,2760,Due
MDM009850,2025-06-24,SCH0340,Sharma Traders,Rice,,,900,Paid
MDM004297,2026-01-28,SCH0341,Goyal Enterprises,oil,,,3792,Due
MDM007056,2025-08-28,SCH0481,Sharma & Sons,Cooking Oil,29.7,KG,3564,Paid
MDM004684,2026-01-31,SCH0016,Singh Agro,Rice,,,840,Cleared
MDM010611,2025-04-09,SCH0486,S. Agro Works,Cooking Oil,,,1512,Paid
MDM008859,2025-11-30,SCH0144,Sharma Traders,Wheat,,,,Due
MDM007435,2026-01-09,SCH0338,Goyal Mill,Cooking Oil,,,,Pending
MDM005594,2025-10-25,SCH0464,Kumar General Store,Rice,26.8,KG,1072,Paid
MDM002210,2025-08-10,SCH0514,Sharma Traders,Mustard Oil,35900.0,G,4308,Pending
MDM009741,2025-12-03,SCH0257,Kumar & Co.,Mustard Oil,15700.0,G,1884,Pending
MDM011881,2025-07-15,SCH0270,Sharma Traders,Mustard Oil,,,2748,
MDM005403,2025-05-31,SCH0554,Kumar Supplies,Wheat,11.3,KG,339,Due
MDM002411,2025-07-23,SCH0440,Goyal Enterprises,Wheat,1.122,BORI,1683,Pending
MDM004564,2025-06-15,SCH0365,Goyal Enterprises,oil,35.6,KG,4272,Due
MDM000185,2025-12-15,SCH0083,Goyal Rice Mill,Dal,1.16,BAG,5220,Pending
MDM007372,2025-04-25,SCH0147,Goyal Rice Mill,Wheat,11.5,KG,345,Pending
MDM007891,2026-01-24,SCH0175,Sharma & Sons,Rice,56300.0,G,2252,Paid
MDM004517,2026-03-07,SCH0299,Sharma Traders Pvt Ltd,Dal,,,3267,Paid
MDM002351,2026-02-26,SCH0174,Sharma & Sons,Rice,0.48,BORI,960,Paid
MDM000554,2026-03-18,SCH0150,Sharma Traders,Mustard Oil,,,4488,Paid
MDM001398,2025-12-24,SCH0020,Kumar Supplies,Rice,23.7,KG,,Pending
MDM001385,2025-07-22,SCH0434,Singh Brothers,Rice,12200.0,G,488,Cleared
MDM007285,2025-11-01,SCH0123,Sharma & Sons,Dal,1.15,BAG,5175,Cleared
MDM007765,2025-05-25,SCH0111,Goyal Mill,Cooking Oil,0.268,BAG,1608,
MDM005857,2025-08-04,SCH0256,Goyal Enterprises,oil,,,2688,Due
MDM004904,2025-12-23,SCH0327,Goyal Mill,Atta,15500.0,G,465,Cleared
MDM000298,2025-06-05,SCH0158,Singh Brothers,Cooking Oil,1.194,BAG,7164,Cleared
MDM000444,2026-02-01,SCH0031,Sharma Traders Pvt Ltd,Wheat,,,1713,Cleared
MDM010864,2025-11-03,SCH0380,Kumar & Co.,Rice,49.5,KG,1980,Cleared
MDM005216,2026-01-27,SCH0405,Singh Agro,oil,16600.0,G,1992,Pending
MDM009579,2025-07-21,SCH0346,Goyal Enterprises,oil,,,5220,Paid
MDM010059,2025-08-24,SCH0013,Singh Brothers,Dal,14.6,KG,1314,Due
MDM002078,2025-07-05,SCH0121,Singh Agro,Dal,0.95,BORI,4275,Paid
MDM007321,2026-01-31,SCH0038,Sharma Traders Pvt Ltd,Rice,,,1788,Pending
MDM006018,2025-11-20,SCH0022,Goyal Enterprises,Wheat,20.6,KG,618,Paid
MDM004752,2025-09-24,SCH0115,Kumar & Co.,Dal,,,2943,Pending
MDM009871,2026-01-09,SCH0401,Goyal Rice Mill,Wheat,46.9,KG,1407,Pending
MDM002230,2025-05-22,SCH0559,Kumar Supplies,Wheat,54700.0,G,1641,Paid
MDM002843,2026-02-20,SCH0442,Kumar & Co.,Rice,16.0,KG,640,Pending
MDM002538,2026-01-16,SCH0300,Sharma Traders Pvt Ltd,Dal,36.6,KG,3294,Paid
MDM000195,2025-09-01,SCH0181,Singh Agro,Rice,25.2,KG,1008,Pending
MDM010246,2025-05-11,SCH0119,Singh Brothers,Dal,0.92,BORI,4140,Pending
MDM006637,2026-02-03,SCH0200,Goyal Mill,Mustard Oil,17.8,KG,2136,
MDM007621,2025-07-31,SCH0202,Singh Brothers,Wheat,0.362,SACK,543,Paid
MDM000818,2026-01-31,SCH0299,Singh Agro,Rice,,,1812,Due
MDM003368,2025-10-14,SCH0241,Singh Agro,Rice,,,1664,Cleared
MDM006891,2025-09-24,SCH0212,Sharma Traders Pvt Ltd,Rice,14800.0,G,592,Pending
MDM006554,2026-01-24,SCH0566,Singh Agro,Mustard Oil,,,3216,Due
MDM002579,2026-01-13,SCH0577,Goyal Enterprises,Mustard Oil,,,,Due
MDM001132,2026-02-18,SCH0063,Kumar Supplies,Wheat,0.8440000000000001,SACK,1266,Pending
MDM011080,2026-01-27,SCH0332,Singh Agro,Rice,0.602,SACK,1204,Due
MDM005506,2026-03-22,SCH0556,Singh Brothers,Atta,14.2,KG,426,Paid
MDM006855,2025-06-04,SCH0257,Singh Agro,Wheat,38500.0,G,1155,Paid
MDM006762,2025-08-28,SCH0169,Goyal Mill,Mustard Oil,,,2004,Pending
MDM006919,2025-08-07,SCH0597,Goyal Mill,Rice,54600.0,G,,Paid
MDM011375,2026-02-15,SCH0224,Sharma & Sons,Wheat,43.2,KG,1296,Paid
MDM009552,2026-01-06,SCH0236,Kumar Supplies,Dal,17600.0,G,1584,Pending
MDM000321,2025-10-29,SCH0563,Kumar Supplies,Dal,,,4365,Cleared
MDM001372,2026-03-03,SCH0520,Kumar Supplies,Cooking Oil,13.0,KG,1560,Cleared
MDM004043,2025-12-24,SCH0539,Singh Agro,Wheat,,,1419,Pending
MDM007911,2025-05-07,SCH0575,Sharma & Sons,Wheat,0.612,BORI,918,Paid
MDM009964,2025-07-01,SCH0300,Singh Brothers,Rice,0.206,SACK,412,
MDM000908,2025-05-31,SCH0519,Kumar General Store,Dal,,,1323,Pending
MDM000306,2025-09-03,SCH0354,Sharma & Sons,Rice,0.278,BAG,556,Paid
MDM003951,2025-08-17,SCH0358,Sharma Traders,Rice,1.026,BAG,2052,Pending
MDM005530,2026-01-06,SCH0235,Singh Brothers,Rice,,,1772,Paid
MDM007239,2025-12-13,SCH0361,Kumar Supplies,Mustard Oil,59.6,KG,7152,
MDM010977,2025-10-11,SCH0255,Kumar General Store,Mustard Oil,,,6864,Pending
MDM009870,2025-12-02,SCH0150,Kumar General Store,Atta,56600.0,G,1698,Pending
MDM007636,2025-05-05,SCH0418,Kumar Supplies,Mustard Oil,1.198,BAG,7188,Pending
MDM009309,2025-10-28,SCH0508,Sharma & Sons,Wheat,11.1,KG,333,Due
MDM009057,2025-10-08,SCH0323,Sharma & Sons,Dal,0.216,BAG_50KG,972,Pending
MDM010374,2025-10-06,SCH0563,S. Agro Works,Rice,46.6,KG,1864,Due
MDM000927,2025-04-19,SCH0461,S. Agro Works,oil,12200.0,G,1464,
MDM000245,2025-07-05,SCH0409,S. Agro Works,Mustard Oil,,,1452,Paid
MDM009608,2025-12-27,SCH0513,Sharma Traders,Rice,,,,Paid
MDM000016,2025-09-06,SCH0190,Singh Brothers,Mustard Oil,40.8,KG,4896,Paid
MDM000144,2025-05-09,SCH0583,Kumar General Store,Mustard Oil,41.3,KG,4956,
MDM005984,2025-04-26,SCH0317,Kumar Supplies,Cooking Oil,,,1932,
MDM002364,2025-05-27,SCH0013,Sharma & Sons,Mustard Oil,26.7,KG,3204,Cleared
MDM009066,2025-11-24,SCH0325,Sharma Traders,Wheat,0.526,SACK,789,Paid
MDM000130,2025-04-16,SCH0456,Singh Agro,Cooking Oil,,,1308,
MDM001162,2025-07-28,SCH0102,Kumar Supplies,Mustard Oil,47.0,KG,5640,Due
MDM009710,2025-12-27,SCH0429,Goyal Rice Mill,Rice,23900.0,G,956,Paid
MDM008170,2025-06-07,SCH0095,Goyal Rice Mill,Rice,16200.0,G,648,Due
MDM007164,2025-04-15,SCH0497,S. Agro Works,Wheat,52.9,KG,1587,Pending
MDM007730,2025-08-20,SCH0057,Singh Agro,Dal,27.6,KG,2484,Paid
MDM005459,2025-09-16,SCH0411,Goyal Mill,Wheat,55.6,KG,,Pending
MDM007287,2025-06-28,SCH0215,S. Agro Works,Wheat,20.9,KG,627,Paid
MDM005309,2026-01-15,SCH0366,S. Agro Works,Dal,1.01,BORI,4545,Pending
MDM001877,2025-09-01,SCH0427,S. Agro Works,Rice,26.8,KG,1072,Cleared
MDM002489,2025-11-20,SCH0546,Sharma & Sons,Wheat,40.1,KG,,Pending
MDM009902,2025-06-13,SCH0369,Sharma Traders,Dal,,,1854,Pending
MDM004480,2025-04-29,SCH0552,Sharma Traders Pvt Ltd,Rice,40500.0,G,1620,Cleared
MDM001183,2026-02-25,SCH0265,Sharma Traders,Wheat,50400.0,G,1512,Paid
MDM002526,2026-01-19,SCH0233,Goyal Rice Mill,oil,13.5,KG,1620,Paid
MDM008216,2026-03-11,SCH0583,Kumar Supplies,Cooking Oil,39.4,KG,4728,Pending
MDM001171,2026-02-02,SCH0390,Kumar General Store,Dal,0.938,BAG,4221,
MDM010735,2026-01-01,SCH0577,Singh Brothers,Cooking Oil,27400.0,G,,Due
MDM002183,2025-11-04,SCH0231,Sharma Traders Pvt Ltd,Cooking Oil,1.018,SACK,6108,
MDM011796,2026-01-08,SCH0584,Goyal Mill,Wheat,,,1158,Paid
MDM009288,2026-01-04,SCH0369,Sharma & Sons,Wheat,1.024,BAG,1536,Pending
MDM006793,2025-11-28,SCH0174,Kumar & Co.,Mustard Oil,24900.0,G,2988,Pending
MDM009070,2025-07-20,SCH0581,Kumar Supplies,Rice,,,1236,Pending
MDM011750,2025-06-08,SCH0040,Goyal Enterprises,Mustard Oil,,,5040,Paid
MDM009619,2025-12-21,SCH0123,Singh Agro,Wheat,54.8,KG,1644,Pending
MDM003372,2026-03-05,SCH0534,Sharma Traders Pvt Ltd,Wheat,15900.0,G,477,Paid
MDM010011,2025-05-17,SCH0141,Singh Brothers,Wheat,57.2,KG,1716,Paid
MDM001860,2026-01-18,SCH0284,Sharma Traders Pvt Ltd,Rice,33000.0,G,1320,Cleared
MDM007458,2025-11-28,SCH0196,Sharma & Sons,Mustard Oil,0.444,BAG,,Due
MDM007329,2025-07-06,SCH0121,Sharma Traders Pvt Ltd,Mustard Oil,,,5304,
MDM008146,2025-08-09,SCH0362,Singh Brothers,Rice,17100.0,G,684,Paid
MDM006782,2025-11-25,SCH0444,Singh Agro,Rice,37.8,KG,1512,Pending
MDM001879,2026-01-08,SCH0505,Singh Brothers,Wheat,,,1548,
MDM007464,2025-10-07,SCH0028,Kumar General Store,Cooking Oil,0.8420000000000001,BORI,,Paid
MDM003589,2026-02-27,SCH0528,Sharma Traders Pvt Ltd,Wheat,42.2,KG,,Cleared
MDM008403,2026-02-08,SCH0312,S. Agro Works,Dal,,,3555,Cleared
MDM003122,2026-01-05,SCH0049,Goyal Mill,Cooking Oil,1.08,BAG_50KG,6480,Pending
MDM000388,2026-01-26,SCH0554,Goyal Mill,Wheat,10000.0,G,300,Cleared
MDM001312,2025-12-11,SCH0355,Sharma Traders,Rice,24300.0,G,972,Cleared
MDM001033,2025-10-07,SCH0012,Sharma & Sons,Wheat,23.5,KG,705,Cleared
MDM006585,2025-11-23,SCH0011,Goyal Mill,Dal,55900.0,G,5031,Paid
MDM010119,2026-03-09,SCH0261,Kumar Supplies,Mustard Oil,,,2340,
MDM006383,2026-02-02,SCH0206,Kumar & Co.,Rice,38.2,KG,1528,Due
MDM006726,2025-10-16,SCH0536,Kumar & Co.,Wheat,,,1062,Pending
MDM004937,2025-06-19,SCH0376,Goyal Enterprises,Wheat,18.3,KG,549,Cleared
MDM000932,2025-10-13,SCH0542,Kumar & Co.,Rice,29.8,KG,1192,Due
MDM008764,2026-02-27,SCH0137,Singh Brothers,Dal,1.166,BAG,5247,Pending
MDM004020,2025-05-01,SCH0017,Kumar General Store,Dal,,,3996,Paid
MDM000692,2025-10-22,SCH0044,Goyal Enterprises,Dal,1.088,BAG,4896,Due
MDM008497,2025-07-30,SCH0216,Kumar Supplies,Rice,,,1988,Due
MDM005988,2025-11-27,SCH0451,Goyal Enterprises,Cooking Oil,10100.0,G,1212,Pending
MDM006365,2025-12-09,SCH0565,Sharma Traders,Rice,21.3,KG,852,Paid
MDM001910,2026-03-31,SCH0023,Kumar General Store,Dal,1.126,SACK,5067,
MDM000830,2025-09-03,SCH0032,Kumar General Store,Dal,0.76,BAG,3420,Paid
MDM003499,2025-12-18,SCH0520,Sharma & Sons,Wheat,0.444,BAG,666,
MDM009409,2025-06-15,SCH0277,Kumar & Co.,Wheat,31.4,KG,942,
MDM002082,2025-11-10,SCH0303,Singh Agro,Dal,43.9,KG,3951,Pending
MDM011003,2025-09-30,SCH0193,Sharma & Sons,Wheat,19.8,KG,594,Pending
MDM011665,2025-05-02,SCH0204,Kumar & Co.,Dal,49.3,KG,4437,Due
MDM000045,2025-10-21,SCH0513,Goyal Rice Mill,Atta,50.7,KG,1521,Pending
MDM003940,2026-01-16,SCH0096,S. Agro Works,Dal,0.914,BAG,4113,Paid
MDM011738,2025-09-15,SCH0496,S. Agro Works,Mustard Oil,,,1920,Pending
MDM010395,2025-11-16,SCH0115,Sharma Traders Pvt Ltd,Dal,35.7,KG,3213,Pending
MDM004320,2025-07-31,SCH0092,Kumar Supplies,Wheat,0.6920000000000001,SACK,1038,Pending
MDM002966,2025-05-10,SCH0327,S. Agro Works,Cooking Oil,0.912,BAG,5472,Paid
MDM003970,2025-12-07,SCH0405,Kumar & Co.,Dal,,,4752,Pending
MDM001188,2026-01-25,SCH0099,Goyal Enterprises,Mustard Oil,40200.0,G,4824,Paid
MDM011058,2026-02-10,SCH0217,Sharma Traders,Dal,25700.0,G,2313,Pending
MDM008754,2025-05-10,SCH0286,Sharma Traders,Dal,,,3384,
MDM007105,2025-08-28,SCH0184,Goyal Mill,Wheat,51.2,KG,1536,Due
MDM009467,2025-10-16,SCH0468,Goyal Rice Mill,Dal,0.87,BAG,3915,Paid
MDM000285,2025-10-02,SCH0038,S. Agro Works,Mustard Oil,24300.0,G,2916,Pending
MDM010958,2025-07-01,SCH0141,Goyal Mill,Rice,1.126,BAG,2252,Paid
MDM006309,2025-04-16,SCH0433,Goyal Rice Mill,Rice,,,2144,Paid
MDM004160,2026-03-26,SCH0375,Kumar & Co.,Wheat,30.4,KG,912,Paid
MDM003093,2026-03-09,SCH0490,Sharma Traders Pvt Ltd,Dal,0.476,BORI,2142,Due
MDM010200,2026-02-02,SCH0271,Goyal Rice Mill,Rice,30.9,KG,1236,Pending
MDM004557,2025-09-07,SCH0112,Kumar General Store,Wheat,44.9,KG,1347,Cleared
MDM005556,2025-09-10,SCH0588,Goyal Rice Mill,Rice,,,980,Pending
MDM007034,2026-01-15,SCH0113,Goyal Mill,Dal,56.9,KG,5121,Cleared
MDM004324,2026-01-29,SCH0274,Goyal Mill,oil,36.7,KG,4404,Pending
MDM003983,2025-08-18,SCH0269,Sharma Traders,Rice,26.3,KG,1052,Cleared
MDM009080,2025-12-21,SCH0221,Sharma & Sons,Dal,0.634,BAG,2853,Pending
MDM006941,2025-08-29,SCH0438,Goyal Enterprises,Dal,37.0,KG,3330,Pending
MDM003365,2025-10-24,SCH0135,Kumar & Co.,Rice,,,792,
MDM001405,2026-02-27,SCH0017,Sharma & Sons,Mustard Oil,,,3072,Paid
MDM003196,2025-04-20,SCH0339,Singh Brothers,Dal,,,4797,Paid
MDM009428,2025-10-08,SCH0230,Singh Agro,Dal,0.7859999999999999,BAG_50KG,3537,Paid
MDM010769,2025-05-31,SCH0017,Sharma Traders,Dal,46300.0,G,4167,
MDM000970,2026-03-27,SCH0508,Sharma & Sons,Wheat,31500.0,G,945,Due
MDM010779,2026-03-17,SCH0448,S. Agro Works,Wheat,24.5,KG,735,Paid
MDM006544,2025-10-26,SCH0030,Kumar General Store,oil,,,3552,Pending
MDM003735,2025-04-27,SCH0158,Singh Brothers,Rice,,,2220,Pending
MDM000926,2025-07-29,SCH0412,Kumar Supplies,Dal,23.9,KG,2151,Cleared
MDM011737,2025-10-01,SCH0141,S. Agro Works,Dal,48.2,KG,4338,Paid
MDM008974,2025-08-13,SCH0268,Goyal Rice Mill,Mustard Oil,,,3780,Pending
MDM004726,2026-01-01,SCH0021,Kumar & Co.,oil,,,6024,Pending
MDM002844,2025-07-03,SCH0137,Goyal Enterprises,Dal,56700.0,G,5103,Paid
MDM002852,2025-09-28,SCH0342,Singh Brothers,Dal,59900.0,G,5391,Pending
MDM010459,2025-08-23,SCH0230,Sharma Traders Pvt Ltd,Rice,56000.0,G,2240,
MDM011437,2025-06-25,SCH0414,Kumar General Store,Rice,,,704,Pending
MDM005957,2026-03-06,SCH0400,Kumar General Store,Mustard Oil,,,3612,Paid
MDM000520,2025-07-26,SCH0218,S. Agro Works,Rice,,,2260,Due
MDM011546,2026-02-24,SCH0500,Kumar & Co.,oil,1.084,SACK,6504,Cleared
MDM009869,2025-06-23,SCH0405,Kumar Supplies,Mustard Oil,47600.0,G,5712,
MDM004472,2026-01-21,SCH0450,Kumar & Co.,Rice,,,1428,Paid
MDM007906,2025-08-06,SCH0493,Sharma & Sons,Rice,56800.0,G,2272,Paid
MDM004349,2025-12-27,SCH0053,Singh Agro,Atta,26000.0,G,780,Paid
MDM011087,2025-05-27,SCH0183,Goyal Rice Mill,Dal,59.4,KG,5346,Due
MDM009927,2025-04-07,SCH0375,Kumar General Store,Dal,,,5283,Paid
MDM003627,2025-10-15,SCH0081,Sharma & Sons,Wheat,0.45,BORI,675,Cleared
MDM001790,2025-05-27,SCH0599,S. Agro Works,Cooking Oil,0.816,BAG,4896,Pending
MDM011210,2025-12-05,SCH0116,S. Agro Works,Atta,,,480,Due
MDM002060,2026-01-01,SCH0424,Singh Agro,Rice,11600.0,G,,Due
MDM010931,2025-11-05,SCH0446,Sharma & Sons,Atta,39700.0,G,1191,Paid
MDM007256,2026-03-28,SCH0059,Goyal Mill,Dal,,,2160,Pending
MDM004014,2025-12-29,SCH0341,Sharma & Sons,Mustard Oil,,,4536,Paid
MDM006007,2025-08-03,SCH0313,Sharma Traders Pvt Ltd,Mustard Oil,36.5,KG,4380,Pending
MDM001903,2025-06-02,SCH0514,Kumar & Co.,Rice,42.4,KG,1696,Pending
MDM010710,2025-07-22,SCH0527,S. Agro Works,Wheat,54600.0,G,1638,Paid
MDM006216,2025-07-13,SCH0031,Kumar Supplies,Dal,50.7,KG,4563,Pending
MDM004687,2025-09-30,SCH0291,Goyal Enterprises,Wheat,56.8,KG,1704,Paid
MDM009296,2025-11-19,SCH0197,Kumar Supplies,Rice,25.0,KG,1000,Pending
MDM004923,2026-01-25,SCH0487,Sharma Traders,Wheat,58.1,KG,1743,Paid
MDM006786,2026-03-31,SCH0255,Goyal Enterprises,Wheat,10.5,KG,315,Due
MDM008022,2025-07-15,SCH0386,Goyal Mill,Cooking Oil,,,2616,Due
MDM008023,2026-02-06,SCH0544,Goyal Rice Mill,Atta,13600.0,G,408,
MDM009308,2025-08-03,SCH0202,S. Agro Works,Mustard Oil,1.116,SACK,6696,Paid
MDM000076,2025-06-03,SCH0496,Singh Brothers,oil,,,6660,Paid
MDM002346,2025-09-10,SCH0150,Goyal Rice Mill,Rice,,,1388,Cleared
MDM006448,2025-05-12,SCH0314,Singh Agro,Rice,,,828,Due
MDM008303,2025-05-07,SCH0255,Goyal Enterprises,Wheat,40000.0,G,1200,Pending
MDM000431,2025-06-18,SCH0537,Singh Brothers,Cooking Oil,32.0,KG,3840,Paid
MDM004587,2025-06-24,SCH0508,Goyal Rice Mill,Wheat,52.7,KG,,Paid
MDM005484,2025-04-04,SCH0345,Goyal Mill,Rice,14200.0,G,568,Paid
MDM007713,2026-03-30,SCH0169,Goyal Enterprises,Rice,40.4,KG,1616,Due
MDM006406,2025-05-21,SCH0364,Kumar Supplies,Rice,43.9,KG,1756,Cleared
MDM011892,2025-12-04,SCH0529,Singh Brothers,Mustard Oil,,,1740,Pending
MDM007732,2026-03-30,SCH0146,Sharma & Sons,Wheat,,,417,Pending
MDM007221,2025-08-15,SCH0548,S. Agro Works,Rice,27800.0,G,1112,Pending
MDM010078,2025-11-28,SCH0187,Goyal Mill,Wheat,53.8,KG,1614,Paid
MDM010384,2026-01-17,SCH0034,Goyal Rice Mill,Mustard Oil,0.634,BORI,3804,Paid
MDM001554,2026-01-06,SCH0491,Singh Agro,Dal,54.4,KG,,Paid
MDM005875,2025-04-29,SCH0180,Goyal Mill,Rice,0.496,SACK,992,Paid
MDM000241,2025-09-16,SCH0138,Singh Brothers,Rice,38.8,KG,1552,Pending
MDM000784,2025-09-15,SCH0073,Kumar Supplies,Rice,35.7,KG,1428,Paid
MDM010275,2025-11-15,SCH0532,Goyal Mill,Rice,0.32,BORI,640,Paid
MDM003067,2025-04-17,SCH0164,Goyal Enterprises,Wheat,12.7,KG,381,Paid
MDM000978,2025-10-16,SCH0361,Kumar Supplies,Wheat,53.4,KG,1602,Pending
MDM004906,2025-09-10,SCH0036,Singh Brothers,Rice,,,744,Cleared
MDM006265,2026-03-30,SCH0212,Singh Brothers,Rice,,,768,Pending
MDM006988,2025-09-08,SCH0273,Sharma Traders,Cooking Oil,46.3,KG,5556,Pending
MDM009258,2026-03-23,SCH0028,Singh Agro,Dal,47.6,KG,4284,Paid
MDM005696,2025-12-30,SCH0456,Sharma & Sons,Rice,28.0,KG,1120,Due
MDM002942,2025-09-29,SCH0436,Singh Agro,Rice,46.8,KG,1872,Pending
MDM011327,2025-11-21,SCH0421,Sharma Traders Pvt Ltd,Wheat,,,1503,Cleared
MDM010202,2025-06-25,SCH0104,Sharma Traders,Dal,0.248,BAG,1116,Due
MDM007384,2026-03-12,SCH0510,Sharma Traders,Mustard Oil,,,2496,
MDM008281,2025-10-07,SCH0588,S. Agro Works,Rice,59.3,KG,2372,Pending
MDM008258,2025-12-16,SCH0087,Kumar Supplies,Atta,23.9,KG,717,Cleared
MDM009963,2026-02-23,SCH0227,Singh Agro,Rice,0.202,SACK,404,Pending
MDM001621,2025-12-23,SCH0544,Goyal Mill,Cooking Oil,32.9,KG,3948,Pending
MDM005643,2025-12-29,SCH0326,Sharma & Sons,Dal,13.2,KG,1188,Due
MDM002147,2025-08-15,SCH0100,Goyal Enterprises,Cooking Oil,,,2256,Pending
MDM001802,2025-11-02,SCH0264,Singh Brothers,Cooking Oil,12.9,KG,1548,Paid
MDM002096,2025-05-22,SCH0253,Goyal Mill,Rice,,,,Due
MDM009091,2025-04-19,SCH0576,Goyal Enterprises,Rice,1.014,BAG,2028,Paid
MDM008061,2025-10-07,SCH0132,Sharma Traders Pvt Ltd,Wheat,55.7,KG,1671,
MDM001358,2025-07-30,SCH0508,Sharma & Sons,Wheat,55100.0,G,1653,Pending
MDM010024,2026-03-09,SCH0267,S. Agro Works,Cooking Oil,21.5,KG,2580,Due
MDM006783,2026-03-01,SCH0322,Sharma Traders,Rice,57100.0,G,2284,
MDM010325,2025-05-09,SCH0166,Singh Brothers,Atta,,,1116,Pending
MDM011947,2025-12-14,SCH0217,Sharma & Sons,Rice,53700.0,G,2148,Paid
MDM009487,2026-02-14,SCH0531,Singh Brothers,Rice,0.242,SACK,484,Due
MDM003566,2025-10-22,SCH0341,Goyal Mill,Wheat,16600.0,G,498,Due
MDM009718,2025-12-14,SCH0333,Kumar Supplies,oil,0.642,SACK,3852,Due
MDM010841,2025-05-13,SCH0002,Kumar & Co.,Wheat,,,885,Due
MDM008277,2025-12-29,SCH0468,Sharma Traders,Wheat,,,681,Cleared
MDM001610,2025-10-14,SCH0297,Goyal Rice Mill,Atta,0.882,BAG_50KG,1323,Due
MDM003097,2025-09-27,SCH0249,Kumar & Co.,Rice,0.7659999999999999,BAG,1532,Paid
MDM004591,2026-03-21,SCH0446,Kumar General Store,Wheat,,,1467,Due
MDM002416,2025-09-27,SCH0018,Sharma & Sons,Wheat,49600.0,G,1488,Paid
MDM002018,2025-07-30,SCH0408,Singh Brothers,Wheat,0.492,BAG,738,Pending
MDM002972,2026-03-08,SCH0154,Singh Brothers,Rice,53.6,KG,2144,Paid
MDM006425,2026-01-21,SCH0374,Kumar General Store,Rice,0.958,BAG,1916,Paid
MDM004126,2025-09-04,SCH0563,S. Agro Works,Dal,52900.0,G,4761,Cleared
MDM005847,2025-12-29,SCH0324,Sharma & Sons,oil,10.7,KG,1284,Cleared
MDM005376,2025-08-03,SCH0116,Singh Brothers,Mustard Oil,20000.0,G,2400,Cleared
MDM011849,2026-01-25,SCH0112,Goyal Enterprises,Dal,0.51,BAG_50KG,2295,Cleared
MDM003247,2026-02-07,SCH0434,Kumar & Co.,Dal,,,1890,Paid
MDM000125,2026-01-25,SCH0051,Singh Brothers,Mustard Oil,45.3,KG,5436,Paid
MDM001107,2025-12-20,SCH0509,Kumar General Store,Wheat,15.6,KG,468,Pending
MDM011538,2025-11-03,SCH0113,Kumar & Co.,Wheat,,,978,Paid
MDM008158,2025-09-17,SCH0206,Sharma Traders Pvt Ltd,Rice,32.6,KG,1304,Cleared
MDM000841,2026-01-12,SCH0468,Kumar & Co.,Rice,41700.0,G,1668,Due
MDM006395,2025-06-18,SCH0532,Kumar & Co.,Rice,53.5,KG,2140,
MDM009724,2025-08-04,SCH0579,Sharma Traders,Mustard Oil,,,2988,Due
MDM005650,2025-05-01,SCH0015,Singh Agro,Cooking Oil,,,1524,Due
MDM011307,2025-11-05,SCH0280,Goyal Mill,Rice,32500.0,G,1300,Paid
MDM003342,2026-03-14,SCH0458,Singh Agro,Rice,57500.0,G,2300,Cleared
MDM000599,2025-08-11,SCH0185,Sharma & Sons,Rice,0.374,BAG_50KG,748,
MDM002124,2025-10-17,SCH0410,S. Agro Works,Dal,34700.0,G,3123,
MDM005513,2025-09-10,SCH0110,Goyal Rice Mill,Rice,,,952,Paid
MDM008665,2025-06-24,SCH0224,Singh Brothers,Rice,35400.0,G,1416,Paid
MDM008855,2026-02-07,SCH0457,Goyal Enterprises,Dal,1.108,BAG_50KG,4986,Paid
MDM009386,2025-12-31,SCH0166,Sharma & Sons,Rice,19700.0,G,,Pending
MDM011943,2025-10-19,SCH0213,Goyal Mill,Dal,,,2070,Paid
MDM006000,2025-07-21,SCH0011,Kumar General Store,Rice,54.9,KG,2196,Paid
MDM002198,2025-10-11,SCH0017,Sharma Traders Pvt Ltd,Dal,13.0,KG,1170,Due
MDM004052,2025-04-09,SCH0594,Kumar & Co.,Wheat,,,1452,Cleared
MDM001217,2025-08-24,SCH0246,Goyal Mill,Dal,,,2160,Pending
MDM003363,2025-06-17,SCH0113,Sharma Traders Pvt Ltd,Dal,0.77,BAG,3465,Pending
MDM002502,2025-11-25,SCH0435,Sharma Traders Pvt Ltd,Dal,56.0,KG,5040,Pending
MDM000726,2025-06-09,SCH0100,Goyal Mill,Atta,1.108,SACK,1662,Paid
MDM007564,2025-04-12,SCH0284,Sharma Traders,Rice,23.7,KG,948,Cleared
MDM000979,2025-05-24,SCH0376,Goyal Rice Mill,Wheat,55100.0,G,1653,Paid
MDM000809,2026-01-04,SCH0516,S. Agro Works,Wheat,39200.0,G,1176,Due
MDM007774,2026-02-14,SCH0323,Kumar General Store,Mustard Oil,49300.0,G,5916,Pending
MDM001476,2025-08-16,SCH0511,Goyal Rice Mill,Dal,37.5,KG,3375,Pending
MDM011652,2026-03-02,SCH0195,Sharma Traders Pvt Ltd,Mustard Oil,1.098,BORI,6588,Paid
MDM008040,2025-06-06,SCH0251,Sharma Traders,Dal,,,3627,Paid
MDM008337,2025-11-11,SCH0344,Kumar Supplies,Dal,0.392,BAG,1764,Pending
MDM004907,2025-12-27,SCH0382,Kumar General Store,Wheat,,,651,Paid
MDM008639,2026-02-24,SCH0011,Kumar & Co.,oil,0.5,BAG_50KG,3000,Paid
MDM011150,2025-07-21,SCH0010,Kumar & Co.,Rice,,,2060,Cleared
MDM004931,2025-11-29,SCH0291,Kumar & Co.,oil,0.8340000000000001,BAG,5004,
MDM004543,2026-02-22,SCH0240,Sharma & Sons,Dal,39.4,KG,3546,Paid
MDM003963,2025-09-15,SCH0499,Sharma & Sons,Dal,40.5,KG,,Paid
MDM009585,2026-02-18,SCH0211,Kumar Supplies,Atta,0.446,BAG_50KG,669,
MDM002672,2025-04-01,SCH0217,Goyal Mill,Mustard Oil,0.794,BAG_50KG,4764,Paid
MDM007530,2025-09-17,SCH0099,Kumar & Co.,Dal,1.014,SACK,4563,
MDM001236,2025-11-25,SCH0566,Sharma Traders Pvt Ltd,Rice,0.202,BAG,404,
MDM001226,2025-07-08,SCH0551,Kumar & Co.,Mustard Oil,30.1,KG,3612,Pending
MDM001765,2025-04-05,SCH0219,Sharma Traders Pvt Ltd,Dal,19.2,KG,1728,Paid
MDM008851,2025-12-15,SCH0517,Singh Agro,Dal,45700.0,G,4113,Paid
MDM008140,2025-09-17,SCH0447,Goyal Enterprises,Rice,21.3,KG,852,Due
MDM009244,2025-06-12,SCH0430,Goyal Enterprises,Dal,25800.0,G,2322,
MDM007812,2025-06-28,SCH0319,S. Agro Works,Dal,51500.0,G,4635,Paid
MDM007205,2025-12-20,SCH0016,Sharma Traders,oil,58.7,KG,7044,Paid
MDM003218,2026-01-04,SCH0009,Sharma Traders,Atta,44.6,KG,1338,Paid
MDM005738,2025-06-18,SCH0193,Goyal Mill,oil,,,1308,Paid
MDM000288,2025-04-07,SCH0339,Kumar & Co.,Dal,20.0,KG,1800,Cleared
MDM009463,2025-07-13,SCH0100,Sharma & Sons,Wheat,,,1317,
MDM002967,2025-08-24,SCH0181,Goyal Mill,Rice,23.1,KG,924,Pending
MDM003165,2025-07-13,SCH0201,Singh Agro,Rice,14700.0,G,588,Paid
MDM009480,2026-03-21,SCH0408,Sharma Traders Pvt Ltd,Dal,39.0,KG,3510,Paid
MDM010978,2025-11-27,SCH0324,Sharma & Sons,Wheat,46.9,KG,1407,Cleared
MDM001658,2025-06-03,SCH0045,Sharma Traders Pvt Ltd,Mustard Oil,1.088,BORI,6528,Due
MDM001976,2025-09-04,SCH0526,Kumar & Co.,Rice,50.9,KG,,Pending
MDM002398,2026-02-17,SCH0049,Sharma & Sons,oil,21.4,KG,2568,Due
MDM000453,2025-10-20,SCH0328,Kumar & Co.,oil,,,2292,Cleared
MDM002711,2025-04-04,SCH0235,Sharma & Sons,Rice,,,544,Cleared
MDM011312,2025-09-25,SCH0597,Goyal Rice Mill,Mustard Oil,,,4188,Pending
MDM007204,2025-11-10,SCH0531,Goyal Enterprises,Dal,,,3429,Paid
MDM003682,2026-02-26,SCH0165,Kumar General Store,Rice,,,2176,Pending
MDM006716,2025-10-13,SCH0144,Kumar General Store,Rice,,,1984,Pending
MDM000423,2025-07-07,SCH0569,Sharma & Sons,Dal,25.0,KG,2250,Due
MDM011320,2025-09-29,SCH0140,Singh Agro,Dal,25400.0,G,2286,
MDM005317,2025-10-18,SCH0489,Sharma Traders,Rice,19600.0,G,784,Cleared
MDM007026,2025-07-07,SCH0180,Singh Agro,Dal,40500.0,G,3645,Paid
MDM000658,2025-10-23,SCH0554,Kumar & Co.,Rice,,,1988,Pending
MDM003302,2026-01-25,SCH0406,Singh Agro,Dal,18.9,KG,1701,Pending
MDM008566,2025-12-15,SCH0305,Kumar & Co.,Wheat,,,921,Paid
MDM002846,2025-06-26,SCH0139,Kumar General Store,Cooking Oil,37.8,KG,4536,Cleared
MDM004067,2025-10-17,SCH0254,Kumar General Store,Dal,19.4,KG,1746,Cleared
MDM010873,2025-10-23,SCH0594,Kumar General Store,Mustard Oil,50600.0,G,6072,Paid
MDM009678,2025-11-09,SCH0545,Sharma Traders,Wheat,28300.0,G,,Due
MDM005245,2025-11-28,SCH0233,Sharma Traders Pvt Ltd,Rice,,,1036,Cleared
MDM001002,2026-01-13,SCH0315,Goyal Rice Mill,Rice,1.088,SACK,2176,Due
MDM004199,2026-02-01,SCH0118,Goyal Enterprises,Dal,,,3761,Due
MDM002419,2025-11-26,SCH0267,S. Agro Works,Wheat,,,1464,Pending
MDM000876,2025-04-06,SCH0340,Sharma & Sons,Rice,0.8140000000000001,BAG,,Paid
MDM009865,2025-09-01,SCH0295,S. Agro Works,Rice,59.7,KG,2388,
MDM006727,2025-07-31,SCH0384,Singh Brothers,Rice,,,2072,Pending
MDM003848,2025-06-12,SCH0280,Goyal Enterprises,Wheat,54.6,KG,1638,Pending
MDM000962,2026-01-22,SCH0035,Kumar & Co.,Dal,29500.0,G,2655,Due
MDM001581,2025-09-25,SCH0325,Kumar Supplies,Dal,,,4977,Pending
MDM011388,2025-11-21,SCH0041,Sharma & Sons,Wheat,20.0,KG,600,Cleared
MDM007763,2026-01-30,SCH0061,Kumar Supplies,Wheat,51.5,KG,1545,Paid
MDM002207,2025-06-28,SCH0193,Kumar General Store,Dal,0.482,BORI,2169,Paid
MDM004267,2025-08-11,SCH0455,S. Agro Works,Dal,0.488,BAG,,
MDM008626,2025-04-13,SCH0590,Goyal Mill,Cooking Oil,23700.0,G,2844,
MDM004232,2025-04-29,SCH0584,Kumar & Co.,oil,0.63,SACK,3780,Pending
MDM000758,2025-06-01,SCH0277,Sharma Traders Pvt Ltd,Dal,,,2691,Due
MDM004867,2026-03-18,SCH0543,Singh Brothers,Mustard Oil,0.9059999999999999,BORI,5436,Pending
MDM005407,2025-10-23,SCH0561,Singh Brothers,Mustard Oil,,,,Pending
MDM005314,2025-04-20,SCH0062,Singh Brothers,Mustard Oil,,,4968,Due
MDM002285,2025-06-12,SCH0010,Kumar & Co.,Dal,1.024,BAG_50KG,4608,Due
MDM009639,2026-01-31,SCH0406,Goyal Enterprises,oil,16.8,KG,2016,
MDM007002,2025-09-18,SCH0542,Kumar Supplies,Dal,1.09,BAG,4905,
MDM007298,2026-03-24,SCH0064,Sharma Traders Pvt Ltd,Dal,0.552,BAG_50KG,2484,Pending
MDM005508,2025-12-09,SCH0019,Singh Brothers,Dal,1.176,BORI,5292,
MDM005310,2025-09-15,SCH0584,Sharma Traders Pvt Ltd,Dal,15.6,KG,1404,Due
MDM009573,2025-08-10,SCH0251,Goyal Rice Mill,Atta,24.6,KG,738,Paid
MDM004828,2025-05-21,SCH0531,Singh Brothers,Rice,,,2152,Pending
MDM008810,2025-07-22,SCH0245,Kumar & Co.,Dal,,,1224,Pending
MDM007747,2026-01-10,SCH0325,Kumar General Store,Dal,33.0,KG,2970,
MDM000808,2025-04-27,SCH0398,S. Agro Works,Rice,,,1064,
MDM003908,2025-06-12,SCH0489,Singh Agro,Wheat,25.5,KG,765,Due
MDM006142,2025-07-23,SCH0564,Goyal Mill,Dal,,,4941,Due
MDM010423,2025-06-11,SCH0584,Sharma Traders,Rice,,,656,Paid
MDM009819,2025-04-27,SCH0304,Kumar General Store,Wheat,0.562,BAG,843,
MDM007024,2025-12-01,SCH0263,Sharma & Sons,Mustard Oil,,,3228,Paid
MDM001957,2025-11-03,SCH0356,S. Agro Works,Dal,48.5,KG,4365,Pending
MDM002446,2025-07-07,SCH0395,Kumar Supplies,Dal,,,1476,Pending
MDM008597,2025-04-10,SCH0415,Sharma Traders,Cooking Oil,28.1,KG,3372,Paid
MDM006970,2025-06-17,SCH0094,Goyal Mill,Rice,,,2096,Paid
MDM010084,2026-02-27,SCH0283,Goyal Enterprises,Rice,0.772,BAG_50KG,1544,Paid
MDM008769,2025-07-23,SCH0385,Sharma Traders,Dal,51.3,KG,4617,Pending
MDM010080,2025-06-01,SCH0404,Sharma & Sons,oil,1.058,SACK,,Pending
MDM002403,2025-04-27,SCH0134,Singh Brothers,Mustard Oil,,,2544,Due
MDM008904,2025-05-03,SCH0502,Sharma Traders Pvt Ltd,Dal,10700.0,G,963,Due
MDM001074,2025-05-08,SCH0002,Goyal Rice Mill,Rice,53900.0,G,2156,Cleared
MDM010674,2025-09-02,SCH0043,Sharma Traders Pvt Ltd,Rice,,,1328,Pending
MDM003399,2025-09-19,SCH0498,Kumar Supplies,Mustard Oil,0.852,BAG_50KG,5112,Pending
MDM004241,2025-07-24,SCH0032,Singh Agro,Rice,22600.0,G,904,Paid
MDM006525,2025-11-13,SCH0174,Kumar General Store,Mustard Oil,0.884,BAG,5304,
MDM005437,2025-08-31,SCH0478,Sharma Traders Pvt Ltd,Dal,1.124,BAG_50KG,5058,Pending
MDM009177,2025-09-20,SCH0244,Sharma & Sons,Rice,18.1,KG,724,Paid
MDM010506,2026-01-31,SCH0367,Sharma Traders Pvt Ltd,Mustard Oil,18300.0,G,2196,Paid
MDM002092,2025-06-18,SCH0283,Goyal Mill,oil,,,4824,Paid
MDM004528,2025-08-12,SCH0508,S. Agro Works,Mustard Oil,29.0,KG,3480,
MDM010610,2026-02-08,SCH0245,Singh Agro,Dal,0.6859999999999999,BAG_50KG,3087,Cleared
MDM001699,2025-10-16,SCH0114,Sharma & Sons,Rice,,,1536,Paid
MDM009898,2025-05-18,SCH0041,Goyal Enterprises,Wheat,20.6,KG,618,Cleared
MDM010360,2026-03-26,SCH0238,Goyal Mill,Cooking Oil,,,3492,Due
MDM009626,2025-08-07,SCH0486,Sharma Traders,Wheat,,,1293,Paid
MDM007253,2025-10-21,SCH0049,Goyal Enterprises,Wheat,0.624,BORI,936,Due
MDM009256,2025-10-06,SCH0535,Goyal Mill,Cooking Oil,,,4392,Pending
MDM001004,2025-08-15,SCH0399,Sharma Traders Pvt Ltd,Wheat,0.87,SACK,1305,Paid
MDM010220,2025-05-28,SCH0137,Kumar General Store,Rice,,,1236,Cleared
MDM011232,2026-02-24,SCH0214,Goyal Mill,Rice,0.476,BAG_50KG,952,Paid
MDM010281,2025-12-29,SCH0597,Kumar & Co.,Dal,0.8440000000000001,BAG,3798,Cleared
MDM008157,2025-05-12,SCH0368,Sharma & Sons,Dal,,,3798,Cleared
MDM004652,2025-11-19,SCH0342,Kumar & Co.,Dal,,,3699,Pending
MDM010329,2025-10-18,SCH0242,Goyal Enterprises,Wheat,45.5,KG,1365,Paid
MDM008167,2025-10-23,SCH0424,Sharma & Sons,Dal,,,2115,Pending
MDM006157,2026-02-01,SCH0142,Kumar & Co.,Dal,36.1,KG,3249,Cleared
MDM001486,2025-08-07,SCH0397,Singh Brothers,oil,59.4,KG,7128,Pending
MDM011399,2025-07-28,SCH0283,Singh Brothers,Mustard Oil,33.8,KG,4056,Paid
MDM005369,2025-11-13,SCH0075,Goyal Mill,Dal,,,3816,Pending
MDM009984,2026-01-29,SCH0262,Kumar Supplies,Rice,,,812,
MDM001412,2026-01-05,SCH0324,Sharma Traders Pvt Ltd,Dal,39.9,KG,3591,Paid
MDM006290,2025-09-02,SCH0433,Goyal Rice Mill,Mustard Oil,33.9,KG,4068,Pending
MDM011655,2025-06-10,SCH0243,Kumar General Store,Rice,0.688,BORI,1376,
MDM011215,2025-08-19,SCH0555,Sharma Traders,oil,31300.0,G,3756,Paid
MDM008224,2025-06-01,SCH0481,Sharma Traders Pvt Ltd,Rice,26.4,KG,1056,Paid
MDM000710,2026-03-18,SCH0377,Kumar Supplies,Wheat,0.276,BAG,414,Cleared
MDM009762,2025-11-30,SCH0483,Kumar General Store,Cooking Oil,1.054,BORI,6324,Paid
MDM003604,2025-09-09,SCH0432,Singh Agro,Wheat,0.784,SACK,1176,Paid
MDM000986,2025-08-30,SCH0275,S. Agro Works,Dal,,,1296,Due
MDM003077,2025-06-09,SCH0579,Sharma & Sons,Dal,18.2,KG,1638,Pending
MDM006170,2026-03-26,SCH0215,Kumar General Store,oil,1.178,BAG,7068,Pending
MDM008621,2025-06-24,SCH0294,Kumar & Co.,Cooking Oil,10400.0,G,1248,Paid
MDM006714,2025-06-22,SCH0495,Goyal Rice Mill,Mustard Oil,0.384,SACK,2304,Pending
MDM005078,2026-03-13,SCH0314,Singh Brothers,Wheat,36.6,KG,1098,Due
MDM004102,2025-04-19,SCH0115,Kumar & Co.,Rice,36.0,KG,1440,Cleared
MDM008529,2025-10-19,SCH0096,Kumar Supplies,Rice,,,1716,Due
MDM002723,2025-12-22,SCH0359,Kumar Supplies,Dal,38700.0,G,3483,Pending
MDM011566,2025-07-17,SCH0346,Sharma & Sons,Dal,,,2430,Paid
MDM001269,2025-10-20,SCH0229,Kumar & Co.,Mustard Oil,0.78,BAG,4680,Pending
MDM002463,2025-05-19,SCH0216,Kumar General Store,Wheat,,,741,Paid
MDM008291,2026-02-21,SCH0265,Singh Agro,oil,46000.0,G,5520,Pending
MDM000269,2025-04-07,SCH0164,Goyal Enterprises,Mustard Oil,58.3,KG,,Pending
MDM003581,2025-07-24,SCH0204,S. Agro Works,Wheat,30.6,KG,918,Due
MDM004751,2026-02-02,SCH0200,Goyal Rice Mill,Rice,0.934,BAG,1868,
MDM009305,2025-12-28,SCH0140,Singh Agro,Dal,51200.0,G,4608,Pending
MDM011247,2025-05-23,SCH0077,Singh Agro,Rice,,,568,Paid
MDM007921,2025-10-07,SCH0186,Goyal Rice Mill,Dal,55.5,KG,4995,Due
MDM007896,2025-10-12,SCH0415,Sharma Traders,Rice,,,1400,Cleared
MDM011295,2025-08-02,SCH0583,Goyal Enterprises,Rice,,,2304,Pending
MDM002822,2025-12-20,SCH0319,Kumar Supplies,Rice,19900.0,G,796,Due
MDM011072,2025-11-05,SCH0182,Goyal Mill,Rice,,,1276,
MDM000590,2025-04-24,SCH0119,Kumar Supplies,Cooking Oil,1.186,BAG_50KG,7116,Paid
MDM008650,2026-02-14,SCH0053,Kumar General Store,Dal,,,1935,
MDM011093,2025-04-23,SCH0097,Sharma Traders Pvt Ltd,Mustard Oil,0.7759999999999999,SACK,4656,Pending
MDM008075,2026-01-07,SCH0016,Sharma Traders,Dal,53.9,KG,4851,Pending
MDM000657,2025-05-02,SCH0023,S. Agro Works,Rice,56000.0,G,2240,Pending
MDM010023,2026-02-07,SCH0585,Singh Brothers,Dal,,,1683,Pending
MDM009776,2025-10-20,SCH0082,Kumar General Store,Dal,1.104,BORI,4968,Paid
MDM002038,2026-02-21,SCH0322,Goyal Mill,Mustard Oil,16700.0,G,2004,Paid
MDM009607,2025-06-19,SCH0406,Sharma & Sons,Dal,11.3,KG,1017,Paid
MDM010918,2025-10-08,SCH0586,S. Agro Works,Rice,,,1024,Pending
MDM003759,2025-06-11,SCH0322,Kumar Supplies,Dal,46.0,KG,4140,Paid
MDM006846,2025-06-14,SCH0276,Kumar General Store,Wheat,,,360,Paid
MDM006152,2025-12-28,SCH0201,Kumar & Co.,Mustard Oil,,,2436,Paid
MDM008531,2026-02-18,SCH0565,Sharma Traders Pvt Ltd,Dal,0.43,BAG_50KG,1935,
MDM002029,2025-06-08,SCH0287,Goyal Enterprises,oil,45.6,KG,5472,Paid
MDM009240,2026-01-14,SCH0429,Singh Brothers,Rice,34600.0,G,1384,Pending
MDM000678,2026-02-24,SCH0283,Kumar General Store,Wheat,43.0,KG,1290,Due
MDM008655,2025-05-30,SCH0186,Goyal Rice Mill,Cooking Oil,19.7,KG,2364,Paid
MDM001233,2026-03-03,SCH0409,Kumar & Co.,Rice,42600.0,G,1704,Pending
MDM005455,2025-09-08,SCH0163,Goyal Enterprises,Rice,,,1296,
MDM008141,2025-09-12,SCH0456,Singh Brothers,Dal,15.4,KG,1386,Paid
MDM009637,2025-08-01,SCH0087,Singh Brothers,Dal,46.0,KG,,Paid
MDM011355,2025-09-07,SCH0409,Singh Agro,Wheat,48.2,KG,1446,Pending
MDM007720,2025-07-18,SCH0588,Goyal Mill,Mustard Oil,,,3216,Due
MDM004857,2025-09-21,SCH0565,Kumar Supplies,Cooking Oil,42500.0,G,5100,Pending
MDM008282,2025-05-06,SCH0057,Kumar & Co.,Atta,56.3,KG,1689,Paid
MDM002433,2025-08-11,SCH0538,S. Agro Works,Rice,,,1892,
MDM008884,2025-04-20,SCH0025,Kumar General Store,Wheat,0.302,BAG,453,Paid
MDM009882,2025-10-22,SCH0269,Singh Brothers,Dal,0.356,BORI,1602,Pending
MDM004648,2025-12-13,SCH0137,Sharma Traders Pvt Ltd,Rice,,,520,Paid
MDM008833,2025-12-12,SCH0161,Goyal Enterprises,Wheat,25000.0,G,750,Paid
MDM007750,2025-05-13,SCH0342,Kumar General Store,Dal,0.588,BAG,2646,Paid
MDM000897,2025-04-17,SCH0027,Sharma Traders,Cooking Oil,,,5196,Pending
MDM001612,2025-08-15,SCH0545,Singh Brothers,Rice,44.4,KG,1776,
MDM010172,2025-09-20,SCH0151,Singh Agro,Rice,,,,Pending
MDM001588,2026-02-04,SCH0210,Singh Agro,Dal,,,5049,Due
MDM006687,2025-08-03,SCH0115,Sharma Traders,Wheat,0.628,SACK,942,Due
MDM007508,2025-10-02,SCH0576,Singh Agro,oil,,,4440,Due
MDM008586,2026-03-05,SCH0538,Singh Agro,oil,17.7,KG,2124,Paid
MDM001720,2025-06-10,SCH0515,S. Agro Works,Dal,0.862,BAG,3879,Due
MDM008482,2025-10-28,SCH0119,Kumar & Co.,Dal,40.5,KG,3645,Paid
MDM010666,2025-04-03,SCH0135,Goyal Mill,Mustard Oil,,,3396,Paid
MDM003807,2025-11-13,SCH0546,Goyal Mill,Dal,15.9,KG,1431,Cleared
MDM008691,2025-07-09,SCH0036,Sharma & Sons,Cooking Oil,28.4,KG,3408,Due
MDM010376,2025-06-07,SCH0026,Kumar General Store,Wheat,59.7,KG,1791,Pending
MDM004702,2025-06-13,SCH0279,Sharma & Sons,Dal,,,3105,Paid
MDM003962,2025-04-21,SCH0001,Goyal Enterprises,oil,30.3,KG,3636,Due
MDM000732,2025-10-06,SCH0481,Sharma Traders Pvt Ltd,Rice,13600.0,G,544,Pending
MDM005558,2025-04-28,SCH0393,Singh Brothers,Wheat,58.5,KG,1755,
MDM008142,2026-03-26,SCH0567,Singh Brothers,Rice,55200.0,G,2208,
MDM005565,2025-12-18,SCH0341,Goyal Enterprises,Rice,,,1980,
MDM009590,2025-10-30,SCH0429,Kumar & Co.,Rice,,,1136,Pending
MDM010450,2025-07-06,SCH0556,Goyal Mill,Dal,,,3330,Paid
MDM006088,2025-12-28,SCH0113,Singh Agro,Dal,,,2025,Pending
MDM000891,2025-10-31,SCH0163,Kumar Supplies,Dal,50.2,KG,4518,Pending
MDM007665,2025-11-26,SCH0490,Sharma Traders,Dal,,,2340,
MDM011117,2025-07-27,SCH0101,Singh Brothers,Cooking Oil,49.9,KG,5988,Pending
MDM004007,2025-07-18,SCH0523,Kumar & Co.,Dal,0.434,BAG,1953,Pending
MDM004940,2025-12-01,SCH0538,Goyal Enterprises,Mustard Oil,,,2784,Paid
MDM009802,2025-09-15,SCH0413,Kumar General Store,Mustard Oil,,,4608,Paid
MDM007820,2025-08-23,SCH0562,Singh Brothers,Wheat,,,324,Pending
MDM005899,2026-03-15,SCH0323,Sharma Traders Pvt Ltd,Atta,44700.0,G,1341,Pending
MDM006174,2026-01-14,SCH0421,Goyal Rice Mill,Rice,0.446,BAG,892,Pending
MDM009316,2026-01-10,SCH0290,Kumar & Co.,Dal,0.69,BAG,3105,Due
MDM005820,2025-05-21,SCH0597,Kumar & Co.,oil,,,4656,Pending
MDM009226,2025-04-21,SCH0275,Singh Brothers,Wheat,23.6,KG,708,Cleared
MDM008501,2026-01-31,SCH0156,Goyal Rice Mill,Wheat,54.2,KG,1626,Paid
MDM002800,2025-08-30,SCH0263,Singh Agro,Wheat,,,1539,Pending
MDM008831,2025-12-28,SCH0583,Sharma & Sons,oil,30200.0,G,3624,Cleared
MDM000585,2025-09-28,SCH0103,Singh Brothers,Wheat,36.9,KG,1107,Pending
MDM003269,2025-07-15,SCH0399,Singh Agro,Mustard Oil,21.5,KG,,
MDM003933,2025-12-31,SCH0514,Sharma & Sons,Dal,1.176,SACK,5292,Pending
MDM004966,2025-05-15,SCH0323,Sharma Traders Pvt Ltd,Cooking Oil,,,1596,Cleared
MDM001261,2026-03-18,SCH0288,S. Agro Works,Rice,,,2048,Due
MDM008640,2026-03-29,SCH0393,Goyal Mill,Dal,,,3204,Paid
MDM006200,2026-02-07,SCH0439,Singh Brothers,Dal,,,1854,Pending
MDM006693,2026-02-26,SCH0064,Sharma & Sons,Rice,0.664,BAG_50KG,1328,Cleared
MDM000311,2025-06-29,SCH0263,S. Agro Works,Atta,22.6,KG,678,
MDM001717,2025-08-22,SCH0526,Kumar & Co.,Cooking Oil,,,1656,Paid
MDM007583,2025-05-11,SCH0584,Sharma & Sons,Wheat,17.4,KG,522,Paid
MDM006010,2026-03-04,SCH0087,Goyal Rice Mill,Atta,,,1275,Pending
MDM002053,2025-11-24,SCH0126,Singh Brothers,Wheat,59100.0,G,1773,Cleared
MDM010481,2025-12-06,SCH0024,Singh Brothers,Dal,58.0,KG,5220,Paid
MDM004669,2025-07-30,SCH0425,Kumar Supplies,Dal,0.99,BORI,4455,Cleared
MDM004299,2025-04-07,SCH0213,Singh Brothers,Rice,,,1392,
MDM006647,2025-10-16,SCH0121,Kumar Supplies,Wheat,35.5,KG,1065,Due
MDM003784,2025-10-13,SCH0443,Sharma Traders,Wheat,57500.0,G,1725,Pending
MDM001009,2026-03-13,SCH0335,Sharma Traders,Rice,25200.0,G,1008,Paid
MDM007609,2025-11-08,SCH0551,Goyal Rice Mill,Cooking Oil,31.4,KG,3768,Paid
MDM010305,2026-01-24,SCH0042,Sharma & Sons,Dal,53.8,KG,4842,Paid
MDM002186,2025-12-23,SCH0154,Goyal Rice Mill,Rice,,,604,
MDM003624,2025-11-05,SCH0544,Singh Brothers,Rice,49.0,KG,1960,Paid
MDM007551,2025-12-05,SCH0375,Goyal Rice Mill,Wheat,36000.0,G,1080,
MDM011957,2025-08-27,SCH0078,Goyal Enterprises,Wheat,,,1203,Pending
MDM008748,2026-01-11,SCH0214,Kumar & Co.,Cooking Oil,,,1920,Pending
MDM008344,2026-01-18,SCH0130,Sharma Traders,Wheat,28900.0,G,867,Pending
MDM004835,2025-10-23,SCH0104,Sharma Traders Pvt Ltd,Wheat,,,867,Pending
MDM004060,2025-04-27,SCH0431,S. Agro Works,oil,,,3228,Due
MDM004757,2025-12-03,SCH0348,Goyal Mill,Wheat,,,1323,Pending
MDM007786,2026-01-26,SCH0530,S. Agro Works,Rice,0.682,BAG,1364,Due
MDM000091,2025-04-02,SCH0111,S. Agro Works,Rice,,,1464,Paid
MDM001988,2025-07-03,SCH0351,Singh Agro,Mustard Oil,0.738,BORI,4428,Paid
MDM000471,2025-05-21,SCH0387,Sharma Traders Pvt Ltd,Rice,59.5,KG,2380,Cleared
MDM001327,2025-10-22,SCH0539,Goyal Enterprises,Rice,27100.0,G,1084,Due
MDM007280,2025-04-30,SCH0114,Kumar Supplies,Wheat,,,411,Due
MDM008385,2025-08-11,SCH0228,Singh Agro,Rice,27.6,KG,1104,
MDM009929,2025-11-18,SCH0431,Sharma Traders Pvt Ltd,Wheat,37.4,KG,1122,Cleared
MDM002118,2025-05-06,SCH0386,Goyal Mill,Dal,40.7,KG,3663,Cleared
MDM002938,2025-09-01,SCH0578,Goyal Rice Mill,Cooking Oil,,,3936,Paid
MDM000889,2025-06-01,SCH0571,Kumar & Co.,Rice,39.9,KG,1596,Pending
MDM000984,2026-02-11,SCH0309,Kumar General Store,Wheat,,,,Pending
MDM006933,2026-03-26,SCH0110,Sharma Traders,Dal,57.3,KG,5157,Due
MDM011724,2026-02-13,SCH0175,Kumar & Co.,Dal,49.2,KG,4428,Paid
MDM009333,2026-03-02,SCH0167,Kumar General Store,Dal,57.2,KG,5148,Paid
MDM008162,2025-08-03,SCH0325,Sharma Traders,Rice,32.8,KG,1312,
MDM010626,2026-03-19,SCH0203,Kumar General Store,Rice,0.95,BAG_50KG,1900,Pending
MDM002926,2026-02-05,SCH0221,Kumar Supplies,Dal,55500.0,G,4995,Paid
MDM009327,2025-06-27,SCH0020,Goyal Enterprises,Atta,43200.0,G,1296,Paid
MDM003215,2025-11-25,SCH0174,Sharma & Sons,Cooking Oil,0.718,SACK,4308,Paid
MDM005885,2025-05-05,SCH0478,Sharma & Sons,Rice,0.47,BORI,940,Pending
MDM002342,2026-03-17,SCH0380,Goyal Mill,Mustard Oil,,,6096,Cleared
MDM008880,2025-11-08,SCH0125,Goyal Mill,Mustard Oil,0.6579999999999999,BORI,3948,Pending
MDM008314,2025-05-29,SCH0486,Sharma Traders Pvt Ltd,Atta,34.9,KG,1047,Due
MDM009380,2025-10-19,SCH0102,Kumar & Co.,Mustard Oil,,,1860,Cleared
MDM008798,2025-09-06,SCH0508,Sharma & Sons,Wheat,12.9,KG,387,Pending
MDM009750,2025-07-20,SCH0406,Kumar Supplies,Atta,46200.0,G,1386,Cleared
MDM008487,2025-07-12,SCH0387,Goyal Rice Mill,Rice,31100.0,G,1244,Due
MDM000628,2026-01-11,SCH0417,Goyal Mill,Dal,50500.0,G,4545,Cleared
MDM008301,2026-02-06,SCH0375,Singh Agro,Mustard Oil,,,2196,
MDM004948,2025-09-25,SCH0202,Sharma Traders Pvt Ltd,Rice,51.7,KG,2068,Cleared
MDM005081,2026-01-06,SCH0540,Singh Brothers,Atta,,,417,Due
MDM004245,2026-03-23,SCH0341,Sharma Traders Pvt Ltd,Dal,,,5355,Paid
MDM011188,2025-12-07,SCH0236,Sharma Traders Pvt Ltd,Dal,,,1629,Cleared
MDM004766,2025-09-22,SCH0328,Goyal Enterprises,Rice,,,2016,Paid
MDM001602,2025-12-05,SCH0100,Kumar General Store,Wheat,22.3,KG,669,Cleared
MDM011866,2026-01-03,SCH0366,Sharma Traders Pvt Ltd,oil,51.5,KG,6180,Pending
MDM001270,2025-09-08,SCH0513,Goyal Enterprises,Dal,,,3573,Cleared
MDM000129,2025-09-20,SCH0187,Singh Brothers,Dal,0.546,BAG,2457,Due
MDM009877,2026-01-04,SCH0518,S. Agro Works,Wheat,0.804,SACK,1206,
MDM008603,2026-01-27,SCH0054,S. Agro Works,Rice,0.304,BAG,608,Cleared
MDM001712,2025-09-23,SCH0104,Singh Brothers,Wheat,0.922,BAG,1383,Due
MDM004183,2025-12-18,SCH0034,Goyal Rice Mill,Dal,34500.0,G,3105,Pending
MDM007300,2025-05-26,SCH0582,Singh Agro,Wheat,,,801,Pending
MDM008984,2025-11-23,SCH0482,Singh Brothers,Cooking Oil,45400.0,G,5448,
MDM004236,2025-08-10,SCH0059,Goyal Mill,Rice,56.3,KG,2252,Pending
MDM006996,2025-04-17,SCH0589,Sharma & Sons,Mustard Oil,53.2,KG,6384,Due
MDM007973,2025-10-06,SCH0516,Sharma & Sons,Rice,45.1,KG,1804,
MDM002399,2025-05-22,SCH0254,Sharma Traders Pvt Ltd,Rice,,,1248,Cleared
MDM011051,2025-10-30,SCH0435,Kumar Supplies,Rice,,,1816,Pending
MDM010622,2025-05-25,SCH0042,Singh Brothers,oil,,,1476,Pending
MDM008270,2025-11-16,SCH0453,Kumar Supplies,Dal,,,4509,
MDM008770,2025-08-17,SCH0380,Kumar General Store,oil,15.9,KG,1908,Due
MDM011096,2025-10-26,SCH0288,Goyal Mill,Dal,12800.0,G,1152,Paid
MDM001187,2025-11-07,SCH0216,Kumar Supplies,Dal,52000.0,G,4680,Pending
MDM008689,2025-11-08,SCH0434,Kumar General Store,Wheat,39300.0,G,1179,
MDM001978,2025-06-26,SCH0091,Kumar General Store,Rice,,,1960,Paid
MDM005315,2025-07-05,SCH0015,Goyal Enterprises,Dal,,,2763,Due
MDM004248,2026-02-05,SCH0118,Goyal Mill,Dal,,,4329,Paid
MDM011264,2025-10-03,SCH0465,Kumar & Co.,Dal,,,3654,Paid
MDM000916,2026-01-05,SCH0113,Kumar General Store,Dal,44.0,KG,3960,Pending
MDM001306,2025-06-21,SCH0464,Sharma & Sons,Rice,0.6940000000000001,BORI,1388,Due
MDM001097,2026-02-21,SCH0074,Goyal Rice Mill,Rice,48100.0,G,1924,Cleared
MDM003050,2025-05-27,SCH0344,Goyal Enterprises,Mustard Oil,14400.0,G,1728,
MDM008279,2025-08-06,SCH0386,Goyal Mill,Wheat,,,888,Paid
MDM006654,2025-05-20,SCH0122,Singh Brothers,Rice,54.3,KG,2172,Paid
MDM011764,2026-02-25,SCH0290,Sharma & Sons,Atta,1.194,BAG_50KG,1791,Pending
MDM001274,2025-07-31,SCH0212,Kumar Supplies,Rice,0.58,BAG,1160,Paid
MDM005699,2025-04-26,SCH0124,Goyal Mill,oil,,,4728,Paid
MDM006946,2026-03-20,SCH0518,S. Agro Works,Wheat,47100.0,G,1413,Paid
MDM010018,2025-09-06,SCH0226,Goyal Mill,Rice,0.9540000000000001,BORI,,Paid
MDM002797,2025-08-09,SCH0202,Goyal Mill,Dal,26.8,KG,2412,Pending
MDM006798,2025-06-21,SCH0072,Singh Brothers,Dal,33.4,KG,3006,Paid
MDM001399,2025-05-15,SCH0566,S. Agro Works,Wheat,12600.0,G,378,Paid
MDM006616,2025-05-17,SCH0276,Kumar Supplies,Dal,42.7,KG,3843,Pending
MDM003359,2026-03-24,SCH0051,Goyal Mill,Rice,1.012,BAG,2024,Cleared
MDM000184,2025-04-26,SCH0235,Kumar & Co.,Mustard Oil,,,1812,Paid
MDM007751,2025-06-23,SCH0494,Singh Brothers,Rice,30200.0,G,1208,Paid
MDM004463,2025-04-29,SCH0001,Kumar & Co.,Rice,20.9,KG,836,Cleared
MDM008960,2026-01-15,SCH0182,Sharma Traders,Rice,0.75,BORI,1500,Paid
MDM008169,2025-09-25,SCH0540,S. Agro Works,Dal,45.7,KG,4113,Due
MDM003564,2025-05-11,SCH0271,S. Agro Works,Wheat,20.3,KG,609,Pending
MDM011727,2025-04-17,SCH0162,Sharma Traders,oil,,,6480,Paid
MDM011475,2025-12-04,SCH0345,S. Agro Works,Cooking Oil,42400.0,G,5088,Pending
MDM006514,2026-03-08,SCH0199,Goyal Mill,Rice,0.596,BAG_50KG,1192,Paid
MDM004568,2025-11-12,SCH0491,Goyal Mill,Atta,0.374,BAG_50KG,561,Paid
MDM009465,2026-01-09,SCH0560,Sharma Traders,Dal,40100.0,G,3609,Paid
MDM006604,2025-07-12,SCH0513,Kumar General Store,Rice,,,2076,Pending
MDM010009,2025-08-06,SCH0464,Singh Agro,Cooking Oil,32200.0,G,3864,Paid
MDM002657,2025-12-20,SCH0096,Singh Brothers,Mustard Oil,,,1248,
MDM010250,2025-12-11,SCH0550,Kumar General Store,Wheat,,,1671,Pending
MDM004306,2026-01-26,SCH0156,Sharma & Sons,Wheat,,,522,Pending
MDM001962,2025-11-25,SCH0233,S. Agro Works,Mustard Oil,50.5,KG,6060,Paid
MDM004993,2025-12-31,SCH0485,Goyal Mill,Cooking Oil,12.2,KG,1464,Paid
MDM004892,2025-05-14,SCH0240,Kumar General Store,Dal,43.9,KG,3951,
MDM006139,2025-04-30,SCH0116,S. Agro Works,Mustard Oil,13400.0,G,1608,Pending
MDM005816,2025-06-08,SCH0258,Kumar General Store,Rice,56700.0,G,2268,Due
MDM005870,2025-06-23,SCH0266,Kumar Supplies,Rice,34800.0,G,1392,Paid
MDM008932,2026-01-24,SCH0042,Sharma & Sons,Rice,,,2112,Paid
MDM006396,2025-08-29,SCH0305,Singh Agro,Rice,18200.0,G,728,Due
MDM011712,2026-01-07,SCH0585,Sharma Traders Pvt Ltd,Dal,41.9,KG,3771,Paid
MDM006227,2026-01-21,SCH0322,Sharma & Sons,Atta,0.444,BAG_50KG,666,Cleared
MDM009310,2026-02-21,SCH0304,Kumar General Store,Rice,22200.0,G,888,Due
MDM010332,2025-05-24,SCH0458,Sharma Traders Pvt Ltd,Wheat,38.7,KG,1161,Due
MDM011924,2025-11-01,SCH0568,Kumar Supplies,Rice,,,1888,Paid
MDM001252,2025-04-28,SCH0107,Sharma Traders,Wheat,,,,Due
MDM003177,2025-10-18,SCH0111,Goyal Rice Mill,Dal,,,,Paid
MDM005073,2025-08-05,SCH0064,Sharma & Sons,Rice,37600.0,G,1504,Due
MDM003360,2025-11-06,SCH0055,S. Agro Works,Rice,,,1372,Pending
MDM007683,2025-10-14,SCH0534,Goyal Enterprises,Dal,34.0,KG,3060,Paid
MDM008295,2026-01-18,SCH0120,Kumar Supplies,Rice,18.0,KG,720,Pending
MDM010441,2025-06-10,SCH0272,Goyal Rice Mill,Rice,0.212,SACK,424,
MDM009045,2025-12-16,SCH0148,Singh Agro,Wheat,,,705,Pending
MDM007467,2025-07-27,SCH0325,Sharma Traders Pvt Ltd,Rice,44400.0,G,1776,Paid
MDM011100,2025-11-04,SCH0006,Sharma & Sons,Dal,10.4,KG,936,
MDM003290,2025-04-25,SCH0282,Kumar Supplies,Rice,,,616,Paid
MDM011143,2025-10-20,SCH0429,Kumar & Co.,Dal,51800.0,G,4662,Pending
MDM007412,2025-09-07,SCH0297,Goyal Rice Mill,Cooking Oil,,,1788,Pending
MDM011172,2025-08-24,SCH0502,Goyal Mill,Dal,1.076,BAG,4842,Paid
MDM003191,2025-11-26,SCH0175,Kumar General Store,Rice,42500.0,G,1700,Paid
MDM001574,2026-01-22,SCH0597,Singh Agro,oil,0.362,BAG,2172,Pending
MDM009287,2026-02-10,SCH0167,S. Agro Works,Rice,,,1924,Paid
MDM001052,2026-02-08,SCH0500,Sharma & Sons,Wheat,11.4,KG,342,
MDM004070,2025-10-18,SCH0573,Kumar Supplies,Rice,,,1992,Due
MDM007792,2025-10-14,SCH0430,Goyal Rice Mill,Wheat,59600.0,G,1788,
MDM003219,2025-04-04,SCH0422,Kumar Supplies,Dal,31600.0,G,2844,Pending
MDM000273,2025-07-30,SCH0323,Goyal Rice Mill,Cooking Oil,1.09,SACK,6540,Cleared
MDM002043,2025-10-01,SCH0171,Kumar Supplies,oil,,,3012,Pending
MDM004764,2026-03-19,SCH0546,Sharma & Sons,Rice,52600.0,G,2104,Cleared
MDM007991,2025-08-27,SCH0470,Sharma Traders,Wheat,1.022,BAG_50KG,1533,
MDM008684,2025-08-06,SCH0432,Kumar General Store,oil,28.7,KG,3444,Paid
MDM001087,2025-09-06,SCH0018,Goyal Mill,Mustard Oil,10600.0,G,1272,Paid
MDM001474,2025-12-26,SCH0213,Singh Brothers,Rice,,,1004,
MDM007283,2026-03-12,SCH0366,Goyal Mill,Rice,0.524,SACK,1048,Pending
MDM009911,2025-07-03,SCH0299,Goyal Enterprises,Wheat,34.4,KG,1032,
MDM009426,2026-03-18,SCH0202,Sharma Traders,Mustard Oil,27.1,KG,3252,Paid
MDM002187,2025-10-09,SCH0132,Sharma Traders Pvt Ltd,Wheat,,,1233,Due
MDM004323,2026-01-23,SCH0023,Singh Brothers,Rice,,,,Paid
MDM009731,2025-07-04,SCH0422,Singh Agro,Rice,0.8859999999999999,BAG_50KG,1772,Paid
MDM011290,2025-09-19,SCH0281,Kumar & Co.,Rice,46.6,KG,1864,
MDM005832,2026-03-24,SCH0579,Goyal Mill,Dal,36.9,KG,3321,Paid
MDM010029,2026-03-31,SCH0386,Singh Agro,Rice,28.8,KG,1152,Paid
MDM000499,2025-04-28,SCH0237,Kumar General Store,Wheat,43.4,KG,1302,Due
MDM009382,2025-06-02,SCH0197,Sharma Traders,Dal,,,4518,Paid
MDM008791,2025-10-12,SCH0392,Kumar General Store,Dal,,,4338,
MDM004710,2026-01-24,SCH0015,Sharma Traders,Mustard Oil,0.562,BORI,3372,Paid
MDM010028,2026-01-24,SCH0575,Singh Brothers,Mustard Oil,,,7056,Due
MDM010306,2025-05-24,SCH0228,Sharma & Sons,Dal,,,,Pending
MDM004486,2026-03-12,SCH0165,Goyal Rice Mill,Rice,27.8,KG,1112,
MDM011585,2025-04-04,SCH0156,Goyal Rice Mill,Atta,47.5,KG,1425,Paid
MDM003479,2025-10-16,SCH0260,S. Agro Works,Rice,40300.0,G,1612,Cleared
MDM009427,2025-07-08,SCH0005,Kumar General Store,Wheat,56900.0,G,1707,Cleared
MDM003925,2025-11-25,SCH0075,Goyal Rice Mill,Dal,0.7020000000000001,BAG,3159,Cleared
MDM001749,2025-04-14,SCH0238,Sharma Traders Pvt Ltd,Dal,0.764,BAG_50KG,3438,Pending
MDM000733,2025-07-27,SCH0435,Kumar Supplies,Dal,0.546,BAG_50KG,2457,
MDM002554,2025-06-02,SCH0165,Goyal Mill,Mustard Oil,54800.0,G,6576,
MDM002464,2025-12-07,SCH0337,Sharma Traders Pvt Ltd,Mustard Oil,28.5,KG,3420,Cleared
MDM007584,2025-10-08,SCH0223,Goyal Mill,Rice,0.464,BORI,928,Pending
MDM009144,2025-11-07,SCH0092,Sharma Traders,Cooking Oil,0.69,BAG,4140,Paid
MDM008822,2025-08-31,SCH0183,Singh Agro,Mustard Oil,0.216,BAG,1296,Due
MDM002663,2025-08-28,SCH0182,Kumar General Store,Dal,1.002,BAG,4509,Paid
MDM008271,2025-12-28,SCH0164,Sharma & Sons,Cooking Oil,0.242,BAG,1452,Paid
MDM008560,2025-06-01,SCH0505,Kumar & Co.,Rice,,,792,Due
MDM003114,2025-08-04,SCH0559,Kumar & Co.,Rice,34.0,KG,,Pending
MDM003304,2026-02-21,SCH0308,Goyal Mill,Wheat,10.2,KG,306,Paid
MDM006251,2025-11-18,SCH0457,Kumar & Co.,Dal,58700.0,G,5283,Due
MDM001345,2025-05-13,SCH0057,Kumar & Co.,Cooking Oil,58.4,KG,7008,Pending
MDM010869,2026-02-14,SCH0331,Kumar General Store,Cooking Oil,0.858,BAG_50KG,5148,Cleared
MDM007817,2025-04-05,SCH0416,Goyal Enterprises,Dal,,,1656,Paid
MDM001691,2025-11-04,SCH0248,Singh Agro,Wheat,26.8,KG,,Paid
MDM007701,2025-06-04,SCH0241,Sharma Traders Pvt Ltd,Rice,20.4,KG,816,Due
MDM009016,2025-04-30,SCH0143,Singh Brothers,oil,49.1,KG,5892,Paid
MDM005049,2026-03-29,SCH0401,Kumar General Store,Dal,1.128,BAG_50KG,5076,Cleared
MDM007734,2025-12-02,SCH0317,Sharma Traders,Dal,,,3591,Due
MDM008329,2025-05-29,SCH0030,Singh Agro,Wheat,54300.0,G,1629,Pending
MDM003309,2025-11-01,SCH0303,Goyal Rice Mill,Wheat,58.3,KG,1749,Due
MDM001505,2025-08-02,SCH0114,Singh Brothers,Dal,,,3744,Pending
MDM011305,2026-03-18,SCH0012,Sharma Traders Pvt Ltd,Rice,35.6,KG,1424,Paid
MDM001807,2025-10-27,SCH0213,Sharma Traders Pvt Ltd,Rice,,,1884,Due
MDM003872,2026-03-27,SCH0595,Kumar General Store,oil,43.9,KG,5268,Due
MDM001289,2026-01-27,SCH0392,Singh Brothers,Wheat,0.596,BORI,894,Paid
MDM003792,2025-08-11,SCH0184,Kumar Supplies,Wheat,,,702,Paid
MDM005218,2025-04-04,SCH0134,Singh Agro,Dal,0.68,BORI,3060,Paid
MDM010066,2025-08-12,SCH0476,Singh Brothers,Dal,0.38,BAG_50KG,1710,Due
MDM011763,2025-04-13,SCH0440,Kumar General Store,Rice,,,1840,Paid
MDM001068,2025-08-04,SCH0594,Kumar & Co.,Dal,27500.0,G,2475,Cleared
MDM008622,2025-09-27,SCH0379,Kumar & Co.,Atta,,,480,Pending
MDM011730,2025-10-30,SCH0221,Sharma Traders,Mustard Oil,,,3156,Paid
MDM001718,2025-05-13,SCH0562,Singh Brothers,Rice,,,1128,Paid
MDM002697,2025-07-12,SCH0586,Goyal Enterprises,Wheat,0.856,BAG,1284,Pending
MDM006452,2025-08-07,SCH0507,Singh Brothers,Wheat,55500.0,G,1665,
MDM001849,2025-12-02,SCH0197,Sharma Traders,Rice,,,1876,Pending
MDM004513,2026-01-24,SCH0443,S. Agro Works,Mustard Oil,,,2484,
MDM009198,2025-07-30,SCH0028,Sharma Traders Pvt Ltd,Cooking Oil,25200.0,G,3024,Cleared
MDM011409,2025-08-06,SCH0487,Goyal Rice Mill,Dal,13.9,KG,1251,Paid
MDM002432,2025-04-17,SCH0325,Singh Agro,Mustard Oil,,,2604,Paid
MDM011238,2025-11-25,SCH0462,Goyal Mill,Cooking Oil,30900.0,G,3708,Cleared
MDM004661,2025-12-23,SCH0565,Goyal Enterprises,Rice,,,1628,Cleared
MDM006623,2025-12-05,SCH0461,Goyal Rice Mill,Cooking Oil,0.99,BAG,5940,Pending
MDM003436,2026-03-17,SCH0448,Singh Brothers,Mustard Oil,36.7,KG,4404,Paid
MDM008374,2025-08-31,SCH0453,Goyal Rice Mill,Mustard Oil,,,1524,Paid
MDM007348,2025-12-30,SCH0155,Singh Brothers,Rice,0.8640000000000001,BORI,1728,Paid
MDM011588,2025-11-04,SCH0542,Sharma Traders,Mustard Oil,26600.0,G,3192,Cleared
MDM000143,2025-06-17,SCH0030,Sharma Traders,Rice,29.9,KG,1196,Paid
MDM008680,2025-04-06,SCH0043,S. Agro Works,Rice,0.494,BAG_50KG,988,
MDM005587,2025-09-08,SCH0441,Kumar Supplies,Dal,1.06,SACK,4770,Pending
MDM010831,2025-09-27,SCH0114,Kumar General Store,Wheat,1.076,BAG_50KG,1614,Paid
MDM006993,2026-03-29,SCH0149,Singh Agro,Atta,20.3,KG,609,Paid
MDM008009,2026-01-20,SCH0089,S. Agro Works,Dal,0.47,BAG_50KG,2115,Pending
MDM008340,2025-11-21,SCH0530,Singh Agro,Mustard Oil,,,2724,Pending
MDM006805,2025-08-06,SCH0003,Kumar & Co.,Mustard Oil,0.77,BAG,4620,Paid
MDM006750,2025-08-28,SCH0440,Goyal Mill,Rice,,,1972,
MDM006101,2025-12-30,SCH0025,Sharma & Sons,Atta,19900.0,G,597,
MDM005291,2025-10-20,SCH0484,Goyal Mill,Rice,30700.0,G,1228,Pending
MDM008091,2026-02-13,SCH0470,Singh Agro,Wheat,0.934,SACK,1401,Due
MDM003410,2025-04-08,SCH0010,Kumar General Store,Rice,0.6920000000000001,BAG,1384,Paid
MDM001118,2026-01-26,SCH0551,Kumar General Store,Dal,,,4239,Paid
MDM007810,2025-04-20,SCH0376,Goyal Rice Mill,Rice,,,2384,Pending
MDM001757,2025-09-28,SCH0007,Sharma Traders,Dal,16.8,KG,1512,Cleared
MDM000498,2025-09-16,SCH0237,Singh Brothers,Rice,52500.0,G,2100,Cleared
MDM007946,2025-08-09,SCH0239,Goyal Enterprises,oil,,,1236,
MDM007955,2025-07-15,SCH0161,Kumar General Store,Cooking Oil,,,2532,
MDM000871,2025-08-24,SCH0545,Kumar General Store,Rice,59.1,KG,2364,
MDM003358,2025-04-15,SCH0229,Sharma Traders,Dal,0.442,BAG,1989,
MDM000913,2025-04-08,SCH0301,Singh Brothers,Wheat,,,1488,Pending
MDM000722,2025-06-09,SCH0321,S. Agro Works,Dal,39.6,KG,3564,Paid
MDM002806,2025-08-17,SCH0590,Kumar & Co.,Wheat,20.6,KG,618,Cleared
MDM000887,2025-06-24,SCH0499,Sharma Traders Pvt Ltd,Mustard Oil,,,4788,Cleared
MDM011864,2025-12-28,SCH0403,Kumar General Store,Rice,11.8,KG,472,Cleared
MDM009081,2026-01-25,SCH0143,Singh Agro,Rice,,,2340,Paid
MDM010261,2025-05-12,SCH0263,Goyal Rice Mill,oil,38.5,KG,4620,Due
MDM009471,2025-08-01,SCH0369,Sharma Traders Pvt Ltd,Dal,,,3987,Due
MDM001521,2025-09-10,SCH0102,Singh Brothers,Rice,,,1348,Pending
MDM007397,2026-03-25,SCH0480,Kumar General Store,Cooking Oil,,,6420,Pending
MDM010740,2025-07-20,SCH0302,Kumar & Co.,Wheat,,,645,Pending
MDM002747,2025-11-10,SCH0498,S. Agro Works,Mustard Oil,0.368,BAG,2208,Paid
MDM008441,2026-02-17,SCH0546,Goyal Mill,Rice,,,2368,
MDM003546,2025-09-24,SCH0051,Singh Brothers,Atta,0.3,BAG_50KG,450,Paid
MDM000315,2025-12-19,SCH0355,Goyal Mill,Dal,0.266,BAG,1197,Pending
MDM001800,2025-05-14,SCH0544,Sharma Traders,Atta,12800.0,G,384,
MDM000328,2025-12-22,SCH0249,Sharma Traders,Dal,0.6920000000000001,SACK,3114,Due
MDM003758,2026-01-30,SCH0464,Goyal Enterprises,Rice,14800.0,G,592,Due
MDM009247,2025-10-15,SCH0415,Goyal Mill,Atta,32400.0,G,972,Paid
MDM004205,2025-06-11,SCH0313,Sharma Traders Pvt Ltd,Wheat,,,1680,Pending
MDM005851,2025-11-03,SCH0066,Singh Agro,Rice,,,1088,Pending
MDM006130,2025-11-23,SCH0049,Kumar Supplies,Rice,24100.0,G,964,Cleared
MDM005448,2025-08-22,SCH0437,Singh Agro,Mustard Oil,18.4,KG,2208,Due
MDM003130,2025-07-18,SCH0578,Singh Brothers,Rice,,,1796,Paid
MDM007441,2026-03-09,SCH0531,Sharma Traders Pvt Ltd,Rice,,,776,Due
MDM001997,2025-11-27,SCH0190,Goyal Mill,Wheat,,,732,Paid
MDM009186,2025-07-31,SCH0522,Goyal Enterprises,Dal,43.6,KG,3924,Paid
MDM003969,2025-06-13,SCH0253,Singh Agro,Dal,1.054,BORI,4743,Due
MDM010074,2026-03-23,SCH0446,Kumar Supplies,Wheat,1.016,BORI,1524,Cleared
MDM010167,2026-01-21,SCH0293,Sharma & Sons,Cooking Oil,58600.0,G,7032,Paid
MDM001974,2025-12-26,SCH0508,Sharma & Sons,oil,23.8,KG,2856,Cleared
MDM000337,2026-01-19,SCH0036,Goyal Mill,Dal,,,3339,Due
MDM002765,2025-04-17,SCH0550,Kumar General Store,Dal,,,1602,Cleared
MDM010120,2026-01-10,SCH0556,S. Agro Works,Dal,0.45,BAG,2025,Paid
MDM000276,2026-02-23,SCH0357,S. Agro Works,Rice,1.132,BAG,2264,Paid
MDM002986,2025-12-23,SCH0476,Goyal Enterprises,Dal,,,1476,Due
MDM002687,2025-11-25,SCH0426,Goyal Mill,Cooking Oil,19300.0,G,2316,Paid
MDM004621,2026-02-22,SCH0310,Goyal Enterprises,Rice,0.746,BAG_50KG,1492,
MDM006532,2025-11-17,SCH0205,Singh Agro,Wheat,40.4,KG,1212,Cleared
MDM003478,2025-07-11,SCH0299,Sharma Traders,Dal,41.0,KG,3690,Paid
MDM008049,2025-06-06,SCH0508,Sharma Traders,Rice,,,,Cleared
MDM003559,2025-08-31,SCH0390,Singh Brothers,Atta,0.356,BAG_50KG,534,Pending
MDM005716,2025-08-04,SCH0282,Goyal Enterprises,Rice,,,1956,Cleared
MDM002810,2025-11-30,SCH0092,Singh Agro,Dal,0.762,BAG,3429,Paid
MDM011251,2025-10-28,SCH0040,Sharma Traders,Cooking Oil,42.3,KG,5076,Cleared
MDM004862,2025-04-11,SCH0283,Goyal Rice Mill,Wheat,,,1674,
MDM002335,2025-08-31,SCH0358,Singh Brothers,Mustard Oil,,,2376,Paid
MDM008970,2025-04-28,SCH0507,Goyal Mill,Atta,0.382,SACK,573,Pending
MDM005247,2025-06-19,SCH0394,S. Agro Works,Cooking Oil,0.28,BORI,1680,Pending
MDM003417,2025-09-25,SCH0118,Goyal Enterprises,Mustard Oil,,,4608,Cleared
MDM000308,2025-05-19,SCH0126,Kumar General Store,Wheat,55.2,KG,1656,Cleared
MDM003909,2025-04-23,SCH0593,Singh Brothers,Wheat,56.8,KG,1704,Paid
MDM009393,2025-12-16,SCH0483,Sharma & Sons,Rice,31.7,KG,1268,Paid
MDM000349,2025-08-02,SCH0260,Goyal Enterprises,Rice,47.0,KG,1880,Pending
MDM005919,2026-03-20,SCH0322,Kumar General Store,Dal,0.266,BAG_50KG,1197,Pending
MDM000827,2025-09-20,SCH0171,Sharma Traders,Rice,31000.0,G,1240,Pending
MDM005297,2025-09-25,SCH0120,Kumar Supplies,Mustard Oil,16.2,KG,,Due
MDM007244,2025-07-08,SCH0347,Kumar General Store,oil,0.216,BAG_50KG,1296,
MDM011742,2025-08-18,SCH0409,Goyal Mill,Rice,25600.0,G,1024,Paid
MDM009940,2025-11-02,SCH0031,Goyal Rice Mill,Cooking Oil,15.1,KG,,Pending
MDM004483,2025-09-13,SCH0051,Sharma Traders Pvt Ltd,Wheat,45.0,KG,1350,Pending
MDM009071,2025-11-16,SCH0057,Kumar Supplies,Atta,24.9,KG,747,Pending
MDM003683,2025-12-16,SCH0040,Goyal Mill,Rice,26800.0,G,1072,Paid
MDM010057,2025-10-24,SCH0047,Sharma & Sons,Cooking Oil,0.412,BAG,2472,Cleared
MDM010348,2025-07-13,SCH0554,Sharma Traders Pvt Ltd,Wheat,,,771,Pending
MDM002054,2026-02-17,SCH0045,Kumar General Store,Wheat,12.9,KG,387,Cleared
MDM008261,2025-04-02,SCH0380,Kumar & Co.,Dal,,,3816,Pending
MDM011879,2025-12-19,SCH0423,Goyal Enterprises,Dal,37.1,KG,3339,Paid
MDM000072,2025-04-08,SCH0514,Sharma Traders Pvt Ltd,Dal,38400.0,G,3456,Paid
MDM008324,2025-09-12,SCH0113,Goyal Enterprises,Wheat,29800.0,G,894,Pending
MDM006856,2025-08-05,SCH0325,Kumar Supplies,Dal,26200.0,G,2358,Pending
MDM011235,2025-10-23,SCH0439,Goyal Mill,Wheat,,,1587,
MDM011770,2026-03-14,SCH0210,Kumar & Co.,Wheat,1.188,BORI,1782,Pending
MDM006752,2025-04-19,SCH0055,Goyal Rice Mill,Dal,27800.0,G,2502,
MDM009366,2025-07-03,SCH0548,Goyal Rice Mill,Wheat,0.532,SACK,798,Paid
MDM008858,2025-06-07,SCH0111,Kumar & Co.,Wheat,52000.0,G,1560,Paid
MDM010076,2025-12-26,SCH0354,Kumar Supplies,Wheat,0.532,BORI,798,Due
MDM008306,2026-02-02,SCH0231,Kumar & Co.,Dal,,,2007,Due
MDM005357,2025-04-19,SCH0401,Goyal Mill,Atta,0.9420000000000001,BAG_50KG,1413,Pending
MDM001667,2025-11-09,SCH0199,Sharma Traders,Cooking Oil,31.8,KG,3816,Pending
MDM007580,2026-03-26,SCH0029,Sharma Traders,Wheat,35.4,KG,1062,Paid
MDM005571,2025-12-12,SCH0279,S. Agro Works,Rice,43800.0,G,1752,Due
MDM008795,2025-09-25,SCH0298,S. Agro Works,Rice,,,676,Paid
MDM000053,2026-02-25,SCH0474,Goyal Rice Mill,Dal,34.4,KG,3096,
MDM000220,2025-10-02,SCH0316,Singh Agro,Mustard Oil,45600.0,G,5472,
MDM006264,2025-08-04,SCH0442,Singh Agro,Atta,,,876,Due
MDM001446,2025-07-19,SCH0196,Goyal Enterprises,Wheat,1.024,BAG_50KG,1536,Due
MDM009538,2025-07-27,SCH0050,Goyal Mill,Dal,,,5247,Pending
MDM008402,2026-03-29,SCH0151,Kumar General Store,Dal,18.4,KG,1656,Due
MDM001696,2025-08-29,SCH0564,Kumar & Co.,Wheat,,,984,Paid
MDM002893,2025-07-16,SCH0238,S. Agro Works,Mustard Oil,58.9,KG,7068,Pending
MDM001575,2025-06-10,SCH0280,Kumar Supplies,Rice,15.3,KG,612,Pending
MDM009174,2025-12-20,SCH0589,Goyal Enterprises,Dal,15.4,KG,,Paid
MDM003204,2025-09-24,SCH0279,Kumar & Co.,Wheat,0.862,SACK,1293,
MDM004406,2025-05-18,SCH0085,Sharma Traders Pvt Ltd,Dal,,,2979,Due
MDM001631,2026-03-21,SCH0097,Kumar General Store,Rice,20800.0,G,832,Cleared
MDM010389,2025-11-22,SCH0321,Kumar & Co.,Rice,55.1,KG,2204,Pending
MDM001882,2025-11-29,SCH0452,Kumar Supplies,Dal,53.9,KG,4851,Pending
MDM005113,2025-12-09,SCH0086,Singh Agro,Rice,47.9,KG,1916,Cleared
MDM005709,2026-03-08,SCH0519,Sharma Traders Pvt Ltd,Wheat,,,699,Pending
MDM005075,2026-03-02,SCH0222,Sharma Traders Pvt Ltd,Wheat,,,1122,Due
MDM005510,2025-10-09,SCH0476,Sharma Traders,Wheat,,,456,Paid
MDM010899,2025-06-23,SCH0543,Kumar & Co.,oil,0.392,BAG_50KG,2352,
MDM008375,2026-02-04,SCH0259,Goyal Rice Mill,Dal,,,2628,Pending
MDM000849,2025-06-12,SCH0041,Sharma Traders,Atta,30200.0,G,906,Paid
MDM002925,2025-11-09,SCH0347,Singh Agro,oil,46.4,KG,5568,Cleared
MDM011582,2025-08-07,SCH0320,Kumar & Co.,Dal,,,3852,Paid
MDM008920,2025-08-21,SCH0403,Singh Brothers,Dal,48.4,KG,4356,Paid
MDM002878,2025-07-06,SCH0192,Sharma Traders,Mustard Oil,1.03,SACK,6180,Paid
MDM006368,2025-09-06,SCH0084,Kumar & Co.,Cooking Oil,52500.0,G,6300,Paid
MDM010001,2026-03-30,SCH0396,Goyal Enterprises,oil,44400.0,G,5328,Due
MDM000187,2025-11-01,SCH0275,Sharma & Sons,Wheat,0.7,SACK,1050,Cleared
MDM003780,2025-10-01,SCH0002,Kumar Supplies,Atta,,,738,Pending
MDM001831,2025-06-01,SCH0348,Goyal Enterprises,Wheat,1.05,BAG,1575,Pending
MDM007795,2026-01-14,SCH0096,Kumar Supplies,Atta,52.5,KG,1575,Cleared
MDM002960,2026-01-28,SCH0449,Singh Brothers,Dal,,,4905,Pending
MDM007186,2025-04-30,SCH0300,Singh Brothers,Rice,0.904,SACK,1808,Paid
MDM011414,2025-12-23,SCH0453,S. Agro Works,Dal,0.716,BAG,3222,Paid
MDM009506,2025-08-16,SCH0100,Goyal Enterprises,Dal,,,2007,Cleared
MDM006905,2025-07-21,SCH0152,Kumar & Co.,Mustard Oil,0.5539999999999999,BAG_50KG,3324,Cleared
MDM005447,2025-06-14,SCH0102,Sharma Traders,Atta,51.1,KG,1533,Cleared
MDM006588,2025-07-23,SCH0097,Sharma & Sons,Dal,19600.0,G,1764,
MDM001235,2025-11-05,SCH0402,S. Agro Works,Dal,17200.0,G,1548,Paid
MDM011323,2025-05-18,SCH0455,Goyal Mill,Mustard Oil,0.902,BORI,5412,Paid
MDM010331,2025-12-16,SCH0251,Sharma Traders Pvt Ltd,Atta,12200.0,G,366,
MDM003916,2025-05-07,SCH0003,Kumar General Store,Mustard Oil,38200.0,G,4584,
MDM000447,2025-06-12,SCH0383,Singh Agro,Wheat,55.8,KG,1674,
MDM009490,2025-08-26,SCH0370,Sharma Traders,Rice,1.04,BORI,2080,Cleared
MDM005840,2025-04-25,SCH0218,Goyal Mill,Atta,,,1047,Pending
MDM000845,2025-06-16,SCH0100,Goyal Rice Mill,Rice,1.156,BAG_50KG,2312,Due
MDM005202,2025-12-01,SCH0450,Singh Brothers,Atta,14.6,KG,438,Cleared
MDM010860,2025-05-27,SCH0165,Singh Brothers,Rice,45.4,KG,1816,Paid
MDM009775,2026-02-25,SCH0303,Kumar General Store,Rice,,,1844,Paid
MDM009539,2025-12-21,SCH0431,Sharma Traders Pvt Ltd,Cooking Oil,,,2808,Pending
MDM002441,2025-11-14,SCH0058,Sharma & Sons,Dal,39.0,KG,3510,Pending
MDM003104,2025-05-04,SCH0173,Sharma Traders Pvt Ltd,Dal,0.738,SACK,3321,Paid
MDM010603,2025-11-12,SCH0160,Sharma Traders,Rice,57700.0,G,2308,Due
MDM004775,2025-04-28,SCH0309,Goyal Mill,Rice,,,1748,Pending
MDM008423,2025-05-08,SCH0546,Kumar Supplies,Dal,25.1,KG,2259,Due
MDM006975,2025-08-03,SCH0571,Goyal Enterprises,Dal,0.256,BORI,1152,Cleared
MDM006095,2026-01-05,SCH0182,Sharma & Sons,Dal,0.912,BAG,4104,Paid
MDM001295,2026-02-18,SCH0040,Singh Agro,Wheat,17.6,KG,,Paid
MDM007794,2025-08-14,SCH0515,Singh Agro,Wheat,33.7,KG,1011,Paid
MDM005519,2025-08-02,SCH0129,Goyal Enterprises,oil,23400.0,G,2808,Cleared
MDM011154,2025-11-11,SCH0004,Kumar & Co.,Mustard Oil,11.4,KG,1368,Cleared
MDM005068,2025-09-04,SCH0259,Goyal Enterprises,Atta,,,1353,
MDM003443,2026-01-04,SCH0398,Kumar General Store,Rice,43.0,KG,1720,Pending
MDM010425,2025-04-27,SCH0470,Goyal Mill,Dal,,,4383,Pending
MDM009533,2025-11-27,SCH0056,Kumar General Store,Dal,,,3996,Due
MDM010291,2025-11-02,SCH0118,Kumar General Store,Wheat,0.4320000000000001,SACK,648,Pending
MDM002838,2025-04-29,SCH0240,Kumar General Store,Wheat,31.2,KG,936,Due
MDM000777,2025-05-08,SCH0493,Goyal Mill,Wheat,,,1752,Paid
MDM011473,2025-09-09,SCH0229,Goyal Rice Mill,Atta,0.9620000000000001,SACK,1443,
MDM006325,2026-03-26,SCH0436,Sharma & Sons,Cooking Oil,25.6,KG,3072,Paid
MDM002154,2025-07-30,SCH0495,Kumar Supplies,Wheat,,,807,
MDM005559,2026-01-26,SCH0016,Kumar General Store,oil,,,2880,Pending
MDM004921,2025-12-13,SCH0102,S. Agro Works,Dal,13700.0,G,1233,Paid
MDM010747,2025-11-06,SCH0474,Sharma Traders Pvt Ltd,Dal,18100.0,G,1629,Pending
MDM008218,2025-08-07,SCH0373,Goyal Enterprises,Wheat,49.9,KG,1497,
MDM011732,2025-11-20,SCH0302,Sharma Traders Pvt Ltd,Rice,,,764,Paid
MDM008736,2025-07-27,SCH0171,Goyal Rice Mill,Dal,31.1,KG,2799,Paid
MDM003137,2025-11-23,SCH0590,Singh Agro,Rice,31900.0,G,1276,Pending
MDM010404,2026-02-16,SCH0084,Goyal Mill,Rice,53200.0,G,2128,Pending
MDM005463,2025-10-07,SCH0373,Sharma Traders,Wheat,0.7879999999999999,SACK,1182,Due
MDM011595,2026-03-08,SCH0171,Goyal Rice Mill,Atta,,,,Paid
MDM010010,2025-06-24,SCH0454,Kumar & Co.,Mustard Oil,39.5,KG,4740,Pending
MDM003184,2025-11-02,SCH0109,Kumar Supplies,Mustard Oil,34900.0,G,4188,Paid
MDM011969,2025-10-09,SCH0512,Goyal Mill,Rice,,,1696,Pending
MDM007523,2025-09-28,SCH0395,Kumar Supplies,Rice,,,2252,Paid
MDM001944,2025-12-14,SCH0390,Sharma & Sons,Mustard Oil,0.354,BAG_50KG,2124,Paid
MDM009827,2025-06-20,SCH0545,Kumar & Co.,Dal,12.7,KG,1143,Cleared
MDM003200,2025-10-14,SCH0182,Singh Brothers,Dal,,,4716,Paid
MDM009371,2026-02-27,SCH0553,Singh Brothers,Mustard Oil,1.076,SACK,6456,Pending
MDM001290,2025-09-14,SCH0488,Sharma Traders,Wheat,1.05,BAG_50KG,1575,Pending
MDM004582,2025-07-28,SCH0047,Singh Agro,Dal,22.4,KG,,Due
MDM006336,2025-08-29,SCH0128,Kumar General Store,Dal,44.8,KG,4032,Cleared
MDM002501,2025-08-24,SCH0380,Singh Brothers,Dal,20.6,KG,1854,Due
MDM011754,2025-11-14,SCH0235,Sharma & Sons,Dal,35.2,KG,3168,Paid
MDM011031,2025-11-14,SCH0196,Sharma Traders,Dal,0.6759999999999999,BORI,3042,Pending
MDM011795,2025-06-26,SCH0419,Kumar & Co.,Dal,,,2826,Pending
MDM009210,2025-11-28,SCH0164,Kumar Supplies,Rice,,,2120,Cleared
MDM004107,2025-08-27,SCH0205,Kumar & Co.,Wheat,,,1482,
MDM007543,2026-01-21,SCH0166,Sharma & Sons,Atta,35.5,KG,1065,Paid
MDM004127,2025-12-30,SCH0196,Singh Agro,Wheat,,,1800,Pending
MDM010127,2025-06-26,SCH0295,S. Agro Works,Cooking Oil,14.0,KG,1680,Paid
MDM006934,2025-09-05,SCH0139,Sharma Traders,Wheat,43.9,KG,1317,Pending
MDM009958,2025-05-02,SCH0455,Sharma & Sons,Dal,41700.0,G,3753,Pending
MDM011774,2025-12-19,SCH0143,Sharma Traders,Mustard Oil,31.3,KG,3756,Cleared
MDM003967,2025-11-15,SCH0443,Singh Brothers,oil,0.7559999999999999,BAG_50KG,4536,Pending
MDM001880,2025-04-19,SCH0190,Goyal Rice Mill,Cooking Oil,23200.0,G,2784,Cleared
MDM011859,2026-02-16,SCH0161,Goyal Enterprises,Rice,0.848,SACK,1696,Paid
MDM011486,2025-11-24,SCH0081,S. Agro Works,Rice,,,1804,Due
MDM008251,2025-11-07,SCH0083,Goyal Rice Mill,Dal,57200.0,G,5148,Cleared
MDM005458,2025-07-04,SCH0161,Goyal Mill,Dal,,,1710,Pending
MDM007904,2025-07-07,SCH0071,Sharma & Sons,Mustard Oil,0.614,BAG,3684,Pending
MDM003588,2025-04-07,SCH0342,Goyal Mill,Mustard Oil,,,2664,Paid
MDM010859,2026-02-04,SCH0403,Goyal Rice Mill,Dal,22100.0,G,1989,Paid
MDM003866,2026-03-01,SCH0198,Goyal Enterprises,Rice,,,992,Paid
MDM002149,2026-03-14,SCH0210,S. Agro Works,Wheat,,,1728,
MDM004132,2025-10-03,SCH0227,Singh Agro,Wheat,,,1035,Paid
MDM001037,2025-06-21,SCH0423,Singh Agro,Mustard Oil,,,,Due
MDM000637,2026-03-28,SCH0502,Sharma Traders,Mustard Oil,,,1692,Pending
MDM007217,2025-07-13,SCH0281,Kumar Supplies,Cooking Oil,57100.0,G,6852,Pending
MDM003612,2025-08-15,SCH0423,Goyal Mill,Atta,0.66,BAG,990,Due
MDM004135,2025-05-01,SCH0560,Goyal Mill,Mustard Oil,,,6720,
MDM000650,2025-08-15,SCH0280,Kumar General Store,Dal,1.132,BAG_50KG,5094,Pending
MDM001084,2025-12-07,SCH0414,Goyal Rice Mill,Dal,,,3177,Paid
MDM006712,2025-05-22,SCH0077,Goyal Mill,Dal,27300.0,G,2457,Paid
MDM000862,2025-05-28,SCH0086,Sharma & Sons,Dal,53.4,KG,4806,Cleared
MDM005213,2026-02-17,SCH0538,Singh Brothers,Mustard Oil,56.8,KG,6816,Pending
MDM000904,2026-02-19,SCH0289,Sharma Traders Pvt Ltd,Dal,15.6,KG,1404,Paid
MDM000192,2025-10-28,SCH0381,Singh Brothers,Wheat,11000.0,G,330,Pending
MDM000110,2025-08-24,SCH0510,Singh Agro,Rice,27.4,KG,1096,
MDM006027,2025-12-23,SCH0564,Sharma Traders,Dal,37300.0,G,3357,Cleared
MDM004456,2025-05-15,SCH0335,S. Agro Works,Wheat,34.7,KG,1041,Cleared
MDM001943,2025-11-29,SCH0099,Singh Agro,Wheat,58000.0,G,1740,
MDM004332,2025-11-19,SCH0106,Goyal Enterprises,Mustard Oil,,,6840,
MDM010935,2025-12-02,SCH0205,Kumar Supplies,Atta,42.3,KG,1269,
MDM010550,2026-01-04,SCH0310,Goyal Enterprises,Wheat,15.1,KG,453,Paid
MDM005928,2025-06-05,SCH0429,Kumar & Co.,Rice,0.478,SACK,956,Cleared
MDM002041,2025-10-19,SCH0471,S. Agro Works,Mustard Oil,23.7,KG,2844,Pending
MDM011869,2025-08-18,SCH0477,Singh Agro,Rice,,,1396,
MDM009574,2025-08-03,SCH0132,Kumar Supplies,Rice,27.4,KG,1096,Pending
MDM009470,2025-09-15,SCH0266,Kumar Supplies,Rice,0.968,SACK,1936,Cleared
MDM009183,2025-08-16,SCH0294,Sharma Traders Pvt Ltd,Wheat,,,1701,Due
MDM004879,2025-11-09,SCH0394,Singh Brothers,Dal,32.5,KG,,Paid
MDM004660,2026-01-14,SCH0581,Goyal Rice Mill,Wheat,29500.0,G,885,Pending
MDM008642,2025-07-27,SCH0143,Goyal Enterprises,Wheat,0.992,BORI,1488,Pending
MDM005002,2026-02-14,SCH0153,Kumar Supplies,Wheat,1.022,BAG_50KG,1533,Paid
MDM002776,2025-12-22,SCH0195,Goyal Rice Mill,Dal,0.448,BAG_50KG,2015,
MDM007526,2025-12-06,SCH0059,Kumar & Co.,Dal,0.7340000000000001,BAG,3303,Pending
MDM004146,2026-02-11,SCH0132,Kumar Supplies,Dal,,,3132,Paid
MDM002324,2026-03-27,SCH0562,Goyal Enterprises,Dal,31700.0,G,2853,Pending
MDM000763,2025-04-17,SCH0587,Sharma Traders,Rice,44.0,KG,1760,Paid
MDM005922,2025-07-28,SCH0427,Sharma & Sons,Cooking Oil,56.2,KG,6744,Paid
MDM002618,2026-03-07,SCH0200,Goyal Mill,Rice,,,,Pending
MDM002412,2025-11-06,SCH0228,Singh Brothers,oil,1.006,BORI,6036,Paid
MDM001095,2025-07-12,SCH0466,Sharma Traders Pvt Ltd,Atta,,,984,Pending
MDM006066,2026-03-31,SCH0192,Singh Brothers,oil,26000.0,G,3120,Paid
MDM007266,2025-04-27,SCH0001,Singh Agro,Rice,26.9,KG,1076,Cleared
MDM001547,2025-09-29,SCH0150,Kumar & Co.,Rice,,,1512,Due
MDM004590,2025-05-17,SCH0020,Kumar Supplies,Dal,,,,Paid
MDM006035,2025-07-03,SCH0369,Kumar Supplies,Wheat,35.8,KG,1074,
MDM011583,2025-04-03,SCH0254,Sharma & Sons,Rice,1.162,BAG_50KG,2324,Paid
MDM007518,2025-12-26,SCH0063,Goyal Enterprises,Dal,54800.0,G,4932,Pending
MDM006954,2025-06-20,SCH0553,Sharma Traders,Dal,51.0,KG,4590,Pending
MDM003136,2025-09-07,SCH0554,Goyal Rice Mill,Mustard Oil,,,6348,Pending
MDM003857,2025-05-15,SCH0511,Sharma & Sons,Rice,36.7,KG,1468,Due
MDM005041,2026-03-06,SCH0351,Sharma Traders Pvt Ltd,Mustard Oil,56.7,KG,6804,Cleared
MDM007436,2026-01-28,SCH0122,Goyal Enterprises,Wheat,,,393,Pending
MDM011382,2025-12-28,SCH0142,Goyal Rice Mill,Rice,,,1628,Pending
MDM005429,2026-02-14,SCH0234,Kumar Supplies,Atta,41.7,KG,1251,Cleared
MDM006524,2026-02-06,SCH0124,Sharma Traders,Rice,47.1,KG,1884,Paid
MDM006420,2025-10-15,SCH0056,Kumar & Co.,Dal,,,2898,Cleared
MDM009528,2025-05-12,SCH0456,Goyal Rice Mill,Wheat,32100.0,G,963,Cleared
MDM003806,2025-04-18,SCH0203,Sharma Traders Pvt Ltd,Dal,0.584,BAG,2628,
MDM000885,2026-01-23,SCH0449,Sharma Traders,Mustard Oil,0.9179999999999999,BAG,5508,
MDM002655,2025-10-22,SCH0504,S. Agro Works,Dal,59800.0,G,5382,Pending
MDM008551,2025-07-09,SCH0064,S. Agro Works,Rice,,,2172,Paid
MDM008116,2025-07-05,SCH0375,Goyal Rice Mill,Rice,56.9,KG,2276,Paid
MDM008345,2025-07-20,SCH0493,Sharma Traders,Dal,,,2817,Paid
MDM006775,2025-10-13,SCH0070,Sharma Traders Pvt Ltd,Wheat,,,1284,Paid
MDM010848,2025-11-04,SCH0292,Sharma Traders Pvt Ltd,Rice,51.2,KG,2048,
MDM011392,2025-06-16,SCH0208,S. Agro Works,Dal,43.7,KG,3933,Pending
MDM000465,2025-10-14,SCH0301,Kumar & Co.,Rice,14.2,KG,568,Due
MDM001258,2025-12-19,SCH0328,Kumar & Co.,Wheat,0.262,BAG,393,Paid
MDM009752,2025-05-15,SCH0453,Kumar General Store,Rice,0.63,BAG,1260,Due
MDM002260,2025-07-06,SCH0178,Goyal Mill,Dal,48900.0,G,4401,
MDM004275,2025-12-23,SCH0188,Goyal Rice Mill,Rice,41400.0,G,1656,Cleared
MDM007075,2025-08-10,SCH0290,Sharma Traders Pvt Ltd,oil,17400.0,G,,Pending
MDM005193,2025-12-31,SCH0023,Kumar Supplies,Wheat,28.1,KG,,Cleared
MDM005631,2025-12-24,SCH0211,Singh Brothers,Wheat,,,486,Pending
MDM011972,2025-06-20,SCH0080,Singh Agro,Wheat,,,1224,Pending
MDM006232,2025-06-07,SCH0377,Kumar Supplies,oil,0.5479999999999999,BAG,3288,Paid
MDM007383,2025-08-24,SCH0367,Goyal Rice Mill,Dal,48.9,KG,4401,Due
MDM005301,2025-11-28,SCH0215,Sharma Traders Pvt Ltd,Atta,52800.0,G,1584,Paid
MDM002203,2025-10-30,SCH0448,Goyal Rice Mill,Rice,31900.0,G,1276,Pending
MDM011021,2025-04-18,SCH0117,Kumar Supplies,Atta,1.01,BAG,1515,
MDM010203,2025-04-09,SCH0070,Goyal Mill,Mustard Oil,26100.0,G,3132,Pending
MDM001263,2025-09-12,SCH0163,Kumar General Store,Rice,,,1384,Paid
MDM010771,2025-10-10,SCH0166,Singh Agro,Wheat,52.2,KG,1566,Pending
MDM007213,2026-02-02,SCH0057,Sharma Traders,Mustard Oil,0.9440000000000001,BORI,5664,Pending
MDM000976,2025-09-29,SCH0368,Sharma Traders Pvt Ltd,Rice,,,1260,
MDM008862,2025-08-17,SCH0536,Singh Agro,Rice,41.9,KG,,
MDM005867,2026-03-21,SCH0460,Goyal Mill,Dal,,,900,Cleared
MDM004926,2025-12-31,SCH0006,Singh Agro,Cooking Oil,1.13,BAG_50KG,6780,Pending
MDM000942,2025-12-28,SCH0219,Singh Brothers,Rice,44.9,KG,1796,Pending
MDM005264,2026-02-20,SCH0186,Singh Brothers,oil,,,2760,Paid
MDM006583,2025-09-22,SCH0397,Goyal Enterprises,Rice,46.0,KG,1840,Paid
MDM004724,2025-11-07,SCH0512,Goyal Mill,Rice,47800.0,G,1912,Paid
MDM002388,2025-10-28,SCH0061,Goyal Mill,Atta,59800.0,G,1794,Cleared
MDM009825,2025-09-19,SCH0064,Kumar General Store,oil,30300.0,G,3636,Pending
MDM005022,2025-04-19,SCH0496,Goyal Enterprises,Atta,0.738,BAG,1107,Due
MDM007130,2025-05-30,SCH0139,Goyal Rice Mill,Rice,19.9,KG,796,Pending
MDM004392,2025-12-04,SCH0059,Sharma Traders Pvt Ltd,Dal,39200.0,G,3528,Pending
MDM005149,2026-01-29,SCH0375,Singh Agro,Dal,36900.0,G,3321,Paid
MDM010324,2025-12-28,SCH0339,Kumar & Co.,Wheat,0.648,BAG,972,Cleared
MDM006804,2025-08-02,SCH0254,Sharma Traders Pvt Ltd,Rice,28.1,KG,1124,Paid
MDM003222,2025-05-14,SCH0589,Singh Agro,Dal,,,5391,Paid
MDM003883,2025-08-09,SCH0260,Kumar & Co.,Cooking Oil,,,6432,Cleared
MDM006056,2026-02-14,SCH0141,Sharma & Sons,Rice,58.8,KG,2352,Cleared
MDM011663,2025-07-07,SCH0135,Sharma Traders Pvt Ltd,Rice,,,2008,
MDM001611,2025-05-31,SCH0455,Singh Agro,Dal,21.4,KG,1926,Cleared
MDM010310,2025-04-20,SCH0394,Singh Brothers,Wheat,1.014,BORI,1521,Pending
MDM008815,2025-10-16,SCH0435,Goyal Mill,Dal,0.49,BORI,2205,
MDM003876,2025-12-11,SCH0119,Singh Agro,Cooking Oil,,,5124,Paid
MDM005954,2025-12-20,SCH0014,Goyal Rice Mill,Dal,12.4,KG,1116,Pending
MDM002790,2025-06-21,SCH0508,Kumar Supplies,Mustard Oil,,,3072,Paid
MDM000945,2025-04-28,SCH0190,Kumar & Co.,Rice,0.9059999999999999,BAG,1812,Pending
MDM011000,2025-07-17,SCH0248,Goyal Enterprises,oil,29.8,KG,3576,Paid
MDM001858,2025-09-14,SCH0378,Singh Agro,Rice,,,2008,Pending
MDM010711,2025-08-27,SCH0475,Singh Brothers,Wheat,0.324,BORI,,Due
MDM004109,2025-11-15,SCH0237,Singh Agro,Dal,46.0,KG,4140,Due
MDM005214,2025-10-12,SCH0524,Goyal Mill,Dal,,,3582,Pending
MDM010513,2025-09-01,SCH0338,Singh Agro,Cooking Oil,14500.0,G,1740,
MDM003256,2026-02-14,SCH0486,Kumar General Store,Cooking Oil,,,6720,Pending
MDM007324,2025-12-18,SCH0456,Singh Brothers,Atta,26.2,KG,786,Paid
MDM002691,2025-07-20,SCH0019,Singh Brothers,Wheat,48200.0,G,,Pending
MDM008499,2025-08-12,SCH0021,Goyal Mill,Rice,0.986,SACK,1972,Cleared
MDM007390,2025-06-19,SCH0592,Kumar Supplies,oil,47700.0,G,5724,Pending
MDM004628,2025-09-12,SCH0156,Sharma Traders Pvt Ltd,Rice,37700.0,G,1508,Paid
MDM009225,2025-10-14,SCH0384,Kumar General Store,Dal,47.7,KG,4293,
MDM001320,2025-07-06,SCH0412,Singh Brothers,Dal,,,2655,Cleared
MDM011670,2025-05-14,SCH0357,Singh Agro,Dal,,,2304,Due
MDM005163,2026-01-22,SCH0593,Kumar General Store,Mustard Oil,51.1,KG,6132,Due
MDM010034,2026-02-24,SCH0542,Kumar General Store,Dal,25.8,KG,2322,Pending
MDM010415,2025-09-24,SCH0201,Sharma & Sons,Rice,,,620,Paid
MDM009223,2025-10-25,SCH0130,Singh Brothers,Dal,,,1683,Paid
MDM001136,2026-01-19,SCH0170,Goyal Enterprises,Rice,28200.0,G,1128,Cleared
MDM004530,2025-11-23,SCH0140,Singh Brothers,Dal,0.282,BAG,1269,
MDM003476,2025-07-10,SCH0559,Kumar General Store,Mustard Oil,,,6408,Pending
MDM003506,2026-03-12,SCH0555,S. Agro Works,Dal,,,3825,Cleared
MDM004750,2025-10-17,SCH0332,Kumar Supplies,Mustard Oil,,,6684,Due
MDM002478,2026-01-29,SCH0073,Sharma Traders,Rice,,,1312,Paid
MDM008304,2025-11-23,SCH0099,Sharma Traders,Rice,,,2288,Due
MDM008412,2025-07-17,SCH0520,Kumar General Store,Dal,,,3789,Cleared
MDM007087,2025-12-28,SCH0005,Sharma & Sons,Mustard Oil,,,5436,Cleared
MDM009105,2025-07-19,SCH0011,Goyal Rice Mill,Wheat,24.7,KG,741,Paid
MDM004502,2026-02-06,SCH0461,Goyal Rice Mill,Dal,35300.0,G,3177,Due
MDM008206,2025-05-02,SCH0242,Kumar Supplies,Mustard Oil,59.8,KG,7176,Pending
MDM006337,2025-04-17,SCH0405,Sharma Traders Pvt Ltd,Dal,12700.0,G,1143,Cleared
MDM009041,2025-04-05,SCH0313,Kumar & Co.,oil,,,4488,Paid
MDM006983,2025-10-11,SCH0137,Kumar Supplies,Mustard Oil,40100.0,G,4812,Due
MDM007232,2025-09-21,SCH0473,Singh Agro,Mustard Oil,27.5,KG,3300,
MDM009216,2025-12-29,SCH0577,Goyal Enterprises,Wheat,39.9,KG,1197,Paid
MDM001875,2025-04-12,SCH0109,Goyal Mill,Rice,57900.0,G,2316,Pending
MDM011344,2025-06-17,SCH0347,Singh Agro,Rice,53.3,KG,2132,Paid
MDM008100,2025-10-11,SCH0593,Kumar Supplies,Wheat,,,1242,Pending
MDM011662,2025-06-21,SCH0133,Goyal Enterprises,Cooking Oil,37.1,KG,4452,Paid
MDM005097,2025-09-13,SCH0461,Singh Brothers,Dal,31.1,KG,2799,Paid
MDM002905,2025-12-26,SCH0372,Singh Brothers,Rice,0.728,BAG,1456,
MDM007679,2025-12-31,SCH0231,Singh Brothers,oil,11.9,KG,1428,Cleared
MDM000571,2025-04-19,SCH0416,Sharma Traders Pvt Ltd,oil,,,1212,Paid
MDM001449,2026-03-14,SCH0383,S. Agro Works,Dal,11400.0,G,1026,Cleared
MDM003415,2025-10-27,SCH0123,Singh Agro,Wheat,0.55,BAG_50KG,825,Pending
MDM009966,2025-09-05,SCH0283,Kumar Supplies,Dal,0.244,BAG,1098,Cleared
MDM000940,2025-12-22,SCH0299,Sharma Traders,Rice,12700.0,G,508,Cleared
MDM011617,2025-12-06,SCH0226,Kumar & Co.,Mustard Oil,44.5,KG,5340,Paid
MDM009037,2025-06-08,SCH0553,S. Agro Works,Wheat,,,585,Pending
MDM008819,2026-03-20,SCH0429,Kumar & Co.,Dal,0.324,BORI,1458,Paid
MDM009838,2025-04-10,SCH0360,Kumar General Store,Mustard Oil,14400.0,G,1728,Pending
MDM005842,2026-03-20,SCH0333,Kumar & Co.,Mustard Oil,10.5,KG,1260,Pending
MDM006838,2026-01-13,SCH0506,Goyal Rice Mill,Mustard Oil,10.9,KG,1308,Paid
MDM009979,2025-12-15,SCH0365,Sharma & Sons,Wheat,,,1728,
MDM003227,2025-06-18,SCH0333,Kumar Supplies,Rice,17700.0,G,708,Paid
MDM006333,2025-07-14,SCH0274,Kumar Supplies,Dal,56200.0,G,5058,Cleared
MDM003979,2025-09-26,SCH0397,Singh Brothers,Rice,0.828,SACK,1656,Pending
MDM004384,2025-12-25,SCH0043,Sharma Traders Pvt Ltd,Wheat,0.97,BAG,1455,Due
MDM005835,2025-09-27,SCH0505,Singh Brothers,Rice,0.932,BORI,1864,
MDM009773,2025-07-02,SCH0589,Kumar General Store,Dal,,,2511,
MDM009459,2025-04-07,SCH0246,Singh Agro,Wheat,18900.0,G,567,Cleared
MDM007846,2025-09-29,SCH0229,Sharma & Sons,Rice,,,1124,Paid
MDM003540,2025-04-08,SCH0569,Sharma & Sons,Atta,1.052,BORI,1578,Paid
MDM008749,2025-12-18,SCH0115,Sharma & Sons,Dal,28500.0,G,2565,Cleared
MDM011062,2026-02-12,SCH0510,Singh Brothers,Wheat,,,738,
MDM010980,2025-08-29,SCH0377,Kumar Supplies,Dal,0.9740000000000001,BAG,4383,Due
MDM005682,2025-10-04,SCH0316,Goyal Mill,Dal,16.7,KG,1503,Cleared
MDM002828,2025-07-12,SCH0161,Kumar & Co.,Wheat,0.856,BAG,1284,Pending
MDM005781,2025-04-22,SCH0318,Goyal Mill,Mustard Oil,0.274,SACK,1644,Pending
MDM003635,2025-04-03,SCH0198,Goyal Mill,Rice,35.0,KG,,
MDM004997,2026-01-14,SCH0553,Sharma Traders,Atta,34600.0,G,1038,Due
MDM001339,2025-04-30,SCH0482,Kumar & Co.,Wheat,,,1767,Pending
MDM003263,2025-09-27,SCH0428,Singh Agro,Dal,,,2997,Paid
MDM007877,2025-07-10,SCH0412,Kumar Supplies,Rice,1.066,BAG_50KG,2132,Pending
MDM008934,2025-05-26,SCH0309,Kumar & Co.,Rice,,,936,
MDM006839,2025-11-15,SCH0064,Singh Agro,Dal,,,1017,Paid
MDM005090,2025-12-22,SCH0600,Kumar General Store,Wheat,38600.0,G,1158,Paid
MDM005742,2025-10-15,SCH0537,Sharma & Sons,Wheat,,,1299,Due
MDM000651,2025-12-31,SCH0282,S. Agro Works,Atta,,,651,Due
MDM006040,2025-07-05,SCH0323,Sharma Traders,Wheat,26.8,KG,804,Paid
MDM002903,2025-06-29,SCH0268,Sharma Traders,Rice,,,1480,Paid
MDM002259,2025-12-10,SCH0078,Goyal Enterprises,Dal,35.7,KG,3213,Cleared
MDM005396,2026-03-20,SCH0416,Kumar General Store,Dal,53100.0,G,,Due
MDM010789,2025-04-28,SCH0387,Kumar & Co.,Rice,,,1008,Paid
MDM007083,2025-10-22,SCH0525,Goyal Mill,Cooking Oil,,,4800,Paid
MDM009613,2026-01-14,SCH0099,Singh Agro,Dal,,,5238,Paid
MDM008757,2026-02-13,SCH0491,Sharma & Sons,Dal,,,1179,Paid
MDM003522,2025-12-17,SCH0475,Goyal Rice Mill,Rice,,,1688,Pending
MDM002731,2025-07-26,SCH0212,Kumar Supplies,Dal,,,1260,Cleared
MDM008380,2025-06-17,SCH0074,Goyal Rice Mill,Wheat,,,1617,Cleared
MDM004479,2025-10-26,SCH0483,S. Agro Works,Mustard Oil,,,4152,Paid
MDM005661,2025-06-08,SCH0403,Singh Brothers,Dal,12300.0,G,1107,
MDM001597,2025-12-09,SCH0098,Sharma & Sons,Rice,0.9520000000000001,BORI,1904,Paid
MDM000068,2025-05-18,SCH0178,Kumar Supplies,Wheat,48.2,KG,1446,Cleared
MDM002585,2025-05-07,SCH0574,Kumar Supplies,Rice,,,1440,Pending
MDM008696,2025-07-03,SCH0478,Kumar General Store,Wheat,,,,
MDM006282,2026-03-11,SCH0315,Sharma Traders Pvt Ltd,Wheat,19600.0,G,588,
MDM003197,2025-09-29,SCH0591,Kumar & Co.,Cooking Oil,27600.0,G,3312,Pending
MDM008021,2025-07-25,SCH0473,Sharma Traders,Dal,18500.0,G,1665,Pending
MDM011575,2025-06-05,SCH0002,S. Agro Works,Dal,0.294,BORI,1323,Paid
MDM005328,2026-01-16,SCH0452,Goyal Enterprises,Cooking Oil,,,2100,Due
MDM009791,2025-12-10,SCH0059,Singh Agro,Rice,,,1836,Pending
MDM009036,2025-06-05,SCH0056,Kumar & Co.,Mustard Oil,,,1764,Pending
MDM007610,2026-02-15,SCH0259,Singh Agro,Wheat,12900.0,G,387,Paid
MDM001259,2025-10-29,SCH0159,Kumar Supplies,Rice,33600.0,G,1344,
MDM008112,2025-05-28,SCH0120,Goyal Mill,Wheat,32300.0,G,,
MDM006351,2025-09-13,SCH0033,Goyal Rice Mill,Atta,1.002,SACK,1503,Pending
MDM007863,2025-10-22,SCH0231,Goyal Enterprises,Atta,0.746,BAG_50KG,1119,
MDM010524,2026-03-11,SCH0347,Sharma & Sons,Dal,15900.0,G,1431,
MDM007524,2025-12-31,SCH0438,Sharma Traders Pvt Ltd,Dal,0.51,BAG,2295,Pending
MDM000992,2025-11-19,SCH0065,S. Agro Works,Dal,0.53,BAG_50KG,2385,Due
MDM003505,2025-06-11,SCH0443,Sharma Traders Pvt Ltd,Dal,,,3951,
MDM000114,2025-09-28,SCH0543,Singh Agro,Rice,52400.0,G,2096,Paid
MDM000920,2025-05-29,SCH0121,Kumar & Co.,Dal,,,2106,Paid
MDM002510,2026-03-01,SCH0468,Sharma Traders,Rice,0.22,BAG_50KG,440,Paid
MDM011619,2025-10-04,SCH0398,Goyal Mill,Rice,,,1076,
MDM000166,2025-09-17,SCH0522,Sharma Traders,Mustard Oil,,,6564,Paid
MDM006742,2025-12-17,SCH0528,S. Agro Works,Rice,,,1516,Paid
MDM008886,2025-08-02,SCH0333,Goyal Enterprises,Wheat,18000.0,G,,Due
MDM010554,2026-01-10,SCH0527,Singh Agro,Rice,25.2,KG,,Pending
MDM008935,2025-11-01,SCH0334,Singh Agro,Mustard Oil,40.0,KG,4800,
MDM004604,2025-11-20,SCH0544,Kumar & Co.,Rice,,,564,Due
MDM009098,2025-10-20,SCH0406,Singh Brothers,Wheat,0.462,BAG,693,Pending
MDM010505,2025-04-20,SCH0099,S. Agro Works,Dal,0.9059999999999999,SACK,4076,Paid
MDM000950,2025-09-06,SCH0165,Kumar Supplies,Rice,0.218,BORI,436,Pending
MDM004595,2025-08-29,SCH0533,S. Agro Works,Cooking Oil,32.5,KG,3900,Paid
MDM010021,2025-12-26,SCH0466,Goyal Enterprises,Rice,32300.0,G,,Due
MDM003771,2026-02-05,SCH0442,Goyal Enterprises,Rice,,,1100,
MDM002507,2025-10-19,SCH0232,Sharma Traders Pvt Ltd,Mustard Oil,15800.0,G,1896,Pending
MDM005108,2025-10-28,SCH0079,Sharma Traders Pvt Ltd,oil,,,5208,Cleared
MDM002851,2026-03-29,SCH0558,Sharma Traders Pvt Ltd,oil,,,3552,Paid
MDM006001,2025-06-01,SCH0541,Goyal Rice Mill,Dal,,,4707,Due
MDM009004,2026-01-10,SCH0258,Sharma Traders,Mustard Oil,,,4068,
MDM009705,2025-12-29,SCH0431,Kumar & Co.,Mustard Oil,22.0,KG,2640,
MDM010267,2025-06-02,SCH0094,Goyal Mill,Atta,0.398,BAG_50KG,597,
MDM004447,2025-08-20,SCH0503,Kumar Supplies,Dal,,,4680,Due
MDM005795,2025-09-30,SCH0270,Goyal Enterprises,Dal,,,4698,Pending
MDM011509,2025-06-28,SCH0541,Sharma Traders Pvt Ltd,Rice,,,524,Cleared
MDM004461,2025-11-17,SCH0081,Goyal Enterprises,Rice,,,912,Due
MDM009233,2025-10-11,SCH0390,Sharma Traders Pvt Ltd,Wheat,42.5,KG,1275,Cleared
MDM002506,2026-01-20,SCH0116,Goyal Mill,Mustard Oil,37.7,KG,4524,
MDM011707,2025-05-29,SCH0191,Sharma & Sons,Rice,,,980,Due
MDM006624,2025-07-04,SCH0206,Goyal Mill,Mustard Oil,24.3,KG,2916,Cleared
MDM001115,2025-07-08,SCH0434,Kumar General Store,Wheat,0.67,BORI,,Cleared
MDM006943,2026-02-03,SCH0132,Sharma Traders,Rice,14300.0,G,572,Pending
MDM010361,2026-03-26,SCH0018,Kumar Supplies,Atta,37.6,KG,1128,Pending
MDM000299,2026-01-19,SCH0490,Singh Agro,Dal,54.8,KG,,Pending
MDM001676,2025-06-30,SCH0149,Singh Agro,Atta,34200.0,G,1026,Cleared
MDM003348,2025-05-23,SCH0246,Goyal Enterprises,Rice,20300.0,G,812,Paid
MDM006171,2025-09-24,SCH0456,Kumar Supplies,Rice,25900.0,G,1036,Paid
MDM002736,2025-11-04,SCH0547,Kumar Supplies,Cooking Oil,26700.0,G,3204,Due
MDM005670,2025-07-18,SCH0442,Singh Brothers,Dal,36900.0,G,3321,Paid
MDM010216,2025-10-11,SCH0474,Singh Agro,Rice,29500.0,G,1180,Cleared
MDM004989,2025-10-04,SCH0519,Goyal Enterprises,Dal,0.6459999999999999,BORI,2907,Paid
MDM011194,2025-10-02,SCH0122,Kumar General Store,oil,,,1668,Paid
MDM002379,2025-11-14,SCH0575,Kumar & Co.,oil,26900.0,G,3228,Paid
MDM007432,2025-08-26,SCH0141,Kumar General Store,Cooking Oil,13.2,KG,1584,Due
MDM007426,2025-07-01,SCH0037,S. Agro Works,Dal,,,3312,Cleared
MDM008595,2025-07-31,SCH0393,Kumar & Co.,Dal,,,1494,Paid
MDM004326,2025-08-18,SCH0111,Sharma Traders,Wheat,0.74,BAG,1110,Paid
MDM004173,2025-05-26,SCH0173,Kumar General Store,Rice,39.6,KG,1584,Due
MDM008627,2026-03-10,SCH0075,S. Agro Works,Dal,,,2808,Pending
MDM004551,2026-03-31,SCH0531,Sharma Traders Pvt Ltd,Dal,,,4644,Cleared
MDM008093,2026-02-14,SCH0220,Goyal Mill,Rice,,,1652,Paid
MDM007935,2025-09-29,SCH0436,Goyal Rice Mill,Dal,,,5040,Paid
MDM007912,2025-12-14,SCH0179,Kumar General Store,Dal,1.154,BAG,5193,
MDM003576,2025-04-29,SCH0226,S. Agro Works,Dal,14800.0,G,1332,
MDM008870,2025-06-13,SCH0461,Kumar Supplies,Dal,55.8,KG,5022,Due
MDM009887,2025-07-06,SCH0105,Kumar & Co.,oil,,,1644,Due
MDM002104,2025-06-30,SCH0236,Sharma Traders,Wheat,21.2,KG,636,Paid
MDM005337,2026-01-22,SCH0394,Kumar General Store,Dal,,,1494,Pending
MDM008545,2026-02-17,SCH0264,Kumar General Store,Rice,41.8,KG,1672,
MDM003760,2025-09-10,SCH0599,Kumar General Store,Mustard Oil,13.9,KG,1668,Paid
MDM010620,2025-04-15,SCH0425,Kumar & Co.,Dal,,,,Paid
MDM001838,2025-04-14,SCH0285,S. Agro Works,Wheat,59.8,KG,1794,Due
MDM011128,2025-08-23,SCH0325,Kumar Supplies,Rice,22.5,KG,900,Due
MDM010262,2025-08-19,SCH0402,Kumar & Co.,Cooking Oil,59800.0,G,7176,
MDM011684,2025-05-31,SCH0060,Sharma Traders,Rice,1.162,SACK,2324,Pending
MDM005711,2025-04-14,SCH0217,Kumar General Store,oil,41.2,KG,4944,Paid
MDM010043,2025-08-24,SCH0555,Kumar General Store,Rice,19.4,KG,776,Cleared
MDM000608,2025-09-02,SCH0416,Sharma Traders,Dal,0.388,SACK,1746,Cleared
MDM004501,2025-06-25,SCH0297,Sharma Traders,oil,,,3024,Pending
MDM007037,2025-12-31,SCH0367,Kumar & Co.,Mustard Oil,35.7,KG,4284,Due
MDM001094,2025-08-29,SCH0173,Sharma Traders,Rice,44300.0,G,1772,Due
MDM008264,2025-08-01,SCH0590,Goyal Rice Mill,Wheat,18.9,KG,,Cleared
MDM006719,2026-03-07,SCH0368,Sharma Traders,Dal,1.19,SACK,5355,Paid
MDM011066,2025-06-17,SCH0104,Goyal Mill,Atta,48.4,KG,1452,Cleared
MDM004488,2025-07-28,SCH0087,Sharma Traders,Dal,0.424,BORI,1908,Paid
MDM007708,2025-08-28,SCH0115,S. Agro Works,Wheat,,,990,
MDM000161,2025-11-27,SCH0044,Sharma & Sons,Wheat,12.3,KG,369,Paid
MDM000204,2025-08-10,SCH0028,Kumar General Store,Dal,,,2196,Cleared
MDM006484,2025-06-24,SCH0147,Sharma Traders,oil,0.348,SACK,2088,Pending
MDM003941,2025-09-25,SCH0599,Goyal Rice Mill,Dal,36.9,KG,3321,
MDM011111,2026-01-20,SCH0148,Sharma Traders,Atta,,,1224,
MDM006104,2026-02-05,SCH0295,Singh Agro,Wheat,49000.0,G,1470,Pending
MDM004934,2025-07-09,SCH0587,Goyal Enterprises,oil,,,5640,Cleared
MDM002935,2025-08-30,SCH0110,Singh Agro,Cooking Oil,22700.0,G,2724,
MDM001815,2025-07-10,SCH0190,Sharma Traders Pvt Ltd,Wheat,,,1740,
MDM007648,2026-01-09,SCH0263,Kumar General Store,Rice,,,816,
MDM002436,2026-01-15,SCH0348,Sharma Traders Pvt Ltd,Rice,44.6,KG,1784,
MDM001231,2026-03-20,SCH0095,Kumar General Store,oil,53.1,KG,6372,Paid
MDM010719,2026-03-24,SCH0447,Kumar & Co.,Cooking Oil,1.142,BORI,6852,Cleared
MDM009771,2025-09-11,SCH0252,S. Agro Works,Wheat,48.6,KG,1458,Paid
MDM003047,2025-05-10,SCH0436,Kumar General Store,Dal,0.95,BAG,4275,Paid
MDM005706,2025-11-06,SCH0098,Sharma Traders,Rice,,,1408,Pending
MDM007958,2025-12-30,SCH0534,Kumar Supplies,Dal,0.708,BORI,3186,Cleared
MDM011935,2026-03-22,SCH0469,Goyal Enterprises,Wheat,43.9,KG,1317,Due
MDM002916,2025-09-03,SCH0190,S. Agro Works,Cooking Oil,27.1,KG,3252,Cleared
MDM011207,2025-04-14,SCH0475,Sharma Traders,oil,55.6,KG,6672,Cleared
MDM007949,2025-05-26,SCH0468,Kumar Supplies,Rice,51.9,KG,2076,Pending
MDM009396,2025-10-25,SCH0559,Singh Brothers,Mustard Oil,49900.0,G,5988,Pending
MDM007546,2026-03-22,SCH0386,Kumar General Store,Dal,23.4,KG,2106,Paid
MDM003989,2026-03-03,SCH0569,Sharma Traders,oil,13.6,KG,1632,Pending
MDM004252,2025-08-28,SCH0213,Goyal Mill,Wheat,0.266,SACK,399,Pending
MDM006112,2025-09-29,SCH0198,Kumar & Co.,Rice,53.2,KG,2128,Paid
MDM006829,2025-06-19,SCH0434,Sharma & Sons,Wheat,30.1,KG,903,Paid
MDM009529,2025-04-19,SCH0290,Kumar General Store,Mustard Oil,0.31,SACK,1860,Paid
MDM009524,2025-06-04,SCH0377,Kumar & Co.,Wheat,50.7,KG,1521,
MDM006205,2026-01-07,SCH0275,S. Agro Works,Rice,56900.0,G,2276,Due
MDM003294,2025-07-03,SCH0095,Kumar General Store,Mustard Oil,,,6648,Due
MDM004035,2025-05-02,SCH0399,Kumar General Store,Cooking Oil,0.5,BAG,3000,Due
MDM002726,2026-03-15,SCH0048,Sharma Traders,Dal,12.4,KG,1116,Pending
MDM004291,2025-10-07,SCH0367,Singh Agro,Dal,54600.0,G,4914,Due
MDM004335,2026-01-02,SCH0229,Kumar Supplies,Mustard Oil,14.7,KG,1764,Paid
MDM002553,2025-04-09,SCH0226,S. Agro Works,Rice,32.0,KG,1280,
MDM003878,2026-03-02,SCH0091,Kumar Supplies,Rice,31.5,KG,1260,
MDM006206,2025-04-14,SCH0316,Kumar Supplies,Rice,58500.0,G,2340,Due
MDM000384,2025-08-08,SCH0315,Sharma & Sons,Rice,52.1,KG,2084,Pending
MDM008407,2025-07-23,SCH0181,S. Agro Works,Cooking Oil,51.7,KG,6204,Paid
MDM006880,2026-02-05,SCH0212,Singh Brothers,Dal,,,3753,Cleared
MDM007486,2025-04-12,SCH0383,Kumar General Store,Dal,1.1,BAG_50KG,4950,
MDM004754,2025-07-03,SCH0022,Singh Brothers,Dal,32700.0,G,2943,Due
MDM004887,2026-02-15,SCH0487,Kumar Supplies,Dal,,,3267,
MDM000858,2026-03-05,SCH0548,Kumar Supplies,Cooking Oil,31700.0,G,3804,Paid
MDM000371,2026-01-19,SCH0525,Kumar General Store,Dal,0.5920000000000001,BAG_50KG,2664,Pending
MDM006540,2025-06-14,SCH0506,Goyal Enterprises,oil,32600.0,G,3912,Pending
MDM002562,2025-09-22,SCH0147,Kumar Supplies,Dal,0.564,BAG,2538,Cleared
MDM003802,2026-02-02,SCH0246,Goyal Enterprises,Mustard Oil,13200.0,G,1584,
MDM005456,2025-11-11,SCH0151,Goyal Enterprises,oil,,,1500,Paid
MDM008383,2026-03-20,SCH0019,Kumar General Store,Rice,57900.0,G,2316,Cleared
MDM006860,2025-10-30,SCH0103,Kumar Supplies,Dal,0.9740000000000001,BAG,4383,
MDM008424,2026-03-04,SCH0509,Kumar General Store,Wheat,0.446,BAG,669,Paid
MDM010722,2025-05-28,SCH0121,Sharma Traders Pvt Ltd,Dal,,,3186,Paid
MDM011865,2026-03-15,SCH0028,Kumar General Store,Rice,,,1480,Paid
MDM005945,2025-10-09,SCH0376,Sharma Traders Pvt Ltd,Wheat,0.7140000000000001,BAG,1071,Paid
MDM000616,2025-07-03,SCH0544,Kumar Supplies,Cooking Oil,,,5976,Due
MDM002576,2025-08-22,SCH0509,Goyal Enterprises,Wheat,,,759,Due
MDM000054,2025-07-26,SCH0121,S. Agro Works,Dal,,,1044,Due
MDM008827,2025-08-10,SCH0221,Kumar Supplies,Mustard Oil,14900.0,G,1788,Pending
MDM003341,2025-11-18,SCH0232,Singh Brothers,Wheat,0.562,BAG,843,Paid
MDM009378,2026-01-25,SCH0152,Goyal Enterprises,Wheat,0.7659999999999999,BAG_50KG,1149,Pending
MDM011184,2025-06-12,SCH0246,Kumar & Co.,Wheat,0.258,BORI,387,Cleared
MDM009974,2025-06-20,SCH0315,Singh Brothers,Mustard Oil,51600.0,G,6192,Cleared
MDM008290,2025-06-26,SCH0040,Sharma Traders Pvt Ltd,Wheat,59.6,KG,1788,
MDM005877,2025-09-10,SCH0130,Singh Brothers,Wheat,47800.0,G,1434,Paid
MDM008413,2025-10-28,SCH0071,Goyal Mill,Wheat,59200.0,G,1776,Paid
MDM001813,2025-11-20,SCH0166,Goyal Mill,Dal,33900.0,G,3051,
MDM000991,2026-03-24,SCH0471,Kumar Supplies,Wheat,19.8,KG,594,Due
MDM008583,2026-01-03,SCH0287,Sharma Traders Pvt Ltd,Dal,34.0,KG,3060,Pending
MDM010364,2026-01-23,SCH0475,Sharma Traders,Wheat,,,1311,Due
MDM002943,2026-01-04,SCH0211,Singh Agro,Rice,33.6,KG,1344,Due
MDM003164,2026-03-26,SCH0263,Singh Brothers,Dal,15200.0,G,1368,Pending
MDM004679,2025-11-15,SCH0002,Singh Brothers,Dal,18.8,KG,1692,Pending
MDM002619,2026-03-03,SCH0565,Kumar & Co.,oil,29.4,KG,3528,
MDM003613,2026-01-09,SCH0099,Kumar Supplies,Mustard Oil,20.1,KG,2412,Paid
MDM007872,2026-02-26,SCH0064,Goyal Enterprises,Dal,,,3303,Paid
MDM009884,2025-10-15,SCH0351,Kumar Supplies,Cooking Oil,34.8,KG,4176,Pending
MDM003793,2025-06-23,SCH0361,Sharma Traders Pvt Ltd,Wheat,50600.0,G,1518,Pending
MDM011025,2026-02-12,SCH0269,Sharma Traders,Mustard Oil,42.0,KG,5040,Due
MDM003440,2025-05-17,SCH0516,Goyal Rice Mill,Wheat,,,1401,Paid
MDM001893,2025-04-20,SCH0479,Goyal Rice Mill,Wheat,0.812,BAG,1218,Cleared
MDM011913,2025-08-30,SCH0175,Goyal Enterprises,Rice,0.978,BAG_50KG,1956,Due
MDM011521,2026-02-06,SCH0130,Sharma & Sons,oil,42.7,KG,5124,Pending
MDM005256,2025-06-25,SCH0079,Goyal Enterprises,Wheat,0.614,BAG_50KG,921,Due
MDM005168,2026-02-02,SCH0485,Kumar & Co.,Wheat,25.8,KG,774,Pending
MDM006461,2026-01-29,SCH0184,Singh Agro,Rice,13300.0,G,532,
MDM001506,2025-06-07,SCH0334,Goyal Enterprises,Dal,,,4698,Due
MDM011675,2025-09-18,SCH0592,Goyal Enterprises,Wheat,29000.0,G,870,
MDM000671,2025-11-23,SCH0238,Kumar General Store,Dal,43.5,KG,3915,Pending
MDM000898,2025-08-31,SCH0341,Kumar & Co.,Dal,,,4176,Paid
MDM003307,2025-04-22,SCH0592,Kumar & Co.,Dal,13400.0,G,1206,Pending
MDM008027,2025-09-20,SCH0134,Singh Brothers,Rice,52.4,KG,2096,Cleared
MDM006240,2025-04-04,SCH0320,Singh Brothers,oil,20.5,KG,2460,Cleared
MDM002891,2025-12-24,SCH0190,Kumar & Co.,Rice,43.3,KG,1732,Cleared
MDM006004,2025-12-04,SCH0423,Goyal Enterprises,Wheat,0.98,BORI,1470,Due
MDM007740,2025-12-09,SCH0302,Sharma Traders Pvt Ltd,Wheat,38300.0,G,1149,
MDM009430,2026-01-04,SCH0195,Singh Brothers,Dal,18700.0,G,1683,Paid
MDM011018,2026-01-01,SCH0595,Singh Brothers,Rice,,,996,Pending
MDM000003,2025-04-10,SCH0326,Goyal Rice Mill,Dal,36500.0,G,3285,Paid
MDM010502,2025-08-21,SCH0173,Goyal Mill,Rice,36.3,KG,1452,Paid
MDM006080,2025-11-12,SCH0030,Goyal Rice Mill,Dal,,,3501,Paid
MDM000532,2026-01-16,SCH0545,Singh Agro,oil,,,7200,Cleared
MDM010651,2026-03-19,SCH0111,Goyal Rice Mill,Dal,,,4914,Paid
MDM008182,2025-07-25,SCH0149,Singh Brothers,oil,44.2,KG,5304,Paid
MDM010687,2026-02-07,SCH0290,Kumar & Co.,Wheat,38.0,KG,1140,Paid
MDM006477,2025-11-01,SCH0071,Goyal Mill,Wheat,28200.0,G,,Pending
MDM011011,2025-06-11,SCH0465,Kumar & Co.,Rice,30100.0,G,1204,Cleared
MDM010466,2025-10-18,SCH0469,Sharma & Sons,Wheat,52.6,KG,1578,
MDM003407,2025-07-04,SCH0036,Sharma Traders Pvt Ltd,Rice,0.738,BAG,1476,Due
MDM005992,2025-12-07,SCH0468,Sharma & Sons,Rice,50.1,KG,2004,Pending
MDM006329,2025-07-06,SCH0553,Singh Brothers,Rice,51.7,KG,2068,Pending
MDM008569,2025-08-10,SCH0355,Kumar & Co.,Mustard Oil,48.8,KG,5856,Pending
MDM002566,2025-10-17,SCH0366,Sharma & Sons,Rice,,,2040,Pending
MDM002582,2025-05-24,SCH0292,Kumar General Store,Dal,49.7,KG,4473,Paid
MDM010097,2025-07-30,SCH0518,Sharma & Sons,Rice,52800.0,G,2112,Paid
MDM002608,2026-02-27,SCH0153,Kumar Supplies,Mustard Oil,50.9,KG,6108,Paid
MDM011701,2025-10-09,SCH0526,Singh Brothers,Cooking Oil,31100.0,G,3732,Pending
MDM002105,2026-02-24,SCH0378,Sharma Traders,Dal,12.4,KG,1116,Pending
MDM011482,2025-06-13,SCH0418,Goyal Enterprises,Rice,17.6,KG,704,
MDM008825,2025-07-01,SCH0520,Sharma Traders,Mustard Oil,,,2976,Paid
MDM011299,2025-07-15,SCH0136,Kumar Supplies,Wheat,0.274,BAG_50KG,411,
MDM004995,2025-09-24,SCH0175,Singh Agro,Mustard Oil,,,5652,Paid
MDM009257,2026-03-14,SCH0033,Goyal Mill,Dal,,,3654,Paid
MDM005058,2025-07-23,SCH0276,Goyal Rice Mill,Mustard Oil,,,3996,Paid
MDM000659,2025-12-12,SCH0118,Sharma Traders Pvt Ltd,Atta,14.2,KG,426,Due
MDM004435,2025-05-30,SCH0064,Goyal Rice Mill,Dal,43.5,KG,3915,Paid
MDM011733,2025-06-02,SCH0287,Goyal Mill,Wheat,30600.0,G,918,Due
MDM003817,2025-06-01,SCH0445,Sharma Traders,oil,,,5736,Paid
MDM006774,2025-08-22,SCH0052,S. Agro Works,oil,,,5928,Pending
MDM011643,2025-07-14,SCH0350,Sharma Traders,Wheat,,,573,
MDM007261,2025-07-24,SCH0330,Singh Agro,Wheat,,,417,
MDM003905,2025-04-13,SCH0044,Goyal Enterprises,Wheat,,,588,Paid
MDM010993,2026-03-03,SCH0309,Singh Agro,Wheat,0.308,SACK,462,Pending
MDM006812,2025-08-14,SCH0288,Kumar General Store,Dal,1.014,BAG_50KG,4563,Cleared
MDM008917,2025-10-12,SCH0186,Sharma Traders Pvt Ltd,Dal,24.0,KG,2160,
MDM003701,2025-08-28,SCH0018,Sharma & Sons,Wheat,34.3,KG,1029,Cleared
MDM009446,2025-05-25,SCH0196,Goyal Rice Mill,Wheat,,,1092,Pending
MDM001789,2025-07-25,SCH0523,Sharma Traders,Wheat,56.3,KG,,Paid
MDM006315,2025-12-15,SCH0287,Kumar Supplies,Mustard Oil,53.0,KG,6360,Cleared
MDM003646,2026-01-14,SCH0359,Goyal Mill,Mustard Oil,0.564,BAG,3384,Paid
MDM001777,2025-04-08,SCH0415,Kumar General Store,Wheat,,,1254,Cleared
MDM000193,2025-09-25,SCH0010,Sharma Traders Pvt Ltd,Dal,28.5,KG,2565,Paid
MDM008471,2025-04-20,SCH0582,Kumar Supplies,Wheat,,,1029,
MDM010624,2025-08-10,SCH0079,Singh Brothers,Dal,28.2,KG,2538,Paid
MDM005389,2025-07-26,SCH0280,Sharma & Sons,Wheat,44000.0,G,1320,Pending
MDM008510,2025-07-03,SCH0339,Singh Agro,Wheat,0.232,BAG,348,Paid
MDM004952,2026-01-01,SCH0365,Singh Brothers,Dal,,,3771,Pending
MDM002688,2025-09-04,SCH0203,Kumar General Store,Wheat,13.5,KG,405,Paid
MDM004391,2025-11-21,SCH0041,Goyal Enterprises,Wheat,,,450,Paid
MDM004928,2026-01-30,SCH0279,Kumar Supplies,Rice,48.7,KG,1948,Paid
MDM005553,2026-03-30,SCH0364,Goyal Mill,Mustard Oil,,,5832,Paid
MDM010773,2025-07-06,SCH0058,Singh Agro,Rice,,,1056,Paid
MDM000239,2025-07-01,SCH0543,Sharma & Sons,Cooking Oil,0.584,SACK,3504,Paid
MDM011443,2025-09-10,SCH0457,Kumar Supplies,Cooking Oil,,,4092,Cleared
MDM008467,2025-07-07,SCH0437,Sharma & Sons,Rice,10300.0,G,412,Cleared
MDM006902,2025-11-30,SCH0582,Singh Agro,Rice,,,1160,Pending
MDM009051,2025-11-18,SCH0442,Singh Brothers,Dal,,,2304,
MDM008951,2026-01-30,SCH0573,Sharma Traders Pvt Ltd,Mustard Oil,,,,Pending
MDM005098,2025-08-23,SCH0178,Goyal Enterprises,Cooking Oil,,,4272,Paid
MDM008949,2026-03-21,SCH0298,Kumar Supplies,Rice,0.9359999999999999,BORI,1872,
MDM009232,2025-04-16,SCH0112,S. Agro Works,Rice,22.0,KG,880,Pending
MDM008662,2025-11-06,SCH0600,Sharma & Sons,Mustard Oil,30500.0,G,3660,Paid
MDM003553,2025-04-27,SCH0171,Singh Brothers,Rice,24.3,KG,972,
MDM003361,2026-02-12,SCH0293,Goyal Mill,Rice,,,1812,Paid
MDM005629,2026-01-17,SCH0120,S. Agro Works,Mustard Oil,,,3240,Paid
MDM007752,2025-04-16,SCH0031,Kumar Supplies,Rice,14.4,KG,576,Pending
MDM005784,2026-03-08,SCH0108,Sharma Traders,Wheat,58900.0,G,1767,
MDM004508,2025-10-12,SCH0397,Singh Agro,Rice,,,1504,
MDM010440,2025-12-20,SCH0574,Sharma Traders,Rice,30500.0,G,1220,Pending
MDM000147,2025-09-18,SCH0120,Kumar & Co.,Rice,35800.0,G,1432,Paid
MDM010845,2025-04-03,SCH0382,Kumar & Co.,Rice,41900.0,G,1676,Due
MDM002295,2025-10-13,SCH0038,Singh Agro,Rice,31.3,KG,1252,Paid
MDM007179,2025-09-03,SCH0029,Goyal Rice Mill,Dal,,,3384,Cleared
MDM011784,2025-04-25,SCH0081,Kumar & Co.,Wheat,,,714,Paid
MDM008898,2026-01-30,SCH0388,Goyal Rice Mill,Rice,,,2228,Pending
MDM011708,2026-02-26,SCH0100,Goyal Rice Mill,oil,11.7,KG,1404,Paid
MDM010256,2026-03-15,SCH0186,Sharma Traders Pvt Ltd,Dal,,,4194,Paid
MDM007082,2025-10-02,SCH0104,Goyal Mill,oil,,,,
MDM004734,2026-01-15,SCH0186,Kumar General Store,oil,32.5,KG,,Due
MDM004385,2026-02-08,SCH0247,Sharma Traders,Mustard Oil,0.672,BAG,4032,Pending
MDM008479,2025-12-28,SCH0565,S. Agro Works,Wheat,0.63,BAG_50KG,945,Pending
MDM004546,2025-07-01,SCH0012,Singh Brothers,Dal,0.312,BAG_50KG,1404,Paid
MDM000597,2025-10-26,SCH0395,Kumar & Co.,Wheat,58.7,KG,1761,Cleared
MDM011467,2026-01-05,SCH0504,Singh Brothers,Rice,,,2348,Paid
MDM008710,2026-02-15,SCH0226,Kumar Supplies,Atta,50500.0,G,1515,Paid
MDM005165,2025-05-12,SCH0002,Goyal Enterprises,Rice,31.7,KG,1268,Pending
MDM011291,2025-06-07,SCH0390,Kumar General Store,Rice,,,2252,
MDM001648,2025-05-29,SCH0290,Goyal Enterprises,Dal,32.9,KG,2961,Pending
MDM006816,2025-07-29,SCH0526,Goyal Rice Mill,Wheat,,,600,Paid
MDM002701,2025-12-18,SCH0577,Goyal Enterprises,Atta,,,1494,Pending
MDM001701,2026-03-19,SCH0147,Singh Brothers,oil,10800.0,G,1296,
MDM002774,2025-11-26,SCH0182,Goyal Enterprises,Rice,56200.0,G,2248,Pending
MDM006969,2025-10-20,SCH0074,S. Agro Works,Rice,47300.0,G,1892,Cleared
MDM008144,2025-05-07,SCH0038,Kumar Supplies,Wheat,,,519,Paid
MDM006220,2025-07-28,SCH0105,Singh Brothers,Cooking Oil,43.0,KG,5160,Cleared
MDM000087,2026-02-16,SCH0066,Kumar Supplies,Rice,,,544,Pending
MDM010131,2026-01-16,SCH0159,Kumar & Co.,Mustard Oil,0.68,BAG,4080,Pending
MDM010133,2025-07-24,SCH0162,Kumar Supplies,Dal,0.662,SACK,2979,Due
MDM010812,2025-12-07,SCH0571,Kumar General Store,Wheat,57700.0,G,1731,Pending
MDM002595,2025-04-10,SCH0354,Goyal Mill,Atta,39100.0,G,1173,Cleared
MDM001030,2026-02-04,SCH0176,Kumar Supplies,Dal,,,4833,Cleared
MDM000137,2025-04-16,SCH0136,Kumar Supplies,Cooking Oil,0.218,BAG,1308,Paid
MDM006973,2025-10-27,SCH0156,S. Agro Works,Wheat,33600.0,G,1008,Pending
MDM007025,2025-10-31,SCH0445,Goyal Enterprises,Atta,43600.0,G,1308,Paid
MDM002855,2025-08-24,SCH0471,Kumar & Co.,Rice,,,1280,Pending
MDM001201,2026-03-28,SCH0142,Sharma & Sons,Dal,,,2997,Paid
MDM006122,2025-05-31,SCH0491,Kumar & Co.,Dal,1.138,BORI,5121,Cleared
MDM009526,2025-07-01,SCH0504,Sharma Traders,Atta,,,939,Paid
MDM006297,2026-03-05,SCH0135,Kumar & Co.,Rice,,,408,
MDM003928,2025-07-29,SCH0213,Goyal Enterprises,Wheat,24.5,KG,735,Pending
MDM010904,2025-08-12,SCH0454,Singh Agro,Wheat,28600.0,G,858,Paid
MDM003607,2025-09-30,SCH0078,Goyal Rice Mill,Cooking Oil,0.6779999999999999,BAG_50KG,4068,Pending
MDM011005,2025-04-28,SCH0564,Sharma Traders Pvt Ltd,Atta,54200.0,G,1626,Due
MDM002331,2025-05-17,SCH0399,Kumar & Co.,Atta,,,1752,Cleared
MDM002188,2026-02-03,SCH0352,Kumar General Store,Mustard Oil,35.5,KG,4260,Cleared
MDM000196,2026-02-22,SCH0273,S. Agro Works,Atta,,,594,Paid
MDM005060,2026-02-04,SCH0360,Kumar & Co.,Rice,0.828,BAG,1656,Paid
MDM000803,2026-03-02,SCH0044,Kumar Supplies,oil,10.2,KG,,Cleared
MDM002669,2025-06-18,SCH0061,Sharma & Sons,Dal,19.9,KG,1791,
MDM000242,2025-05-09,SCH0572,Goyal Enterprises,Dal,0.97,BAG_50KG,4365,Pending
MDM002069,2026-01-11,SCH0404,Sharma Traders Pvt Ltd,Rice,41.3,KG,1652,Due
MDM008516,2025-10-21,SCH0393,Goyal Enterprises,Rice,,,1872,Due
MDM010810,2025-10-29,SCH0210,Goyal Rice Mill,Rice,0.6940000000000001,SACK,1388,Paid
MDM000645,2025-10-12,SCH0574,Kumar General Store,Rice,0.804,BORI,1608,Pending
MDM005104,2025-08-19,SCH0225,S. Agro Works,Atta,45900.0,G,1377,Cleared
MDM001638,2025-06-29,SCH0431,Singh Agro,Dal,,,2529,Pending
MDM007553,2026-01-21,SCH0110,S. Agro Works,Wheat,0.22,BAG,330,Pending
MDM008313,2026-03-22,SCH0100,Kumar & Co.,Wheat,0.968,BAG,1452,Paid
MDM003075,2025-05-03,SCH0592,S. Agro Works,Rice,,,1096,Due
MDM007297,2026-03-05,SCH0283,Goyal Enterprises,Wheat,1.0,SACK,,Pending
MDM003279,2025-06-16,SCH0357,Goyal Enterprises,Dal,46300.0,G,4167,Pending
MDM008004,2026-02-24,SCH0260,Goyal Enterprises,Dal,16100.0,G,1449,
MDM004971,2025-07-10,SCH0200,Singh Agro,Rice,25.8,KG,1032,Cleared
MDM008803,2026-03-26,SCH0002,Sharma Traders,Wheat,35.0,KG,1050,Pending
MDM008327,2025-12-23,SCH0397,Goyal Rice Mill,Dal,44.8,KG,4032,Cleared
MDM006916,2025-05-15,SCH0520,Kumar & Co.,Dal,35500.0,G,3195,Pending
MDM008651,2026-01-04,SCH0324,Sharma Traders,Dal,,,5130,Pending
MDM007830,2026-01-26,SCH0253,Sharma Traders,Wheat,,,840,Pending
MDM000063,2025-07-05,SCH0217,S. Agro Works,Mustard Oil,38.2,KG,4584,Due
MDM011160,2026-01-27,SCH0239,Kumar Supplies,Rice,,,2168,Cleared
MDM009052,2025-05-10,SCH0256,Sharma & Sons,Dal,47100.0,G,4239,Paid
MDM008961,2025-10-31,SCH0554,Goyal Rice Mill,Wheat,50500.0,G,1515,Pending
MDM000680,2025-05-09,SCH0238,Goyal Rice Mill,Mustard Oil,55.0,KG,6600,Pending
MDM002042,2025-11-18,SCH0424,Kumar Supplies,Dal,,,3960,Cleared
MDM005308,2025-09-01,SCH0072,Sharma & Sons,Dal,25.6,KG,2304,
MDM009190,2025-05-23,SCH0179,Singh Brothers,Rice,,,472,
MDM003642,2025-08-31,SCH0002,Goyal Rice Mill,Dal,,,,
MDM010068,2025-09-01,SCH0110,S. Agro Works,Wheat,0.35,BAG_50KG,525,Pending
MDM003259,2025-11-09,SCH0357,Singh Agro,Cooking Oil,,,5580,
MDM001874,2025-10-22,SCH0304,Kumar & Co.,Dal,32300.0,G,2907,Pending
MDM004745,2025-09-26,SCH0273,S. Agro Works,Dal,46600.0,G,4194,
MDM002913,2026-02-24,SCH0528,Singh Agro,Rice,52.7,KG,2108,Paid
MDM004028,2025-08-10,SCH0341,Kumar Supplies,Mustard Oil,0.206,SACK,1236,Due
MDM005489,2026-02-01,SCH0460,Goyal Rice Mill,Atta,16600.0,G,498,Pending
MDM010665,2025-04-01,SCH0558,Kumar General Store,oil,0.75,SACK,4500,Paid
MDM008025,2025-06-04,SCH0379,Singh Brothers,Wheat,0.73,SACK,1095,
MDM007787,2025-09-30,SCH0205,Singh Brothers,Wheat,48.2,KG,1446,Pending
MDM011423,2025-08-18,SCH0439,Goyal Mill,Cooking Oil,0.7559999999999999,SACK,4536,Due
MDM006865,2025-04-24,SCH0185,Kumar Supplies,Dal,41.6,KG,3744,Pending
MDM000490,2025-08-26,SCH0269,Sharma Traders Pvt Ltd,Atta,19800.0,G,594,Pending
MDM000691,2025-04-02,SCH0494,Singh Agro,Dal,,,4761,Paid
MDM000603,2025-04-20,SCH0249,Singh Agro,Wheat,,,381,Pending
MDM001015,2025-09-22,SCH0200,Sharma Traders,oil,46.0,KG,5520,Paid
MDM000870,2025-12-13,SCH0468,Sharma Traders Pvt Ltd,Wheat,21800.0,G,654,Cleared
MDM001994,2025-06-25,SCH0524,Kumar General Store,oil,18.8,KG,2256,Paid
MDM007611,2025-12-04,SCH0367,Sharma Traders,Atta,19300.0,G,579,
MDM005284,2025-04-13,SCH0327,Goyal Mill,Mustard Oil,,,4620,Paid
MDM004371,2025-10-26,SCH0228,Singh Agro,Wheat,48.9,KG,1467,
MDM001362,2025-11-15,SCH0155,Kumar & Co.,Rice,0.362,BAG,724,Pending
MDM001527,2025-09-23,SCH0228,Singh Agro,Mustard Oil,,,4740,
MDM001630,2025-10-25,SCH0240,Goyal Rice Mill,Rice,,,1392,Paid
MDM001552,2025-08-07,SCH0378,Singh Brothers,Rice,55.5,KG,2220,Cleared
MDM009135,2026-01-27,SCH0084,Goyal Rice Mill,Wheat,54.0,KG,1620,Due
MDM011973,2025-08-19,SCH0214,Singh Agro,Mustard Oil,19.9,KG,2388,Paid
MDM001338,2025-06-17,SCH0212,Goyal Mill,Wheat,25200.0,G,756,
MDM003902,2025-07-30,SCH0451,Singh Brothers,Wheat,0.264,BAG,396,Pending
MDM005042,2025-09-03,SCH0211,Kumar General Store,Rice,0.7440000000000001,SACK,1488,
MDM008253,2025-05-23,SCH0479,Goyal Mill,Dal,0.6659999999999999,SACK,2997,Pending
MDM010649,2025-04-25,SCH0180,Sharma Traders Pvt Ltd,Dal,59800.0,G,5382,Due
MDM005040,2025-12-04,SCH0559,Kumar & Co.,Mustard Oil,47.6,KG,5712,Paid
MDM002347,2026-03-18,SCH0377,S. Agro Works,Mustard Oil,0.526,BAG,3156,Paid
MDM011466,2025-08-28,SCH0140,Kumar & Co.,Dal,,,2907,Cleared
MDM005486,2025-09-30,SCH0015,Goyal Mill,Dal,,,1503,Pending
MDM010953,2025-11-07,SCH0475,Goyal Mill,Wheat,0.7,BAG,1050,Cleared
MDM005695,2025-11-02,SCH0413,Sharma & Sons,Wheat,51700.0,G,1551,Paid
MDM005120,2026-03-21,SCH0584,Kumar General Store,Dal,,,1629,
MDM005167,2025-11-30,SCH0415,Goyal Mill,Atta,0.54,BAG_50KG,810,Paid
MDM001135,2026-02-20,SCH0581,S. Agro Works,oil,52200.0,G,6264,Paid
MDM008343,2025-11-08,SCH0315,Kumar Supplies,Atta,1.17,BAG,1755,
MDM004018,2026-02-16,SCH0489,Sharma Traders,Wheat,0.8959999999999999,SACK,1344,Paid
MDM002425,2025-05-20,SCH0114,Singh Brothers,Wheat,0.67,SACK,1005,Paid
MDM004139,2025-12-06,SCH0229,Kumar Supplies,Dal,26500.0,G,2385,Cleared
MDM000860,2026-02-01,SCH0473,Sharma Traders,Rice,37.3,KG,1492,Pending
MDM002963,2025-12-10,SCH0236,S. Agro Works,Mustard Oil,0.8340000000000001,BAG_50KG,5004,Paid
MDM008090,2026-02-09,SCH0225,Singh Brothers,Rice,33400.0,G,1336,Pending
MDM009566,2025-12-25,SCH0307,Kumar Supplies,Wheat,38.9,KG,1167,
MDM010578,2025-09-10,SCH0582,Sharma & Sons,Wheat,,,570,Pending
MDM010478,2025-05-19,SCH0006,Sharma & Sons,Wheat,0.22,BAG,330,Due
MDM001365,2025-07-22,SCH0565,Goyal Enterprises,Rice,54800.0,G,2192,Cleared
MDM010915,2025-09-29,SCH0406,Kumar & Co.,Mustard Oil,,,4524,Cleared
MDM001780,2026-03-31,SCH0158,Singh Agro,Rice,0.336,SACK,672,Due
MDM008590,2025-09-25,SCH0346,Sharma Traders,oil,57.2,KG,6864,Cleared
MDM002102,2025-04-29,SCH0564,Singh Agro,Rice,,,,Pending
MDM001819,2025-08-31,SCH0431,Goyal Enterprises,Wheat,,,450,Cleared
MDM000370,2026-02-12,SCH0081,Goyal Enterprises,Rice,51.8,KG,2072,Pending
MDM004938,2026-01-28,SCH0454,Kumar General Store,Atta,,,1467,Cleared
MDM005286,2026-02-15,SCH0114,Goyal Rice Mill,Dal,15400.0,G,1386,Cleared
MDM008368,2026-01-08,SCH0137,Goyal Mill,Mustard Oil,41700.0,G,5004,Pending
MDM010015,2025-12-07,SCH0359,Goyal Enterprises,Wheat,57500.0,G,1725,Pending
MDM007072,2026-02-17,SCH0540,S. Agro Works,Mustard Oil,37300.0,G,4476,Pending
MDM002094,2025-06-14,SCH0444,Kumar & Co.,Wheat,0.81,SACK,1215,
MDM007818,2025-05-14,SCH0075,Kumar General Store,Rice,,,2044,Cleared
MDM001921,2025-07-04,SCH0302,Goyal Enterprises,Dal,56.6,KG,5094,
MDM000083,2025-08-16,SCH0255,Sharma Traders,Dal,23600.0,G,2124,Paid
MDM007332,2025-11-07,SCH0099,Goyal Enterprises,Dal,35.2,KG,3168,Paid
MDM007305,2025-04-18,SCH0348,Kumar General Store,Rice,49700.0,G,1988,Pending
MDM000817,2025-12-03,SCH0083,S. Agro Works,Rice,,,1908,Pending
MDM004397,2025-11-30,SCH0294,Kumar Supplies,Mustard Oil,0.892,BAG_50KG,5352,Pending
MDM006125,2025-09-26,SCH0266,Goyal Enterprises,Cooking Oil,1.004,BORI,6024,Paid
MDM004121,2025-10-21,SCH0192,Sharma & Sons,Dal,47.9,KG,4311,Pending
MDM009841,2026-03-29,SCH0593,Goyal Rice Mill,Atta,1.14,BAG,1710,Cleared
MDM001814,2025-12-23,SCH0015,Kumar & Co.,Rice,26.3,KG,1052,
MDM001272,2026-03-28,SCH0315,Kumar & Co.,Cooking Oil,53.8,KG,6456,Cleared
MDM002995,2026-03-30,SCH0224,Sharma Traders,Dal,33100.0,G,2979,Pending
MDM009423,2025-10-25,SCH0149,Kumar General Store,Dal,,,4365,Pending
MDM006410,2025-06-14,SCH0178,Goyal Mill,oil,37.8,KG,4536,Paid
MDM002643,2025-07-15,SCH0155,Kumar & Co.,oil,0.8540000000000001,BAG_50KG,5124,Pending
MDM010442,2025-04-12,SCH0573,Kumar & Co.,Mustard Oil,,,3888,Paid
MDM002306,2025-09-17,SCH0399,Goyal Rice Mill,Wheat,,,678,Pending
MDM010679,2025-07-30,SCH0303,Kumar General Store,Cooking Oil,28400.0,G,3408,Pending
MDM011363,2025-06-26,SCH0097,Sharma & Sons,Dal,,,3465,Paid
MDM004196,2025-11-07,SCH0492,Goyal Mill,Dal,1.076,BORI,4842,Paid
MDM010317,2026-01-01,SCH0543,Goyal Enterprises,Wheat,59700.0,G,1791,
MDM003850,2026-01-29,SCH0493,Sharma Traders Pvt Ltd,Mustard Oil,1.042,BAG_50KG,6252,Due
MDM010365,2025-09-12,SCH0482,Singh Agro,Mustard Oil,,,,Due
MDM011833,2025-05-05,SCH0496,Goyal Enterprises,Dal,,,3762,Cleared
MDM003555,2025-12-16,SCH0503,Goyal Mill,Dal,0.272,BAG_50KG,1224,Paid
MDM002196,2026-01-27,SCH0132,Goyal Enterprises,Dal,11.1,KG,999,Pending
MDM002601,2026-03-22,SCH0101,S. Agro Works,Atta,0.27,BAG,405,Cleared
MDM006164,2026-01-14,SCH0541,Kumar Supplies,Dal,10.3,KG,927,Paid
MDM001519,2025-08-21,SCH0455,Sharma Traders Pvt Ltd,Cooking Oil,0.612,BAG,3672,Paid
MDM009851,2026-02-17,SCH0486,Singh Brothers,Wheat,0.996,BAG,1494,
MDM010765,2025-10-28,SCH0495,S. Agro Works,Dal,,,2196,Pending
MDM006310,2025-09-21,SCH0544,Sharma Traders,oil,29.2,KG,3504,Paid
MDM005756,2025-06-18,SCH0375,Singh Agro,Dal,40.1,KG,3609,Pending
MDM005634,2025-09-27,SCH0279,S. Agro Works,Wheat,,,339,Cleared
MDM008400,2026-02-14,SCH0251,Goyal Rice Mill,Wheat,52.9,KG,1587,Pending
MDM011693,2025-06-24,SCH0003,Goyal Rice Mill,Rice,,,1608,Paid
MDM007163,2025-10-09,SCH0277,Sharma & Sons,oil,,,1764,Pending
MDM009337,2025-12-12,SCH0254,S. Agro Works,Dal,50.1,KG,4509,Paid
MDM009268,2026-02-27,SCH0198,Singh Brothers,Wheat,51700.0,G,1551,Pending
MDM001989,2025-12-20,SCH0356,Sharma & Sons,Rice,11.0,KG,440,Pending
MDM007738,2025-05-14,SCH0510,Goyal Enterprises,Wheat,23.7,KG,711,
MDM000518,2025-06-04,SCH0591,Kumar Supplies,Wheat,,,1362,Pending
MDM006161,2025-11-17,SCH0408,Kumar General Store,Mustard Oil,52400.0,G,6288,Paid
MDM009271,2025-04-10,SCH0107,Goyal Mill,Dal,,,2871,Pending
MDM011605,2026-03-18,SCH0177,Singh Agro,Rice,15.2,KG,608,Pending
MDM009972,2025-11-05,SCH0289,S. Agro Works,Cooking Oil,0.278,BAG,1668,Pending
MDM008952,2025-04-05,SCH0410,Singh Brothers,Wheat,,,918,Cleared
MDM004457,2026-02-07,SCH0548,Kumar Supplies,Rice,37.9,KG,1516,Pending
MDM002762,2025-06-25,SCH0111,Singh Brothers,Mustard Oil,11.0,KG,1320,Paid
MDM006482,2025-12-15,SCH0183,Sharma & Sons,Cooking Oil,48000.0,G,5760,Pending
MDM005912,2025-05-29,SCH0238,Singh Agro,Rice,20.1,KG,804,Pending
MDM011145,2025-06-29,SCH0517,Goyal Mill,Dal,34600.0,G,,Paid
MDM006548,2026-02-25,SCH0502,Singh Agro,Wheat,0.992,SACK,1488,
MDM004856,2025-10-08,SCH0237,Kumar General Store,Dal,,,2952,Pending
MDM007645,2025-07-04,SCH0007,Sharma Traders Pvt Ltd,Dal,36.3,KG,3267,Cleared
MDM010943,2026-03-23,SCH0416,Singh Brothers,Mustard Oil,52.5,KG,6300,Pending
MDM006359,2025-07-29,SCH0002,Goyal Rice Mill,Cooking Oil,,,3132,Pending
MDM002439,2026-01-23,SCH0107,Goyal Mill,Rice,11700.0,G,468,Paid
MDM003766,2025-07-26,SCH0510,Sharma Traders Pvt Ltd,Cooking Oil,55.4,KG,6648,Cleared
MDM006433,2025-10-28,SCH0525,Kumar & Co.,Wheat,,,471,
MDM007847,2025-04-25,SCH0224,Sharma Traders Pvt Ltd,Wheat,39700.0,G,1191,
MDM008814,2025-07-28,SCH0321,Goyal Mill,Dal,0.5920000000000001,BAG,2664,Pending
MDM011078,2025-06-17,SCH0180,Sharma & Sons,Wheat,19500.0,G,585,Pending
MDM006341,2025-04-24,SCH0137,Goyal Enterprises,Dal,29.9,KG,2691,Due
MDM004822,2025-07-15,SCH0364,Sharma Traders Pvt Ltd,Wheat,,,771,Cleared
MDM000019,2025-06-30,SCH0235,Goyal Mill,Rice,40.1,KG,1604,Cleared
MDM003561,2026-02-22,SCH0266,Goyal Mill,oil,33100.0,G,3972,Paid
MDM003952,2025-05-31,SCH0558,Goyal Enterprises,Wheat,49.6,KG,1488,Due
MDM000050,2026-03-07,SCH0013,Kumar General Store,Rice,38.2,KG,1528,
MDM000888,2026-02-11,SCH0088,Sharma & Sons,Cooking Oil,,,3396,Pending
MDM006262,2025-07-18,SCH0325,Sharma Traders Pvt Ltd,Mustard Oil,0.344,BORI,2064,Due
MDM007237,2026-01-29,SCH0226,Goyal Enterprises,Dal,,,4275,Pending
MDM006990,2025-09-22,SCH0055,Goyal Enterprises,Cooking Oil,0.89,BAG,5340,Due
MDM006044,2025-10-15,SCH0564,Kumar Supplies,Atta,1.066,BORI,1599,
MDM003169,2025-04-30,SCH0393,Singh Agro,Rice,,,1376,Paid
MDM002950,2025-05-21,SCH0222,Goyal Rice Mill,Dal,0.602,SACK,2709,Cleared
MDM001425,2025-12-09,SCH0247,Goyal Rice Mill,Atta,0.5,BAG_50KG,750,Pending
MDM000140,2025-07-05,SCH0284,Kumar General Store,Cooking Oil,48.4,KG,5808,Pending
MDM003198,2026-03-06,SCH0064,Sharma & Sons,Rice,37100.0,G,1484,Pending
MDM005132,2026-03-06,SCH0177,Sharma & Sons,Rice,51.4,KG,2056,Paid
MDM000113,2026-01-16,SCH0378,Goyal Rice Mill,Dal,48500.0,G,4365,Pending
MDM008161,2025-07-07,SCH0010,Kumar General Store,Atta,22300.0,G,669,Due
MDM010720,2026-03-06,SCH0419,Sharma Traders Pvt Ltd,Dal,,,1845,
MDM004560,2025-05-12,SCH0377,Kumar Supplies,Wheat,15.0,KG,450,Cleared
MDM004596,2025-08-01,SCH0201,S. Agro Works,Rice,0.364,BAG,728,
MDM004691,2025-08-02,SCH0553,S. Agro Works,Cooking Oil,,,2736,Paid
MDM007952,2025-11-12,SCH0005,Goyal Mill,Cooking Oil,23.4,KG,2808,Due
MDM003278,2025-10-07,SCH0140,Singh Agro,Dal,0.272,BAG,1224,Pending
MDM004069,2025-04-19,SCH0230,Goyal Enterprises,Atta,,,498,Pending
MDM004409,2025-09-01,SCH0424,Kumar Supplies,Rice,56.0,KG,2240,Pending
MDM008778,2025-06-23,SCH0368,Kumar Supplies,Mustard Oil,21.2,KG,2544,Paid
MDM010606,2025-12-23,SCH0389,Goyal Mill,Dal,0.28,BAG,1260,Paid
MDM000452,2025-08-30,SCH0319,Goyal Rice Mill,Dal,,,1386,Due
MDM007263,2025-09-06,SCH0059,Kumar & Co.,Mustard Oil,11.1,KG,1332,Cleared
MDM003732,2026-03-30,SCH0505,Singh Brothers,Rice,35.5,KG,1420,Paid
MDM007257,2025-08-11,SCH0434,Sharma & Sons,Mustard Oil,,,5028,Pending
MDM011053,2026-01-21,SCH0241,Sharma & Sons,Cooking Oil,,,2592,Paid
MDM004987,2025-11-16,SCH0098,Goyal Enterprises,Rice,,,560,Paid
MDM003664,2026-02-07,SCH0198,Kumar & Co.,Wheat,,,1716,Paid
MDM002764,2025-09-03,SCH0131,Singh Agro,Cooking Oil,25500.0,G,3060,
MDM001856,2025-12-30,SCH0378,Goyal Rice Mill,Wheat,15700.0,G,,Paid
MDM001000,2025-04-19,SCH0013,Sharma Traders Pvt Ltd,Atta,,,1425,Paid
MDM000390,2025-08-28,SCH0071,Kumar & Co.,Atta,0.652,SACK,978,Pending
MDM006427,2026-01-13,SCH0492,Goyal Mill,Rice,,,548,Pending
MDM001477,2025-06-04,SCH0490,Sharma Traders Pvt Ltd,Rice,24.4,KG,976,Paid
MDM002241,2025-06-09,SCH0430,Singh Agro,Rice,0.882,BAG,1764,Paid
MDM011286,2026-03-05,SCH0411,Goyal Rice Mill,Rice,52200.0,G,2088,Due
MDM008113,2026-03-21,SCH0180,Sharma Traders Pvt Ltd,Rice,46.0,KG,1840,
MDM000993,2025-10-15,SCH0536,Kumar & Co.,Rice,,,956,Pending
MDM007033,2025-04-06,SCH0418,Goyal Rice Mill,Mustard Oil,,,4896,Pending
MDM004998,2026-01-14,SCH0372,Kumar General Store,Rice,40.4,KG,1616,Paid
MDM003923,2025-05-24,SCH0149,Singh Agro,Dal,0.784,BAG,3528,Paid
MDM002973,2026-02-28,SCH0320,Singh Brothers,Rice,24.4,KG,976,
MDM006872,2025-06-11,SCH0311,Goyal Enterprises,Rice,0.39,BORI,780,Due
MDM009335,2025-04-20,SCH0236,Singh Brothers,Mustard Oil,,,4860,Pending
MDM004770,2025-07-26,SCH0254,Kumar & Co.,oil,53.0,KG,6360,Paid
MDM001294,2025-07-02,SCH0598,Kumar General Store,Dal,23.9,KG,2151,Pending
MDM004174,2025-04-06,SCH0056,Goyal Rice Mill,Mustard Oil,58.3,KG,6996,Paid
MDM002536,2025-09-19,SCH0599,Singh Brothers,Rice,0.392,BORI,784,Due
MDM011276,2025-10-09,SCH0368,Sharma & Sons,Dal,19.1,KG,1719,Pending
MDM001908,2026-03-14,SCH0230,Kumar & Co.,Dal,31.9,KG,2871,Due
MDM010243,2025-06-12,SCH0119,Kumar Supplies,Dal,,,3672,Paid
MDM011731,2025-07-16,SCH0416,S. Agro Works,Rice,0.236,BORI,472,Paid
MDM008561,2025-04-16,SCH0358,Singh Brothers,Rice,31.8,KG,1272,Pending
MDM006034,2025-10-26,SCH0403,Sharma & Sons,Dal,38.5,KG,3465,Pending
MDM007620,2025-11-12,SCH0394,Singh Brothers,Cooking Oil,59.3,KG,7116,Pending
MDM001152,2026-01-01,SCH0419,Singh Brothers,oil,35800.0,G,4296,
MDM001568,2025-07-12,SCH0290,Singh Agro,Atta,20.7,KG,621,Paid
MDM003172,2025-12-31,SCH0215,Singh Brothers,Rice,,,728,Pending
MDM007107,2025-09-06,SCH0358,S. Agro Works,Mustard Oil,0.9179999999999999,SACK,5508,Paid
MDM004161,2025-12-13,SCH0405,Kumar Supplies,Dal,38.0,KG,3420,Pending
MDM004288,2025-10-12,SCH0266,Goyal Mill,oil,,,6624,Paid
MDM002231,2025-08-19,SCH0562,Kumar & Co.,Rice,,,2356,Paid
MDM000175,2025-08-25,SCH0293,Kumar Supplies,Cooking Oil,0.84,BORI,5040,Paid
MDM001904,2025-10-19,SCH0230,Sharma & Sons,Mustard Oil,24700.0,G,2964,
MDM009086,2026-01-22,SCH0082,Kumar General Store,Wheat,15.9,KG,477,Paid
MDM003409,2025-10-04,SCH0092,Kumar General Store,Wheat,1.046,BAG_50KG,1569,Paid
MDM001539,2025-10-14,SCH0239,Goyal Rice Mill,Cooking Oil,,,6408,Cleared
MDM002293,2026-03-31,SCH0505,Goyal Rice Mill,Wheat,33800.0,G,1014,Paid
MDM001364,2025-11-14,SCH0486,Sharma Traders,Rice,25600.0,G,1024,Pending
MDM004358,2025-06-04,SCH0509,Sharma Traders Pvt Ltd,Wheat,,,732,Due
MDM005261,2026-01-13,SCH0137,Goyal Enterprises,Rice,55200.0,G,2208,Cleared
MDM009237,2025-07-13,SCH0546,Kumar General Store,Wheat,58600.0,G,1758,Pending
MDM009390,2025-12-03,SCH0113,Goyal Rice Mill,Rice,,,1180,Paid
MDM000681,2025-07-03,SCH0156,Singh Agro,Dal,0.7040000000000001,BAG,3168,Pending
MDM010969,2025-11-18,SCH0216,Kumar & Co.,oil,32.8,KG,3936,Paid
MDM003665,2025-06-26,SCH0515,Singh Brothers,Dal,0.468,SACK,2106,Cleared
MDM001662,2025-08-26,SCH0225,Kumar & Co.,Rice,44.7,KG,1788,Paid
MDM000509,2026-03-14,SCH0418,Goyal Enterprises,Rice,12600.0,G,504,Cleared
MDM000167,2026-01-20,SCH0190,Kumar & Co.,Wheat,19300.0,G,579,Cleared
MDM010237,2025-11-05,SCH0465,S. Agro Works,Mustard Oil,,,7032,Paid
MDM010303,2025-11-13,SCH0262,Kumar Supplies,Rice,1.118,BORI,2236,Paid
MDM007366,2025-04-16,SCH0166,Kumar Supplies,Cooking Oil,,,2148,Paid
MDM001915,2025-05-09,SCH0426,Singh Brothers,oil,,,3444,Cleared
MDM007264,2025-04-19,SCH0107,Sharma Traders Pvt Ltd,Rice,0.496,BORI,,Pending
MDM011909,2025-09-17,SCH0038,Goyal Enterprises,Mustard Oil,57.1,KG,6852,Due
MDM007362,2026-03-01,SCH0172,Kumar & Co.,Dal,36.7,KG,3303,Due
MDM001105,2026-01-01,SCH0471,Sharma Traders Pvt Ltd,Atta,0.732,SACK,1098,Pending
MDM011071,2025-06-07,SCH0537,Kumar Supplies,Mustard Oil,41500.0,G,4980,Due
MDM005311,2026-03-20,SCH0528,Singh Agro,oil,,,1272,Cleared
MDM009342,2025-11-12,SCH0391,Kumar General Store,Wheat,,,1497,Pending
MDM005755,2025-10-05,SCH0461,Kumar General Store,Dal,,,1377,Pending
MDM000153,2025-06-01,SCH0523,Goyal Enterprises,Rice,49.2,KG,,Pending
MDM011787,2025-05-22,SCH0236,Goyal Rice Mill,Wheat,20700.0,G,,Pending
MDM005680,2025-08-08,SCH0328,Sharma & Sons,Dal,,,1377,Cleared
MDM011281,2025-04-26,SCH0185,Goyal Mill,Dal,,,3519,
MDM003552,2025-11-10,SCH0133,Kumar Supplies,Wheat,38.5,KG,1155,Paid
MDM003723,2025-06-28,SCH0033,Goyal Mill,Rice,1.108,SACK,2216,
MDM004539,2025-05-23,SCH0513,Kumar General Store,oil,,,6660,Paid
MDM009213,2026-02-05,SCH0123,Kumar & Co.,Mustard Oil,,,6276,Paid
MDM008464,2025-10-08,SCH0315,Goyal Enterprises,Dal,0.914,SACK,4113,Pending
MDM001992,2025-07-11,SCH0083,Sharma Traders Pvt Ltd,Wheat,,,849,Pending
MDM010877,2025-08-30,SCH0284,Kumar General Store,Atta,1.074,BORI,1611,Due
MDM008502,2025-06-16,SCH0112,Kumar & Co.,oil,50400.0,G,6048,Cleared
MDM005142,2025-04-26,SCH0276,Goyal Mill,Rice,29.0,KG,1160,Due
MDM003812,2025-07-25,SCH0211,Goyal Rice Mill,Wheat,12.6,KG,378,Paid
MDM010753,2025-10-14,SCH0281,Goyal Enterprises,Dal,,,3420,Cleared
MDM003451,2026-02-08,SCH0008,Kumar Supplies,Mustard Oil,27.8,KG,3336,Pending
MDM004592,2025-07-23,SCH0133,S. Agro Works,Mustard Oil,,,2736,Pending
MDM007353,2025-06-20,SCH0016,Sharma & Sons,Mustard Oil,0.542,SACK,3252,Pending
MDM000206,2026-02-22,SCH0246,Sharma Traders Pvt Ltd,Wheat,22.9,KG,687,Paid
MDM006681,2026-03-19,SCH0574,Sharma Traders,Rice,0.856,BAG,1712,Due
MDM002750,2026-01-10,SCH0047,Goyal Enterprises,Rice,,,988,Paid
MDM008498,2025-10-03,SCH0595,Goyal Rice Mill,oil,0.9279999999999999,BAG,5568,Cleared
MDM001850,2026-03-15,SCH0241,Goyal Mill,Dal,0.866,BAG,3897,Pending
MDM003241,2025-10-14,SCH0174,Kumar & Co.,Dal,50800.0,G,4572,
MDM009815,2025-10-22,SCH0359,Singh Agro,Wheat,12.5,KG,375,Paid
MDM003110,2025-11-10,SCH0384,Goyal Enterprises,Dal,,,1998,Pending
MDM005935,2025-08-13,SCH0004,Sharma & Sons,Rice,39100.0,G,1564,Cleared
MDM010115,2025-06-14,SCH0414,Kumar General Store,Rice,42.1,KG,,Cleared
MDM005811,2025-09-13,SCH0523,Singh Agro,Rice,,,1624,Pending
MDM008576,2025-05-20,SCH0399,Sharma & Sons,Rice,12.1,KG,484,Paid
MDM005635,2026-01-30,SCH0549,Singh Agro,oil,,,4704,Pending
MDM004308,2025-05-31,SCH0538,Kumar General Store,Dal,38500.0,G,3465,Due
MDM003157,2026-02-04,SCH0233,Kumar General Store,Dal,0.726,BAG_50KG,3267,Paid
MDM006535,2025-05-04,SCH0195,Goyal Rice Mill,oil,,,4008,Pending
MDM010733,2025-06-05,SCH0217,Singh Agro,Atta,,,939,Due
MDM010241,2025-04-06,SCH0445,Goyal Enterprises,Wheat,,,1644,Paid
MDM003833,2025-04-27,SCH0590,Kumar General Store,Dal,57.6,KG,5184,Pending
MDM010761,2025-11-17,SCH0290,Sharma Traders Pvt Ltd,Dal,14.0,KG,1260,Paid
MDM004777,2025-12-03,SCH0365,Sharma Traders Pvt Ltd,Rice,1.006,BAG_50KG,2012,Due
MDM007998,2025-04-05,SCH0240,Sharma & Sons,Cooking Oil,20.5,KG,2460,Cleared
MDM004277,2025-07-10,SCH0498,Kumar General Store,Mustard Oil,0.716,BAG_50KG,4296,Pending
MDM009429,2025-09-25,SCH0532,Kumar General Store,Dal,58.8,KG,5292,Paid
MDM011861,2025-06-20,SCH0125,Goyal Mill,Rice,,,1500,Due
MDM000279,2025-11-26,SCH0141,Singh Agro,Cooking Oil,58.6,KG,7032,
MDM006772,2025-04-02,SCH0382,Goyal Mill,Wheat,37400.0,G,1122,Paid
MDM007416,2026-01-31,SCH0079,Goyal Enterprises,Wheat,,,414,Pending
MDM003253,2025-10-09,SCH0128,S. Agro Works,Dal,55100.0,G,4959,Due
MDM011612,2025-11-16,SCH0314,Kumar General Store,Dal,43.1,KG,3879,Pending
MDM000290,2025-12-10,SCH0214,S. Agro Works,Dal,0.598,BAG,2691,Pending
MDM003076,2025-05-13,SCH0321,Sharma & Sons,Dal,36500.0,G,3285,Cleared
MDM011793,2026-03-31,SCH0017,Sharma & Sons,Rice,,,1392,Pending
MDM008758,2025-10-06,SCH0412,Kumar General Store,Dal,33.0,KG,2970,Pending
MDM000271,2025-09-20,SCH0233,Singh Brothers,Dal,19.7,KG,1773,Pending
MDM004571,2025-06-18,SCH0429,Kumar & Co.,Rice,28.9,KG,1156,
MDM010840,2025-06-30,SCH0149,Sharma Traders Pvt Ltd,Dal,,,3699,Paid
MDM006697,2026-02-06,SCH0220,Singh Agro,Rice,56800.0,G,2272,Cleared
MDM004317,2025-06-29,SCH0368,Goyal Mill,Atta,16.1,KG,483,
MDM003181,2025-12-12,SCH0163,Singh Agro,Rice,42800.0,G,1712,Paid
MDM001423,2025-08-22,SCH0331,Singh Brothers,Rice,0.8059999999999999,BAG_50KG,1612,Cleared
MDM008276,2025-04-01,SCH0472,Goyal Mill,Wheat,31.0,KG,930,Paid
MDM004558,2025-10-29,SCH0312,Kumar & Co.,Wheat,,,552,Paid
MDM007813,2025-05-28,SCH0197,Sharma Traders,Dal,24.3,KG,,Pending
MDM006298,2026-02-17,SCH0187,Goyal Enterprises,Atta,,,1287,Due
MDM009061,2025-10-08,SCH0018,Goyal Mill,Rice,0.464,BAG,928,Due
MDM011981,2025-08-11,SCH0008,S. Agro Works,Rice,29.9,KG,1196,Pending
MDM001133,2025-12-18,SCH0160,Goyal Rice Mill,Atta,56.1,KG,,Paid
MDM006243,2025-05-24,SCH0308,Goyal Enterprises,Rice,0.544,BAG,1088,Pending
MDM009384,2025-08-30,SCH0448,Kumar Supplies,Rice,45.9,KG,1836,Due
MDM011571,2025-07-11,SCH0319,Goyal Enterprises,Rice,20.5,KG,820,Pending
MDM007424,2026-03-08,SCH0380,S. Agro Works,Wheat,1.038,BORI,1557,Due
MDM009010,2025-04-01,SCH0035,Sharma & Sons,Mustard Oil,,,4764,
MDM008914,2025-09-12,SCH0368,Goyal Mill,Rice,20.3,KG,812,Cleared
MDM005521,2026-01-08,SCH0429,Sharma Traders Pvt Ltd,Rice,42.7,KG,1708,Pending
MDM010750,2025-09-09,SCH0217,S. Agro Works,Rice,49300.0,G,1972,
MDM009272,2025-09-08,SCH0329,Sharma Traders Pvt Ltd,Rice,0.556,BAG,1112,Paid
MDM003787,2025-11-04,SCH0518,Sharma Traders Pvt Ltd,Mustard Oil,0.402,BAG,2412,Due
MDM009203,2025-05-18,SCH0081,Sharma Traders,Dal,13600.0,G,1224,Pending
MDM008346,2025-08-11,SCH0302,S. Agro Works,Dal,53.5,KG,4815,
MDM002162,2025-12-14,SCH0217,Sharma Traders Pvt Ltd,Wheat,0.594,BAG_50KG,891,Pending
MDM003009,2025-07-02,SCH0352,Singh Brothers,Wheat,,,1191,Paid
MDM001106,2025-10-05,SCH0424,Sharma & Sons,Dal,1.18,BAG,5310,Pending
MDM010776,2025-07-05,SCH0522,Goyal Mill,Cooking Oil,1.028,SACK,6168,Cleared
MDM000693,2026-01-08,SCH0539,Singh Agro,Wheat,12.5,KG,375,Paid
MDM004957,2025-08-29,SCH0188,Kumar & Co.,Dal,,,1565,Pending
MDM008308,2025-09-12,SCH0120,Kumar General Store,oil,,,5112,Due
MDM004370,2025-04-24,SCH0044,Goyal Rice Mill,Rice,19.7,KG,788,Due
MDM002766,2025-08-24,SCH0405,Sharma Traders,Wheat,1.1,BAG_50KG,1650,Pending
MDM003930,2025-09-12,SCH0342,Sharma & Sons,Dal,17500.0,G,1575,Paid
MDM010816,2025-04-09,SCH0274,Singh Agro,Dal,1.022,SACK,4599,Paid
MDM007779,2025-12-26,SCH0252,Sharma Traders,Mustard Oil,,,6816,Pending
MDM000629,2025-07-15,SCH0443,Kumar Supplies,Rice,0.612,BAG,1224,Paid
MDM002452,2025-11-21,SCH0575,Goyal Rice Mill,Dal,29.0,KG,2610,Cleared
MDM003825,2025-08-20,SCH0227,Goyal Mill,Cooking Oil,37.2,KG,4464,Cleared
MDM011084,2025-04-23,SCH0473,Goyal Enterprises,Dal,,,2448,Paid
MDM003744,2025-11-24,SCH0549,Goyal Mill,Dal,0.904,BAG_50KG,4068,Cleared
MDM002177,2025-11-03,SCH0019,S. Agro Works,Dal,50500.0,G,4545,Cleared
MDM006690,2026-01-19,SCH0076,Sharma & Sons,Rice,,,1100,
MDM003319,2025-09-19,SCH0029,Kumar & Co.,oil,,,6888,Paid
MDM008979,2025-05-29,SCH0079,Kumar & Co.,Rice,50.6,KG,2024,Due
MDM007433,2025-08-16,SCH0024,Kumar Supplies,Rice,,,,
MDM002788,2025-07-27,SCH0297,Goyal Mill,Rice,0.304,SACK,608,Pending
MDM001197,2026-02-20,SCH0281,Kumar General Store,Rice,30.5,KG,1220,
MDM001677,2026-03-21,SCH0129,Sharma Traders,Mustard Oil,0.902,BAG_50KG,5412,Paid
MDM003948,2026-03-17,SCH0305,Kumar Supplies,Dal,,,2511,Pending
MDM007619,2026-03-19,SCH0196,S. Agro Works,Mustard Oil,48.3,KG,5796,Due
MDM004445,2025-10-26,SCH0584,Sharma Traders,Wheat,,,654,Pending
MDM005723,2025-12-04,SCH0428,Kumar Supplies,Wheat,49.5,KG,1485,Pending
MDM010469,2025-05-20,SCH0316,Sharma Traders,Rice,36100.0,G,,Cleared
MDM002370,2026-01-26,SCH0277,Singh Brothers,Dal,16500.0,G,1485,Paid
MDM004968,2026-03-19,SCH0114,Singh Agro,Dal,10.8,KG,972,Pending
MDM002218,2025-05-23,SCH0339,Singh Brothers,Mustard Oil,,,5592,Due
MDM008149,2025-08-12,SCH0054,Goyal Enterprises,oil,19.7,KG,2364,Due
MDM003327,2025-05-22,SCH0402,Singh Brothers,Cooking Oil,50.8,KG,6096,Paid
MDM011898,2026-02-06,SCH0127,Goyal Mill,Rice,,,1804,Cleared
MDM003584,2025-10-07,SCH0528,Singh Agro,Dal,41.9,KG,3771,Cleared
MDM003620,2025-07-01,SCH0371,Singh Agro,Wheat,,,,Pending
MDM006218,2026-02-20,SCH0225,Kumar Supplies,oil,0.716,BAG_50KG,4296,Pending
MDM002469,2026-01-07,SCH0219,S. Agro Works,Atta,,,1047,Paid
MDM008278,2026-01-05,SCH0325,S. Agro Works,Rice,0.404,BAG_50KG,808,Due
MDM010451,2025-10-11,SCH0506,Kumar General Store,Wheat,46700.0,G,1401,Paid
MDM005974,2025-04-07,SCH0355,Goyal Mill,oil,,,2376,
MDM003668,2025-06-14,SCH0088,Kumar General Store,Dal,19300.0,G,1737,Due
MDM005159,2026-03-23,SCH0569,Sharma Traders Pvt Ltd,Rice,0.6,BAG,1200,
MDM007595,2025-05-31,SCH0293,Singh Agro,Dal,17.6,KG,1584,Paid
MDM006977,2025-09-19,SCH0238,Goyal Enterprises,Wheat,48.1,KG,1443,Paid
MDM003424,2025-12-17,SCH0283,Kumar Supplies,Dal,1.066,SACK,4797,Pending
MDM008200,2026-02-26,SCH0100,Kumar Supplies,Rice,39800.0,G,,Paid
MDM002410,2025-11-05,SCH0458,Sharma Traders,Wheat,20.4,KG,612,Paid
MDM003213,2025-08-03,SCH0139,Sharma Traders,oil,,,6804,Pending
MDM010576,2025-06-15,SCH0494,Sharma Traders Pvt Ltd,Wheat,,,588,Due
MDM005367,2026-01-23,SCH0057,Kumar & Co.,Dal,45.9,KG,4131,
MDM009570,2025-07-18,SCH0391,Kumar Supplies,Wheat,,,1662,
MDM006594,2025-11-06,SCH0468,Singh Agro,Dal,0.202,SACK,909,Cleared
MDM002896,2025-08-31,SCH0106,Sharma Traders,Wheat,37700.0,G,1131,Paid
MDM011717,2025-04-14,SCH0531,Sharma Traders Pvt Ltd,Rice,0.7759999999999999,BAG,1552,Pending
MDM011377,2025-10-27,SCH0259,Goyal Mill,Wheat,0.992,BORI,1488,Cleared
MDM003643,2025-09-06,SCH0445,Sharma & Sons,Dal,,,3896,Paid
MDM009119,2025-10-04,SCH0507,Kumar General Store,Mustard Oil,17.5,KG,2100,Paid
MDM010363,2025-12-03,SCH0427,Goyal Rice Mill,Dal,29.1,KG,2619,Due
MDM011974,2026-02-14,SCH0308,Singh Brothers,Rice,11.2,KG,448,Due
MDM011068,2025-11-27,SCH0237,Singh Agro,Rice,13.6,KG,544,
MDM008549,2026-02-04,SCH0353,Singh Brothers,Atta,44.5,KG,1335,Paid
MDM005452,2025-07-20,SCH0340,S. Agro Works,Dal,,,3060,Paid
MDM007161,2026-02-20,SCH0445,Kumar & Co.,Wheat,50.5,KG,1515,Pending
MDM007867,2025-12-07,SCH0428,Sharma & Sons,Wheat,0.326,SACK,489,Pending
MDM002744,2025-07-22,SCH0024,S. Agro Works,Wheat,,,1671,Paid
MDM004959,2025-07-30,SCH0304,Goyal Rice Mill,Dal,0.8959999999999999,BORI,4032,Paid
MDM006475,2026-02-20,SCH0308,S. Agro Works,Wheat,,,885,Pending
MDM007889,2025-04-09,SCH0474,Singh Brothers,Dal,0.982,BAG,4419,Cleared
MDM000493,2025-08-04,SCH0381,Goyal Enterprises,Rice,59100.0,G,2364,Paid
MDM001117,2025-07-21,SCH0084,S. Agro Works,Rice,37600.0,G,,Due
MDM005638,2025-04-23,SCH0020,Goyal Rice Mill,Rice,44400.0,G,1776,Paid
MDM010847,2025-07-14,SCH0210,Kumar Supplies,Dal,,,3951,Pending
MDM009163,2025-08-07,SCH0474,Goyal Mill,Dal,48.4,KG,4356,Paid
MDM010635,2025-12-26,SCH0395,Singh Brothers,Cooking Oil,0.346,BAG,2076,Paid
MDM006590,2025-08-16,SCH0010,Singh Brothers,Dal,1.158,BORI,5211,Cleared
MDM011198,2025-07-27,SCH0321,Goyal Mill,Wheat,,,438,Due
MDM007558,2025-09-28,SCH0374,Sharma Traders Pvt Ltd,Cooking Oil,,,6576,Pending
MDM009888,2025-06-22,SCH0522,Goyal Rice Mill,Rice,38000.0,G,1520,Due
MDM005242,2025-11-19,SCH0573,Singh Brothers,Rice,42400.0,G,1696,Paid
MDM011413,2025-06-08,SCH0392,S. Agro Works,Dal,0.326,BORI,1467,Paid
MDM002784,2025-08-13,SCH0529,Kumar & Co.,Cooking Oil,1.014,BAG,6084,Due
MDM009108,2026-02-28,SCH0546,Sharma Traders Pvt Ltd,Rice,0.628,BAG_50KG,1256,Paid
MDM001697,2026-01-08,SCH0480,Goyal Mill,Rice,0.544,BAG_50KG,1088,Cleared
MDM005686,2025-09-22,SCH0277,Singh Brothers,Dal,,,3186,Paid
MDM002296,2025-12-18,SCH0244,Sharma Traders,Wheat,10.3,KG,309,Pending
MDM005940,2026-03-20,SCH0412,Goyal Rice Mill,Dal,,,1602,Pending
MDM007764,2025-10-29,SCH0034,Sharma Traders Pvt Ltd,Dal,1.182,BAG_50KG,5319,Paid
MDM003314,2026-03-05,SCH0060,Singh Agro,Dal,55.7,KG,5013,Paid
MDM004782,2025-12-20,SCH0456,Kumar General Store,Wheat,25.8,KG,774,
MDM008351,2025-06-11,SCH0144,Sharma Traders,Rice,1.106,BAG,2212,Due
MDM009215,2025-08-10,SCH0290,Kumar Supplies,Rice,,,1568,Pending
MDM007606,2025-07-24,SCH0596,Sharma Traders Pvt Ltd,Mustard Oil,52.0,KG,6240,Paid
MDM000216,2025-09-21,SCH0156,Kumar General Store,Dal,26500.0,G,2385,Paid
MDM006708,2025-09-14,SCH0345,Sharma Traders,Wheat,19.5,KG,585,Pending
MDM010181,2025-04-15,SCH0376,Goyal Mill,Dal,,,2970,Paid
MDM008683,2025-08-17,SCH0026,Goyal Enterprises,Wheat,28.5,KG,855,Cleared
MDM011279,2025-08-19,SCH0210,Kumar Supplies,Wheat,18.0,KG,540,Pending
MDM003484,2025-10-13,SCH0152,Kumar & Co.,Atta,18300.0,G,549,Paid
MDM007007,2026-03-31,SCH0014,S. Agro Works,Mustard Oil,51.5,KG,6180,Paid
MDM005103,2025-08-14,SCH0124,Goyal Enterprises,Cooking Oil,,,5760,Paid
MDM006600,2026-01-26,SCH0269,Goyal Mill,Cooking Oil,24.6,KG,2952,
MDM003765,2025-08-20,SCH0103,S. Agro Works,Rice,0.968,BAG,1936,Paid
MDM009813,2026-03-24,SCH0331,Singh Brothers,Dal,,,2547,Cleared
MDM006411,2026-01-02,SCH0172,Goyal Rice Mill,Dal,57.0,KG,5130,Paid
MDM009373,2025-05-31,SCH0396,Goyal Mill,Rice,27.0,KG,1080,Due
MDM000026,2026-01-28,SCH0267,Goyal Enterprises,Cooking Oil,,,4500,Paid
MDM007660,2025-04-22,SCH0245,Singh Brothers,Dal,,,4725,Pending
MDM010768,2025-10-10,SCH0248,Goyal Rice Mill,Wheat,55.8,KG,,Due
MDM011366,2025-10-23,SCH0213,Sharma Traders Pvt Ltd,Dal,1.054,BAG_50KG,4743,Pending
MDM010647,2025-04-01,SCH0245,Goyal Enterprises,Dal,46.9,KG,4221,Pending
MDM006684,2025-08-24,SCH0409,Goyal Mill,Wheat,51400.0,G,1542,
MDM010163,2025-10-03,SCH0117,Goyal Rice Mill,Cooking Oil,0.8,BORI,4800,Due
MDM008585,2025-11-17,SCH0474,Goyal Mill,Mustard Oil,51.2,KG,6144,Paid
MDM010725,2025-04-18,SCH0387,Kumar General Store,Wheat,52900.0,G,1587,Due
MDM010618,2025-09-14,SCH0074,Singh Agro,Wheat,19300.0,G,579,Paid
MDM011925,2026-03-22,SCH0458,Sharma Traders Pvt Ltd,oil,48.3,KG,5796,Pending
MDM010403,2026-01-10,SCH0383,Goyal Mill,Cooking Oil,33600.0,G,4032,Pending
MDM001103,2025-12-04,SCH0159,Singh Agro,Cooking Oil,,,2556,Paid
MDM003277,2025-07-29,SCH0177,S. Agro Works,Dal,,,5355,Paid
MDM005346,2025-08-07,SCH0089,Goyal Mill,Wheat,23000.0,G,690,Paid
MDM011205,2025-06-16,SCH0506,Kumar & Co.,Wheat,42400.0,G,1272,Pending
MDM010867,2025-06-03,SCH0441,Singh Agro,Dal,,,3438,Paid
MDM008387,2025-07-14,SCH0514,Goyal Enterprises,Mustard Oil,26.3,KG,3156,
MDM008836,2025-07-25,SCH0536,Kumar & Co.,Rice,1.078,BAG_50KG,2156,Cleared
MDM008983,2026-01-28,SCH0274,Sharma Traders Pvt Ltd,Rice,,,1660,Pending
MDM002208,2025-08-06,SCH0278,Sharma Traders,Atta,37.0,KG,1110,Due
MDM004553,2026-02-06,SCH0121,Sharma & Sons,Wheat,0.294,BORI,441,Due
MDM004403,2025-09-11,SCH0054,Kumar Supplies,Dal,32.5,KG,2925,Pending
MDM007396,2025-06-12,SCH0434,Goyal Mill,Rice,1.006,SACK,2012,Cleared
MDM003719,2025-05-05,SCH0224,Sharma & Sons,Rice,26.4,KG,1056,Pending
MDM000973,2025-07-23,SCH0335,Sharma Traders,Wheat,0.94,BAG_50KG,,Pending
MDM004580,2025-04-10,SCH0472,S. Agro Works,Rice,31400.0,G,1256,Paid
MDM006517,2025-05-12,SCH0457,Kumar & Co.,oil,51.7,KG,6204,Pending
MDM000720,2026-02-19,SCH0026,Singh Brothers,Rice,0.6579999999999999,BAG,1316,Paid
MDM006156,2025-09-05,SCH0504,Singh Agro,Dal,55800.0,G,5022,Paid
MDM011653,2025-10-07,SCH0477,Singh Brothers,Wheat,36.9,KG,1107,Pending
MDM002804,2025-12-07,SCH0454,Kumar & Co.,Dal,0.638,BAG,2871,Pending
MDM002567,2025-07-31,SCH0320,Kumar Supplies,Rice,0.508,BAG_50KG,1016,Due
MDM004026,2025-10-01,SCH0146,S. Agro Works,Cooking Oil,59.8,KG,7176,Due
MDM006199,2026-01-05,SCH0113,Goyal Mill,Mustard Oil,56600.0,G,6792,Pending
MDM008225,2025-06-21,SCH0267,Goyal Rice Mill,Wheat,35300.0,G,1059,Paid
MDM010910,2025-11-11,SCH0411,Goyal Mill,Rice,,,800,Due
MDM004064,2025-09-12,SCH0099,Sharma & Sons,Rice,,,1116,Paid
MDM002793,2025-05-14,SCH0027,Singh Agro,Dal,28.4,KG,2556,Pending
MDM002223,2025-04-11,SCH0264,Sharma Traders,Wheat,0.272,BAG,408,Due
MDM005819,2026-03-30,SCH0506,Sharma Traders,Dal,,,1350,Due
MDM003867,2025-05-14,SCH0025,Sharma Traders,Dal,15100.0,G,1359,
MDM008954,2025-04-17,SCH0058,Kumar & Co.,Wheat,45.9,KG,1377,Pending
MDM010702,2025-04-26,SCH0543,Sharma Traders,Wheat,0.92,BAG_50KG,1380,Due
MDM003228,2025-08-10,SCH0364,Kumar & Co.,Rice,15600.0,G,624,Due
MDM004215,2025-09-09,SCH0095,Goyal Rice Mill,Wheat,,,1128,Paid
MDM003924,2025-12-16,SCH0005,Kumar Supplies,Mustard Oil,13500.0,G,1620,Paid
MDM009235,2025-09-19,SCH0136,Kumar General Store,Mustard Oil,,,6564,Cleared
MDM001402,2026-03-31,SCH0517,Kumar General Store,Rice,32.0,KG,1280,Cleared
MDM007704,2026-02-07,SCH0424,Kumar General Store,Rice,,,1036,Paid
MDM004980,2025-11-06,SCH0156,Singh Brothers,Rice,,,1256,Paid
MDM003254,2025-05-26,SCH0470,Singh Agro,Rice,0.618,BAG,1236,
MDM010660,2025-04-06,SCH0553,Kumar & Co.,Wheat,45600.0,G,1368,Pending
MDM002662,2025-10-05,SCH0136,Goyal Enterprises,Cooking Oil,1.176,SACK,7056,
MDM002159,2025-08-22,SCH0570,Sharma Traders Pvt Ltd,Cooking Oil,0.304,BAG,1824,Due
MDM008579,2025-06-25,SCH0009,Sharma Traders,Cooking Oil,25.2,KG,3024,Paid
MDM008089,2025-08-16,SCH0351,Sharma Traders,Dal,,,4347,Pending
MDM000675,2026-03-31,SCH0186,Singh Brothers,Rice,12.8,KG,512,Pending
MDM011685,2026-01-25,SCH0391,Goyal Enterprises,Mustard Oil,1.078,SACK,6468,Pending
MDM007012,2026-02-08,SCH0560,Kumar & Co.,oil,0.392,BAG,2352,Cleared
MDM009089,2025-05-27,SCH0594,Kumar & Co.,Cooking Oil,0.218,SACK,1308,Pending
MDM003842,2025-04-29,SCH0447,Kumar Supplies,Dal,1.162,BAG,5229,Due
MDM001816,2025-09-07,SCH0568,Kumar & Co.,Cooking Oil,29100.0,G,3492,Paid
MDM010284,2026-03-12,SCH0025,Sharma & Sons,Mustard Oil,46.6,KG,5592,Pending
MDM002101,2025-05-09,SCH0496,S. Agro Works,Wheat,22800.0,G,684,Pending
MDM006709,2026-02-22,SCH0249,Goyal Rice Mill,Wheat,22.8,KG,684,Pending
MDM001674,2026-02-09,SCH0320,Goyal Rice Mill,Dal,,,2304,Paid
MDM004214,2026-01-16,SCH0147,Goyal Mill,Wheat,35800.0,G,1074,Pending
MDM009001,2025-05-18,SCH0193,Kumar & Co.,Wheat,,,1359,Pending
MDM001549,2025-11-11,SCH0328,Goyal Enterprises,Dal,,,4959,Pending
MDM010452,2025-12-08,SCH0439,Sharma & Sons,Mustard Oil,1.01,BAG_50KG,6060,Paid
MDM008548,2026-02-15,SCH0577,Kumar Supplies,Rice,,,1488,Pending
MDM005185,2026-02-10,SCH0487,Sharma Traders,Atta,23200.0,G,696,Paid
MDM001462,2026-03-15,SCH0538,Goyal Rice Mill,oil,,,4644,Paid
MDM011596,2025-06-19,SCH0052,S. Agro Works,Dal,25100.0,G,,
MDM003221,2025-11-21,SCH0359,Kumar Supplies,Rice,39.0,KG,1560,Pending
MDM011848,2025-05-30,SCH0412,Kumar & Co.,Mustard Oil,0.286,BORI,1716,Paid
MDM007171,2025-07-20,SCH0071,Goyal Enterprises,oil,26.3,KG,3156,Pending
MDM007431,2026-03-18,SCH0179,Kumar & Co.,Dal,0.222,BAG_50KG,999,Pending
MDM001752,2025-11-12,SCH0247,Goyal Mill,Wheat,,,1728,Paid
MDM003977,2026-02-02,SCH0557,Singh Brothers,Cooking Oil,20800.0,G,2496,Pending
MDM008354,2025-07-27,SCH0223,Sharma Traders,Dal,32.1,KG,2889,Pending
MDM001773,2025-09-06,SCH0266,Kumar General Store,Wheat,32000.0,G,960,Cleared
MDM002017,2025-09-10,SCH0193,Goyal Rice Mill,Wheat,30.7,KG,921,Paid
MDM002006,2025-12-30,SCH0307,Kumar Supplies,Dal,,,1494,Cleared
MDM003894,2025-05-26,SCH0540,Sharma & Sons,Cooking Oil,,,6264,
MDM003238,2025-10-09,SCH0290,Kumar Supplies,Atta,0.67,BAG_50KG,1005,Cleared
MDM004425,2025-09-15,SCH0298,Singh Agro,Mustard Oil,55.9,KG,6708,Due
MDM008589,2025-09-20,SCH0013,Goyal Enterprises,Wheat,37500.0,G,1125,Pending
MDM002258,2025-09-28,SCH0479,Goyal Mill,oil,0.976,BAG,5856,Cleared
MDM004073,2026-02-14,SCH0315,Goyal Rice Mill,Cooking Oil,,,4944,Due
MDM005575,2026-03-11,SCH0151,Kumar & Co.,Dal,46.2,KG,4158,Cleared
MDM011748,2025-05-05,SCH0073,Singh Brothers,Rice,50.0,KG,2000,Pending
MDM005356,2026-02-11,SCH0450,Sharma Traders Pvt Ltd,Rice,35400.0,G,,Due
MDM008419,2025-06-22,SCH0056,S. Agro Works,Dal,29.0,KG,2610,Paid
MDM006094,2025-12-18,SCH0468,Sharma Traders,Rice,1.2,BORI,2400,Pending
MDM007936,2025-05-23,SCH0057,Singh Brothers,Rice,52.6,KG,2104,Cleared
MDM011734,2025-07-29,SCH0333,Kumar Supplies,Mustard Oil,17200.0,G,2064,Pending
MDM001520,2026-03-17,SCH0099,Kumar & Co.,Dal,48.3,KG,4347,
MDM010105,2025-11-09,SCH0084,Kumar Supplies,Mustard Oil,,,6288,Due
MDM001379,2025-11-27,SCH0038,Goyal Rice Mill,Rice,13.5,KG,540,Pending
MDM005673,2025-11-19,SCH0036,Goyal Rice Mill,Atta,,,1680,Pending
MDM002588,2025-05-09,SCH0042,Kumar General Store,oil,,,4572,Paid
MDM005622,2025-07-20,SCH0458,Sharma Traders Pvt Ltd,Rice,,,1660,Paid
MDM010179,2025-07-05,SCH0203,Singh Brothers,Rice,27500.0,G,1100,Due
MDM005843,2025-10-15,SCH0547,Singh Agro,Dal,0.48,BAG,2160,Cleared
MDM007123,2025-10-29,SCH0007,Sharma Traders Pvt Ltd,Rice,,,2192,Cleared
MDM005833,2025-06-07,SCH0491,Sharma Traders Pvt Ltd,Cooking Oil,25.0,KG,3000,Paid
MDM004889,2025-05-26,SCH0330,Singh Brothers,Dal,1.094,BAG,4923,Paid
MDM005905,2025-05-25,SCH0100,Sharma & Sons,Rice,36.3,KG,,Paid
MDM000523,2025-08-15,SCH0030,Goyal Rice Mill,Dal,,,,
MDM008044,2025-06-02,SCH0188,Sharma & Sons,Wheat,14.4,KG,432,Pending
MDM003608,2025-12-15,SCH0508,Kumar General Store,Wheat,0.494,BORI,741,Paid
MDM000235,2026-01-14,SCH0585,Goyal Enterprises,Rice,47600.0,G,1904,Cleared
MDM003797,2025-07-08,SCH0309,Singh Agro,Dal,48700.0,G,4383,Paid
MDM006319,2025-12-20,SCH0065,Sharma Traders Pvt Ltd,Dal,13500.0,G,1215,Due
MDM007095,2025-08-30,SCH0224,Kumar & Co.,Rice,1.112,SACK,2224,Paid
MDM001949,2025-08-22,SCH0370,Goyal Mill,Rice,,,520,Due
MDM006362,2025-06-18,SCH0108,S. Agro Works,Mustard Oil,22.8,KG,2736,Paid
MDM011613,2026-01-25,SCH0044,Kumar Supplies,Rice,0.872,BAG,1744,
MDM006092,2026-03-06,SCH0252,Goyal Rice Mill,Rice,1.074,BAG,2148,Paid
MDM011220,2025-07-24,SCH0083,Goyal Rice Mill,Dal,12.2,KG,1098,Paid
MDM002225,2025-09-03,SCH0381,Sharma Traders Pvt Ltd,Rice,52000.0,G,2080,Pending
MDM005572,2025-09-13,SCH0444,Goyal Rice Mill,Atta,,,1161,Paid
MDM004524,2025-09-16,SCH0422,Sharma Traders,Rice,18800.0,G,752,Paid
MDM005794,2025-06-05,SCH0233,S. Agro Works,Rice,45.7,KG,1828,Paid
MDM010854,2026-03-15,SCH0028,Kumar General Store,Dal,22.3,KG,2007,Cleared
MDM005739,2026-01-18,SCH0305,Goyal Enterprises,Dal,,,3969,Due
MDM002625,2025-04-18,SCH0508,Goyal Enterprises,Wheat,1.16,BAG_50KG,1740,
MDM004729,2025-08-28,SCH0511,Sharma Traders,Rice,26200.0,G,1048,Due
MDM007819,2025-05-27,SCH0578,Kumar General Store,Rice,0.856,SACK,1712,Due
MDM008860,2025-06-26,SCH0224,Goyal Enterprises,Rice,,,556,Pending
MDM011259,2025-05-30,SCH0379,Sharma Traders Pvt Ltd,Dal,,,1080,Paid
MDM011874,2025-12-25,SCH0017,Goyal Enterprises,Mustard Oil,25300.0,G,3036,Paid
MDM002438,2026-03-06,SCH0425,Goyal Mill,Dal,,,3807,Paid
MDM006057,2025-09-05,SCH0241,Sharma & Sons,Atta,,,693,Cleared
MDM006353,2026-01-10,SCH0402,Kumar General Store,Mustard Oil,1.174,BORI,7044,Pending
MDM003168,2026-01-11,SCH0334,Sharma Traders,Dal,,,2241,Pending
MDM001810,2025-12-22,SCH0108,Sharma & Sons,Dal,,,3762,Due
MDM010007,2026-03-22,SCH0330,Kumar & Co.,Wheat,39900.0,G,1197,Pending
MDM007162,2025-09-18,SCH0351,Sharma Traders,Dal,1.05,SACK,4725,Cleared
MDM005087,2026-03-23,SCH0290,Singh Agro,Wheat,15400.0,G,462,Pending
MDM009960,2025-07-18,SCH0265,Goyal Rice Mill,Dal,30.8,KG,,Paid
MDM007017,2025-08-01,SCH0035,Sharma & Sons,Rice,,,1384,Paid
MDM009642,2025-05-04,SCH0203,Kumar Supplies,Mustard Oil,,,1320,Pending
MDM004946,2025-11-04,SCH0224,S. Agro Works,Wheat,0.682,SACK,1023,
MDM006047,2025-05-21,SCH0079,Sharma & Sons,Mustard Oil,,,1596,Pending
MDM011435,2025-04-28,SCH0262,Sharma Traders Pvt Ltd,Dal,21.8,KG,,Pending
MDM006920,2026-02-25,SCH0073,Sharma Traders Pvt Ltd,Rice,,,780,Due
MDM005591,2026-01-18,SCH0239,Goyal Enterprises,Rice,58800.0,G,2352,Paid
MDM007227,2025-06-30,SCH0213,Sharma Traders Pvt Ltd,Dal,0.472,BAG,2124,Pending
MDM001229,2025-06-12,SCH0249,Kumar Supplies,Dal,49000.0,G,4410,
MDM009530,2026-01-01,SCH0289,Kumar Supplies,Dal,,,1188,
MDM006847,2025-05-03,SCH0023,S. Agro Works,Wheat,,,1287,Cleared
MDM008245,2025-07-13,SCH0238,S. Agro Works,Dal,45600.0,G,4104,Paid
MDM006556,2026-03-30,SCH0566,Goyal Mill,Dal,26.0,KG,,Cleared
MDM000160,2025-08-07,SCH0060,Goyal Enterprises,Mustard Oil,19.5,KG,2340,Pending
MDM008852,2025-11-27,SCH0244,Goyal Mill,Cooking Oil,39.0,KG,4680,Paid
MDM001590,2026-02-27,SCH0370,S. Agro Works,Atta,,,792,Pending
MDM011721,2025-07-01,SCH0050,Kumar Supplies,Dal,50.9,KG,4581,Pending
MDM011698,2025-08-24,SCH0062,Goyal Enterprises,Wheat,0.6659999999999999,SACK,999,
MDM011529,2025-11-15,SCH0125,Sharma & Sons,Dal,0.978,BAG,4401,Paid
MDM006688,2025-06-10,SCH0427,Kumar & Co.,Rice,0.93,BAG,1860,Paid
MDM011542,2025-07-27,SCH0452,Singh Brothers,Rice,0.76,SACK,1520,Paid
MDM009315,2025-05-18,SCH0520,Sharma & Sons,Wheat,0.508,BAG,762,Paid
MDM007481,2025-12-27,SCH0053,S. Agro Works,Wheat,52100.0,G,1563,Paid
MDM011438,2025-11-24,SCH0042,Sharma & Sons,Atta,46.7,KG,1401,Due
MDM001557,2026-03-10,SCH0272,Kumar General Store,Atta,,,1107,Paid
MDM002829,2026-02-01,SCH0185,Kumar General Store,Rice,36.9,KG,1476,Pending
MDM000437,2025-08-03,SCH0180,Sharma Traders Pvt Ltd,Wheat,,,1635,Due
MDM005790,2026-03-27,SCH0081,Goyal Mill,Wheat,,,780,Pending
MDM010087,2025-07-17,SCH0024,Kumar Supplies,Rice,,,408,Pending
MDM001589,2025-06-07,SCH0105,Singh Brothers,Mustard Oil,0.8079999999999999,SACK,4848,Due
MDM007399,2026-01-01,SCH0153,S. Agro Works,Wheat,53800.0,G,1614,Pending
MDM002781,2025-04-05,SCH0422,Goyal Enterprises,Mustard Oil,,,2748,Paid
MDM011790,2025-07-20,SCH0119,Sharma & Sons,Atta,,,1710,Paid
MDM005687,2025-08-11,SCH0188,Goyal Rice Mill,Rice,23.4,KG,936,Paid
MDM003966,2025-11-28,SCH0099,Sharma & Sons,Wheat,,,981,Due
MDM004728,2025-08-13,SCH0134,Kumar & Co.,Rice,0.588,BORI,1176,Due
MDM001239,2026-01-30,SCH0485,Kumar Supplies,Dal,48.1,KG,4329,Pending
MDM002952,2025-04-12,SCH0194,Goyal Mill,Dal,19.3,KG,1737,Due
MDM009433,2025-05-12,SCH0137,Goyal Rice Mill,Dal,0.8320000000000001,BAG,3744,Pending
MDM009559,2026-02-23,SCH0486,Sharma Traders Pvt Ltd,Dal,0.872,BORI,3924,Paid
MDM001498,2025-11-20,SCH0117,Sharma Traders,Rice,,,536,Paid
MDM006466,2025-10-12,SCH0234,Kumar & Co.,Atta,41400.0,G,1242,Pending
MDM007356,2025-08-09,SCH0495,Kumar & Co.,Mustard Oil,15500.0,G,1860,Paid
MDM007824,2026-01-08,SCH0437,Kumar & Co.,Atta,39.1,KG,1173,Due
MDM007548,2025-08-17,SCH0144,Sharma Traders Pvt Ltd,Wheat,,,483,Pending
MDM007914,2025-09-23,SCH0174,S. Agro Works,Dal,,,954,Pending
MDM011680,2025-05-23,SCH0515,Sharma Traders,Rice,,,1100,Paid
MDM005186,2026-03-02,SCH0450,Kumar Supplies,Atta,,,855,
MDM005648,2025-09-04,SCH0575,Goyal Rice Mill,Dal,0.68,BAG,3060,
MDM011606,2026-02-22,SCH0038,Goyal Rice Mill,Dal,,,3888,
MDM005243,2026-03-04,SCH0101,Goyal Enterprises,Wheat,0.698,BAG,1047,Paid
MDM002131,2025-09-25,SCH0431,Goyal Mill,Dal,33400.0,G,3006,Paid
MDM002093,2025-05-04,SCH0144,Sharma Traders Pvt Ltd,Dal,0.464,BAG,2088,Due
MDM005410,2025-12-08,SCH0406,Singh Agro,Rice,34.9,KG,1396,Cleared
MDM000188,2025-07-22,SCH0096,Sharma Traders Pvt Ltd,Cooking Oil,0.924,SACK,5544,Pending
MDM007939,2025-08-21,SCH0587,Singh Agro,Rice,,,700,Pending
MDM003656,2026-02-22,SCH0109,Kumar General Store,Mustard Oil,40800.0,G,4896,Pending
MDM003427,2026-02-09,SCH0342,Sharma Traders,Rice,28.1,KG,1124,
MDM009486,2025-05-24,SCH0022,Sharma Traders Pvt Ltd,Wheat,29200.0,G,876,
MDM001382,2025-12-19,SCH0373,Goyal Mill,Wheat,0.72,BAG_50KG,1080,Paid
MDM009658,2025-06-29,SCH0163,Sharma Traders,Atta,46000.0,G,1380,Paid
MDM008606,2025-05-16,SCH0342,S. Agro Works,Dal,,,5265,Paid
MDM007428,2025-07-15,SCH0495,Singh Brothers,Wheat,59800.0,G,1794,
MDM005038,2025-06-05,SCH0154,Sharma Traders,Dal,17300.0,G,1557,Pending
MDM004898,2025-04-18,SCH0312,S. Agro Works,oil,,,5148,Due
MDM003176,2025-07-16,SCH0455,Kumar Supplies,Rice,0.3,BAG_50KG,600,Cleared
MDM009860,2025-05-19,SCH0476,Goyal Mill,Dal,,,1116,Pending
MDM008449,2025-04-22,SCH0362,Sharma & Sons,Wheat,10700.0,G,321,Due
MDM009800,2026-02-04,SCH0051,Kumar General Store,Dal,16500.0,G,1485,Pending
MDM002236,2026-03-17,SCH0198,Singh Brothers,Dal,,,2385,
MDM008069,2025-10-17,SCH0367,Kumar Supplies,Dal,40.5,KG,3645,Paid
MDM004237,2025-09-10,SCH0358,Goyal Enterprises,Wheat,55.2,KG,1656,Cleared
MDM010729,2025-08-06,SCH0147,Kumar General Store,Mustard Oil,52800.0,G,6336,Cleared
MDM010433,2025-10-11,SCH0461,Goyal Rice Mill,Dal,57.3,KG,5157,Pending
MDM000025,2025-06-11,SCH0150,Goyal Mill,Mustard Oil,16900.0,G,2028,
MDM003364,2026-02-08,SCH0001,Sharma Traders Pvt Ltd,Dal,,,,Pending
MDM001089,2025-11-21,SCH0297,Singh Brothers,Atta,1.038,BAG,1557,Paid
MDM008734,2025-04-23,SCH0348,Kumar General Store,Wheat,,,1569,Paid
MDM011306,2025-09-11,SCH0139,Sharma Traders,Dal,15.3,KG,1377,
MDM002842,2026-01-18,SCH0288,Goyal Enterprises,Wheat,30.9,KG,927,Due
MDM007538,2025-05-29,SCH0033,Kumar & Co.,Dal,,,4536,Pending
MDM007471,2025-06-08,SCH0361,Kumar & Co.,Wheat,1.14,BORI,1710,Pending
MDM011511,2025-10-01,SCH0096,Goyal Rice Mill,Mustard Oil,46.8,KG,5616,Pending
MDM004153,2025-11-03,SCH0531,Singh Agro,Wheat,,,1419,
MDM000696,2025-08-26,SCH0163,Goyal Mill,Dal,1.1,BAG,4950,Paid
MDM011335,2025-05-12,SCH0093,Sharma Traders,Wheat,31.2,KG,936,Pending
MDM006338,2025-10-17,SCH0077,Goyal Rice Mill,Wheat,,,726,Paid
MDM001228,2025-12-02,SCH0488,Goyal Rice Mill,Dal,,,1098,
MDM002000,2026-01-02,SCH0529,Goyal Mill,Wheat,,,1260,Paid
MDM000277,2025-11-16,SCH0468,Singh Brothers,Wheat,21900.0,G,657,Due
MDM005930,2025-05-13,SCH0379,Goyal Rice Mill,Mustard Oil,,,5220,
MDM002954,2025-07-04,SCH0144,Kumar & Co.,Mustard Oil,1.016,BAG,6096,Due
MDM003638,2026-01-10,SCH0249,Goyal Enterprises,oil,,,1476,Paid
MDM003907,2025-05-02,SCH0220,Goyal Rice Mill,Rice,25.9,KG,1036,Pending
MDM004779,2025-12-17,SCH0286,Goyal Mill,oil,17400.0,G,2088,Pending
MDM005846,2026-01-02,SCH0318,Kumar & Co.,Cooking Oil,0.456,BAG,2736,Paid
MDM011985,2025-04-04,SCH0291,Sharma & Sons,Cooking Oil,29.3,KG,3516,
MDM004118,2025-04-21,SCH0494,S. Agro Works,Mustard Oil,46.9,KG,5628,Pending
MDM001138,2026-03-07,SCH0483,Sharma & Sons,Wheat,,,1338,Cleared
MDM002768,2025-05-14,SCH0532,Kumar Supplies,oil,34.7,KG,4164,Due
MDM008183,2025-07-02,SCH0364,Kumar General Store,Rice,45.5,KG,1820,Paid
MDM009811,2025-07-11,SCH0034,Singh Brothers,Rice,29.1,KG,,Pending
MDM007662,2025-12-07,SCH0142,Singh Brothers,Mustard Oil,1.002,BAG,6012,Cleared
MDM009199,2025-11-20,SCH0517,S. Agro Works,Rice,0.8240000000000001,BAG,1648,Due
MDM002491,2025-07-17,SCH0516,Sharma Traders,Rice,10800.0,G,432,Paid
MDM011964,2026-02-19,SCH0223,Singh Agro,Wheat,23.7,KG,711,
MDM007743,2025-04-13,SCH0216,Sharma Traders Pvt Ltd,Rice,26.5,KG,1060,Paid
MDM003936,2025-04-04,SCH0536,Sharma & Sons,Mustard Oil,0.486,SACK,2916,Paid
MDM002385,2025-09-29,SCH0597,Goyal Rice Mill,Atta,20.5,KG,615,Cleared
MDM008017,2026-02-12,SCH0080,Sharma Traders,Atta,38.9,KG,1167,Pending
MDM007085,2026-01-21,SCH0385,Kumar & Co.,Dal,14.3,KG,1287,Cleared
MDM000116,2025-04-16,SCH0462,Singh Brothers,Cooking Oil,53.4,KG,6408,Paid
MDM001864,2026-01-21,SCH0012,Kumar & Co.,Atta,33.3,KG,999,Pending
MDM003120,2025-08-12,SCH0204,Kumar & Co.,Dal,,,2637,Pending
MDM004259,2025-06-30,SCH0006,Sharma Traders Pvt Ltd,Rice,,,576,Paid
MDM011401,2025-06-02,SCH0558,Kumar Supplies,Dal,,,2700,Due
MDM010448,2025-11-17,SCH0543,Goyal Enterprises,oil,,,6396,Due
MDM002820,2026-01-03,SCH0348,Singh Brothers,Rice,1.044,BORI,2088,Cleared
MDM009431,2026-03-23,SCH0548,Singh Brothers,Rice,,,2356,Due
MDM009290,2026-01-11,SCH0569,Sharma Traders,Mustard Oil,0.544,SACK,3264,Due
MDM011221,2025-05-10,SCH0068,Sharma & Sons,Rice,0.848,BAG,1696,Due
MDM004700,2026-02-26,SCH0337,Kumar General Store,Mustard Oil,22000.0,G,2640,Pending
MDM003803,2026-01-18,SCH0440,Goyal Enterprises,Mustard Oil,36.3,KG,4356,Paid
MDM006069,2026-02-26,SCH0556,Sharma Traders,Dal,,,2376,Due
MDM003537,2026-02-10,SCH0507,Kumar Supplies,oil,27.7,KG,3324,Pending
MDM003826,2025-05-12,SCH0196,Kumar General Store,Mustard Oil,,,4884,Cleared
MDM006643,2025-05-17,SCH0077,Kumar General Store,Wheat,51000.0,G,1530,Due
MDM001947,2025-04-14,SCH0256,S. Agro Works,Rice,,,1076,Paid
MDM010784,2026-03-29,SCH0539,Kumar Supplies,Wheat,26000.0,G,780,Due
MDM009441,2026-01-02,SCH0329,Goyal Mill,Mustard Oil,13.9,KG,1668,Paid
MDM010300,2025-06-06,SCH0134,Goyal Mill,Cooking Oil,,,4476,Pending
MDM007270,2025-11-02,SCH0090,Sharma & Sons,Cooking Oil,35000.0,G,4200,Paid
MDM009932,2025-07-04,SCH0133,S. Agro Works,Rice,,,1844,Paid
MDM007930,2026-02-16,SCH0161,Sharma & Sons,Dal,0.6579999999999999,BAG_50KG,2961,Due
MDM007167,2026-03-09,SCH0150,Sharma Traders Pvt Ltd,Dal,,,990,Paid
MDM006964,2025-12-24,SCH0315,S. Agro Works,Cooking Oil,30.8,KG,3696,Pending
MDM005868,2025-08-05,SCH0275,Singh Agro,Mustard Oil,43.8,KG,5256,
MDM004762,2025-12-13,SCH0055,Goyal Enterprises,Wheat,40.2,KG,1206,Pending
MDM000883,2026-03-29,SCH0600,Sharma Traders,Mustard Oil,48.8,KG,5856,
MDM000558,2025-04-17,SCH0256,Singh Brothers,Dal,55700.0,G,5013,Paid
MDM010026,2025-04-13,SCH0219,Sharma Traders Pvt Ltd,Mustard Oil,55.7,KG,6684,
MDM001208,2025-07-01,SCH0457,Sharma Traders Pvt Ltd,oil,31.6,KG,3792,Pending
MDM007685,2025-11-11,SCH0306,S. Agro Works,Rice,39.3,KG,1572,
MDM009667,2025-07-27,SCH0294,Kumar & Co.,Rice,47.2,KG,1888,
MDM006539,2025-08-10,SCH0107,Kumar General Store,Dal,,,4032,Cleared
MDM003212,2025-08-03,SCH0155,Kumar General Store,Rice,,,2392,Paid
MDM003631,2026-03-30,SCH0003,Sharma Traders,Rice,0.9640000000000001,BORI,1928,Pending
MDM001709,2025-09-28,SCH0449,Kumar Supplies,Rice,,,2056,Pending
MDM008459,2025-07-29,SCH0021,Kumar Supplies,Wheat,0.95,BAG,1425,Due
MDM001141,2025-08-24,SCH0568,Goyal Mill,Cooking Oil,57.0,KG,6840,
MDM003163,2025-04-13,SCH0459,Singh Brothers,Wheat,27600.0,G,828,Paid
MDM006208,2025-09-12,SCH0264,Goyal Mill,Dal,,,1665,Due
MDM003731,2026-03-17,SCH0368,Kumar Supplies,Dal,21.1,KG,1899,Due
MDM002661,2025-06-01,SCH0414,Goyal Rice Mill,Wheat,22500.0,G,675,Pending
MDM008849,2025-06-27,SCH0125,Kumar & Co.,Mustard Oil,,,6168,Pending
MDM001308,2026-03-16,SCH0549,Kumar Supplies,Wheat,12.3,KG,369,Due
MDM002568,2025-05-07,SCH0216,Singh Brothers,Wheat,0.254,SACK,381,Pending
MDM002835,2025-05-04,SCH0379,Kumar & Co.,Dal,,,5364,Due
MDM011830,2025-08-19,SCH0349,Singh Agro,Mustard Oil,37200.0,G,4464,Pending
MDM002152,2026-01-27,SCH0112,Kumar & Co.,Dal,24800.0,G,2232,Paid
MDM003836,2025-10-19,SCH0417,Goyal Enterprises,Mustard Oil,,,3372,Due
MDM011982,2025-06-20,SCH0268,S. Agro Works,oil,46.0,KG,5520,Paid
MDM009482,2026-01-28,SCH0598,Singh Brothers,Wheat,,,816,Pending
MDM005005,2025-09-16,SCH0082,Kumar Supplies,Cooking Oil,0.36,SACK,2160,Paid
MDM006627,2025-04-11,SCH0421,Singh Agro,Dal,41.4,KG,3726,Cleared
MDM001628,2025-08-18,SCH0544,Singh Brothers,Cooking Oil,46.3,KG,5556,Pending
MDM009895,2026-01-03,SCH0063,Kumar & Co.,oil,57000.0,G,6840,Pending
MDM000359,2026-03-09,SCH0287,Kumar Supplies,Wheat,43.7,KG,,Pending
MDM000139,2025-07-24,SCH0037,S. Agro Works,Rice,,,,Pending
MDM008492,2025-05-29,SCH0459,Goyal Enterprises,Wheat,44.5,KG,1335,Paid
MDM000383,2025-05-27,SCH0421,Goyal Enterprises,Rice,,,1712,Due
MDM004858,2025-07-21,SCH0507,Kumar & Co.,Dal,0.794,BAG,3573,Pending
MDM011479,2025-07-04,SCH0566,Goyal Rice Mill,Wheat,,,990,Paid
MDM001440,2025-09-07,SCH0357,S. Agro Works,Wheat,49.5,KG,1485,Paid
MDM000947,2025-09-04,SCH0208,S. Agro Works,Atta,49200.0,G,1476,Pending
MDM005499,2025-09-11,SCH0342,Kumar Supplies,Rice,12400.0,G,496,Due
MDM004917,2025-09-04,SCH0275,Singh Brothers,oil,,,5616,Pending
MDM008557,2025-05-22,SCH0581,Kumar General Store,Wheat,17.9,KG,537,Paid
MDM001933,2025-05-22,SCH0274,Sharma Traders,oil,34100.0,G,4092,Due
MDM002353,2025-06-23,SCH0134,Sharma & Sons,Dal,0.36,BAG_50KG,1620,Paid
MDM003237,2025-10-20,SCH0253,Kumar & Co.,Wheat,1.168,BAG,1752,Due
MDM010224,2025-11-15,SCH0558,Kumar General Store,Dal,34500.0,G,3105,Due
MDM003808,2026-01-05,SCH0569,Sharma Traders,Dal,41.1,KG,3699,
MDM001937,2025-08-03,SCH0102,Kumar & Co.,Rice,,,892,Due
MDM010996,2025-05-31,SCH0418,Sharma Traders,Rice,,,696,
MDM004155,2025-08-18,SCH0345,Goyal Mill,Dal,,,1323,Paid
MDM008989,2026-03-28,SCH0041,Singh Agro,Rice,,,1740,Pending
MDM002417,2026-01-21,SCH0526,Goyal Mill,oil,0.204,SACK,1224,Cleared
MDM006140,2026-02-17,SCH0426,Kumar General Store,oil,30.6,KG,3672,Pending
MDM000786,2025-05-11,SCH0159,Sharma Traders Pvt Ltd,Dal,47900.0,G,4311,Pending
MDM006790,2025-12-30,SCH0357,Sharma & Sons,Wheat,44.5,KG,1335,Pending
MDM008037,2025-07-22,SCH0542,Goyal Enterprises,Dal,30500.0,G,2745,Pending
MDM008316,2025-09-28,SCH0164,Kumar & Co.,Wheat,12.3,KG,369,
MDM011689,2026-01-05,SCH0295,Kumar Supplies,Dal,0.312,SACK,1404,Pending
MDM005669,2025-05-15,SCH0062,Kumar & Co.,Mustard Oil,0.526,SACK,3156,Paid
MDM002173,2026-02-15,SCH0375,Kumar General Store,Rice,34200.0,G,1368,Paid
MDM002170,2025-10-19,SCH0457,Kumar Supplies,Mustard Oil,,,2460,Paid
MDM006629,2025-11-11,SCH0286,Goyal Mill,Rice,,,2396,Cleared
MDM004010,2025-06-24,SCH0141,S. Agro Works,Atta,0.8079999999999999,BORI,1212,Pending
MDM004341,2025-06-28,SCH0554,Goyal Enterprises,Wheat,48.4,KG,1452,Cleared
MDM000911,2025-10-30,SCH0253,Sharma Traders Pvt Ltd,Dal,16500.0,G,1485,Cleared
MDM006269,2025-10-18,SCH0160,Singh Agro,Wheat,19400.0,G,582,Pending
MDM002310,2026-02-03,SCH0228,Sharma & Sons,Wheat,20.1,KG,603,Pending
MDM006592,2025-10-05,SCH0147,Goyal Rice Mill,Rice,,,1028,Paid
MDM004459,2026-01-29,SCH0584,Kumar Supplies,oil,46.2,KG,5544,Pending
MDM007598,2025-05-15,SCH0128,Goyal Mill,Dal,0.424,BAG,1908,Cleared
MDM009508,2025-09-22,SCH0543,Kumar & Co.,Rice,,,1728,Pending
MDM011530,2026-01-22,SCH0022,Kumar General Store,Cooking Oil,,,6780,Cleared
MDM004653,2025-08-30,SCH0131,Sharma Traders Pvt Ltd,Dal,38300.0,G,3447,Pending
MDM006219,2025-06-30,SCH0402,Kumar & Co.,Wheat,,,1305,Paid
MDM000443,2025-08-08,SCH0344,S. Agro Works,Wheat,0.7440000000000001,BAG_50KG,1116,Cleared
MDM003416,2025-06-08,SCH0071,S. Agro Works,Rice,34700.0,G,1388,
MDM010802,2025-10-31,SCH0460,Sharma Traders Pvt Ltd,Atta,58500.0,G,1755,Paid
MDM009481,2025-04-25,SCH0520,Kumar General Store,Atta,43.0,KG,,Paid
MDM009694,2025-07-15,SCH0310,Kumar General Store,Mustard Oil,,,3696,Paid
MDM005745,2025-10-28,SCH0174,Sharma Traders Pvt Ltd,Atta,,,642,Cleared
MDM001055,2025-08-14,SCH0064,Kumar General Store,Wheat,,,1122,Pending
MDM003700,2026-03-17,SCH0282,Sharma Traders Pvt Ltd,Rice,14.7,KG,588,
MDM000930,2025-04-24,SCH0060,Goyal Mill,Dal,52.9,KG,4761,Due
MDM006469,2026-01-01,SCH0187,Goyal Rice Mill,oil,39.4,KG,4728,
MDM008768,2025-06-29,SCH0253,Kumar Supplies,Rice,,,616,
MDM001830,2025-11-22,SCH0069,Sharma Traders,Rice,1.104,SACK,2208,Cleared
MDM009565,2025-05-11,SCH0070,Singh Agro,Cooking Oil,,,,Pending
MDM010058,2026-01-01,SCH0031,Sharma Traders,Mustard Oil,23.3,KG,2796,
MDM002012,2025-12-27,SCH0221,Kumar General Store,Wheat,,,777,Pending
MDM000914,2025-11-06,SCH0470,Singh Brothers,Rice,47700.0,G,1908,Pending
MDM007612,2025-06-12,SCH0193,Singh Brothers,Dal,51700.0,G,4653,Pending
MDM010173,2026-02-25,SCH0457,Goyal Mill,Dal,,,3771,Pending
MDM009527,2026-02-09,SCH0299,S. Agro Works,Dal,,,4968,Cleared
MDM002607,2026-02-03,SCH0151,Goyal Rice Mill,Wheat,0.37,BAG,555,Pending
MDM004929,2025-11-13,SCH0533,Sharma Traders Pvt Ltd,Wheat,19.8,KG,594,Pending
MDM006565,2025-04-29,SCH0331,Kumar General Store,Dal,30.6,KG,2754,Paid
MDM010106,2025-11-15,SCH0316,Kumar General Store,Rice,,,1864,Due
MDM000007,2026-01-09,SCH0547,S. Agro Works,Rice,18.0,KG,720,Due
MDM007836,2025-07-10,SCH0155,Sharma Traders Pvt Ltd,Dal,56.1,KG,5049,
MDM006584,2025-06-21,SCH0340,Kumar Supplies,Dal,,,2439,Pending
MDM003362,2026-03-13,SCH0478,Goyal Enterprises,Wheat,21800.0,G,654,
MDM009645,2026-01-20,SCH0153,Singh Agro,Rice,38200.0,G,1528,Pending
MDM001636,2025-08-07,SCH0024,Sharma & Sons,Wheat,43000.0,G,1290,Pending
MDM001142,2025-07-08,SCH0350,Kumar General Store,Dal,,,2241,Cleared
MDM000360,2025-08-20,SCH0169,Kumar General Store,Cooking Oil,43.7,KG,5244,Due
MDM002071,2025-10-08,SCH0257,Sharma & Sons,Wheat,16300.0,G,489,Pending
MDM003135,2025-05-25,SCH0413,Goyal Mill,Rice,1.112,BAG,2224,Pending
MDM005161,2025-06-17,SCH0217,Kumar General Store,Atta,,,1428,Cleared
MDM006991,2025-12-04,SCH0210,Sharma & Sons,Rice,15900.0,G,636,
MDM003244,2025-04-30,SCH0258,Singh Brothers,Mustard Oil,38600.0,G,4632,Paid
MDM002243,2026-01-07,SCH0223,Goyal Rice Mill,oil,0.276,SACK,1656,Paid
MDM001475,2026-01-25,SCH0124,Sharma & Sons,Rice,50900.0,G,2036,Cleared
MDM010608,2026-02-09,SCH0123,Kumar Supplies,Atta,17000.0,G,510,Paid
MDM003260,2025-11-11,SCH0157,Goyal Rice Mill,oil,,,2736,Cleared
MDM004021,2025-09-24,SCH0316,Goyal Rice Mill,Dal,0.3,BORI,1350,Paid
MDM010909,2025-05-29,SCH0226,Kumar General Store,oil,0.648,BAG,3888,Paid
MDM008567,2025-04-14,SCH0561,Sharma & Sons,Cooking Oil,22300.0,G,2676,Cleared
MDM003501,2026-01-15,SCH0074,Sharma & Sons,oil,51900.0,G,6228,Due
MDM002659,2026-03-01,SCH0531,Goyal Enterprises,Rice,,,1932,Pending
MDM010515,2026-01-28,SCH0410,Sharma & Sons,Wheat,0.784,SACK,1176,Pending
MDM001131,2025-11-11,SCH0446,Sharma & Sons,Wheat,49.2,KG,1476,Pending
MDM001820,2026-03-03,SCH0397,Goyal Rice Mill,Dal,33.8,KG,3041,Paid
MDM007462,2025-04-17,SCH0349,Goyal Rice Mill,Dal,,,2088,Paid
MDM009703,2025-06-02,SCH0115,Kumar & Co.,Dal,48.8,KG,4392,Cleared
MDM009670,2026-03-24,SCH0463,Goyal Rice Mill,Dal,59.4,KG,5346,Paid
MDM010093,2025-04-12,SCH0401,Sharma Traders Pvt Ltd,Dal,1.168,BORI,5256,Cleared
MDM007065,2025-07-07,SCH0277,Goyal Enterprises,Dal,0.816,BORI,3672,Cleared
MDM004319,2026-03-18,SCH0013,Goyal Mill,Rice,,,1960,Paid
MDM004670,2025-06-23,SCH0323,Singh Brothers,Rice,,,2008,Due
MDM005477,2025-09-25,SCH0523,Sharma & Sons,Dal,33800.0,G,3042,Paid
MDM010833,2026-02-03,SCH0577,Kumar Supplies,oil,57.3,KG,6876,Due
MDM001857,2025-10-25,SCH0483,Goyal Mill,Mustard Oil,,,4224,Due
MDM002283,2025-05-07,SCH0297,Kumar Supplies,Wheat,29.9,KG,897,Pending
MDM011988,2025-06-04,SCH0300,Kumar General Store,Dal,,,2610,Paid
MDM004009,2025-09-25,SCH0023,Goyal Rice Mill,Rice,,,1172,Due
MDM006402,2025-08-20,SCH0482,Kumar General Store,Mustard Oil,52.8,KG,6336,Cleared
MDM011452,2025-09-07,SCH0565,S. Agro Works,Dal,,,4437,Paid
MDM000387,2025-08-17,SCH0550,Kumar Supplies,Dal,1.186,BAG_50KG,5337,Paid
MDM001629,2025-08-11,SCH0003,Goyal Mill,Rice,37100.0,G,1484,Pending
MDM011661,2026-02-27,SCH0287,S. Agro Works,Wheat,15.0,KG,450,Pending
MDM011518,2025-05-23,SCH0315,Singh Brothers,Mustard Oil,0.376,BAG,2256,Cleared
MDM007719,2025-08-10,SCH0391,Kumar & Co.,Rice,42.9,KG,1716,Due
MDM009503,2026-03-13,SCH0141,Kumar Supplies,Atta,0.388,SACK,582,Cleared
MDM009102,2025-07-29,SCH0371,Sharma Traders Pvt Ltd,Rice,41100.0,G,1644,Paid
MDM001843,2026-01-11,SCH0443,Kumar & Co.,Wheat,33.9,KG,1017,Paid
MDM002498,2025-11-21,SCH0415,Singh Agro,Wheat,,,954,Cleared
MDM000202,2025-06-10,SCH0061,Goyal Mill,Dal,,,1026,Paid
MDM009928,2026-02-17,SCH0152,Kumar Supplies,Rice,,,664,Pending
MDM003869,2026-03-19,SCH0081,Singh Agro,Dal,42.6,KG,,
MDM005055,2025-12-06,SCH0501,Goyal Enterprises,Rice,,,2224,Paid
MDM005890,2026-03-17,SCH0103,Singh Brothers,Dal,47400.0,G,4266,Pending
MDM002703,2025-04-13,SCH0401,Singh Brothers,Rice,0.848,BAG,1696,
MDM007923,2025-10-09,SCH0428,Singh Brothers,Dal,,,4995,Pending
MDM000332,2026-02-21,SCH0023,Kumar & Co.,oil,27700.0,G,3324,Paid
MDM003809,2025-06-13,SCH0097,Singh Brothers,Mustard Oil,40200.0,G,4824,Paid
MDM000936,2026-02-07,SCH0146,Sharma & Sons,Rice,35.4,KG,1416,Due
MDM001775,2025-12-20,SCH0052,Sharma & Sons,Dal,42.6,KG,3834,Cleared
MDM009736,2025-08-05,SCH0363,Goyal Mill,oil,11.8,KG,1416,Due
MDM008612,2025-04-05,SCH0441,Sharma Traders,Dal,,,2295,Pending
MDM011296,2025-10-05,SCH0328,S. Agro Works,Rice,17900.0,G,716,Pending
MDM000990,2025-09-11,SCH0102,Sharma & Sons,Dal,0.746,BAG_50KG,3357,Paid
MDM005444,2026-02-05,SCH0426,Kumar Supplies,Mustard Oil,,,2928,Pending
MDM010298,2026-02-13,SCH0471,Singh Brothers,Rice,,,884,Pending
MDM006994,2025-06-18,SCH0402,Sharma Traders,Rice,11000.0,G,440,Due
MDM010561,2025-09-18,SCH0127,Sharma Traders Pvt Ltd,oil,0.838,BAG,5028,Paid
MDM005807,2025-06-07,SCH0032,Sharma Traders,Mustard Oil,,,6504,Cleared
MDM010797,2025-12-08,SCH0007,S. Agro Works,Rice,57800.0,G,2312,Pending
MDM010752,2025-10-09,SCH0486,Kumar & Co.,Dal,,,2430,Paid
MDM006575,2025-12-11,SCH0309,Kumar Supplies,Dal,,,1655,Due
MDM003053,2025-09-28,SCH0305,Sharma & Sons,Dal,,,3771,Pending
MDM010673,2025-04-29,SCH0406,Sharma Traders Pvt Ltd,Rice,31.9,KG,1276,Pending
MDM008366,2025-08-14,SCH0054,Sharma Traders Pvt Ltd,Wheat,18.2,KG,546,Paid
MDM004616,2026-02-20,SCH0103,Kumar General Store,oil,,,1668,Paid
MDM003322,2026-01-10,SCH0452,Kumar Supplies,Dal,0.502,SACK,2259,Paid
MDM011136,2026-01-24,SCH0171,Kumar General Store,Mustard Oil,19800.0,G,2376,Paid
MDM006247,2025-11-14,SCH0168,S. Agro Works,Rice,12600.0,G,504,
MDM006049,2025-04-21,SCH0480,Singh Brothers,Wheat,0.664,BORI,996,Pending
MDM003312,2026-03-22,SCH0333,Singh Brothers,Dal,13300.0,G,1197,Due
MDM009623,2026-02-24,SCH0382,Singh Brothers,Dal,0.61,BAG,2745,Pending
MDM011587,2025-07-31,SCH0274,Singh Agro,Dal,,,1539,Pending
MDM008211,2025-07-03,SCH0476,Goyal Enterprises,Dal,1.192,BAG_50KG,5364,Cleared
MDM003629,2025-12-15,SCH0082,S. Agro Works,Dal,55.9,KG,5031,Pending
MDM010946,2025-05-10,SCH0260,Sharma Traders,Dal,40.1,KG,3609,Paid
MDM001357,2025-10-20,SCH0287,Kumar General Store,Rice,50200.0,G,2008,Cleared
MDM005003,2025-09-26,SCH0477,Singh Agro,Wheat,,,960,Paid
MDM009605,2026-01-15,SCH0049,Kumar Supplies,Wheat,,,729,Due
MDM005824,2026-03-14,SCH0150,Sharma Traders,Rice,36.1,KG,1444,
MDM011743,2025-10-28,SCH0327,Sharma Traders Pvt Ltd,Dal,58700.0,G,5283,Paid
MDM005671,2025-12-15,SCH0241,Goyal Mill,Wheat,,,1215,Pending
MDM003113,2025-09-13,SCH0583,Singh Agro,oil,29.8,KG,3576,Pending
MDM000183,2025-09-14,SCH0350,S. Agro Works,Wheat,32.9,KG,987,Paid
MDM010941,2025-04-11,SCH0097,Kumar & Co.,Wheat,59.6,KG,,Paid
MDM000856,2025-10-15,SCH0412,Goyal Rice Mill,Mustard Oil,28.1,KG,3372,Cleared
MDM010414,2026-02-07,SCH0165,Singh Brothers,Cooking Oil,36.3,KG,4356,Pending
MDM004913,2026-02-25,SCH0409,Singh Brothers,Wheat,45500.0,G,1365,Paid
MDM010551,2025-12-01,SCH0524,S. Agro Works,Atta,58.8,KG,1764,Paid
MDM001801,2025-11-30,SCH0585,Singh Brothers,Rice,38.0,KG,1520,Pending
MDM011430,2025-06-01,SCH0517,S. Agro Works,Atta,,,519,Due
MDM005483,2025-06-17,SCH0340,Singh Brothers,Rice,17.6,KG,704,Pending
MDM010296,2025-08-04,SCH0469,Kumar General Store,Mustard Oil,,,2952,Paid
MDM001969,2026-01-13,SCH0463,Kumar Supplies,Rice,,,1220,Pending
MDM010289,2025-05-05,SCH0488,Goyal Mill,Mustard Oil,51.8,KG,6216,Paid
MDM010069,2026-02-27,SCH0309,Goyal Enterprises,Rice,53500.0,G,2140,Due
MDM004698,2026-02-09,SCH0198,Goyal Rice Mill,Rice,17700.0,G,708,Due
MDM004988,2025-10-30,SCH0209,Singh Brothers,Mustard Oil,0.268,BAG,,
MDM004651,2025-10-31,SCH0222,Kumar General Store,Rice,,,2192,Paid
MDM001160,2026-03-21,SCH0384,Goyal Rice Mill,Dal,1.024,BAG_50KG,4608,Pending
MDM011648,2025-09-29,SCH0045,Kumar & Co.,Rice,18.1,KG,724,
MDM001326,2025-04-10,SCH0005,Goyal Enterprises,Rice,21500.0,G,860,Paid
MDM009728,2025-05-13,SCH0407,Goyal Rice Mill,Wheat,0.534,BAG,,Pending
MDM004797,2025-05-20,SCH0437,S. Agro Works,Mustard Oil,,,6972,Pending
MDM006797,2025-07-18,SCH0378,S. Agro Works,oil,,,4932,Paid
MDM005809,2025-04-15,SCH0273,Singh Brothers,Wheat,,,534,Paid
MDM001456,2025-09-20,SCH0231,Goyal Enterprises,Wheat,53.1,KG,1593,Due
MDM005411,2025-06-15,SCH0474,Sharma & Sons,Rice,50.1,KG,2004,Paid
MDM008334,2026-03-05,SCH0587,Kumar General Store,oil,42.7,KG,5124,Paid
MDM002801,2025-11-01,SCH0245,Sharma Traders,oil,,,6444,
MDM007617,2025-05-04,SCH0145,Kumar & Co.,Rice,55.8,KG,2232,Paid
MDM011050,2026-03-03,SCH0118,Goyal Mill,Cooking Oil,,,,Pending
MDM007816,2025-07-29,SCH0354,S. Agro Works,Rice,26.8,KG,1072,Pending
MDM004379,2026-03-05,SCH0391,S. Agro Works,Wheat,32.4,KG,,Paid
MDM008922,2025-11-14,SCH0077,Singh Brothers,Dal,30.8,KG,2772,Pending
MDM009834,2026-02-24,SCH0497,Sharma Traders Pvt Ltd,oil,,,4380,Pending
MDM006717,2025-11-30,SCH0421,Singh Brothers,Rice,,,,Pending
MDM003737,2026-01-02,SCH0472,Goyal Enterprises,Rice,,,2168,
MDM002262,2026-01-03,SCH0312,Goyal Enterprises,Dal,,,2970,Paid
MDM007430,2025-04-11,SCH0300,Sharma & Sons,Dal,22.1,KG,1989,Due
MDM004006,2025-08-26,SCH0530,Sharma Traders Pvt Ltd,Rice,39700.0,G,1588,Pending
MDM009303,2025-12-03,SCH0034,Goyal Rice Mill,oil,0.35,BAG,2100,Paid
MDM002395,2026-03-24,SCH0123,Sharma Traders,Mustard Oil,0.212,BAG_50KG,1272,Pending
MDM001186,2025-04-23,SCH0306,Goyal Enterprises,Dal,10.7,KG,963,Due
MDM002008,2025-08-13,SCH0521,Sharma Traders,Cooking Oil,26500.0,G,3180,Paid
MDM000194,2025-07-25,SCH0599,Sharma & Sons,Rice,0.48,BAG_50KG,960,Due
MDM008771,2025-06-03,SCH0228,Singh Brothers,Rice,36400.0,G,1456,Paid
MDM005526,2026-01-16,SCH0421,Singh Agro,Mustard Oil,36.2,KG,4344,Due
MDM000772,2026-03-09,SCH0508,Kumar Supplies,Cooking Oil,26000.0,G,3120,
MDM001479,2026-01-10,SCH0247,Goyal Rice Mill,Mustard Oil,,,2148,Pending
MDM001847,2025-10-05,SCH0431,Singh Brothers,Rice,,,992,Cleared
MDM003741,2025-05-07,SCH0217,Sharma Traders,Mustard Oil,1.138,BAG,6828,Paid
MDM007987,2026-03-15,SCH0466,Sharma Traders,Mustard Oil,0.424,BAG,2544,Due
MDM000406,2025-12-19,SCH0221,Singh Brothers,Mustard Oil,52.6,KG,6312,Cleared
MDM011788,2025-09-15,SCH0209,Sharma & Sons,Rice,0.312,SACK,624,
MDM010564,2025-04-15,SCH0521,Singh Agro,Rice,19.9,KG,796,Paid
MDM006318,2025-04-26,SCH0050,Kumar General Store,Mustard Oil,38.9,KG,4668,Pending
MDM006582,2025-07-13,SCH0452,Sharma & Sons,Wheat,,,1212,Due
MDM001448,2025-11-09,SCH0341,Kumar Supplies,Dal,0.83,SACK,3735,Pending
MDM000343,2025-04-12,SCH0072,Singh Agro,Mustard Oil,37400.0,G,4488,Pending
MDM007469,2025-08-11,SCH0194,Kumar Supplies,Rice,,,760,Paid
MDM000728,2026-03-17,SCH0556,Kumar General Store,Wheat,,,462,Paid
MDM004578,2025-10-18,SCH0407,Singh Brothers,Wheat,0.526,SACK,789,Pending
MDM009169,2026-03-20,SCH0128,Kumar Supplies,Dal,0.314,BAG_50KG,1413,Due
MDM009251,2025-09-17,SCH0018,Singh Brothers,Dal,43900.0,G,3951,Due
MDM003517,2025-04-04,SCH0455,Singh Brothers,Wheat,0.402,BAG,603,
MDM010981,2025-06-09,SCH0347,Sharma Traders,oil,20.4,KG,2448,Cleared
MDM009970,2025-07-19,SCH0083,Sharma & Sons,Rice,52.8,KG,2112,Cleared
MDM007157,2026-01-02,SCH0447,Goyal Enterprises,Cooking Oil,0.266,BAG,1596,Pending
MDM007852,2025-05-01,SCH0046,Sharma & Sons,Dal,,,1170,Paid
MDM001349,2025-07-13,SCH0130,Kumar General Store,Rice,23.7,KG,948,Paid
MDM000661,2026-01-01,SCH0161,Goyal Mill,Rice,57.1,KG,2284,Pending
MDM001493,2025-05-31,SCH0542,Sharma Traders,Rice,,,1836,Paid
MDM010535,2025-07-15,SCH0303,Goyal Enterprises,Rice,24.0,KG,960,Due
MDM005155,2025-04-25,SCH0451,Sharma & Sons,Rice,0.684,BAG_50KG,1368,Pending
MDM011842,2025-05-26,SCH0197,Goyal Rice Mill,Wheat,,,543,Pending
MDM009278,2025-09-13,SCH0567,Singh Brothers,oil,,,2328,Pending
MDM002525,2026-01-11,SCH0334,Singh Agro,Rice,,,1028,Paid
MDM011125,2025-07-11,SCH0240,Kumar Supplies,Mustard Oil,,,5112,Pending
MDM010497,2025-07-04,SCH0536,Kumar & Co.,Dal,,,1728,Paid
MDM005375,2025-07-15,SCH0092,Kumar Supplies,Atta,37900.0,G,1137,Cleared
MDM003199,2025-06-18,SCH0447,Goyal Enterprises,Mustard Oil,37.1,KG,4452,Paid
MDM005718,2025-04-08,SCH0312,Singh Brothers,Dal,11.9,KG,,Pending
MDM009419,2026-02-23,SCH0047,Kumar Supplies,oil,53.8,KG,6456,Paid
MDM011236,2025-06-30,SCH0562,Sharma Traders Pvt Ltd,Wheat,,,657,Paid
MDM010160,2025-04-15,SCH0461,Sharma Traders,Dal,53.4,KG,4806,Cleared
MDM008260,2025-10-04,SCH0357,Sharma Traders Pvt Ltd,Rice,49800.0,G,1992,Cleared
MDM009938,2025-09-06,SCH0550,Singh Brothers,Mustard Oil,,,4332,Paid
MDM000041,2026-03-05,SCH0302,Kumar & Co.,Cooking Oil,,,3216,Due
MDM011539,2025-06-15,SCH0093,Singh Brothers,Wheat,54.8,KG,1644,Pending
MDM006817,2026-01-12,SCH0264,Goyal Mill,Rice,0.778,SACK,1556,Cleared
MDM011347,2025-04-12,SCH0494,Singh Agro,Rice,0.296,BORI,592,Pending
MDM010086,2025-05-02,SCH0394,Goyal Enterprises,Dal,,,1737,Paid
MDM002724,2026-01-19,SCH0491,Goyal Rice Mill,Atta,,,,Cleared
MDM011346,2025-07-18,SCH0527,Goyal Rice Mill,Dal,,,1944,Pending
MDM010595,2025-12-02,SCH0136,Goyal Mill,Mustard Oil,28.1,KG,3372,Paid
MDM009336,2025-06-30,SCH0326,Goyal Mill,Rice,,,1936,Due
MDM007156,2026-02-25,SCH0097,Goyal Enterprises,oil,,,5724,
MDM009501,2025-05-19,SCH0505,S. Agro Works,Rice,0.254,BAG_50KG,508,
MDM011391,2025-04-22,SCH0472,Goyal Mill,Dal,26900.0,G,2421,Paid
MDM007231,2026-03-09,SCH0309,Singh Agro,oil,0.298,SACK,1788,Due
MDM005076,2025-07-13,SCH0215,Kumar Supplies,Wheat,36300.0,G,1089,Paid
MDM007881,2025-08-13,SCH0499,Goyal Enterprises,Dal,0.296,BAG,1332,Due
MDM005395,2025-05-19,SCH0083,S. Agro Works,Rice,,,2168,Due
MDM010566,2025-12-23,SCH0318,Goyal Enterprises,Atta,27300.0,G,819,Pending
MDM007790,2025-12-05,SCH0045,Goyal Mill,Atta,,,1437,Pending
MDM011537,2025-10-31,SCH0109,Sharma Traders,Atta,0.96,BAG,1440,Pending
MDM004089,2026-03-30,SCH0284,Sharma & Sons,Dal,45100.0,G,4059,
MDM001968,2026-03-17,SCH0461,Sharma Traders,Wheat,56700.0,G,1701,
MDM011098,2025-04-27,SCH0176,Sharma Traders Pvt Ltd,Wheat,0.8320000000000001,SACK,,Paid
MDM010876,2025-08-02,SCH0466,Sharma Traders Pvt Ltd,Wheat,,,1209,Due
MDM011856,2025-08-31,SCH0034,Kumar General Store,Mustard Oil,,,1668,Pending
MDM007000,2025-09-06,SCH0399,Kumar Supplies,Wheat,,,408,Paid
MDM000424,2025-04-14,SCH0068,Kumar Supplies,Wheat,,,1728,
MDM011447,2025-08-04,SCH0091,Kumar General Store,Dal,,,4626,Due
MDM011746,2026-02-19,SCH0544,Sharma Traders,Rice,0.9640000000000001,BAG,1928,Pending
MDM010597,2025-09-13,SCH0220,Goyal Rice Mill,Mustard Oil,,,1788,Due
MDM006143,2025-09-03,SCH0247,Singh Brothers,Wheat,28.4,KG,852,Due
MDM005662,2026-02-04,SCH0081,Sharma Traders Pvt Ltd,Cooking Oil,17600.0,G,2112,Pending
MDM009032,2026-01-07,SCH0394,Goyal Enterprises,Mustard Oil,0.406,BAG_50KG,2436,Pending
MDM004597,2025-07-29,SCH0571,Kumar Supplies,Mustard Oil,55700.0,G,6684,Paid
MDM002660,2025-11-13,SCH0578,Sharma Traders,oil,57800.0,G,6936,
MDM000142,2025-05-03,SCH0138,Kumar Supplies,oil,0.802,SACK,4812,Pending
MDM002598,2026-01-12,SCH0415,Goyal Rice Mill,Atta,,,531,Cleared
MDM006702,2026-01-07,SCH0351,Goyal Mill,Mustard Oil,51500.0,G,6180,
MDM001378,2025-07-29,SCH0085,Kumar & Co.,Cooking Oil,,,1776,
MDM003675,2025-04-06,SCH0231,Kumar & Co.,Dal,,,4500,Paid
MDM006363,2025-04-06,SCH0506,S. Agro Works,Dal,10800.0,G,972,Pending
MDM011568,2025-11-25,SCH0449,Kumar Supplies,Rice,49.8,KG,1992,Paid
MDM004742,2025-09-07,SCH0359,Kumar & Co.,Atta,0.904,BORI,1356,Paid
MDM001139,2025-09-04,SCH0368,Goyal Mill,Dal,,,3132,Paid
MDM007375,2025-06-15,SCH0357,Sharma & Sons,Rice,26.8,KG,1072,Pending
MDM001788,2026-03-09,SCH0355,Goyal Rice Mill,oil,17.0,KG,2040,Paid
MDM009925,2026-01-31,SCH0377,Goyal Mill,Dal,0.502,BORI,2259,
MDM004647,2025-07-09,SCH0254,Sharma Traders Pvt Ltd,Rice,,,1932,Cleared
MDM007569,2025-05-06,SCH0370,Kumar Supplies,Mustard Oil,,,6264,Pending
MDM000460,2026-01-20,SCH0580,Sharma & Sons,Rice,1.07,BAG,2140,Pending
MDM006116,2025-05-24,SCH0150,S. Agro Works,Dal,15100.0,G,,Pending
MDM008180,2026-03-27,SCH0383,Sharma Traders Pvt Ltd,oil,0.236,BAG_50KG,1416,Cleared
MDM000949,2025-08-12,SCH0090,Sharma Traders Pvt Ltd,Wheat,0.672,BAG,1008,Paid
MDM006371,2026-02-13,SCH0481,Sharma & Sons,Mustard Oil,0.654,BORI,3924,
MDM004629,2025-04-14,SCH0132,S. Agro Works,Rice,42.9,KG,1716,Paid
MDM007359,2026-01-25,SCH0043,Goyal Rice Mill,Rice,23.3,KG,932,Paid
MDM005926,2025-05-28,SCH0163,Goyal Rice Mill,Cooking Oil,,,5784,Pending
MDM006041,2026-02-08,SCH0358,Singh Agro,Rice,28.7,KG,1148,Paid
MDM000442,2025-05-21,SCH0428,Goyal Mill,Rice,59100.0,G,2364,Pending
MDM006660,2025-11-13,SCH0410,Goyal Enterprises,Rice,19.4,KG,776,Paid
MDM008832,2026-01-03,SCH0330,S. Agro Works,Mustard Oil,39.4,KG,4728,Pending
MDM009047,2026-01-14,SCH0223,Goyal Enterprises,Wheat,36.0,KG,1080,Paid
MDM003831,2025-07-26,SCH0188,Singh Brothers,Wheat,,,1191,Paid
MDM011607,2025-06-11,SCH0178,Goyal Mill,Mustard Oil,46.1,KG,5532,
MDM006145,2025-05-21,SCH0419,S. Agro Works,Dal,,,4347,Paid
MDM011174,2026-02-09,SCH0519,Sharma Traders,Atta,59.2,KG,1776,Due
MDM006345,2025-06-13,SCH0261,Goyal Rice Mill,Wheat,,,792,Cleared
MDM001959,2025-08-10,SCH0341,Goyal Mill,Rice,0.8140000000000001,SACK,1628,Cleared
MDM009263,2026-02-08,SCH0230,Sharma & Sons,Mustard Oil,0.214,BAG,1284,Due
MDM000156,2025-09-18,SCH0286,Sharma Traders Pvt Ltd,Rice,41.9,KG,1676,
MDM009849,2025-05-18,SCH0021,Goyal Enterprises,oil,37500.0,G,4500,Pending
MDM004579,2025-12-06,SCH0121,Goyal Enterprises,Wheat,11.0,KG,330,
MDM001090,2025-08-28,SCH0007,Sharma & Sons,Dal,,,2502,Paid
MDM006050,2026-01-21,SCH0364,Singh Agro,Wheat,,,1326,Pending
MDM011308,2025-05-14,SCH0459,Sharma Traders Pvt Ltd,Rice,24800.0,G,992,Due
MDM009123,2025-08-09,SCH0487,Goyal Rice Mill,Wheat,,,1473,Cleared
MDM007951,2025-10-24,SCH0583,Sharma Traders Pvt Ltd,Cooking Oil,0.324,SACK,1944,Pending
MDM001675,2025-06-11,SCH0366,Sharma Traders Pvt Ltd,Dal,0.94,BAG_50KG,4230,Pending
MDM006764,2025-12-23,SCH0265,Singh Brothers,Wheat,0.67,SACK,1005,Paid
MDM010350,2025-10-24,SCH0176,Kumar & Co.,Dal,0.324,BAG,1458,Paid
MDM006417,2025-10-10,SCH0162,Sharma Traders Pvt Ltd,Dal,52.4,KG,4716,Pending
MDM011819,2026-02-05,SCH0055,Goyal Mill,Dal,58.3,KG,,Paid
MDM002327,2026-02-12,SCH0566,Sharma & Sons,Mustard Oil,47.5,KG,5700,Due
MDM007097,2026-01-29,SCH0348,Singh Agro,Rice,,,1384,Pending
MDM009729,2025-11-16,SCH0122,Goyal Enterprises,oil,18500.0,G,2220,Pending
MDM006451,2026-01-13,SCH0123,Sharma & Sons,Dal,,,3924,Due
MDM001716,2025-06-13,SCH0504,Singh Brothers,Wheat,47.1,KG,1413,Pending
MDM009173,2025-04-21,SCH0074,Kumar General Store,Mustard Oil,,,6600,Due
MDM008382,2025-08-12,SCH0361,Kumar & Co.,Wheat,0.9620000000000001,SACK,1443,
MDM009434,2025-06-18,SCH0083,Sharma Traders Pvt Ltd,Wheat,0.448,BORI,672,Pending
MDM003832,2026-02-26,SCH0411,Kumar General Store,oil,0.62,SACK,3720,
MDM006300,2026-01-21,SCH0259,Goyal Rice Mill,Mustard Oil,24.6,KG,2952,Paid
MDM003349,2025-06-27,SCH0120,Kumar General Store,Dal,28900.0,G,2601,Due
MDM011761,2025-06-24,SCH0429,Kumar General Store,Dal,,,4302,Pending
MDM009178,2025-11-29,SCH0560,Sharma & Sons,Rice,0.652,SACK,1304,Paid
MDM000588,2026-01-26,SCH0561,Kumar & Co.,Wheat,0.25,BAG_50KG,375,Pending
MDM009347,2025-07-23,SCH0556,Goyal Enterprises,Rice,48.6,KG,1944,Paid
MDM011765,2025-05-02,SCH0297,Goyal Enterprises,Dal,0.642,BORI,2889,Cleared
MDM002991,2025-06-13,SCH0380,Singh Agro,Cooking Oil,55500.0,G,6660,Pending
MDM011463,2025-10-23,SCH0521,Sharma & Sons,Mustard Oil,,,6204,Due
MDM010146,2025-04-30,SCH0134,Singh Agro,Wheat,,,606,Paid
MDM010956,2025-10-31,SCH0598,Kumar & Co.,Wheat,11200.0,G,336,
MDM000265,2025-07-30,SCH0397,Sharma & Sons,oil,0.532,BAG,3192,Paid
MDM009754,2025-10-18,SCH0500,S. Agro Works,Atta,0.948,BORI,1422,Due
MDM006789,2026-02-19,SCH0448,Goyal Enterprises,Wheat,1.17,SACK,1755,Paid
MDM010518,2025-07-12,SCH0028,Goyal Enterprises,Rice,,,488,Pending
MDM003865,2026-01-26,SCH0598,Sharma Traders Pvt Ltd,Wheat,,,1605,Cleared
MDM006275,2026-01-01,SCH0576,Kumar & Co.,Wheat,58.6,KG,1758,Pending
MDM003712,2025-08-25,SCH0591,Sharma & Sons,Atta,20.0,KG,600,Pending
MDM008439,2026-03-14,SCH0582,Sharma Traders Pvt Ltd,Wheat,12500.0,G,375,Cleared
MDM001530,2025-06-10,SCH0413,Goyal Rice Mill,Mustard Oil,0.816,BAG,4896,Pending
MDM000924,2025-10-03,SCH0063,Goyal Rice Mill,Rice,0.924,SACK,1848,
MDM009713,2025-05-03,SCH0463,Goyal Rice Mill,Dal,0.9520000000000001,BORI,4284,Cleared
MDM007330,2026-02-15,SCH0232,Goyal Enterprises,Dal,50300.0,G,4527,Pending
MDM004365,2025-12-12,SCH0344,Sharma & Sons,Rice,44.1,KG,1764,Paid
MDM000670,2025-09-16,SCH0475,Sharma Traders Pvt Ltd,Rice,,,860,Pending
MDM003605,2025-04-20,SCH0148,Singh Agro,Wheat,18.7,KG,561,Paid
MDM005109,2026-02-03,SCH0574,Goyal Enterprises,Rice,,,1392,Due
MDM011119,2025-04-29,SCH0323,S. Agro Works,Rice,35800.0,G,1432,Cleared
MDM005249,2025-11-11,SCH0044,Goyal Mill,Rice,43.9,KG,1756,Paid
MDM007184,2025-04-17,SCH0167,Kumar Supplies,Dal,34.8,KG,,
MDM002592,2025-05-24,SCH0283,Goyal Rice Mill,Wheat,,,1677,Pending
MDM005907,2026-02-12,SCH0084,Goyal Enterprises,Mustard Oil,38.4,KG,4608,Due
MDM006510,2025-10-21,SCH0491,Kumar General Store,Rice,,,2304,Paid
MDM007134,2026-02-06,SCH0348,Goyal Enterprises,Dal,,,2403,Due
MDM002308,2025-10-23,SCH0426,Sharma & Sons,Wheat,51.5,KG,1545,Paid
MDM008805,2025-05-21,SCH0490,Kumar & Co.,Dal,42.2,KG,3798,Due
MDM003691,2025-10-26,SCH0573,Goyal Rice Mill,Dal,,,5211,Pending
MDM000688,2025-12-13,SCH0118,Sharma Traders,Rice,14200.0,G,568,
MDM000613,2025-11-14,SCH0123,Goyal Enterprises,oil,,,5712,
MDM007168,2025-09-03,SCH0542,Singh Agro,Dal,40400.0,G,3636,Pending
MDM009765,2026-03-28,SCH0288,Sharma Traders Pvt Ltd,Dal,0.8540000000000001,BAG,3843,Due
MDM003201,2026-01-15,SCH0588,Sharma Traders,Wheat,23100.0,G,693,Cleared
MDM006630,2025-08-19,SCH0346,Goyal Enterprises,Dal,50500.0,G,4545,Cleared
MDM004136,2026-02-03,SCH0335,Sharma Traders,Wheat,,,1347,Paid
MDM001899,2025-10-18,SCH0342,Sharma & Sons,Dal,15.2,KG,1368,
MDM000283,2025-04-23,SCH0570,Sharma & Sons,Rice,,,1668,Pending
MDM000259,2026-01-19,SCH0287,Sharma & Sons,Wheat,,,861,Due
MDM011645,2025-07-07,SCH0553,Singh Agro,oil,,,1872,Cleared
MDM004944,2025-12-31,SCH0061,Goyal Enterprises,Mustard Oil,,,3792,Paid
MDM002823,2025-09-26,SCH0281,Kumar Supplies,Rice,21.1,KG,844,Pending
MDM003526,2025-07-10,SCH0448,Kumar & Co.,Dal,,,1809,Paid
MDM011937,2025-05-01,SCH0582,Singh Brothers,Rice,,,1808,Cleared
MDM005224,2026-01-04,SCH0486,Kumar General Store,Rice,0.748,BORI,1496,Pending
MDM002286,2026-03-11,SCH0571,Sharma Traders,Dal,34.8,KG,3132,Cleared
MDM006064,2025-08-20,SCH0024,Singh Agro,Dal,15700.0,G,,Due
MDM008079,2025-09-13,SCH0312,Kumar & Co.,Atta,20100.0,G,603,Pending
MDM004655,2025-05-09,SCH0255,Singh Agro,oil,46700.0,G,5604,Cleared
MDM005001,2026-02-04,SCH0218,Kumar & Co.,Mustard Oil,44.4,KG,,Pending
MDM006711,2026-02-02,SCH0583,Kumar Supplies,oil,33.5,KG,4020,Pending
MDM011523,2025-07-17,SCH0023,Goyal Rice Mill,Wheat,,,798,Paid
MDM008677,2026-01-26,SCH0439,Singh Brothers,oil,,,5976,Paid
MDM005417,2025-07-20,SCH0038,Kumar General Store,oil,,,2400,
MDM000476,2025-10-10,SCH0591,Goyal Mill,Cooking Oil,,,3000,
MDM002556,2026-03-14,SCH0353,Goyal Rice Mill,Rice,13200.0,G,528,
MDM008088,2025-12-13,SCH0054,Kumar Supplies,Dal,26800.0,G,2412,Cleared
MDM000008,2025-09-02,SCH0392,Kumar Supplies,Wheat,52.2,KG,1566,Cleared
MDM006412,2026-03-13,SCH0008,Singh Brothers,Rice,0.382,BORI,764,Pending
MDM011317,2026-03-30,SCH0374,Sharma & Sons,oil,0.34,BAG,,Paid
MDM011008,2025-08-12,SCH0134,Goyal Enterprises,Rice,31.5,KG,1260,Pending
MDM005547,2025-12-13,SCH0421,Sharma Traders Pvt Ltd,Dal,0.456,BAG,2052,Pending
MDM002427,2026-01-05,SCH0151,Singh Brothers,Dal,32.1,KG,2889,
MDM006745,2026-01-16,SCH0594,Kumar & Co.,Wheat,,,1068,Paid
MDM011900,2026-02-01,SCH0590,S. Agro Works,Dal,,,1611,Due
MDM002275,2025-11-08,SCH0012,Goyal Rice Mill,Dal,51800.0,G,4662,Paid
MDM009204,2026-02-18,SCH0497,Singh Brothers,Rice,1.074,BAG_50KG,2148,Pending
MDM001578,2025-12-30,SCH0486,Sharma & Sons,Rice,,,804,Cleared
MDM007265,2025-04-30,SCH0064,Singh Brothers,Wheat,,,513,Cleared
MDM009260,2026-01-14,SCH0534,Goyal Rice Mill,Wheat,10.4,KG,312,Paid
MDM003971,2025-10-03,SCH0501,S. Agro Works,Dal,,,962,Due
MDM005880,2025-09-22,SCH0552,Goyal Enterprises,Dal,,,4599,Paid
MDM010401,2025-04-21,SCH0007,Singh Brothers,Wheat,49.7,KG,1491,Paid
MDM011527,2025-10-27,SCH0593,Kumar & Co.,Cooking Oil,13.4,KG,1608,Pending
MDM007194,2025-04-09,SCH0119,Kumar Supplies,Wheat,0.5479999999999999,BAG,822,Due
MDM003868,2025-09-04,SCH0499,Goyal Rice Mill,Mustard Oil,,,1668,Due
MDM011634,2025-06-24,SCH0472,Goyal Rice Mill,Rice,39900.0,G,1596,
MDM006824,2025-07-28,SCH0254,Sharma Traders Pvt Ltd,Dal,,,3996,Pending
MDM007549,2026-03-13,SCH0245,S. Agro Works,Dal,57700.0,G,5193,Pending
MDM000782,2025-06-04,SCH0344,Kumar General Store,Rice,50400.0,G,2016,Pending
MDM001750,2025-10-03,SCH0404,Kumar General Store,Dal,33200.0,G,2988,Due
MDM006520,2025-09-10,SCH0555,Kumar Supplies,Rice,0.5539999999999999,BAG_50KG,1108,Pending
MDM005775,2025-06-05,SCH0389,Singh Agro,Rice,34.8,KG,1392,Pending
MDM009284,2025-07-17,SCH0380,Kumar Supplies,Rice,0.9359999999999999,BAG,1872,
MDM009370,2026-01-30,SCH0412,S. Agro Works,Dal,10.6,KG,954,Cleared
MDM002325,2025-11-12,SCH0493,Kumar Supplies,Rice,,,2328,Paid
MDM005056,2025-08-20,SCH0090,Goyal Rice Mill,Wheat,19000.0,G,570,Pending
MDM011132,2026-02-06,SCH0341,Singh Agro,Wheat,,,420,Pending
MDM001728,2025-10-20,SCH0185,Goyal Mill,Rice,40.1,KG,1604,
MDM000611,2025-12-05,SCH0526,S. Agro Works,Mustard Oil,,,1236,Cleared
MDM004667,2025-08-19,SCH0360,Sharma Traders,Wheat,50.0,KG,1500,
MDM005414,2025-05-24,SCH0073,Kumar General Store,Dal,18.6,KG,1674,Paid
MDM008104,2026-01-15,SCH0217,Kumar General Store,Mustard Oil,54.7,KG,6564,Paid
MDM008175,2025-12-02,SCH0461,Kumar General Store,Dal,,,3438,Cleared
MDM008536,2025-07-05,SCH0430,Singh Brothers,Rice,0.514,BAG_50KG,1028,Due
MDM003751,2026-01-13,SCH0125,Kumar & Co.,Rice,,,592,Pending
MDM000098,2025-05-07,SCH0105,Sharma Traders,Wheat,0.478,BAG,717,Due
MDM006986,2025-12-20,SCH0259,Kumar Supplies,Atta,20.4,KG,612,Pending
MDM003138,2025-09-08,SCH0137,Singh Brothers,Rice,40.5,KG,1620,Pending
MDM001538,2025-11-24,SCH0164,Kumar & Co.,Cooking Oil,45000.0,G,5400,Pending
MDM003649,2025-12-07,SCH0274,Kumar Supplies,Wheat,0.542,BAG,813,
MDM001518,2025-10-13,SCH0552,Singh Agro,Dal,,,2601,Cleared
MDM011554,2025-04-21,SCH0159,Sharma & Sons,Rice,,,408,Cleared
MDM004625,2025-05-05,SCH0291,Goyal Mill,Dal,0.442,BAG,1989,Pending
MDM006567,2025-11-19,SCH0209,Goyal Mill,Atta,0.448,SACK,672,Due
MDM002091,2025-09-22,SCH0574,Kumar General Store,Mustard Oil,0.5920000000000001,SACK,3552,
MDM007098,2025-06-20,SCH0053,Singh Agro,Wheat,54.6,KG,1638,Cleared
MDM006172,2025-05-17,SCH0436,Goyal Mill,oil,28.6,KG,3432,
MDM007522,2026-02-22,SCH0148,Goyal Enterprises,Rice,,,528,Paid
MDM000573,2025-05-02,SCH0560,Goyal Mill,Mustard Oil,58300.0,G,6996,Pending
MDM011201,2025-12-20,SCH0152,Goyal Enterprises,Atta,16400.0,G,492,
MDM003063,2025-10-12,SCH0172,Goyal Mill,Dal,,,3141,Cleared
MDM000598,2025-07-04,SCH0382,Kumar Supplies,Rice,34800.0,G,1392,
MDM006634,2025-04-10,SCH0210,Sharma & Sons,Rice,31400.0,G,1256,Paid
MDM011649,2025-05-05,SCH0485,Sharma & Sons,Mustard Oil,49.0,KG,5880,Pending
MDM007876,2025-04-13,SCH0285,Singh Brothers,Cooking Oil,,,2592,Due
MDM007346,2025-08-27,SCH0035,Sharma & Sons,Dal,,,,Due
MDM006305,2025-11-14,SCH0491,Sharma Traders,Rice,19600.0,G,784,Due
MDM009924,2025-06-23,SCH0438,Kumar Supplies,Rice,0.9440000000000001,BAG,1888,Paid
MDM011664,2025-04-07,SCH0254,Singh Brothers,Wheat,0.5479999999999999,SACK,822,Pending
MDM005977,2025-05-29,SCH0127,Goyal Mill,Dal,0.614,BAG,2763,Due
MDM008563,2026-01-16,SCH0044,Singh Brothers,Dal,0.214,BORI,963,
MDM001939,2025-11-10,SCH0438,Kumar & Co.,Rice,15500.0,G,620,Paid
MDM008101,2025-12-03,SCH0600,S. Agro Works,Mustard Oil,53400.0,G,6408,Pending
MDM001754,2026-01-28,SCH0598,Goyal Enterprises,Dal,18.8,KG,1692,Cleared
MDM003671,2025-10-17,SCH0516,Singh Brothers,oil,50800.0,G,6096,Paid
MDM009930,2025-07-21,SCH0415,Sharma & Sons,Mustard Oil,1.042,BORI,6252,Pending
MDM002362,2025-12-15,SCH0265,Sharma Traders Pvt Ltd,Dal,,,2241,Paid
MDM004261,2025-09-13,SCH0277,S. Agro Works,Cooking Oil,,,2676,Paid
MDM005433,2026-01-02,SCH0576,Sharma & Sons,oil,45500.0,G,5460,Due
MDM006286,2025-07-23,SCH0218,Sharma & Sons,Dal,36100.0,G,3249,Cleared
MDM009738,2025-07-13,SCH0334,Kumar General Store,Dal,0.488,BAG_50KG,2196,
MDM011696,2025-10-03,SCH0331,Kumar Supplies,Atta,28.9,KG,867,Cleared
MDM009691,2025-07-25,SCH0079,S. Agro Works,Atta,,,1287,Paid
MDM010572,2025-04-16,SCH0494,Singh Brothers,Dal,0.7120000000000001,SACK,3204,Cleared
MDM010242,2025-09-12,SCH0442,Sharma Traders Pvt Ltd,Dal,23.0,KG,2070,Cleared
MDM005592,2025-09-20,SCH0191,Kumar Supplies,Mustard Oil,17000.0,G,2040,Paid
MDM001172,2025-10-10,SCH0009,Kumar General Store,Rice,34.1,KG,,Paid
MDM007928,2025-11-25,SCH0536,Goyal Enterprises,Wheat,38.4,KG,1152,Paid
MDM009948,2026-01-23,SCH0498,Goyal Enterprises,oil,0.722,BAG,4332,
MDM009615,2025-10-10,SCH0183,Goyal Rice Mill,Rice,22.9,KG,916,Paid
MDM011555,2026-03-10,SCH0456,Sharma Traders Pvt Ltd,Rice,35800.0,G,1432,
MDM011246,2025-07-27,SCH0448,Singh Agro,Rice,42700.0,G,1708,Due
MDM011316,2026-02-02,SCH0037,Singh Brothers,Wheat,37500.0,G,1125,
MDM000875,2025-05-16,SCH0234,Kumar General Store,Wheat,0.424,BAG,636,
MDM002298,2025-11-10,SCH0104,Goyal Mill,Cooking Oil,,,,Paid
MDM011493,2025-09-05,SCH0041,Goyal Enterprises,Wheat,16800.0,G,,Paid
MDM002644,2025-07-12,SCH0462,Sharma Traders Pvt Ltd,Rice,0.526,BAG,1052,Pending
MDM005348,2025-11-16,SCH0013,Sharma Traders,Rice,0.998,BAG,1996,Paid
MDM009033,2025-12-08,SCH0132,Goyal Enterprises,Wheat,21400.0,G,,Paid
MDM000582,2025-06-09,SCH0445,Singh Brothers,Rice,0.696,BORI,1392,Cleared
MDM000205,2025-04-01,SCH0303,Sharma & Sons,Wheat,,,1350,Due
MDM007897,2025-12-01,SCH0109,Singh Agro,Wheat,21100.0,G,633,Pending
MDM002015,2025-06-08,SCH0223,Kumar General Store,Cooking Oil,,,4128,Due
MDM000906,2025-07-11,SCH0598,Sharma Traders,Dal,,,,Cleared
MDM000632,2025-06-04,SCH0140,Goyal Rice Mill,Dal,36000.0,G,3240,Cleared
MDM008462,2025-08-30,SCH0229,S. Agro Works,Rice,0.728,BAG,1456,Due
MDM010299,2025-11-17,SCH0148,Singh Brothers,Wheat,54.8,KG,1644,Pending
MDM001975,2025-08-05,SCH0244,Sharma Traders,Rice,40.4,KG,1616,
MDM000163,2025-10-11,SCH0137,Sharma & Sons,Dal,21.7,KG,1953,Due
MDM004999,2025-07-22,SCH0072,Goyal Mill,Cooking Oil,0.86,BAG,5160,Cleared
MDM010698,2026-02-28,SCH0152,Goyal Enterprises,oil,45800.0,G,5496,
MDM009558,2025-06-27,SCH0435,Singh Brothers,Atta,,,1524,Paid
MDM004714,2026-03-15,SCH0028,Singh Brothers,Wheat,0.5760000000000001,BORI,864,Due
MDM009068,2025-09-03,SCH0501,Goyal Enterprises,Rice,,,1988,Paid
MDM001432,2026-03-30,SCH0013,Sharma Traders Pvt Ltd,Mustard Oil,43.2,KG,5184,Due
MDM006869,2025-08-23,SCH0011,Goyal Enterprises,Dal,0.408,SACK,1836,Cleared
MDM007711,2026-01-01,SCH0533,Goyal Rice Mill,Rice,50.9,KG,2036,Paid
MDM007737,2025-08-06,SCH0328,Kumar Supplies,Mustard Oil,,,3264,Due
MDM004284,2025-04-29,SCH0201,Sharma Traders Pvt Ltd,Cooking Oil,,,2988,Pending
MDM007532,2025-08-06,SCH0074,Singh Agro,Dal,30.8,KG,2772,
MDM009840,2025-11-26,SCH0044,Goyal Enterprises,Rice,,,548,Paid
MDM003385,2026-01-12,SCH0419,Sharma & Sons,Mustard Oil,14800.0,G,1776,Cleared
MDM011822,2025-04-24,SCH0195,Kumar Supplies,Rice,46.5,KG,1860,Paid
MDM010039,2025-11-14,SCH0251,Goyal Enterprises,Atta,0.226,BAG,339,Pending
MDM010297,2025-05-29,SCH0024,Kumar General Store,Cooking Oil,19.0,KG,2280,
MDM007463,2025-09-25,SCH0069,Kumar & Co.,Wheat,1.038,SACK,1557,Due
MDM003332,2025-10-03,SCH0494,Goyal Enterprises,oil,1.12,BAG_50KG,6720,Pending
MDM006405,2025-12-05,SCH0386,Kumar General Store,Dal,55100.0,G,4959,Due
MDM008896,2025-12-15,SCH0217,Goyal Mill,Atta,59.5,KG,1785,Pending
MDM002097,2025-07-31,SCH0249,Sharma Traders Pvt Ltd,Wheat,27300.0,G,819,Cleared
MDM010373,2026-02-28,SCH0129,Sharma & Sons,Wheat,,,1593,Pending
MDM008000,2026-02-23,SCH0333,Kumar & Co.,Rice,,,816,Due
MDM005018,2025-07-31,SCH0353,Goyal Enterprises,Dal,13.9,KG,1251,Cleared
MDM008739,2025-07-10,SCH0020,Sharma & Sons,Rice,52.9,KG,2116,Cleared
MDM001450,2025-07-23,SCH0550,Sharma & Sons,Wheat,,,957,Cleared
MDM006901,2025-09-12,SCH0551,Singh Brothers,Dal,55400.0,G,4986,Pending
MDM002611,2025-12-08,SCH0435,S. Agro Works,Rice,49600.0,G,1984,Due
MDM001901,2025-04-19,SCH0318,Singh Agro,Dal,0.21,BORI,945,Due
MDM008187,2025-07-06,SCH0509,Singh Brothers,Mustard Oil,0.422,BORI,2532,Cleared
MDM003921,2025-06-01,SCH0278,Singh Agro,Cooking Oil,,,2160,Due
MDM002758,2025-08-28,SCH0482,Sharma Traders,Rice,0.262,BAG,524,Due
MDM006398,2025-04-01,SCH0248,Kumar & Co.,Wheat,26.6,KG,798,Paid
MDM010708,2025-10-11,SCH0371,S. Agro Works,Dal,,,1728,Due
MDM002098,2026-02-20,SCH0388,Goyal Mill,Cooking Oil,0.9840000000000001,SACK,5904,Due
MDM008330,2025-07-28,SCH0251,Goyal Rice Mill,oil,1.14,BAG,6840,Due
MDM011676,2025-12-14,SCH0238,Sharma Traders Pvt Ltd,Mustard Oil,1.166,BAG,6996,Due
MDM005625,2025-04-29,SCH0332,Kumar General Store,oil,,,2064,Cleared
MDM009029,2025-09-09,SCH0092,Sharma & Sons,Rice,,,1172,Paid
MDM003472,2025-11-08,SCH0229,Goyal Enterprises,Rice,51.5,KG,2060,Paid
MDM008267,2026-02-08,SCH0379,Kumar Supplies,Dal,39.9,KG,3591,
MDM002172,2025-04-10,SCH0520,Sharma & Sons,Cooking Oil,1.124,BAG_50KG,6744,Cleared
MDM011402,2026-03-22,SCH0181,Sharma Traders Pvt Ltd,Dal,38000.0,G,3420,Paid
MDM011343,2026-02-14,SCH0214,Singh Brothers,Wheat,32900.0,G,987,Pending
MDM008591,2025-04-03,SCH0091,Sharma & Sons,Rice,57400.0,G,2296,Paid
MDM002011,2025-08-27,SCH0297,Sharma Traders,Mustard Oil,27.6,KG,3312,Pending
MDM001284,2025-08-29,SCH0159,Singh Agro,Atta,39300.0,G,1179,Paid
MDM011884,2025-12-19,SCH0338,S. Agro Works,Atta,23100.0,G,693,Cleared
MDM001020,2025-12-04,SCH0124,Goyal Enterprises,Rice,,,2200,Paid
MDM009519,2025-06-21,SCH0562,Goyal Mill,Rice,,,720,Pending
MDM008668,2026-03-01,SCH0026,Kumar & Co.,Dal,,,2790,Cleared
MDM002811,2025-10-07,SCH0306,Singh Agro,Wheat,,,522,Paid
MDM010661,2025-11-04,SCH0349,Sharma Traders Pvt Ltd,Wheat,40.6,KG,1218,Pending
MDM001652,2025-04-07,SCH0245,Singh Brothers,oil,0.6559999999999999,BAG_50KG,3936,Paid
MDM011885,2025-09-09,SCH0482,Goyal Rice Mill,Rice,59100.0,G,2364,Paid
MDM001170,2025-07-30,SCH0463,Singh Agro,Wheat,,,1695,Cleared
MDM009399,2025-11-06,SCH0048,Kumar General Store,Mustard Oil,,,4884,Pending
MDM006257,2025-07-19,SCH0072,Sharma & Sons,Wheat,,,768,Paid
MDM005470,2025-04-08,SCH0481,Singh Brothers,Mustard Oil,,,4464,Pending
MDM011328,2025-04-23,SCH0337,S. Agro Works,Dal,15.6,KG,1404,Pending
MDM000868,2026-03-18,SCH0262,Sharma & Sons,Wheat,1.168,BAG,1752,Pending
MDM005094,2025-09-23,SCH0164,Sharma Traders Pvt Ltd,Mustard Oil,,,1428,
MDM005434,2025-08-21,SCH0216,Kumar & Co.,Dal,10800.0,G,972,Pending
MDM000542,2025-06-07,SCH0458,Goyal Enterprises,Wheat,,,1449,Paid
MDM009325,2026-01-19,SCH0115,Singh Agro,Mustard Oil,34.0,KG,4080,Due
MDM006355,2025-12-15,SCH0080,Kumar & Co.,Cooking Oil,0.722,BORI,4332,Paid
MDM011534,2026-01-13,SCH0556,Sharma & Sons,Mustard Oil,0.358,BAG_50KG,2148,
MDM003391,2025-08-26,SCH0550,Singh Brothers,Atta,,,975,Due
MDM009935,2025-04-21,SCH0241,Goyal Enterprises,Dal,10.3,KG,927,Paid
MDM003960,2026-02-22,SCH0218,Goyal Enterprises,oil,36.5,KG,4380,Pending
MDM006644,2025-08-30,SCH0060,Singh Agro,Dal,19.7,KG,1773,Pending
MDM006842,2025-09-02,SCH0178,Singh Agro,Dal,,,4482,Due
MDM010235,2025-05-23,SCH0171,Goyal Enterprises,Wheat,0.336,BAG,504,Pending
MDM003587,2025-04-04,SCH0565,Sharma Traders Pvt Ltd,Mustard Oil,,,5160,Paid
MDM009980,2026-02-14,SCH0577,Singh Agro,oil,,,2100,Pending
MDM002564,2025-11-27,SCH0013,Sharma Traders Pvt Ltd,Dal,0.322,BORI,1449,
MDM005037,2025-12-17,SCH0061,Goyal Rice Mill,Mustard Oil,19600.0,G,2352,Pending
MDM001081,2025-11-07,SCH0376,Kumar & Co.,Dal,,,2970,Pending
MDM005892,2026-02-24,SCH0436,Singh Agro,Wheat,21.6,KG,648,Paid
MDM004967,2025-06-21,SCH0025,Kumar General Store,Mustard Oil,0.618,BORI,3708,Cleared
MDM002024,2025-04-15,SCH0524,Kumar General Store,Atta,14.0,KG,420,Pending
MDM011095,2025-05-15,SCH0250,Singh Agro,Atta,,,1296,
MDM007910,2025-09-25,SCH0444,Kumar & Co.,Dal,34300.0,G,3087,
MDM010778,2026-01-02,SCH0255,Sharma Traders,Cooking Oil,18300.0,G,,Due
MDM007322,2025-06-05,SCH0513,Goyal Rice Mill,Rice,30.4,KG,1216,Due
MDM000227,2026-02-11,SCH0073,S. Agro Works,Dal,,,1593,Cleared
MDM001014,2025-06-25,SCH0589,Singh Brothers,Rice,,,944,Paid
MDM001930,2026-02-25,SCH0114,Goyal Mill,Dal,0.6940000000000001,BORI,3123,Pending
MDM010356,2025-05-24,SCH0082,Kumar Supplies,Dal,45200.0,G,4068,Due
MDM005252,2025-12-01,SCH0374,Sharma Traders Pvt Ltd,Mustard Oil,51.2,KG,6144,Paid
MDM009597,2026-03-09,SCH0070,Kumar & Co.,Rice,11000.0,G,440,Cleared
MDM002180,2025-06-01,SCH0351,Goyal Mill,Dal,,,5148,
MDM000698,2026-02-20,SCH0197,Goyal Rice Mill,Dal,59700.0,G,5373,Due
MDM001125,2025-07-01,SCH0269,Kumar Supplies,Cooking Oil,16.2,KG,1944,Due
MDM007379,2025-10-23,SCH0281,Sharma Traders,Dal,33.5,KG,3015,Pending
MDM010132,2025-07-25,SCH0492,Goyal Enterprises,Dal,,,2637,Pending
MDM005111,2025-07-10,SCH0449,Goyal Mill,Wheat,,,1140,Cleared
MDM007903,2025-12-31,SCH0570,Kumar General Store,Mustard Oil,,,3948,Paid
MDM001779,2025-10-23,SCH0081,Sharma & Sons,Dal,0.374,BAG,1683,Paid
MDM010184,2025-08-13,SCH0325,Sharma Traders,Dal,0.624,SACK,2808,Pending
MDM002635,2025-09-17,SCH0363,Sharma Traders,Rice,,,1064,Pending
MDM007545,2025-04-18,SCH0596,Singh Agro,Rice,0.528,BAG_50KG,1056,Cleared
MDM007605,2025-12-07,SCH0503,Kumar Supplies,oil,53.8,KG,6456,Pending
MDM003490,2025-05-01,SCH0340,Sharma Traders Pvt Ltd,Wheat,0.904,BAG_50KG,1356,Paid
MDM001038,2025-10-02,SCH0139,Singh Brothers,Cooking Oil,1.094,BAG,6564,Cleared
MDM010098,2025-11-08,SCH0430,Goyal Mill,oil,,,1956,
MDM008506,2025-06-08,SCH0125,Sharma Traders,Rice,0.57,BORI,1140,Pending
MDM002650,2026-01-10,SCH0354,Singh Brothers,Wheat,,,1035,Pending
MDM002980,2026-03-25,SCH0038,Singh Brothers,Dal,,,1899,Paid
MDM002548,2025-07-13,SCH0222,Goyal Enterprises,Dal,34.1,KG,3069,
MDM005133,2025-11-22,SCH0563,Kumar & Co.,Rice,0.274,BAG,548,Cleared
MDM002160,2025-08-30,SCH0223,Kumar Supplies,Rice,32.9,KG,1316,Pending
MDM009115,2026-02-14,SCH0163,Kumar & Co.,Dal,29.6,KG,2664,Pending
MDM006446,2026-02-28,SCH0435,Goyal Rice Mill,Rice,30.7,KG,1228,Cleared
MDM003968,2025-07-04,SCH0049,Goyal Mill,Dal,19200.0,G,1728,
MDM001429,2025-07-09,SCH0144,Goyal Rice Mill,Rice,57.5,KG,2300,Paid
MDM010391,2025-06-11,SCH0367,Singh Brothers,Wheat,1.042,BAG,1563,Due
MDM002521,2025-07-18,SCH0050,Goyal Enterprises,Wheat,,,1497,Pending
MDM008034,2025-11-28,SCH0127,Sharma & Sons,Wheat,14400.0,G,432,Paid
MDM010663,2025-06-14,SCH0467,Goyal Enterprises,Rice,,,1420,Cleared
MDM000449,2025-08-13,SCH0167,S. Agro Works,Rice,17.5,KG,700,Paid
MDM011417,2026-03-10,SCH0009,Goyal Enterprises,Mustard Oil,,,3732,Paid
MDM009477,2026-03-03,SCH0238,Singh Agro,Mustard Oil,54.9,KG,,Due
MDM005996,2025-07-28,SCH0163,Kumar & Co.,Cooking Oil,40000.0,G,4800,Paid
MDM009923,2026-02-02,SCH0150,Kumar & Co.,Rice,,,,Pending
MDM003728,2025-10-11,SCH0008,Singh Brothers,Wheat,,,1155,Paid
MDM007354,2025-12-28,SCH0571,Goyal Mill,Wheat,,,435,
MDM008554,2025-08-13,SCH0085,Sharma Traders,Cooking Oil,57.1,KG,6852,Pending
MDM006280,2026-03-22,SCH0417,Sharma Traders,oil,0.284,BORI,1704,
MDM011038,2025-08-01,SCH0233,Goyal Mill,Rice,44800.0,G,1792,Paid
MDM007296,2025-04-29,SCH0339,Singh Brothers,Rice,,,404,
MDM009497,2025-10-09,SCH0102,Kumar General Store,Mustard Oil,58300.0,G,6996,Cleared
MDM006252,2025-06-21,SCH0197,Sharma Traders Pvt Ltd,Rice,32.4,KG,1296,Due
MDM005927,2025-12-12,SCH0320,Goyal Enterprises,Rice,,,2376,
MDM002461,2025-11-23,SCH0494,Goyal Mill,Wheat,,,846,Paid
MDM000023,2025-06-25,SCH0216,Singh Agro,Mustard Oil,,,5148,Paid
MDM002067,2026-03-17,SCH0439,Kumar Supplies,Wheat,1.172,BORI,1758,Pending
MDM001654,2025-06-21,SCH0078,Goyal Rice Mill,Wheat,16800.0,G,504,Pending
MDM008895,2025-07-13,SCH0085,Singh Brothers,Cooking Oil,,,3372,Paid
MDM008707,2025-07-29,SCH0284,Singh Agro,Dal,12.9,KG,1161,Due
MDM001377,2026-03-19,SCH0524,Singh Agro,Wheat,0.46,BAG,690,Due
MDM001725,2025-12-22,SCH0192,Singh Brothers,Wheat,20.4,KG,612,Due
MDM003755,2025-12-08,SCH0301,Singh Brothers,Dal,17.2,KG,1548,Pending
MDM008653,2025-04-23,SCH0301,Kumar General Store,Mustard Oil,,,3852,Pending
MDM004184,2025-12-18,SCH0007,S. Agro Works,Rice,,,1948,Due
MDM004083,2026-01-26,SCH0460,Sharma Traders Pvt Ltd,Rice,12.0,KG,480,Due
MDM009679,2025-08-22,SCH0376,Kumar & Co.,Wheat,0.536,BAG,804,Paid
MDM008475,2025-08-29,SCH0086,Goyal Mill,Mustard Oil,0.8320000000000001,SACK,4992,Paid
MDM006580,2025-04-28,SCH0057,Sharma Traders,Dal,,,2844,Pending
MDM004559,2025-08-24,SCH0389,Kumar Supplies,Wheat,0.348,SACK,522,Due
MDM003538,2025-09-17,SCH0144,S. Agro Works,oil,0.628,BAG,3768,Due
MDM007004,2025-09-21,SCH0315,Sharma Traders Pvt Ltd,Mustard Oil,0.396,BAG_50KG,2376,Paid
MDM009561,2025-09-23,SCH0327,Sharma Traders Pvt Ltd,Cooking Oil,,,5772,Pending
MDM011703,2025-04-20,SCH0171,Kumar General Store,Wheat,,,1110,Cleared
MDM011271,2025-06-02,SCH0129,Sharma & Sons,Rice,,,1068,Due
MDM008790,2025-06-04,SCH0234,Kumar General Store,Rice,40100.0,G,1604,Due
MDM000647,2025-04-27,SCH0157,Singh Brothers,Mustard Oil,27.7,KG,3324,Paid
MDM006382,2026-02-18,SCH0104,Kumar & Co.,Mustard Oil,,,,
MDM007528,2025-11-20,SCH0220,Kumar General Store,Wheat,36.4,KG,1092,Paid
MDM007166,2026-03-13,SCH0588,Kumar Supplies,Rice,55.3,KG,2212,Cleared
MDM011545,2025-10-09,SCH0091,Singh Brothers,Mustard Oil,42600.0,G,5112,Due
MDM007698,2025-04-03,SCH0093,Kumar & Co.,Wheat,34200.0,G,1026,Paid
MDM011622,2026-03-14,SCH0140,Kumar & Co.,oil,,,2076,Paid
MDM004876,2025-09-09,SCH0334,Goyal Mill,Dal,0.234,SACK,1053,Due
MDM010615,2025-12-11,SCH0278,Sharma Traders Pvt Ltd,Rice,23200.0,G,928,Paid
MDM005342,2026-03-06,SCH0067,Kumar & Co.,Wheat,11.7,KG,351,Pending
MDM011168,2025-04-30,SCH0224,Goyal Rice Mill,Cooking Oil,,,1524,Paid
MDM007032,2025-08-27,SCH0363,Kumar Supplies,Dal,18.5,KG,1665,Paid
MDM002161,2026-03-05,SCH0308,Kumar & Co.,Rice,0.488,BAG,976,Paid
MDM000686,2025-11-22,SCH0122,Kumar & Co.,Wheat,36300.0,G,,Paid
MDM002462,2025-09-24,SCH0451,Singh Brothers,Dal,,,2178,Pending
MDM007129,2025-07-27,SCH0284,Singh Brothers,Wheat,33.7,KG,1011,Paid
MDM006268,2025-06-15,SCH0263,Sharma Traders Pvt Ltd,Rice,30.5,KG,1220,Cleared
MDM004942,2025-08-06,SCH0353,Sharma Traders,Rice,25.5,KG,1020,Paid
MDM005947,2025-04-30,SCH0068,Sharma Traders Pvt Ltd,Rice,56.2,KG,2248,Paid
MDM004584,2025-06-05,SCH0414,Goyal Enterprises,Atta,,,420,
MDM005785,2025-07-16,SCH0537,Sharma Traders,Rice,29.9,KG,1196,Cleared
MDM007570,2025-06-27,SCH0083,Sharma Traders Pvt Ltd,Dal,,,3708,Pending
MDM011073,2025-10-02,SCH0292,Singh Agro,Mustard Oil,1.114,BORI,6684,Due
MDM000522,2026-01-08,SCH0088,Singh Agro,Rice,0.424,BORI,848,Paid
MDM008715,2025-04-22,SCH0337,Singh Brothers,Rice,40.2,KG,1608,Pending
MDM011029,2025-11-05,SCH0083,Kumar Supplies,Wheat,42100.0,G,1263,Cleared
MDM003984,2025-08-23,SCH0434,Kumar Supplies,Dal,1.042,BAG,4689,Due
MDM011818,2025-10-19,SCH0302,Goyal Enterprises,Wheat,0.4320000000000001,BORI,648,Pending
MDM000781,2025-10-29,SCH0071,Sharma Traders,Cooking Oil,46.5,KG,5580,
MDM010149,2025-11-19,SCH0500,Goyal Mill,Rice,1.098,BORI,2196,Paid
MDM005608,2026-03-01,SCH0371,S. Agro Works,Rice,,,2048,Pending
MDM005979,2026-01-20,SCH0484,Sharma Traders Pvt Ltd,Rice,26500.0,G,1060,Paid
MDM008844,2025-05-07,SCH0258,Kumar General Store,Rice,41.4,KG,1656,Paid
MDM003748,2026-03-14,SCH0419,Sharma Traders Pvt Ltd,Dal,,,,Pending
MDM002197,2025-12-13,SCH0513,Goyal Mill,Wheat,54.6,KG,,Pending
MDM008562,2025-07-25,SCH0125,Kumar Supplies,Mustard Oil,25900.0,G,3108,
MDM004286,2025-08-12,SCH0497,Sharma Traders Pvt Ltd,Mustard Oil,0.236,BAG,1416,Pending
MDM008570,2025-12-22,SCH0101,Sharma & Sons,Mustard Oil,30700.0,G,3684,Cleared
MDM009833,2025-07-01,SCH0134,Goyal Enterprises,Dal,,,2115,Paid
MDM009806,2025-08-12,SCH0259,Sharma Traders Pvt Ltd,Rice,36.4,KG,1456,Cleared
MDM006980,2025-12-27,SCH0206,Goyal Mill,oil,39.9,KG,4788,Paid
MDM001828,2026-02-06,SCH0205,Sharma & Sons,Wheat,0.352,BAG,528,Paid
MDM009155,2025-04-02,SCH0240,Singh Brothers,Dal,,,3906,Pending
MDM011956,2025-07-26,SCH0338,Kumar General Store,Rice,43400.0,G,1736,
MDM002377,2025-07-31,SCH0520,Sharma Traders,Cooking Oil,28.3,KG,3396,
MDM008552,2025-10-08,SCH0498,Sharma & Sons,Rice,18.0,KG,720,Paid
MDM003840,2025-12-30,SCH0015,Goyal Enterprises,Dal,35.2,KG,3168,Paid
MDM001247,2025-09-09,SCH0462,Sharma & Sons,Rice,40.3,KG,1612,Pending
MDM007505,2026-03-31,SCH0593,Singh Brothers,Rice,,,1808,Cleared
MDM006512,2025-08-19,SCH0509,Kumar & Co.,Wheat,13100.0,G,393,Cleared
MDM011302,2025-10-26,SCH0301,Kumar Supplies,Rice,58.1,KG,2324,Paid
MDM005440,2026-03-05,SCH0382,Sharma & Sons,Dal,0.382,SACK,1719,Due
MDM011416,2026-02-24,SCH0228,Kumar & Co.,Wheat,0.25,BAG_50KG,375,Paid
MDM008965,2026-01-17,SCH0539,Kumar & Co.,Mustard Oil,40.0,KG,4800,Due
MDM005511,2026-03-10,SCH0481,Goyal Enterprises,Dal,0.922,BAG_50KG,4149,Pending
MDM005331,2025-05-30,SCH0183,Kumar General Store,Dal,,,3996,Pending
MDM004532,2025-11-14,SCH0013,Kumar Supplies,Dal,24800.0,G,2232,Cleared
MDM009867,2025-12-19,SCH0281,Goyal Enterprises,Mustard Oil,39.1,KG,4692,Paid
MDM000366,2025-06-08,SCH0506,Goyal Mill,Mustard Oil,12100.0,G,1452,Cleared
MDM000148,2025-11-25,SCH0386,Sharma Traders Pvt Ltd,Mustard Oil,,,1800,Due
MDM001669,2025-11-29,SCH0141,S. Agro Works,oil,22700.0,G,2724,Paid
MDM010925,2025-09-01,SCH0276,Kumar General Store,Dal,,,5157,Paid
MDM007651,2026-01-12,SCH0485,Singh Brothers,Wheat,,,750,
MDM008600,2025-06-20,SCH0266,Kumar Supplies,Dal,,,3852,Due
MDM007789,2025-09-03,SCH0022,Singh Agro,Dal,0.768,BAG,3456,
MDM003457,2025-12-15,SCH0307,Goyal Enterprises,Rice,35.0,KG,1400,Pending
MDM003272,2025-04-16,SCH0114,Goyal Enterprises,Wheat,,,351,Due
MDM004941,2025-07-31,SCH0229,Singh Agro,Dal,38800.0,G,,Paid
MDM009224,2025-04-18,SCH0330,Singh Agro,Rice,0.606,BAG,1212,Due
MDM006231,2025-04-24,SCH0109,Goyal Mill,Rice,0.282,BORI,564,Paid
MDM010998,2025-06-17,SCH0415,Sharma & Sons,Wheat,12.6,KG,378,
MDM011565,2025-05-02,SCH0472,S. Agro Works,Cooking Oil,18800.0,G,2256,Paid
MDM009048,2025-07-12,SCH0315,Kumar Supplies,Dal,48.5,KG,4365,Paid
MDM003927,2025-04-25,SCH0580,Sharma Traders,oil,38.3,KG,4596,Paid
MDM008081,2026-02-03,SCH0123,S. Agro Works,Rice,0.87,BAG,1740,Cleared
MDM000079,2025-08-07,SCH0067,Goyal Rice Mill,oil,26.7,KG,3204,Paid
MDM007089,2026-03-31,SCH0295,Goyal Enterprises,Wheat,,,1161,Pending
MDM002248,2026-01-06,SCH0044,Sharma Traders,Cooking Oil,,,2172,Pending
MDM010190,2025-09-14,SCH0102,Goyal Enterprises,Mustard Oil,41000.0,G,4920,Cleared
MDM010230,2025-12-11,SCH0445,Sharma Traders,Mustard Oil,0.924,BAG,5544,Pending
MDM007452,2025-05-22,SCH0495,Sharma & Sons,Cooking Oil,,,2004,Paid
MDM008981,2025-12-31,SCH0387,Singh Agro,oil,11.8,KG,1416,Pending
MDM002280,2025-08-23,SCH0154,Sharma & Sons,Rice,1.166,BORI,2332,Cleared
MDM008124,2026-01-21,SCH0368,Sharma Traders,Rice,0.544,BORI,1088,Pending
MDM003898,2025-12-14,SCH0200,Sharma Traders Pvt Ltd,Rice,13.0,KG,,Pending
MDM009952,2025-05-24,SCH0415,Sharma Traders Pvt Ltd,Dal,0.674,BAG,3033,Pending
MDM007178,2025-11-04,SCH0250,Singh Brothers,Mustard Oil,0.836,BAG_50KG,5016,Paid
MDM009313,2025-05-02,SCH0014,Kumar General Store,Rice,32.3,KG,1292,
MDM011683,2026-01-29,SCH0220,Sharma Traders,Rice,0.232,BAG,464,Cleared
MDM003632,2025-11-29,SCH0394,Kumar Supplies,Wheat,27.2,KG,816,Paid
MDM010652,2026-03-07,SCH0372,S. Agro Works,Dal,43.5,KG,3915,Paid
MDM006273,2025-04-17,SCH0319,Singh Agro,Dal,13400.0,G,1206,Paid
MDM008617,2025-05-14,SCH0508,Sharma & Sons,Mustard Oil,,,5568,Due
MDM000393,2025-10-01,SCH0054,Goyal Rice Mill,Cooking Oil,,,6312,Cleared
MDM003192,2026-01-20,SCH0156,Kumar Supplies,Rice,0.7959999999999999,SACK,1592,Cleared
MDM000017,2026-03-03,SCH0544,Singh Brothers,Rice,,,1236,Paid
MDM004201,2025-11-14,SCH0363,Sharma & Sons,Mustard Oil,,,4848,Pending
MDM002673,2025-11-24,SCH0422,Kumar General Store,Dal,,,3132,Paid
MDM006165,2025-06-03,SCH0498,S. Agro Works,Rice,,,1064,Due
MDM003494,2025-12-11,SCH0574,Goyal Rice Mill,Wheat,24.6,KG,738,Paid
MDM009652,2025-11-18,SCH0390,Sharma Traders,Dal,37.2,KG,3348,Paid
MDM007395,2025-07-05,SCH0507,Singh Brothers,Dal,,,3033,Cleared
MDM004840,2026-01-20,SCH0205,Goyal Rice Mill,Wheat,13.1,KG,393,Paid
MDM000594,2025-06-23,SCH0304,Sharma & Sons,oil,,,2604,Paid
MDM008738,2026-03-18,SCH0205,Sharma Traders Pvt Ltd,Rice,,,1680,Pending
MDM005828,2026-03-05,SCH0222,Sharma & Sons,Dal,,,4995,Pending
MDM007962,2025-05-03,SCH0151,Sharma & Sons,oil,,,3192,Pending
MDM005888,2025-08-15,SCH0364,Goyal Rice Mill,Dal,1.04,BAG,4680,Pending
MDM002356,2025-10-06,SCH0435,Goyal Rice Mill,Rice,41.4,KG,1656,Pending
MDM006037,2025-12-09,SCH0210,Goyal Mill,Cooking Oil,0.464,SACK,2784,Paid
MDM004799,2025-11-18,SCH0561,Goyal Mill,Wheat,54400.0,G,1632,Due
MDM010682,2025-04-01,SCH0594,Singh Agro,Wheat,35.3,KG,,Cleared
MDM004593,2025-06-11,SCH0511,Kumar & Co.,Rice,,,464,Due
MDM008657,2025-07-09,SCH0187,S. Agro Works,Rice,,,792,Paid
MDM000164,2026-01-19,SCH0309,Sharma Traders Pvt Ltd,Cooking Oil,,,5064,
MDM011442,2025-06-27,SCH0519,Kumar & Co.,Rice,,,488,Cleared
MDM011657,2026-01-28,SCH0056,Sharma Traders,Dal,27.5,KG,2475,Due
MDM007381,2026-01-10,SCH0576,S. Agro Works,Wheat,,,993,Due
MDM006357,2025-06-05,SCH0021,Sharma & Sons,Dal,0.67,BAG,3015,
MDM009093,2025-11-23,SCH0177,Sharma Traders Pvt Ltd,Wheat,15300.0,G,459,Due
MDM005543,2025-04-13,SCH0321,S. Agro Works,Rice,,,908,Cleared
MDM006008,2026-01-08,SCH0090,Singh Agro,Rice,12200.0,G,488,
MDM007994,2025-09-13,SCH0119,Goyal Enterprises,Rice,42100.0,G,1684,Pending
MDM007639,2025-04-03,SCH0108,Sharma & Sons,Mustard Oil,49.8,KG,5976,Pending
MDM006794,2025-07-31,SCH0179,Singh Brothers,Rice,,,996,Due
MDM007759,2025-07-15,SCH0257,Sharma Traders Pvt Ltd,Rice,0.86,BAG_50KG,1720,Pending
MDM004838,2025-10-21,SCH0260,Sharma Traders Pvt Ltd,Rice,1.092,BORI,2184,Cleared
MDM002294,2025-05-28,SCH0526,Sharma & Sons,Dal,,,1773,Cleared
MDM006549,2025-06-19,SCH0259,Sharma Traders,Cooking Oil,10100.0,G,1212,Paid
MDM007899,2025-07-08,SCH0486,S. Agro Works,Wheat,51.3,KG,1539,Pending
MDM004482,2025-12-30,SCH0222,Singh Agro,Rice,29.3,KG,1172,Paid
MDM003717,2025-11-06,SCH0257,Goyal Rice Mill,Cooking Oil,57.7,KG,6924,Cleared
MDM006141,2025-10-28,SCH0541,Kumar General Store,Wheat,10300.0,G,309,Due
MDM009957,2025-07-24,SCH0552,Singh Agro,oil,34500.0,G,4140,Cleared
MDM001550,2026-01-04,SCH0325,S. Agro Works,Mustard Oil,1.012,BAG,6072,Pending
MDM002045,2025-11-08,SCH0122,Singh Brothers,Wheat,,,1677,Paid
MDM000768,2026-01-13,SCH0233,Kumar Supplies,Dal,50.7,KG,4563,Due
MDM005694,2026-03-02,SCH0522,S. Agro Works,Rice,22.1,KG,884,Cleared
MDM007871,2025-11-18,SCH0153,Kumar General Store,Wheat,40800.0,G,1224,Pending
MDM009701,2025-04-05,SCH0210,Sharma & Sons,Rice,19.6,KG,784,Due
MDM007858,2025-08-24,SCH0344,Singh Brothers,Atta,,,,Cleared
MDM003303,2025-07-31,SCH0587,Sharma Traders,Dal,49600.0,G,4464,Paid
MDM004518,2026-02-25,SCH0263,S. Agro Works,Dal,20.7,KG,1863,Paid
MDM011206,2026-03-29,SCH0302,Goyal Enterprises,Wheat,,,1554,Pending
MDM009981,2025-07-26,SCH0131,Sharma Traders Pvt Ltd,Dal,,,4806,Due
MDM003293,2026-02-21,SCH0116,Sharma Traders,Mustard Oil,,,4548,Pending
MDM009012,2025-07-01,SCH0561,Singh Agro,Rice,21.8,KG,872,
MDM001404,2025-07-29,SCH0329,Kumar & Co.,Wheat,,,1746,Paid
MDM001383,2025-08-20,SCH0121,Sharma Traders Pvt Ltd,Cooking Oil,21.6,KG,,Cleared
MDM006929,2025-07-12,SCH0166,Singh Brothers,Dal,38900.0,G,3501,Pending
MDM005672,2025-09-18,SCH0055,Kumar General Store,Dal,18.3,KG,1647,
MDM001639,2025-10-27,SCH0459,Kumar Supplies,Dal,58600.0,G,5274,Pending
MDM006908,2025-11-15,SCH0085,Goyal Enterprises,Rice,,,468,Due
MDM008592,2026-01-21,SCH0577,Goyal Enterprises,Dal,,,2403,Paid
MDM006407,2025-11-07,SCH0425,Goyal Enterprises,Atta,0.4379999999999999,SACK,657,
MDM009075,2026-01-27,SCH0067,Kumar Supplies,Atta,15.5,KG,465,Pending
MDM001180,2026-02-09,SCH0378,Sharma Traders Pvt Ltd,Atta,0.8079999999999999,SACK,1212,Cleared
MDM005449,2025-08-24,SCH0347,Sharma & Sons,Mustard Oil,,,7176,Due
MDM005079,2025-07-30,SCH0370,Singh Agro,Rice,59.2,KG,2368,Paid
MDM008649,2025-05-05,SCH0031,Goyal Mill,Mustard Oil,44.6,KG,5352,Paid
MDM005176,2025-05-22,SCH0557,Kumar Supplies,Rice,36200.0,G,1448,Pending
MDM000690,2025-10-18,SCH0408,Singh Agro,Dal,39.0,KG,3510,Pending
MDM010936,2025-08-21,SCH0148,Sharma Traders Pvt Ltd,Dal,1.144,SACK,5148,Paid
MDM006526,2025-10-10,SCH0276,Goyal Mill,Cooking Oil,1.162,BAG_50KG,6972,Paid
MDM006489,2025-05-12,SCH0458,Kumar Supplies,Dal,,,1287,Pending
MDM007155,2026-02-19,SCH0182,Kumar General Store,Rice,57800.0,G,2312,Paid
MDM010393,2025-07-06,SCH0386,S. Agro Works,oil,14.5,KG,1740,Paid
MDM006611,2025-07-20,SCH0340,Sharma & Sons,Cooking Oil,0.596,BAG_50KG,3576,Paid
MDM010582,2026-01-03,SCH0356,Sharma & Sons,Wheat,0.236,BAG,354,Paid
MDM004350,2025-04-19,SCH0490,Kumar General Store,Wheat,41600.0,G,1248,Paid
MDM001885,2025-06-25,SCH0005,Singh Brothers,Wheat,0.506,SACK,759,Paid
MDM011489,2026-02-24,SCH0467,Goyal Rice Mill,Wheat,1.198,BAG,1797,Pending
MDM002495,2025-09-17,SCH0379,Singh Agro,Rice,55.9,KG,2236,Pending
MDM005948,2026-01-22,SCH0496,Kumar & Co.,Dal,1.102,BAG,4959,Due
MDM003037,2026-01-28,SCH0227,Sharma Traders Pvt Ltd,Mustard Oil,39.0,KG,4680,
MDM005778,2026-03-25,SCH0140,Singh Brothers,Cooking Oil,0.8759999999999999,SACK,5256,Due
MDM000846,2025-06-10,SCH0348,Goyal Rice Mill,oil,0.254,SACK,1524,Paid
MDM008735,2025-04-22,SCH0539,Goyal Enterprises,Atta,0.68,SACK,1020,Paid
MDM007968,2025-12-14,SCH0265,Singh Agro,Rice,32.4,KG,1296,Pending
MDM010474,2026-01-10,SCH0125,Sharma Traders,Dal,28.3,KG,2547,Paid
MDM007341,2025-09-24,SCH0372,Goyal Enterprises,oil,0.298,BAG,1788,Pending
MDM011118,2025-06-25,SCH0127,Goyal Enterprises,Wheat,,,684,Pending
MDM010225,2026-01-01,SCH0562,Goyal Mill,Dal,,,3591,
MDM007138,2026-02-01,SCH0313,Singh Agro,Dal,55.5,KG,4995,Paid
MDM002965,2025-10-15,SCH0050,Kumar Supplies,Rice,42100.0,G,1684,Paid
MDM002530,2026-02-16,SCH0522,Kumar & Co.,oil,22.1,KG,2652,Due
MDM005773,2025-05-07,SCH0067,Sharma Traders,Mustard Oil,,,1656,Due
MDM001049,2026-02-12,SCH0533,Sharma Traders,Cooking Oil,45400.0,G,5448,Paid
MDM007046,2025-04-28,SCH0447,Sharma Traders,oil,45.1,KG,5412,
MDM001961,2026-02-12,SCH0138,Sharma Traders,Rice,,,1408,
MDM002531,2025-06-13,SCH0425,Kumar General Store,Mustard Oil,,,5592,Due
MDM008430,2026-02-10,SCH0212,Kumar General Store,Mustard Oil,44200.0,G,,Cleared
MDM004918,2025-08-31,SCH0493,S. Agro Works,Rice,48.2,KG,1928,Due
MDM009326,2025-04-21,SCH0337,Goyal Enterprises,Wheat,,,1608,Pending
MDM005902,2025-07-18,SCH0121,Singh Agro,Wheat,0.8420000000000001,BAG,,Cleared
MDM008287,2025-08-23,SCH0557,Sharma Traders Pvt Ltd,Dal,,,1440,Pending
MDM004260,2026-02-13,SCH0334,Sharma Traders,Rice,14300.0,G,572,Paid
MDM011336,2025-04-16,SCH0175,Singh Agro,Wheat,35700.0,G,1071,
MDM005657,2025-11-30,SCH0291,Singh Brothers,Dal,0.674,BAG_50KG,3033,Pending
MDM006098,2025-05-01,SCH0534,Singh Agro,Rice,,,852,Due
MDM005908,2025-10-22,SCH0110,S. Agro Works,oil,42300.0,G,5076,Due
MDM007374,2025-09-22,SCH0296,Singh Brothers,Rice,42.6,KG,1704,Cleared
MDM002979,2025-08-06,SCH0337,Kumar & Co.,Rice,18.6,KG,744,Due
MDM010945,2025-07-28,SCH0024,Goyal Rice Mill,Mustard Oil,,,2688,Pending
MDM011490,2025-12-30,SCH0515,Singh Brothers,Dal,44300.0,G,,Paid
MDM006722,2025-06-26,SCH0137,Kumar General Store,Wheat,0.8059999999999999,BAG,1209,Due
MDM007843,2025-05-28,SCH0546,Goyal Mill,Rice,0.91,BAG,1820,Due
MDM008265,2025-06-12,SCH0197,Goyal Enterprises,Wheat,23.6,KG,708,Paid
MDM010838,2026-03-24,SCH0076,Goyal Enterprises,Dal,11.7,KG,1053,Paid
MDM003139,2025-04-01,SCH0381,Kumar General Store,oil,0.504,BAG,3024,Paid
MDM008326,2025-10-20,SCH0360,Kumar General Store,Rice,45000.0,G,1800,Paid
MDM001827,2025-12-25,SCH0495,Kumar & Co.,Dal,21.4,KG,1926,Pending
MDM005549,2025-07-25,SCH0037,Goyal Enterprises,Dal,40.2,KG,3618,
MDM008786,2025-10-29,SCH0377,Kumar & Co.,Rice,37.1,KG,1484,Due
MDM000561,2025-04-05,SCH0378,Singh Agro,Wheat,10900.0,G,327,Pending
MDM010882,2025-12-30,SCH0483,Kumar Supplies,oil,0.706,BAG,4236,Cleared
MDM008436,2025-08-19,SCH0520,Sharma Traders,Rice,44.8,KG,1792,Cleared
MDM005436,2025-08-08,SCH0596,Kumar General Store,Rice,37.8,KG,1512,
MDM004438,2025-11-18,SCH0160,S. Agro Works,Cooking Oil,,,2484,Due
MDM008598,2025-11-27,SCH0553,Goyal Mill,Rice,24.4,KG,976,Due
MDM001443,2025-09-15,SCH0022,Goyal Mill,Wheat,,,357,Due
MDM008454,2026-03-21,SCH0479,Goyal Enterprises,Wheat,,,1344,Due
MDM004407,2025-12-31,SCH0412,Sharma & Sons,Wheat,,,639,Paid
MDM011781,2025-04-07,SCH0295,Goyal Mill,Dal,0.352,BAG,1584,Paid
MDM001690,2026-03-10,SCH0352,Kumar General Store,Mustard Oil,1.008,BORI,6048,Paid
MDM009918,2026-01-28,SCH0482,Sharma Traders Pvt Ltd,Dal,,,5292,Pending
MDM011103,2025-04-11,SCH0497,Goyal Enterprises,Cooking Oil,19600.0,G,2352,Pending
MDM005963,2025-05-15,SCH0351,Goyal Rice Mill,Dal,50800.0,G,4572,Cleared
MDM002497,2025-06-29,SCH0512,Sharma Traders Pvt Ltd,Cooking Oil,40.6,KG,4872,Pending
MDM010112,2025-06-16,SCH0011,Kumar & Co.,Wheat,50.8,KG,1524,Pending
MDM000341,2025-11-08,SCH0492,Sharma Traders,Wheat,46800.0,G,1404,
MDM002409,2025-10-06,SCH0545,Kumar & Co.,Rice,50700.0,G,,Pending
MDM009794,2026-02-26,SCH0015,Sharma Traders,Cooking Oil,,,,Paid
MDM010311,2025-07-15,SCH0299,Sharma Traders Pvt Ltd,Dal,,,4005,Paid
MDM005783,2025-12-19,SCH0117,Sharma Traders,Cooking Oil,57.7,KG,6924,Paid
MDM004577,2025-09-24,SCH0215,Kumar General Store,Dal,56.2,KG,5058,Paid
MDM003726,2026-02-16,SCH0412,Kumar General Store,Atta,0.7340000000000001,BAG,,Due
MDM002786,2025-08-13,SCH0409,S. Agro Works,Rice,0.626,SACK,1252,Pending
MDM009716,2025-05-07,SCH0136,Sharma Traders,Rice,53300.0,G,2132,Pending
MDM001013,2025-04-14,SCH0355,Goyal Rice Mill,Dal,1.136,BORI,5112,Paid
MDM005281,2025-07-29,SCH0226,Kumar Supplies,Wheat,,,1632,Pending
MDM004896,2025-11-04,SCH0413,Goyal Enterprises,Atta,51.9,KG,1557,Paid
MDM009959,2025-07-19,SCH0551,Kumar & Co.,Rice,14.7,KG,,Pending
MDM007122,2025-07-02,SCH0157,Kumar General Store,Dal,,,5211,
MDM006550,2025-07-22,SCH0082,Goyal Rice Mill,Dal,13.3,KG,1197,Paid
MDM004038,2026-02-19,SCH0200,Singh Brothers,Dal,10.3,KG,927,Pending
MDM000149,2026-02-21,SCH0053,Sharma Traders Pvt Ltd,Rice,,,880,Pending
MDM000286,2025-07-21,SCH0252,Singh Brothers,Wheat,31.0,KG,930,Paid
MDM011932,2025-04-17,SCH0030,Kumar & Co.,Rice,43.0,KG,1720,Due
MDM008556,2026-03-28,SCH0579,Goyal Mill,Rice,,,1176,Pending
MDM010377,2025-10-03,SCH0516,Kumar & Co.,Rice,,,2232,
MDM009733,2025-11-27,SCH0399,Goyal Rice Mill,oil,1.068,BAG,6408,Paid
MDM006771,2025-10-01,SCH0323,Goyal Rice Mill,Rice,,,672,
MDM004444,2026-03-14,SCH0480,Sharma Traders Pvt Ltd,Rice,0.76,BAG,,Due
MDM007447,2025-04-05,SCH0016,S. Agro Works,Rice,0.5820000000000001,BAG,1164,Paid
MDM000237,2025-09-02,SCH0292,Singh Agro,Wheat,,,1782,Paid
MDM011855,2025-08-20,SCH0405,Sharma Traders,Rice,0.242,BAG,484,Paid
MDM007124,2025-05-01,SCH0011,Goyal Enterprises,Mustard Oil,,,2880,Cleared
MDM010309,2025-04-01,SCH0238,Goyal Mill,Dal,14.5,KG,1305,Paid
MDM003084,2025-11-13,SCH0284,Kumar & Co.,oil,58000.0,G,6960,Paid
MDM000633,2025-05-12,SCH0029,Sharma Traders,Mustard Oil,,,5880,Cleared
MDM006814,2025-04-30,SCH0540,S. Agro Works,Atta,0.71,BAG,,Pending
MDM002494,2025-04-02,SCH0457,Sharma Traders Pvt Ltd,Atta,,,1308,Due
MDM002666,2026-03-28,SCH0096,Goyal Rice Mill,Dal,,,,Paid
MDM010484,2026-01-09,SCH0054,Sharma Traders Pvt Ltd,Mustard Oil,1.1,BORI,,Cleared
MDM010557,2026-03-18,SCH0061,Singh Agro,Dal,0.66,BORI,2970,Pending
MDM010394,2025-08-23,SCH0349,Kumar & Co.,Rice,12700.0,G,508,Pending
MDM010061,2025-11-10,SCH0160,Singh Brothers,Mustard Oil,47700.0,G,5724,Paid
MDM010457,2025-09-18,SCH0175,Sharma Traders,Atta,11300.0,G,339,Pending
MDM004212,2026-02-18,SCH0278,S. Agro Works,Wheat,55100.0,G,1653,Paid
MDM009687,2025-07-19,SCH0375,Goyal Rice Mill,Dal,1.2,BORI,5400,Paid
MDM003875,2026-01-14,SCH0529,Sharma & Sons,Rice,25900.0,G,1036,Due
MDM009425,2025-09-29,SCH0478,Goyal Rice Mill,Dal,21300.0,G,1917,Pending
MDM002818,2025-08-19,SCH0020,Singh Agro,Cooking Oil,,,5976,Pending
MDM010196,2026-01-15,SCH0174,Goyal Rice Mill,Rice,,,2228,Pending
MDM011088,2026-02-13,SCH0327,Sharma & Sons,Atta,,,1347,Pending
MDM007427,2026-03-31,SCH0055,Kumar Supplies,Dal,,,3861,Paid
MDM010625,2026-01-26,SCH0215,Singh Brothers,Rice,41300.0,G,1652,Pending
MDM010461,2025-09-12,SCH0346,Singh Brothers,Rice,,,408,Pending
MDM011367,2026-01-01,SCH0198,Singh Brothers,oil,1.116,SACK,6696,Cleared
MDM009778,2026-02-16,SCH0506,Singh Agro,Dal,,,2538,Paid
MDM001736,2025-06-05,SCH0298,Goyal Mill,Dal,0.6759999999999999,BAG_50KG,3042,
MDM007398,2025-10-03,SCH0276,Singh Agro,Atta,,,597,Pending
MDM004256,2025-09-14,SCH0206,Singh Agro,Dal,1.042,BAG,4689,Cleared
MDM010222,2025-08-12,SCH0135,Kumar & Co.,Dal,53.3,KG,4797,Due
MDM002476,2025-11-06,SCH0069,Sharma Traders Pvt Ltd,Dal,,,2673,
MDM003714,2025-04-05,SCH0451,Goyal Rice Mill,Dal,0.308,BAG,1386,Pending
MDM011085,2025-05-14,SCH0369,Goyal Mill,Dal,32500.0,G,2925,Pending
MDM001805,2025-07-22,SCH0436,Kumar & Co.,Rice,53500.0,G,2140,
MDM000708,2026-02-22,SCH0338,Kumar General Store,Wheat,56800.0,G,1704,Due
MDM011356,2025-04-22,SCH0143,Sharma & Sons,Rice,,,628,
MDM005190,2025-04-19,SCH0179,Singh Agro,Dal,0.3720000000000001,BAG,1674,Due
MDM005473,2025-05-24,SCH0270,S. Agro Works,oil,0.836,BAG,5016,Cleared
MDM000073,2025-07-15,SCH0316,Singh Agro,Rice,0.77,SACK,1540,Pending
MDM007844,2025-07-29,SCH0579,Singh Agro,Mustard Oil,57.8,KG,6936,Paid
MDM005102,2025-10-18,SCH0056,S. Agro Works,Wheat,48700.0,G,1461,Due
MDM006765,2025-07-21,SCH0413,S. Agro Works,Cooking Oil,50700.0,G,6084,
MDM009383,2025-10-18,SCH0252,Goyal Mill,Dal,14400.0,G,1296,Pending
MDM001126,2026-03-07,SCH0247,Kumar & Co.,Rice,,,1240,Paid
MDM001242,2026-03-28,SCH0180,S. Agro Works,Rice,41000.0,G,1640,Pending
MDM010664,2025-11-26,SCH0202,Kumar & Co.,Dal,10.5,KG,945,Paid
MDM002350,2025-09-28,SCH0145,Sharma Traders Pvt Ltd,Dal,46.5,KG,4185,Pending
MDM006603,2025-12-15,SCH0119,Singh Brothers,Dal,57.2,KG,,Pending
MDM006781,2025-12-12,SCH0550,Singh Brothers,Rice,18700.0,G,748,Cleared
MDM009770,2025-12-29,SCH0352,Goyal Rice Mill,Mustard Oil,1.138,BAG,6828,Paid
MDM004359,2025-09-11,SCH0118,Kumar Supplies,Wheat,0.818,BORI,1227,Pending
MDM001344,2026-03-07,SCH0277,Singh Brothers,Cooking Oil,40300.0,G,4836,Pending
MDM010727,2025-07-26,SCH0554,Singh Brothers,Wheat,,,1068,Cleared
MDM011839,2025-12-25,SCH0048,Singh Brothers,Rice,0.996,BORI,1992,
MDM008633,2026-03-10,SCH0567,Sharma Traders,Wheat,0.454,BAG,681,Due
MDM006653,2026-01-04,SCH0396,Goyal Enterprises,Rice,,,416,Due
MDM001101,2026-03-31,SCH0079,S. Agro Works,Dal,,,3186,
MDM009161,2025-05-25,SCH0572,Kumar & Co.,Dal,25.2,KG,2268,Due
MDM008842,2025-11-06,SCH0407,S. Agro Works,Mustard Oil,53.4,KG,6408,
MDM009739,2025-09-26,SCH0020,Goyal Enterprises,Rice,43.8,KG,1752,
MDM007328,2025-06-27,SCH0411,Sharma & Sons,Rice,,,1144,Pending
MDM007623,2025-05-15,SCH0381,Kumar General Store,Mustard Oil,57800.0,G,6936,Due
MDM000988,2025-06-11,SCH0493,Sharma Traders,Rice,51800.0,G,,Pending
MDM002853,2025-10-11,SCH0480,Kumar & Co.,Wheat,0.466,BAG,699,
MDM008854,2026-02-28,SCH0186,Goyal Rice Mill,Rice,59300.0,G,2372,Paid
MDM000631,2026-01-02,SCH0331,Kumar General Store,Rice,,,552,Pending
MDM001250,2026-03-24,SCH0452,Singh Agro,Atta,0.81,SACK,1215,Paid
MDM003180,2025-10-14,SCH0098,Kumar General Store,Mustard Oil,18800.0,G,2256,Cleared
MDM000483,2025-05-29,SCH0290,Sharma Traders,Cooking Oil,1.172,BAG,7032,Due
MDM009777,2025-08-24,SCH0052,Goyal Mill,oil,,,2136,Pending
MDM009655,2026-01-08,SCH0534,Goyal Enterprises,Mustard Oil,45.3,KG,5436,Paid
MDM003041,2026-03-07,SCH0219,Singh Agro,Wheat,40.8,KG,1224,Paid
MDM005011,2026-02-12,SCH0022,Sharma Traders Pvt Ltd,Cooking Oil,0.434,BORI,2604,Cleared
MDM010791,2025-06-29,SCH0193,Goyal Enterprises,Dal,1.018,BAG,4581,Cleared
MDM007001,2025-05-23,SCH0189,Kumar & Co.,Wheat,58.8,KG,1764,
MDM003274,2025-11-22,SCH0566,Sharma & Sons,Wheat,22.8,KG,684,Pending
MDM007228,2025-09-18,SCH0320,Singh Agro,Rice,,,748,
MDM003684,2025-12-27,SCH0177,Singh Brothers,Cooking Oil,30.6,KG,3672,Due
MDM006675,2025-12-02,SCH0123,S. Agro Works,oil,,,1368,Pending
MDM006808,2025-08-23,SCH0461,Goyal Mill,Wheat,42.2,KG,1266,
MDM001317,2025-08-01,SCH0052,S. Agro Works,Cooking Oil,35.6,KG,4272,Due
MDM003226,2025-11-09,SCH0528,Sharma Traders,oil,,,4200,Pending
MDM001073,2025-12-03,SCH0150,Goyal Mill,Rice,,,1184,Paid
MDM004816,2025-10-07,SCH0073,Singh Agro,Dal,0.8740000000000001,BORI,3933,Pending
MDM010437,2025-10-24,SCH0500,Kumar General Store,Rice,41900.0,G,1676,Pending
MDM009853,2025-11-23,SCH0086,S. Agro Works,Mustard Oil,21.3,KG,2556,Pending
MDM005753,2026-03-21,SCH0452,S. Agro Works,Rice,,,1444,Due
MDM011293,2025-10-18,SCH0228,Sharma Traders Pvt Ltd,Mustard Oil,13.2,KG,1584,Pending
MDM004617,2025-12-13,SCH0493,Goyal Mill,Rice,0.534,BORI,1068,Paid
MDM003098,2025-12-16,SCH0116,Goyal Rice Mill,Rice,,,2004,Pending
MDM006870,2025-06-28,SCH0290,Goyal Rice Mill,Dal,0.7879999999999999,BAG,,Due
MDM001301,2025-09-05,SCH0129,Sharma Traders Pvt Ltd,Dal,29.8,KG,2682,
MDM007286,2025-09-21,SCH0004,Kumar Supplies,Wheat,0.98,BAG,1470,Pending
MDM006285,2026-01-02,SCH0188,Sharma Traders,Wheat,0.514,BORI,771,Cleared
MDM010951,2026-01-29,SCH0520,S. Agro Works,Mustard Oil,25500.0,G,3060,Pending
MDM005496,2026-03-11,SCH0300,Singh Agro,Cooking Oil,1.102,SACK,6612,Pending
MDM005292,2026-03-20,SCH0331,Singh Brothers,Dal,,,,Cleared
MDM009601,2025-11-29,SCH0006,Goyal Rice Mill,Dal,40.1,KG,3609,Pending
MDM010038,2025-08-23,SCH0386,Goyal Mill,Dal,0.352,BAG,1584,Pending
MDM001799,2025-07-01,SCH0224,Sharma Traders,Rice,0.95,BAG,1900,Pending
MDM009668,2025-12-03,SCH0443,Sharma Traders,Atta,0.262,SACK,393,Pending
MDM005204,2025-08-24,SCH0005,Singh Brothers,Mustard Oil,11.0,KG,1320,
MDM008228,2026-01-23,SCH0305,Singh Brothers,Wheat,0.826,BORI,1239,Paid
MDM005048,2026-02-03,SCH0473,Kumar General Store,Wheat,55100.0,G,1653,
MDM006442,2026-01-01,SCH0583,Singh Brothers,Dal,,,4833,Due
MDM008637,2026-01-09,SCH0316,Sharma Traders,Dal,,,,Due
MDM008106,2025-06-14,SCH0283,Singh Brothers,Wheat,50400.0,G,1512,Paid
MDM002360,2025-04-08,SCH0201,Sharma Traders,Dal,0.924,BORI,4158,Cleared
MDM011691,2025-12-11,SCH0533,Kumar General Store,Cooking Oil,29.6,KG,3552,Cleared
MDM003655,2026-03-11,SCH0523,Sharma Traders,Atta,0.304,SACK,456,
MDM007053,2025-12-08,SCH0007,Kumar & Co.,Mustard Oil,31.3,KG,3756,Pending
MDM001287,2025-05-11,SCH0093,Goyal Rice Mill,Mustard Oil,53.3,KG,6396,Cleared
MDM011268,2025-11-09,SCH0111,Singh Brothers,Rice,,,1796,Paid
MDM004446,2025-10-20,SCH0258,Sharma Traders,Atta,33.8,KG,1014,Paid
MDM002138,2025-12-10,SCH0504,Sharma Traders,Dal,,,1728,Pending
MDM006788,2025-09-16,SCH0541,Singh Brothers,Wheat,11.9,KG,357,Pending
MDM009874,2025-10-04,SCH0480,Goyal Enterprises,Wheat,0.69,BAG,1035,Cleared
MDM010509,2025-04-25,SCH0424,Singh Brothers,Mustard Oil,,,4536,
MDM011069,2026-01-09,SCH0027,S. Agro Works,Cooking Oil,1.1,BAG,,Pending
MDM006895,2025-06-10,SCH0349,Singh Agro,Rice,1.016,BAG,2032,Pending
MDM009885,2025-10-12,SCH0214,Kumar Supplies,Rice,0.852,BAG,1704,Paid
MDM008565,2026-02-07,SCH0320,Sharma Traders,Dal,44.8,KG,4032,Cleared
MDM007152,2026-02-07,SCH0024,Goyal Rice Mill,Wheat,30300.0,G,909,Paid
MDM000964,2025-12-31,SCH0253,Sharma & Sons,Dal,,,2808,
MDM006013,2025-09-08,SCH0542,Kumar General Store,Rice,10.5,KG,420,Cleared
MDM004883,2025-05-31,SCH0049,Singh Agro,Wheat,22.8,KG,684,Cleared
MDM000141,2025-11-22,SCH0457,Singh Brothers,Rice,0.95,BAG,1900,Pending
MDM011146,2025-07-11,SCH0111,Sharma Traders,Mustard Oil,10.7,KG,1284,
MDM008907,2025-04-17,SCH0292,Kumar & Co.,Wheat,,,867,Paid
MDM006937,2025-10-25,SCH0287,S. Agro Works,Dal,56.0,KG,5040,Pending
MDM006543,2025-08-19,SCH0575,S. Agro Works,Dal,0.9440000000000001,SACK,4248,Paid
MDM005244,2025-06-04,SCH0189,Singh Brothers,Wheat,44800.0,G,1344,
MDM010031,2025-11-28,SCH0068,Kumar General Store,Cooking Oil,0.532,BAG_50KG,,Pending
MDM004432,2026-03-08,SCH0100,Goyal Mill,Dal,35.4,KG,3186,Paid
MDM010320,2026-01-27,SCH0294,S. Agro Works,Dal,,,936,Paid
MDM000407,2025-08-20,SCH0414,Goyal Mill,Dal,22.9,KG,2061,Due
MDM008213,2026-03-19,SCH0246,S. Agro Works,Wheat,,,621,Cleared
MDM009197,2025-04-17,SCH0365,Goyal Mill,Wheat,38.7,KG,1161,Paid
MDM010334,2025-06-24,SCH0085,Sharma & Sons,Rice,,,1652,Pending
MDM010656,2026-01-23,SCH0056,Sharma Traders,Mustard Oil,0.322,BAG,1932,Paid
MDM009136,2026-01-02,SCH0120,Sharma Traders,Dal,,,2655,Pending
MDM008235,2026-01-01,SCH0048,Singh Agro,Atta,13.0,KG,390,Due
MDM004400,2026-03-16,SCH0504,Kumar General Store,Wheat,28600.0,G,858,Pending
MDM005253,2025-05-06,SCH0430,Singh Agro,Wheat,,,1188,
MDM000012,2026-02-23,SCH0007,Sharma Traders,Atta,0.61,BAG,915,Pending
MDM004761,2026-02-12,SCH0543,Singh Agro,Dal,,,4752,Due
MDM001178,2025-12-30,SCH0343,Kumar & Co.,Rice,41.0,KG,1640,Pending
MDM010140,2025-10-23,SCH0461,Sharma & Sons,Wheat,42400.0,G,1272,Paid
MDM002864,2025-05-13,SCH0561,Kumar General Store,Mustard Oil,0.29,BAG,1740,Due
MDM006472,2026-01-26,SCH0478,Goyal Enterprises,Wheat,15.0,KG,450,Pending
MDM006229,2025-06-25,SCH0509,Goyal Enterprises,Dal,43700.0,G,3933,Paid
MDM009219,2026-01-01,SCH0313,Kumar Supplies,Dal,25300.0,G,2277,Pending
MDM002990,2025-05-16,SCH0194,Singh Brothers,Wheat,,,,
MDM009154,2025-05-30,SCH0474,Kumar & Co.,Rice,1.16,BORI,2320,
MDM007118,2025-04-01,SCH0444,Singh Agro,oil,0.52,BAG_50KG,,Pending
MDM007011,2025-05-09,SCH0510,Goyal Rice Mill,Rice,20.4,KG,816,Cleared
MDM010570,2025-09-20,SCH0162,Goyal Rice Mill,Mustard Oil,0.938,BAG_50KG,5628,
MDM008928,2026-03-26,SCH0536,Sharma Traders,Mustard Oil,40.9,KG,4908,Paid
MDM001441,2025-04-10,SCH0087,Goyal Mill,Dal,0.838,BORI,3771,Due
MDM002876,2025-08-06,SCH0398,Kumar Supplies,Dal,39.7,KG,3573,Cleared
MDM009109,2025-05-05,SCH0093,Kumar & Co.,Rice,43.8,KG,1752,
MDM011231,2025-05-08,SCH0198,Kumar General Store,Rice,1.038,BAG_50KG,2076,Paid
MDM010863,2025-08-10,SCH0576,Goyal Rice Mill,Mustard Oil,0.802,SACK,4812,Pending
MDM007233,2025-09-17,SCH0416,Singh Agro,Rice,,,1408,Due
MDM003727,2026-01-22,SCH0345,Goyal Rice Mill,Mustard Oil,54.4,KG,6528,Pending
MDM002773,2025-11-02,SCH0226,Goyal Mill,Mustard Oil,,,4944,Cleared
MDM009817,2025-05-02,SCH0315,Sharma Traders,Mustard Oil,20.7,KG,2484,Paid
MDM000455,2025-04-29,SCH0129,Singh Brothers,Dal,31500.0,G,2835,Pending
MDM009014,2026-01-16,SCH0448,Sharma & Sons,Rice,23700.0,G,948,Paid
MDM008190,2025-08-07,SCH0240,S. Agro Works,Wheat,0.836,BAG,1254,Cleared
MDM001368,2025-09-06,SCH0448,Singh Brothers,Cooking Oil,,,4896,Cleared
MDM003713,2025-04-13,SCH0186,Singh Brothers,Cooking Oil,,,5028,Due
MDM001389,2025-11-26,SCH0263,Sharma & Sons,Rice,,,1356,Due
MDM009043,2025-08-29,SCH0007,Sharma Traders Pvt Ltd,Dal,0.528,BAG_50KG,2376,Paid
MDM001001,2025-04-02,SCH0043,Kumar & Co.,Cooking Oil,23000.0,G,2760,Paid
MDM007762,2025-06-30,SCH0235,Kumar General Store,Rice,41.7,KG,1668,Cleared
MDM003554,2025-05-28,SCH0479,Sharma & Sons,oil,35600.0,G,4272,Pending
MDM004115,2026-01-08,SCH0002,Kumar General Store,Atta,0.446,BORI,669,Pending
MDM009830,2025-06-20,SCH0128,Singh Brothers,Wheat,,,975,Pending
MDM001668,2025-05-29,SCH0121,Kumar General Store,Dal,,,1980,Due
MDM003174,2026-03-29,SCH0068,Singh Brothers,Cooking Oil,,,1524,Due
MDM009540,2025-05-31,SCH0196,S. Agro Works,Dal,,,1305,Paid
MDM011611,2026-01-17,SCH0332,Goyal Mill,Mustard Oil,,,4608,Pending
MDM000489,2026-02-14,SCH0335,Sharma Traders Pvt Ltd,Wheat,0.368,SACK,552,
MDM003231,2025-10-07,SCH0553,Kumar Supplies,Dal,32.7,KG,2943,Cleared
MDM003829,2025-06-07,SCH0219,Goyal Mill,Rice,,,732,Pending
MDM010689,2025-11-18,SCH0256,Sharma Traders Pvt Ltd,Atta,,,1437,
MDM005209,2025-11-03,SCH0015,Sharma Traders,Rice,,,732,
MDM007849,2025-04-19,SCH0237,S. Agro Works,Atta,,,1146,
MDM005705,2026-01-21,SCH0294,Sharma & Sons,Rice,11400.0,G,456,Paid
MDM011917,2025-07-14,SCH0063,Kumar Supplies,Rice,26.3,KG,1052,Due
MDM008134,2025-08-24,SCH0500,Kumar Supplies,Dal,,,1728,Paid
MDM000704,2025-12-14,SCH0494,S. Agro Works,Dal,0.218,SACK,981,Paid
MDM005106,2025-08-02,SCH0239,Kumar & Co.,Dal,,,5247,Cleared
MDM010984,2025-06-17,SCH0455,Kumar Supplies,Wheat,44.1,KG,1323,Paid
MDM003292,2026-01-21,SCH0598,Goyal Mill,Cooking Oil,18.1,KG,2172,Pending
MDM008126,2025-12-19,SCH0195,Sharma Traders,oil,,,2388,Due
MDM009520,2025-09-10,SCH0017,Kumar & Co.,Cooking Oil,,,2580,Pending
MDM011906,2025-07-16,SCH0175,Kumar General Store,Wheat,,,,Paid
MDM011133,2025-06-28,SCH0111,Kumar Supplies,Wheat,1.14,BORI,1710,Paid
MDM004910,2025-04-21,SCH0206,Kumar Supplies,Cooking Oil,,,2688,Pending
MDM004441,2026-03-21,SCH0111,Kumar General Store,Rice,,,1560,Paid
MDM011239,2025-12-19,SCH0229,Sharma Traders,Rice,,,2012,Paid
MDM000987,2026-03-31,SCH0063,Sharma & Sons,Dal,,,4455,Paid
MDM011407,2026-03-10,SCH0195,Sharma & Sons,Rice,30.0,KG,1200,
MDM011688,2025-05-15,SCH0001,Sharma Traders Pvt Ltd,Rice,47.7,KG,1908,Paid
MDM007706,2025-08-25,SCH0038,S. Agro Works,Dal,22.9,KG,2061,Cleared
MDM006258,2025-09-02,SCH0420,Goyal Mill,Atta,0.242,SACK,,Cleared
MDM006090,2026-02-13,SCH0339,Goyal Enterprises,Atta,12.7,KG,381,Paid
MDM005239,2025-04-16,SCH0132,S. Agro Works,Atta,,,1740,
MDM001199,2026-01-13,SCH0518,Kumar & Co.,Wheat,,,1206,Pending
MDM009711,2025-07-13,SCH0447,Goyal Mill,Rice,,,560,Due
MDM011196,2025-04-07,SCH0137,S. Agro Works,Atta,34.2,KG,1026,Paid
MDM007520,2025-08-02,SCH0530,Sharma Traders,Rice,48900.0,G,1956,Due
MDM006813,2026-01-06,SCH0507,Goyal Enterprises,Rice,,,1336,Pending
MDM009992,2025-09-07,SCH0036,Goyal Enterprises,oil,22.0,KG,,Paid
MDM009207,2025-07-15,SCH0410,Goyal Enterprises,Rice,27800.0,G,1112,Paid
MDM008321,2026-03-01,SCH0337,Sharma & Sons,Mustard Oil,,,3000,Paid
MDM009557,2025-11-13,SCH0480,Kumar General Store,Mustard Oil,51.3,KG,6156,
MDM010226,2025-05-10,SCH0596,Goyal Enterprises,Rice,,,2268,Cleared
MDM007176,2025-06-03,SCH0077,Singh Agro,Dal,0.542,BAG,2439,Cleared
MDM004471,2025-12-09,SCH0474,Kumar General Store,Cooking Oil,,,4008,Pending
MDM000892,2025-06-25,SCH0093,Sharma Traders Pvt Ltd,Wheat,0.8,BAG_50KG,1200,
MDM001970,2025-08-06,SCH0411,Singh Agro,Rice,,,476,Cleared
MDM005758,2025-10-12,SCH0500,Sharma Traders Pvt Ltd,Dal,51900.0,G,,Paid
MDM006528,2025-11-15,SCH0444,S. Agro Works,Wheat,31.9,KG,957,Cleared
MDM006295,2026-02-25,SCH0297,Sharma & Sons,Atta,14.6,KG,438,Cleared
MDM007596,2025-11-04,SCH0448,Singh Agro,Wheat,,,1119,Pending
MDM009111,2026-02-25,SCH0425,Kumar & Co.,Cooking Oil,0.7879999999999999,BAG_50KG,4728,
MDM003250,2025-07-25,SCH0094,Kumar General Store,Wheat,43.7,KG,1311,Pending
MDM006571,2025-10-28,SCH0351,Kumar & Co.,Dal,52300.0,G,4707,Pending
MDM006639,2025-04-07,SCH0181,Kumar & Co.,Rice,,,552,
MDM007352,2025-08-26,SCH0188,Singh Agro,Rice,,,1888,Cleared
MDM011326,2026-01-12,SCH0270,Kumar Supplies,Atta,1.156,BAG_50KG,1734,
MDM009401,2026-01-31,SCH0080,Singh Agro,Wheat,23.8,KG,714,Paid
MDM007474,2026-02-28,SCH0462,Goyal Rice Mill,Dal,,,1188,Due
MDM011374,2026-02-07,SCH0217,Sharma & Sons,Rice,,,1792,Due
MDM001240,2026-01-13,SCH0004,Sharma & Sons,Wheat,,,1704,Paid
MDM002290,2026-03-19,SCH0270,Goyal Rice Mill,Atta,35100.0,G,1053,Pending
MDM002741,2026-02-12,SCH0557,Kumar Supplies,Dal,,,5328,Paid
MDM008468,2026-02-27,SCH0514,Singh Agro,Dal,23.1,KG,2079,Due
MDM004586,2026-03-25,SCH0167,Goyal Mill,Dal,,,3492,
MDM009228,2025-04-11,SCH0153,Singh Brothers,Dal,,,1656,
MDM001230,2025-04-25,SCH0341,Sharma Traders,Mustard Oil,,,4224,Pending
MDM009201,2026-01-26,SCH0048,Kumar Supplies,Wheat,,,855,Cleared
MDM006981,2026-02-10,SCH0049,Goyal Mill,Dal,52.4,KG,4716,
MDM005179,2026-01-13,SCH0150,Singh Brothers,Rice,39200.0,G,1568,Cleared
MDM004294,2025-09-04,SCH0373,Goyal Mill,Rice,22.8,KG,,Paid
MDM001059,2026-02-27,SCH0428,Singh Brothers,Wheat,18.6,KG,558,Pending
MDM006263,2026-02-05,SCH0147,Goyal Mill,Mustard Oil,18.7,KG,2244,
MDM000282,2025-07-11,SCH0059,Singh Brothers,oil,,,5268,Paid
MDM009236,2025-07-02,SCH0103,Goyal Enterprises,Wheat,0.8859999999999999,BAG_50KG,1329,Paid
MDM009509,2025-12-18,SCH0325,Sharma & Sons,Rice,30.5,KG,1220,Paid
MDM000969,2025-12-09,SCH0554,Goyal Enterprises,Wheat,28100.0,G,843,
MDM003954,2025-07-16,SCH0588,Kumar Supplies,Rice,22.1,KG,884,Pending
MDM001940,2025-07-25,SCH0325,Kumar General Store,Dal,0.33,BAG_50KG,1485,Due
MDM010444,2025-12-01,SCH0186,Singh Brothers,Wheat,52.6,KG,1578,Due
MDM001275,2025-09-23,SCH0275,Goyal Rice Mill,Mustard Oil,31.1,KG,3732,Paid
MDM000620,2025-12-07,SCH0178,Kumar & Co.,Atta,,,510,Pending
MDM010501,2025-07-13,SCH0375,Kumar Supplies,Rice,40900.0,G,1636,Due
MDM001743,2025-12-24,SCH0329,Sharma Traders Pvt Ltd,Rice,47600.0,G,1904,Due
MDM001391,2025-10-09,SCH0582,Goyal Mill,Rice,,,736,Paid
MDM002204,2025-12-27,SCH0254,Sharma Traders Pvt Ltd,oil,0.252,SACK,1512,Cleared
MDM009772,2025-05-06,SCH0038,Sharma & Sons,Wheat,20.9,KG,627,Cleared
MDM009848,2025-12-03,SCH0350,Sharma & Sons,Dal,42500.0,G,3825,Paid
MDM003569,2026-02-09,SCH0410,Singh Brothers,Wheat,,,750,Paid
MDM006117,2025-07-20,SCH0465,Sharma Traders Pvt Ltd,Atta,47.9,KG,1437,Due
MDM006053,2025-07-25,SCH0280,Singh Brothers,Wheat,,,342,Pending
MDM003179,2025-05-03,SCH0583,Kumar Supplies,Rice,0.516,BAG_50KG,,Paid
MDM003193,2025-09-06,SCH0001,Sharma Traders,Wheat,1.174,SACK,1761,Pending
MDM009500,2025-05-26,SCH0146,Goyal Enterprises,Wheat,54.0,KG,1620,Paid
MDM006100,2025-10-20,SCH0371,Goyal Enterprises,Wheat,,,1743,Pending
MDM007030,2025-04-04,SCH0512,Goyal Mill,Dal,43.5,KG,3915,Paid
MDM000576,2026-03-15,SCH0038,Goyal Rice Mill,Wheat,43400.0,G,1302,Cleared
MDM006657,2025-06-30,SCH0145,Singh Agro,Dal,,,4311,Cleared
MDM007116,2025-07-11,SCH0256,Goyal Mill,Wheat,37.5,KG,1125,Pending
MDM010878,2025-10-07,SCH0300,Kumar General Store,Wheat,35.1,KG,1053,Pending
MDM006277,2025-04-04,SCH0383,Goyal Rice Mill,Wheat,52.1,KG,1563,Due
MDM009473,2025-09-25,SCH0098,Goyal Mill,oil,18600.0,G,2232,Cleared
MDM011092,2025-10-22,SCH0219,Goyal Rice Mill,Dal,,,1350,Paid
MDM005898,2025-11-14,SCH0254,S. Agro Works,Mustard Oil,29300.0,G,3516,Pending
MDM005725,2026-01-15,SCH0389,Sharma Traders Pvt Ltd,Rice,48.0,KG,1920,Due
MDM010186,2025-07-30,SCH0568,Sharma Traders Pvt Ltd,Mustard Oil,59.4,KG,7128,Paid
MDM000270,2025-07-16,SCH0062,Kumar Supplies,Rice,54900.0,G,2196,Paid
MDM000630,2025-11-29,SCH0056,Singh Agro,Rice,0.31,BAG,620,Due
MDM003082,2025-04-05,SCH0358,S. Agro Works,Wheat,,,438,Cleared
MDM003467,2026-02-19,SCH0499,Kumar & Co.,Wheat,0.816,BAG,1224,Due
MDM006431,2025-11-15,SCH0426,Kumar General Store,Rice,0.346,BAG,692,Paid
MDM011505,2025-07-07,SCH0043,Kumar Supplies,Rice,47000.0,G,1880,Paid
MDM007063,2025-12-21,SCH0349,Goyal Mill,Wheat,59.6,KG,1788,
MDM005544,2025-08-30,SCH0399,Goyal Rice Mill,Mustard Oil,1.162,BORI,6972,Pending
MDM010239,2025-06-13,SCH0282,Sharma & Sons,Rice,,,2308,Paid
MDM004357,2025-06-13,SCH0317,Sharma & Sons,Wheat,0.804,SACK,1206,
MDM011255,2025-07-13,SCH0375,Sharma & Sons,Rice,11.0,KG,440,
MDM002114,2025-10-24,SCH0070,Sharma Traders,Dal,1.034,BORI,4653,Paid
MDM008220,2025-08-20,SCH0213,Sharma Traders,Dal,,,2259,Pending
MDM010233,2026-02-20,SCH0234,Sharma Traders,Mustard Oil,37100.0,G,4452,Pending
MDM003217,2025-09-13,SCH0202,Kumar Supplies,Wheat,17.2,KG,516,Pending
MDM003815,2025-10-21,SCH0190,S. Agro Works,Mustard Oil,49.4,KG,5928,
MDM008322,2025-10-04,SCH0140,Kumar Supplies,Mustard Oil,36500.0,G,4380,Cleared
MDM010607,2025-10-15,SCH0388,Sharma & Sons,Dal,57.7,KG,5193,Paid
MDM002279,2025-07-15,SCH0126,Sharma & Sons,Rice,,,1152,Cleared
MDM004600,2025-08-18,SCH0390,Singh Agro,Wheat,,,549,Due
MDM000014,2025-08-16,SCH0483,Kumar & Co.,oil,,,2256,Due
MDM011396,2026-03-05,SCH0181,Sharma Traders Pvt Ltd,Dal,,,4383,
MDM001526,2026-01-26,SCH0444,Kumar General Store,Rice,57.1,KG,,Cleared
MDM002366,2026-01-11,SCH0044,Singh Brothers,Rice,44.1,KG,1764,Due
MDM004649,2026-01-24,SCH0105,Goyal Enterprises,Rice,34.9,KG,1396,Pending
MDM000375,2026-01-19,SCH0599,Sharma & Sons,Atta,,,435,Due
MDM010522,2025-09-10,SCH0312,Singh Brothers,Cooking Oil,,,1380,Due
MDM006478,2025-04-18,SCH0022,Kumar General Store,Dal,,,3195,Due
MDM000526,2026-01-30,SCH0362,Sharma Traders,Wheat,0.966,BAG,1449,Paid
MDM009132,2026-01-23,SCH0492,Goyal Mill,Rice,0.25,SACK,500,Cleared
MDM006896,2025-10-30,SCH0243,Goyal Mill,Mustard Oil,,,3828,Cleared
MDM010340,2025-09-22,SCH0518,Kumar General Store,Wheat,0.47,BAG,705,Pending
MDM003592,2025-04-09,SCH0120,Sharma & Sons,Dal,25.7,KG,2313,Pending
MDM007905,2025-08-13,SCH0327,S. Agro Works,Rice,47.1,KG,1884,Cleared
MDM002959,2025-04-05,SCH0007,Sharma & Sons,Wheat,48.0,KG,1440,Pending
MDM000530,2025-09-28,SCH0420,Sharma Traders Pvt Ltd,Dal,35600.0,G,3204,
MDM003715,2025-06-24,SCH0096,Goyal Mill,oil,0.892,BAG_50KG,5352,Paid
MDM004733,2025-04-03,SCH0144,Sharma & Sons,Rice,,,1068,Cleared
MDM009462,2025-09-29,SCH0553,Kumar Supplies,Dal,,,4968,Cleared
MDM001395,2025-11-30,SCH0227,Kumar Supplies,Wheat,51.8,KG,,Paid
MDM009990,2025-05-29,SCH0342,Goyal Mill,Atta,1.028,SACK,1542,
MDM009634,2025-10-29,SCH0485,Kumar General Store,Dal,12.7,KG,1143,Paid
MDM005632,2026-02-28,SCH0150,Sharma & Sons,Rice,1.142,BORI,2284,Cleared
MDM009466,2026-01-23,SCH0418,Kumar General Store,Dal,24000.0,G,2160,Pending
MDM006564,2026-02-11,SCH0592,Sharma & Sons,Wheat,59.0,KG,1770,
MDM004704,2025-04-01,SCH0164,Singh Agro,Rice,55.1,KG,2204,Cleared
MDM001713,2025-12-08,SCH0500,Sharma Traders,Rice,,,,Pending
MDM000956,2025-05-28,SCH0243,Kumar Supplies,Rice,,,880,Pending
MDM006676,2026-02-10,SCH0005,Kumar Supplies,Rice,14000.0,G,560,Pending
MDM003454,2025-06-17,SCH0346,Kumar & Co.,Rice,34400.0,G,1376,Due
MDM009580,2025-12-18,SCH0117,Singh Brothers,Wheat,,,1761,Pending
MDM008596,2025-11-08,SCH0075,S. Agro Works,Rice,11600.0,G,464,Cleared
MDM002072,2025-05-16,SCH0071,Sharma & Sons,Rice,0.614,SACK,1228,
MDM010170,2025-12-16,SCH0211,Singh Brothers,Rice,,,2064,Due
MDM000159,2026-03-15,SCH0465,Singh Agro,Cooking Oil,29700.0,G,3564,Due
MDM007006,2025-10-08,SCH0382,Singh Agro,Dal,46300.0,G,4167,
MDM009095,2025-11-29,SCH0277,S. Agro Works,oil,,,5976,Pending
MDM000353,2025-11-03,SCH0489,Goyal Mill,Dal,0.82,BORI,3690,Paid
MDM006079,2026-03-09,SCH0249,Sharma Traders Pvt Ltd,Cooking Oil,32300.0,G,3876,Pending
MDM006237,2026-01-09,SCH0220,Kumar General Store,Rice,,,528,Pending
MDM008947,2025-12-31,SCH0558,Kumar Supplies,Wheat,,,804,Pending
MDM002921,2025-07-23,SCH0324,Sharma Traders,Cooking Oil,,,6744,Pending
MDM008504,2025-04-11,SCH0026,Singh Brothers,Cooking Oil,28.0,KG,3360,Paid
MDM004645,2026-01-09,SCH0053,Kumar Supplies,Rice,49.9,KG,1996,Cleared
MDM000662,2026-02-22,SCH0055,Goyal Mill,Cooking Oil,50900.0,G,6108,Paid
MDM007058,2025-07-31,SCH0291,Goyal Enterprises,Rice,0.502,BAG_50KG,1004,Due
MDM010182,2025-04-17,SCH0169,S. Agro Works,Dal,15.0,KG,1350,Pending
MDM003666,2026-01-04,SCH0393,Singh Brothers,Wheat,27.9,KG,837,Paid
MDM007980,2025-05-06,SCH0182,Goyal Enterprises,Rice,1.15,BAG,2300,Due
MDM000307,2025-10-23,SCH0251,Goyal Rice Mill,Wheat,1.026,BORI,1539,Cleared
MDM004791,2025-07-08,SCH0408,Kumar Supplies,Rice,1.026,BAG_50KG,2052,Pending
MDM002357,2025-10-08,SCH0341,Kumar Supplies,Dal,14600.0,G,1314,
MDM001928,2025-09-13,SCH0561,Goyal Mill,oil,55.9,KG,6708,
MDM011532,2025-12-19,SCH0204,Singh Brothers,Rice,1.092,SACK,2184,
MDM003428,2025-06-29,SCH0287,Sharma Traders,Mustard Oil,1.104,BORI,6624,Due
MDM008942,2026-01-27,SCH0398,Sharma Traders,Wheat,47.3,KG,1419,Cleared
MDM003639,2025-09-04,SCH0498,Goyal Rice Mill,Dal,0.304,SACK,1368,
MDM010511,2025-10-09,SCH0134,Goyal Mill,oil,55.9,KG,6708,Paid
MDM001267,2026-02-27,SCH0469,Singh Brothers,Dal,,,5076,Due
MDM001561,2026-03-31,SCH0324,S. Agro Works,Rice,25500.0,G,1020,Pending
MDM010327,2025-07-17,SCH0071,Goyal Rice Mill,Dal,40.0,KG,3600,Cleared
MDM007180,2025-11-22,SCH0286,Goyal Rice Mill,oil,32.0,KG,3840,Pending
MDM004110,2025-10-24,SCH0520,Goyal Mill,Dal,25200.0,G,2268,Pending
MDM007868,2025-07-22,SCH0236,Sharma & Sons,Mustard Oil,,,1680,Pending
MDM004905,2025-09-27,SCH0279,Singh Brothers,oil,,,5148,Paid
MDM007295,2026-03-04,SCH0239,Singh Agro,Wheat,,,1515,Due
MDM000515,2025-10-15,SCH0288,Sharma Traders Pvt Ltd,Dal,11.9,KG,1071,Cleared
MDM000895,2026-03-03,SCH0118,Goyal Enterprises,Dal,55300.0,G,4977,Pending
MDM008602,2025-12-07,SCH0550,Goyal Enterprises,Rice,0.838,SACK,1676,Pending
MDM000022,2025-09-29,SCH0330,Goyal Rice Mill,Rice,12.0,KG,,Pending
MDM000900,2026-01-24,SCH0336,Goyal Enterprises,Dal,14.5,KG,1305,Pending
MDM000208,2025-08-22,SCH0190,Goyal Mill,Wheat,,,1629,Due
MDM000459,2025-10-10,SCH0520,Kumar & Co.,Cooking Oil,,,,Pending
MDM010247,2025-05-02,SCH0495,Kumar & Co.,Rice,,,1376,Cleared
MDM002431,2025-06-13,SCH0349,Singh Agro,Wheat,26.5,KG,795,Due
MDM008443,2025-06-09,SCH0185,Kumar & Co.,Dal,0.882,BAG,3969,Pending
MDM009300,2025-04-16,SCH0054,Goyal Enterprises,Rice,56000.0,G,2240,Paid
MDM003390,2025-07-17,SCH0526,Kumar Supplies,Rice,32.8,KG,1312,Paid
MDM009906,2025-07-13,SCH0301,Kumar & Co.,Wheat,24300.0,G,729,Cleared
MDM003912,2025-06-07,SCH0179,Kumar & Co.,oil,16.6,KG,1992,
MDM005384,2026-03-06,SCH0574,Kumar Supplies,Rice,,,976,Paid
MDM008908,2026-03-03,SCH0035,Singh Agro,Wheat,57.0,KG,,Pending
MDM000553,2025-08-06,SCH0422,Goyal Mill,Mustard Oil,58.0,KG,6960,Due
MDM009632,2025-08-27,SCH0398,Singh Brothers,Rice,51400.0,G,2056,
MDM010463,2026-01-30,SCH0496,Sharma & Sons,Mustard Oil,,,6828,Pending
MDM003145,2025-09-13,SCH0279,Sharma Traders,Dal,,,1944,Cleared
MDM006918,2025-11-08,SCH0518,Sharma Traders Pvt Ltd,Wheat,,,909,Pending
MDM002057,2025-05-06,SCH0007,Singh Brothers,Rice,1.116,BAG_50KG,2232,Due
MDM001926,2026-01-03,SCH0499,Kumar General Store,Mustard Oil,1.05,BAG_50KG,6300,Due
MDM000635,2026-02-17,SCH0599,Sharma & Sons,Atta,0.708,BORI,1062,Paid
MDM006083,2025-07-14,SCH0127,Goyal Enterprises,Mustard Oil,,,4740,Cleared
MDM008509,2025-12-22,SCH0268,Kumar General Store,Wheat,18600.0,G,,Due
MDM011453,2025-05-31,SCH0568,Kumar General Store,Rice,55.2,KG,2208,Paid
MDM011963,2025-12-04,SCH0089,Kumar & Co.,Cooking Oil,36600.0,G,4392,
MDM008620,2026-03-11,SCH0577,Kumar Supplies,Cooking Oil,52.1,KG,,Pending
MDM010613,2026-01-07,SCH0265,Singh Agro,Dal,0.79,BAG_50KG,3555,Pending
MDM000106,2025-05-01,SCH0147,S. Agro Works,Dal,,,2952,Pending
MDM003042,2026-02-22,SCH0251,Goyal Enterprises,Rice,25000.0,G,1000,Pending
MDM010362,2025-08-07,SCH0245,Kumar Supplies,Rice,26700.0,G,1068,Cleared
MDM001710,2025-11-18,SCH0290,Sharma & Sons,Dal,13100.0,G,1179,Pending
MDM000090,2026-01-01,SCH0154,Goyal Mill,Mustard Oil,19500.0,G,2340,Cleared
MDM007015,2025-12-26,SCH0049,Sharma & Sons,Mustard Oil,43.7,KG,5244,
MDM010434,2025-08-01,SCH0443,Goyal Mill,Wheat,0.6920000000000001,BAG_50KG,1038,Cleared
MDM003175,2026-03-01,SCH0014,S. Agro Works,Wheat,50.0,KG,1500,
MDM000918,2025-11-24,SCH0042,Goyal Mill,Rice,1.032,BAG,2064,Due
MDM007834,2025-04-16,SCH0168,Sharma Traders Pvt Ltd,Dal,16400.0,G,1476,Paid
MDM006733,2025-09-01,SCH0051,Goyal Rice Mill,Dal,1.042,BAG,4689,
MDM001950,2026-02-22,SCH0600,Kumar General Store,Rice,0.22,SACK,440,Pending
MDM006369,2025-08-12,SCH0100,Sharma & Sons,Mustard Oil,,,2508,Pending
MDM000002,2025-12-05,SCH0137,Goyal Enterprises,Mustard Oil,48.4,KG,5808,Pending
MDM008033,2025-08-24,SCH0190,Goyal Enterprises,Dal,48.2,KG,,Cleared
MDM006048,2025-06-20,SCH0085,Goyal Enterprises,Rice,1.058,BAG_50KG,2116,Pending
MDM009128,2025-12-01,SCH0514,Sharma Traders,Mustard Oil,0.804,SACK,4824,Paid
MDM011380,2025-11-12,SCH0433,S. Agro Works,Cooking Oil,1.158,BAG,6948,
MDM002721,2025-08-08,SCH0198,S. Agro Works,Rice,0.304,BORI,608,Pending
MDM008784,2025-09-02,SCH0104,Sharma Traders,Mustard Oil,0.272,BAG,1632,Due
MDM003118,2025-04-09,SCH0427,Kumar Supplies,Rice,,,1884,
MDM011699,2026-03-04,SCH0226,Singh Brothers,Dal,,,1242,Due
MDM009769,2025-10-15,SCH0434,Sharma Traders Pvt Ltd,Dal,26.2,KG,2358,
MDM003763,2026-02-07,SCH0399,Sharma Traders Pvt Ltd,Cooking Oil,38.4,KG,4608,Paid
MDM000214,2025-08-07,SCH0052,Singh Agro,Rice,1.086,BAG,2172,Due
MDM000779,2025-09-29,SCH0592,Sharma & Sons,Wheat,44.7,KG,1341,Cleared
MDM003497,2025-04-22,SCH0503,Singh Brothers,Mustard Oil,1.086,BORI,6516,Cleared
MDM011928,2025-09-24,SCH0327,Singh Agro,oil,,,4500,Pending
MDM002044,2025-12-18,SCH0498,Goyal Enterprises,Dal,1.022,BAG,4599,Cleared
MDM008921,2025-06-01,SCH0584,Sharma & Sons,Wheat,28500.0,G,855,Due
MDM005421,2026-01-24,SCH0324,Singh Agro,Wheat,34.1,KG,1023,Paid
MDM006155,2025-11-07,SCH0296,Sharma Traders Pvt Ltd,Rice,11.3,KG,452,Paid
MDM009760,2025-11-29,SCH0043,Kumar Supplies,Rice,0.762,BAG,1524,Pending
MDM008358,2025-05-15,SCH0032,Goyal Rice Mill,Dal,50.5,KG,4545,Pending
MDM010763,2025-08-09,SCH0257,Goyal Mill,Mustard Oil,10.6,KG,1272,Pending
MDM010206,2025-05-06,SCH0593,Kumar General Store,Mustard Oil,0.598,BAG,3588,Cleared
MDM008466,2025-07-07,SCH0302,Goyal Mill,Dal,54.2,KG,4878,Cleared
MDM004168,2026-03-17,SCH0245,Sharma Traders Pvt Ltd,Rice,,,,Pending
MDM003789,2026-03-15,SCH0355,Goyal Rice Mill,Rice,,,644,Paid
MDM008587,2025-05-14,SCH0345,Goyal Rice Mill,Rice,31.4,KG,1256,Paid
MDM000584,2025-07-16,SCH0564,Kumar General Store,Dal,,,3654,Pending
MDM000117,2026-03-13,SCH0201,Singh Agro,Mustard Oil,46.8,KG,5616,
MDM006645,2025-05-22,SCH0451,Sharma & Sons,Wheat,46100.0,G,1383,Pending
MDM011147,2025-06-22,SCH0342,Kumar General Store,Rice,,,1424,Paid
MDM011060,2025-07-24,SCH0286,Sharma Traders,Rice,14.0,KG,560,Due
MDM008713,2025-09-15,SCH0410,Goyal Rice Mill,Rice,,,2316,Pending
MDM001764,2025-07-05,SCH0537,Kumar General Store,Mustard Oil,34.7,KG,,Cleared
MDM001876,2025-08-11,SCH0343,Singh Agro,Rice,0.732,BAG,1464,Pending
MDM010446,2025-12-06,SCH0427,Goyal Enterprises,Dal,15.9,KG,1431,Due
MDM003225,2025-10-02,SCH0259,Singh Brothers,Dal,,,2169,Pending
MDM000527,2026-02-19,SCH0177,Sharma Traders,Rice,,,412,Due
MDM007726,2025-06-30,SCH0190,Sharma Traders,Dal,0.354,SACK,1593,
MDM002947,2025-04-28,SCH0423,Sharma & Sons,Rice,56000.0,G,2240,Due
MDM004474,2026-03-22,SCH0040,Singh Agro,Rice,16.5,KG,660,Pending
MDM005656,2026-01-28,SCH0179,Goyal Mill,Wheat,50.2,KG,1506,Paid
MDM008885,2025-08-25,SCH0238,Singh Brothers,Dal,12.8,KG,1152,Pending
MDM006060,2025-08-11,SCH0390,Kumar General Store,Dal,,,,Paid
MDM000960,2025-10-14,SCH0013,Kumar & Co.,Mustard Oil,,,5472,Paid
MDM006343,2026-02-25,SCH0541,Goyal Rice Mill,Mustard Oil,22.3,KG,2676,
MDM003634,2025-09-20,SCH0430,Sharma & Sons,Wheat,,,1611,Pending
MDM001051,2025-06-02,SCH0482,Goyal Mill,Dal,12.2,KG,1098,Paid
MDM008783,2025-05-15,SCH0327,Kumar & Co.,Atta,51.7,KG,1551,Paid
MDM008712,2026-03-17,SCH0115,Singh Brothers,Rice,1.046,SACK,2092,Paid
MDM003381,2025-09-29,SCH0094,Sharma Traders,Cooking Oil,0.5720000000000001,BAG_50KG,3432,
MDM003677,2026-03-02,SCH0227,Goyal Mill,Dal,,,5301,Paid
MDM005777,2026-01-06,SCH0195,Kumar General Store,Wheat,,,333,Pending
MDM011162,2026-02-22,SCH0188,Goyal Mill,Mustard Oil,10500.0,G,1260,Due
MDM006574,2025-07-22,SCH0269,Sharma & Sons,Dal,0.214,BAG,962,Paid
MDM005180,2025-05-05,SCH0477,Sharma & Sons,Cooking Oil,,,6048,Pending
MDM001608,2026-01-25,SCH0165,Goyal Mill,Cooking Oil,41.0,KG,,Pending
MDM003611,2025-10-01,SCH0421,Kumar General Store,Rice,10400.0,G,416,Cleared
MDM011541,2025-07-29,SCH0530,Sharma & Sons,Rice,36.9,KG,1476,Paid
MDM006636,2025-12-01,SCH0493,Kumar Supplies,Wheat,57400.0,G,1722,Pending
MDM010002,2026-01-12,SCH0516,Goyal Rice Mill,Wheat,13100.0,G,393,Cleared
MDM000792,2025-05-23,SCH0489,Sharma Traders Pvt Ltd,Dal,0.9840000000000001,BAG,4428,Pending
MDM008985,2025-07-31,SCH0088,S. Agro Works,Mustard Oil,,,4392,Paid
MDM003057,2026-03-28,SCH0490,Goyal Mill,Dal,35200.0,G,3168,Paid
MDM010048,2025-09-16,SCH0538,Sharma & Sons,Rice,57.3,KG,2292,Due
MDM001981,2025-05-05,SCH0374,Sharma Traders Pvt Ltd,Rice,53800.0,G,2152,Paid
MDM003599,2025-05-06,SCH0256,Goyal Mill,Dal,0.8340000000000001,BAG,3753,Paid
MDM000934,2026-01-03,SCH0589,Sharma Traders,Dal,,,1125,Pending
MDM007425,2025-04-21,SCH0266,Singh Agro,Mustard Oil,0.8,BORI,4800,Pending
MDM005627,2025-04-11,SCH0483,Sharma Traders,Atta,,,1257,Pending
MDM001683,2025-12-04,SCH0436,Kumar General Store,Wheat,0.224,BORI,336,
MDM004180,2026-02-08,SCH0287,Kumar & Co.,Wheat,43.7,KG,1311,Paid
MDM006447,2025-08-29,SCH0226,Sharma Traders,Cooking Oil,0.236,BORI,1416,Paid
MDM004117,2026-03-04,SCH0365,Singh Agro,oil,0.388,BAG_50KG,2328,Pending
MDM000989,2025-07-16,SCH0175,Goyal Rice Mill,Rice,,,1376,Pending
MDM002897,2025-10-08,SCH0428,Goyal Enterprises,Wheat,0.482,BAG,723,Pending
MDM003779,2025-04-30,SCH0480,Sharma & Sons,Dal,34.9,KG,3141,Due
MDM005659,2025-08-23,SCH0334,S. Agro Works,Rice,20100.0,G,804,Cleared
MDM003094,2025-11-19,SCH0119,Sharma Traders Pvt Ltd,Dal,,,4077,Pending
MDM003156,2025-04-11,SCH0420,S. Agro Works,Dal,25.6,KG,2304,Pending
MDM001824,2025-06-01,SCH0385,Sharma Traders,Cooking Oil,0.344,BAG,2064,Cleared
MDM011897,2025-11-26,SCH0515,Sharma Traders Pvt Ltd,Rice,43300.0,G,,
MDM001099,2025-09-17,SCH0413,Goyal Enterprises,Rice,,,1452,Due
MDM010397,2025-08-17,SCH0257,Kumar Supplies,Wheat,,,777,Due
MDM002845,2026-01-26,SCH0444,S. Agro Works,Rice,,,1752,Cleared
MDM009079,2025-06-10,SCH0030,Sharma Traders,Mustard Oil,,,5160,Cleared
MDM003343,2025-12-21,SCH0223,Goyal Rice Mill,Dal,,,5337,Paid
MDM000039,2025-11-04,SCH0501,Sharma Traders Pvt Ltd,Rice,24.4,KG,976,Paid
MDM006541,2025-09-25,SCH0159,Sharma & Sons,Cooking Oil,,,3120,Cleared
MDM011552,2025-07-18,SCH0361,Singh Brothers,Cooking Oil,30.4,KG,3648,Cleared
MDM008708,2025-05-17,SCH0244,Kumar & Co.,Dal,58.8,KG,5292,Paid
MDM003357,2026-01-25,SCH0432,Sharma Traders Pvt Ltd,Mustard Oil,,,3840,Paid
MDM009646,2025-05-15,SCH0500,Singh Agro,Dal,,,1647,Pending
MDM007814,2025-05-12,SCH0165,Sharma & Sons,Dal,,,1341,Due
MDM009099,2025-05-23,SCH0214,Sharma & Sons,Mustard Oil,,,4224,Pending
MDM008221,2025-08-01,SCH0436,Goyal Mill,Wheat,46500.0,G,1395,Paid
MDM011398,2025-12-27,SCH0265,Sharma & Sons,Cooking Oil,32700.0,G,3924,Paid
MDM002429,2025-10-14,SCH0164,Kumar Supplies,Dal,,,3626,Pending
MDM005044,2025-09-10,SCH0243,Goyal Enterprises,Rice,0.492,BORI,984,Paid
MDM005347,2026-02-07,SCH0337,Sharma Traders Pvt Ltd,Wheat,,,561,Cleared
MDM008955,2026-01-25,SCH0395,Kumar General Store,Dal,,,1827,Pending
MDM004812,2025-11-14,SCH0012,Singh Agro,Mustard Oil,0.718,BAG,4308,Due
MDM008477,2025-04-28,SCH0097,Kumar Supplies,Dal,10400.0,G,936,Pending
MDM000687,2025-08-04,SCH0100,Goyal Rice Mill,Wheat,53100.0,G,1593,Pending
MDM004800,2025-12-03,SCH0187,Kumar General Store,Mustard Oil,18200.0,G,2184,Cleared
MDM007438,2026-02-11,SCH0456,Kumar Supplies,Atta,10.6,KG,318,Paid
MDM002354,2026-03-30,SCH0023,Sharma & Sons,Wheat,,,546,Due
MDM006354,2025-04-23,SCH0151,Kumar General Store,Rice,,,1536,Paid
MDM004570,2025-08-15,SCH0004,Goyal Mill,Dal,57600.0,G,5184,Paid
MDM008214,2025-05-06,SCH0031,Goyal Rice Mill,Dal,30.9,KG,2781,Paid
MDM002753,2025-12-07,SCH0303,Sharma & Sons,Dal,14.1,KG,1269,Cleared
MDM009078,2026-01-03,SCH0151,Sharma Traders,Dal,54200.0,G,4878,Paid
MDM008074,2025-08-11,SCH0479,Goyal Mill,Rice,,,792,Pending
MDM009110,2026-01-10,SCH0079,Kumar General Store,Rice,,,648,Pending
MDM001041,2025-07-02,SCH0091,Singh Brothers,Rice,,,1040,Paid
MDM007492,2025-09-02,SCH0469,Kumar & Co.,Wheat,,,1116,Pending
MDM001266,2025-08-15,SCH0511,Sharma & Sons,Rice,45000.0,G,1800,Pending
MDM011446,2025-09-15,SCH0278,Goyal Enterprises,Mustard Oil,12.4,KG,1488,
MDM007060,2026-03-29,SCH0408,Sharma & Sons,Rice,33.4,KG,1336,Paid
MDM000278,2025-05-27,SCH0561,Goyal Rice Mill,Cooking Oil,,,3096,Due
MDM005085,2025-12-29,SCH0255,Kumar & Co.,Dal,,,4401,Pending
MDM010277,2025-10-12,SCH0160,Sharma Traders Pvt Ltd,Rice,0.444,BAG,,
MDM009438,2025-04-09,SCH0149,Kumar & Co.,Dal,37.3,KG,3357,Pending
MDM002383,2025-11-09,SCH0265,Kumar General Store,Mustard Oil,,,5076,Pending
MDM000572,2025-05-25,SCH0141,Sharma & Sons,Rice,0.234,SACK,468,Paid
MDM001436,2025-08-19,SCH0423,Sharma Traders,Wheat,,,,Pending
MDM009440,2025-09-20,SCH0454,Singh Brothers,Rice,19.8,KG,792,Paid
MDM005353,2025-07-02,SCH0349,Goyal Rice Mill,Wheat,,,912,Paid
MDM005446,2025-12-15,SCH0395,Singh Agro,Dal,0.496,SACK,2232,
MDM001008,2026-03-12,SCH0307,Singh Brothers,Rice,0.7879999999999999,SACK,1576,Paid
MDM004544,2025-09-25,SCH0180,Goyal Rice Mill,Wheat,,,963,Due
MDM010893,2025-04-16,SCH0010,Goyal Enterprises,oil,12.3,KG,1476,Paid
MDM002065,2025-09-13,SCH0122,Singh Brothers,oil,27700.0,G,3324,
MDM001137,2026-03-03,SCH0034,Sharma Traders Pvt Ltd,Dal,13.3,KG,1197,Paid
MDM009883,2025-11-22,SCH0182,Kumar & Co.,Dal,53.2,KG,4788,Pending
MDM005344,2025-10-05,SCH0099,Kumar & Co.,Cooking Oil,27400.0,G,3288,Cleared
MDM010178,2025-08-20,SCH0214,Singh Agro,Wheat,35000.0,G,1050,Cleared
MDM000295,2025-11-27,SCH0479,Singh Agro,Wheat,39.8,KG,1194,Paid
MDM009740,2025-10-22,SCH0169,Singh Brothers,Dal,0.202,BAG_50KG,909,
MDM010205,2025-06-10,SCH0504,S. Agro Works,Cooking Oil,37.9,KG,4548,Paid
MDM008781,2025-08-21,SCH0528,Kumar General Store,Dal,15.9,KG,1431,Paid
MDM002404,2025-11-28,SCH0351,Sharma Traders Pvt Ltd,Mustard Oil,0.72,BAG,4320,Paid
MDM010322,2025-04-30,SCH0114,Kumar General Store,Dal,55200.0,G,4968,Paid
MDM003999,2025-08-25,SCH0306,S. Agro Works,Atta,31800.0,G,954,Due
MDM011522,2025-05-05,SCH0267,Kumar General Store,Wheat,,,1086,
MDM003742,2025-06-02,SCH0554,Sharma Traders,Mustard Oil,1.022,BAG,6132,Pending
MDM011393,2025-11-13,SCH0597,Goyal Rice Mill,Rice,,,2216,Cleared
MDM002720,2025-12-12,SCH0434,Kumar Supplies,oil,14400.0,G,1728,Cleared
MDM011950,2025-12-10,SCH0041,Singh Brothers,Rice,0.296,BAG_50KG,592,Pending
MDM005151,2026-03-24,SCH0064,Sharma & Sons,Wheat,0.286,BAG,429,Cleared
MDM002809,2025-06-12,SCH0029,Sharma Traders Pvt Ltd,Wheat,37300.0,G,1119,
MDM009018,2025-12-17,SCH0324,Sharma & Sons,Dal,,,3555,
MDM000557,2025-11-02,SCH0423,Singh Brothers,Wheat,35.5,KG,,
MDM004796,2026-01-08,SCH0323,Sharma Traders,Mustard Oil,,,6864,Pending
MDM002470,2025-12-23,SCH0140,Kumar Supplies,Dal,,,2529,Paid
MDM003739,2025-10-30,SCH0232,Goyal Enterprises,Dal,36100.0,G,3249,Pending
MDM004287,2025-09-12,SCH0285,Sharma Traders,Wheat,43.9,KG,1317,Pending
MDM009909,2025-08-03,SCH0455,Goyal Enterprises,Dal,12.9,KG,1161,Pending
MDM002605,2025-05-10,SCH0052,Kumar General Store,Dal,18.5,KG,1665,Cleared
MDM000363,2025-09-05,SCH0394,Sharma Traders Pvt Ltd,Mustard Oil,57800.0,G,6936,Paid
MDM006925,2025-10-11,SCH0589,Singh Agro,Mustard Oil,55.4,KG,6648,
MDM001705,2026-02-23,SCH0168,Goyal Enterprises,Mustard Oil,15.9,KG,1908,Cleared
MDM002140,2025-12-03,SCH0493,Sharma Traders Pvt Ltd,Rice,,,2140,Due
MDM003240,2025-11-03,SCH0033,Sharma & Sons,oil,0.364,BAG_50KG,2184,Pending
MDM002384,2025-06-07,SCH0374,Singh Agro,Rice,13.0,KG,520,Paid
MDM007315,2025-05-09,SCH0551,Sharma Traders Pvt Ltd,oil,,,2256,Paid
MDM004312,2026-01-31,SCH0261,Goyal Enterprises,Mustard Oil,,,4920,Pending
MDM009478,2026-01-27,SCH0476,Sharma & Sons,Dal,0.688,BAG,3096,Pending
MDM001313,2025-08-13,SCH0314,Sharma Traders,Cooking Oil,0.268,BAG_50KG,1608,Pending
MDM011644,2026-01-22,SCH0586,Kumar General Store,Rice,25.2,KG,1008,Paid
MDM003931,2025-04-02,SCH0301,Kumar & Co.,Dal,,,1125,Cleared
MDM006184,2026-03-29,SCH0404,Sharma & Sons,Rice,0.68,BAG,1360,Pending
MDM001592,2025-11-11,SCH0052,Sharma Traders Pvt Ltd,oil,0.596,SACK,3576,Paid
MDM011598,2026-02-06,SCH0535,Goyal Mill,Rice,35700.0,G,1428,Pending
MDM002163,2025-06-01,SCH0333,Sharma & Sons,Rice,1.0,SACK,2000,Pending
MDM002397,2025-04-21,SCH0465,Goyal Rice Mill,Rice,21.6,KG,864,Paid
MDM000318,2025-05-02,SCH0217,S. Agro Works,Rice,46.8,KG,1872,
MDM009517,2026-02-02,SCH0286,Goyal Enterprises,Wheat,0.562,BORI,843,Paid
MDM005234,2026-03-15,SCH0242,Sharma Traders,Mustard Oil,1.094,BAG_50KG,6564,Paid
MDM005069,2025-11-02,SCH0258,Kumar Supplies,Rice,26.0,KG,,Cleared
MDM004037,2025-06-13,SCH0280,Goyal Rice Mill,oil,,,5220,Paid
MDM008988,2025-06-06,SCH0572,Kumar & Co.,Wheat,30.5,KG,915,Paid
MDM003021,2025-05-02,SCH0103,Goyal Enterprises,Cooking Oil,45.2,KG,5424,Pending
MDM009904,2025-12-11,SCH0194,Sharma & Sons,Rice,0.238,BAG,476,Due
MDM008229,2025-12-23,SCH0162,Sharma & Sons,Dal,59000.0,G,5310,Paid
MDM009106,2026-02-20,SCH0291,Kumar & Co.,Atta,25.0,KG,750,
MDM005296,2025-10-13,SCH0502,Kumar Supplies,Mustard Oil,42800.0,G,5136,Cleared
MDM003973,2025-09-09,SCH0391,Goyal Enterprises,Mustard Oil,30.0,KG,3600,Paid
MDM005371,2025-12-01,SCH0053,Kumar General Store,Dal,30.2,KG,2718,
MDM004134,2025-06-13,SCH0178,Singh Agro,Cooking Oil,51700.0,G,6204,Pending
MDM000975,2025-06-11,SCH0386,S. Agro Works,Dal,,,4572,Cleared
MDM007292,2026-01-22,SCH0576,S. Agro Works,Rice,,,1788,Paid
MDM009176,2025-11-05,SCH0228,Singh Brothers,Rice,,,1984,Pending
MDM000955,2025-10-19,SCH0268,S. Agro Works,Dal,53.4,KG,4806,
MDM009611,2025-09-07,SCH0244,Kumar General Store,Rice,27.6,KG,1104,Pending
MDM009753,2025-06-28,SCH0332,Singh Agro,Dal,31100.0,G,2799,Cleared
MDM009548,2025-05-08,SCH0445,Goyal Rice Mill,Wheat,41.7,KG,1251,Paid
MDM011497,2025-04-01,SCH0546,Goyal Rice Mill,Dal,0.542,BAG_50KG,2439,Pending
MDM005017,2026-03-23,SCH0548,Kumar General Store,Dal,45500.0,G,4095,Paid
MDM009180,2026-03-08,SCH0402,Sharma Traders Pvt Ltd,Cooking Oil,1.068,BAG_50KG,6408,Paid
MDM007491,2026-01-28,SCH0290,Singh Brothers,Rice,11100.0,G,444,Cleared
MDM001641,2026-01-14,SCH0365,Sharma & Sons,Rice,44.8,KG,1792,Pending
MDM001291,2025-07-12,SCH0497,Goyal Enterprises,Wheat,52200.0,G,1566,Due
MDM001381,2025-12-28,SCH0528,Goyal Rice Mill,Rice,,,1108,Due
MDM001934,2026-03-21,SCH0133,Sharma Traders,Mustard Oil,51.5,KG,6180,Paid
MDM004676,2025-08-12,SCH0501,Sharma & Sons,oil,34000.0,G,4080,Paid
MDM011282,2026-01-06,SCH0372,Kumar Supplies,oil,46300.0,G,5556,Pending
MDM010223,2025-04-24,SCH0460,Singh Agro,Wheat,,,1608,Pending
MDM000893,2025-11-23,SCH0544,Kumar & Co.,Cooking Oil,53.1,KG,6372,Pending
MDM007288,2025-08-12,SCH0443,Sharma Traders Pvt Ltd,Atta,,,1287,Pending
MDM004877,2025-05-28,SCH0388,Singh Brothers,Rice,46.2,KG,1848,Pending
MDM007907,2025-12-31,SCH0364,Sharma Traders,Atta,,,717,
MDM008195,2025-11-23,SCH0123,Goyal Enterprises,Rice,27.8,KG,1112,Pending
MDM011589,2025-10-12,SCH0578,S. Agro Works,Wheat,24.2,KG,726,Paid
MDM010302,2025-09-28,SCH0539,Singh Brothers,Wheat,32000.0,G,960,Pending
MDM009042,2025-11-26,SCH0477,Goyal Rice Mill,Dal,0.626,BAG,,Paid
MDM002467,2025-08-02,SCH0003,Kumar General Store,Dal,21.3,KG,1917,Due
MDM007658,2025-08-04,SCH0009,Kumar Supplies,Wheat,21.6,KG,648,Cleared
MDM010107,2025-04-28,SCH0500,Kumar General Store,Dal,,,3771,Due
MDM009789,2025-10-26,SCH0190,Singh Brothers,Wheat,40.2,KG,1206,Pending
MDM001914,2025-11-29,SCH0422,Goyal Rice Mill,Rice,34300.0,G,1372,
MDM002737,2026-01-04,SCH0532,Goyal Rice Mill,Cooking Oil,11.9,KG,,Paid
MDM000727,2025-04-24,SCH0114,Sharma & Sons,Wheat,49.7,KG,1491,
MDM007215,2025-06-13,SCH0215,Kumar Supplies,Dal,,,4554,Pending
MDM008246,2026-01-24,SCH0599,Goyal Rice Mill,Mustard Oil,32600.0,G,3912,
MDM001797,2025-08-16,SCH0373,Kumar General Store,Dal,0.742,BAG,3339,Paid
MDM003846,2025-05-20,SCH0169,Sharma & Sons,Dal,10900.0,G,981,Paid
MDM006403,2025-08-25,SCH0090,Sharma & Sons,Dal,33.6,KG,3024,
MDM010746,2026-01-29,SCH0348,Goyal Rice Mill,Rice,0.6459999999999999,SACK,1292,Paid
MDM000937,2025-06-02,SCH0525,Goyal Enterprises,Rice,0.46,BAG,920,Paid
MDM002266,2026-01-31,SCH0158,Singh Brothers,Dal,0.732,BAG,3294,Paid
MDM000825,2025-04-18,SCH0559,Singh Agro,Rice,,,1272,Pending
MDM007275,2026-03-07,SCH0076,Kumar & Co.,Mustard Oil,14500.0,G,1740,Pending
MDM001390,2025-07-27,SCH0401,Sharma & Sons,oil,14.6,KG,1752,Due
MDM003565,2025-08-11,SCH0109,Sharma & Sons,Atta,11.0,KG,330,Due
MDM009077,2025-08-21,SCH0415,Goyal Rice Mill,Cooking Oil,0.7240000000000001,BAG,4344,Cleared
MDM005430,2026-02-03,SCH0096,Kumar & Co.,Atta,,,510,Pending
MDM007828,2025-05-05,SCH0589,Singh Brothers,Wheat,,,534,Pending
MDM005691,2025-09-16,SCH0338,Sharma & Sons,Dal,40.9,KG,3681,Pending
MDM007879,2026-02-05,SCH0032,S. Agro Works,Wheat,,,1578,Pending
MDM001869,2025-09-02,SCH0437,Goyal Enterprises,oil,,,2652,Cleared
MDM008203,2025-05-22,SCH0539,Sharma & Sons,Dal,,,4950,
MDM007487,2025-05-03,SCH0088,Kumar General Store,Dal,56.8,KG,5112,Pending
MDM009656,2025-07-27,SCH0124,Sharma Traders,Dal,19.4,KG,1746,Pending
MDM000807,2025-11-12,SCH0474,Kumar Supplies,Rice,34800.0,G,1392,Paid
MDM004806,2025-07-19,SCH0416,Kumar & Co.,Rice,50.1,KG,,Pending
MDM010903,2026-02-16,SCH0133,Singh Agro,oil,,,4032,
MDM010301,2025-08-14,SCH0305,S. Agro Works,Rice,40.6,KG,1624,Pending
MDM011301,2025-09-15,SCH0477,Singh Agro,Wheat,,,1521,Pending
MDM010427,2026-02-19,SCH0387,Kumar Supplies,Rice,,,2184,
MDM009156,2025-06-02,SCH0217,Goyal Rice Mill,Dal,,,3474,Pending
MDM007512,2025-10-18,SCH0327,Sharma Traders Pvt Ltd,Dal,23200.0,G,2088,Due
MDM008057,2025-08-12,SCH0413,Goyal Rice Mill,Rice,28.6,KG,1144,Due
MDM004495,2025-11-10,SCH0257,S. Agro Works,Mustard Oil,12.1,KG,1452,Cleared
MDM002633,2025-09-28,SCH0481,Sharma & Sons,oil,45600.0,G,5472,Pending
MDM010991,2025-04-18,SCH0295,Kumar & Co.,Dal,27.2,KG,2448,
MDM008897,2026-03-21,SCH0505,Kumar & Co.,Mustard Oil,,,6708,Cleared
MDM008624,2025-10-16,SCH0366,Singh Brothers,Wheat,20800.0,G,624,Pending
MDM007833,2025-07-23,SCH0484,Kumar General Store,oil,59.1,KG,7092,
MDM004389,2025-12-11,SCH0203,Goyal Enterprises,Dal,,,4752,Pending
MDM000146,2025-07-10,SCH0333,Goyal Mill,Dal,,,990,Pending
MDM006468,2025-07-20,SCH0572,Goyal Mill,Mustard Oil,0.342,SACK,2052,Paid
MDM002034,2025-12-26,SCH0343,Goyal Rice Mill,Wheat,45.4,KG,,Pending
MDM011269,2025-06-13,SCH0265,Kumar & Co.,Wheat,51.0,KG,1530,Pending
MDM001166,2025-06-05,SCH0035,S. Agro Works,Dal,,,2844,Due
MDM002051,2025-06-13,SCH0527,Kumar General Store,Rice,,,1132,Pending
MDM003761,2026-01-21,SCH0599,Singh Agro,Rice,57.2,KG,2288,Due
MDM004436,2025-04-13,SCH0514,Singh Brothers,Dal,,,1719,Cleared
MDM003431,2025-08-07,SCH0587,Kumar Supplies,Rice,,,1804,Paid
MDM008191,2025-10-25,SCH0243,S. Agro Works,oil,49700.0,G,5964,Pending
MDM010824,2025-07-18,SCH0358,Kumar Supplies,Dal,34500.0,G,3105,
MDM007070,2025-08-02,SCH0024,Goyal Enterprises,Rice,0.8320000000000001,BAG_50KG,1664,Pending
MDM004362,2025-08-05,SCH0488,Kumar General Store,Wheat,43.4,KG,1302,
MDM010617,2025-08-07,SCH0038,Kumar Supplies,Rice,59700.0,G,2388,Due
MDM009455,2025-11-08,SCH0034,Singh Agro,oil,0.43,SACK,2580,Due
MDM001772,2025-07-26,SCH0363,Goyal Mill,Dal,,,3213,Pending
MDM003512,2025-05-06,SCH0366,Goyal Enterprises,Mustard Oil,50.9,KG,6108,Paid
MDM000272,2026-01-23,SCH0282,Kumar Supplies,Dal,0.586,BORI,2637,Paid
MDM008437,2026-01-12,SCH0562,S. Agro Works,Dal,17.6,KG,1584,Pending
MDM002033,2026-01-16,SCH0387,Singh Brothers,Dal,53800.0,G,4842,Cleared
MDM009006,2025-08-15,SCH0001,Sharma & Sons,Dal,0.276,BAG,1242,
MDM011946,2025-12-18,SCH0121,Kumar Supplies,Dal,23100.0,G,2079,Paid
MDM003811,2026-01-02,SCH0088,S. Agro Works,Rice,58500.0,G,2340,
MDM009997,2025-11-01,SCH0088,Goyal Enterprises,Wheat,0.244,BAG,366,Pending
MDM004347,2025-09-16,SCH0001,Sharma Traders,Rice,0.956,BAG_50KG,1912,Pending
MDM010654,2025-11-12,SCH0496,Kumar Supplies,Rice,15.7,KG,628,Cleared
MDM000546,2026-03-18,SCH0107,Goyal Mill,Rice,25.2,KG,1008,Pending
MDM003242,2026-02-17,SCH0292,Kumar Supplies,Wheat,40.5,KG,1215,Due
MDM008931,2025-04-28,SCH0115,S. Agro Works,Rice,47.9,KG,1916,Cleared
MDM008503,2025-10-03,SCH0095,Goyal Mill,Wheat,50800.0,G,1524,Paid
MDM009324,2026-01-25,SCH0360,Singh Brothers,Wheat,,,1695,
MDM007565,2025-09-08,SCH0559,S. Agro Works,Wheat,,,1767,Paid
MDM000921,2025-10-21,SCH0510,S. Agro Works,Dal,,,5310,Due
MDM011258,2025-05-18,SCH0358,Sharma & Sons,Dal,19400.0,G,1746,Pending
MDM006641,2025-08-16,SCH0177,Kumar Supplies,Rice,,,852,Pending
MDM007695,2026-03-18,SCH0431,Kumar & Co.,Wheat,0.344,BAG_50KG,516,Paid
MDM008231,2025-10-01,SCH0170,Kumar & Co.,oil,,,5664,Pending
MDM007127,2026-02-12,SCH0289,Sharma & Sons,Wheat,39.4,KG,1182,Paid
MDM004279,2026-03-10,SCH0215,Kumar Supplies,Dal,,,3294,Pending
MDM002984,2025-05-09,SCH0316,Goyal Mill,Dal,,,3753,Pending
MDM000131,2025-05-16,SCH0133,Goyal Rice Mill,Wheat,12.7,KG,381,Cleared
MDM007981,2025-08-17,SCH0080,Singh Brothers,Mustard Oil,1.156,BAG,6936,Pending
MDM002668,2025-05-08,SCH0345,Kumar General Store,Wheat,,,1296,Pending
MDM007139,2025-08-03,SCH0214,S. Agro Works,Mustard Oil,37.3,KG,4476,Paid
MDM003224,2025-07-07,SCH0153,Sharma & Sons,Dal,29.0,KG,2610,Cleared
MDM009375,2025-11-29,SCH0352,Goyal Rice Mill,Mustard Oil,0.5820000000000001,BAG,3492,Pending
MDM007694,2026-01-12,SCH0060,Sharma Traders,Dal,28000.0,G,2520,Due
MDM005393,2025-12-24,SCH0155,S. Agro Works,Rice,40000.0,G,1600,Due
MDM000615,2025-11-07,SCH0545,Singh Agro,Dal,18600.0,G,1674,Due
MDM001467,2025-11-12,SCH0188,Goyal Enterprises,Mustard Oil,22100.0,G,2652,Paid
MDM004498,2025-06-06,SCH0418,Sharma Traders Pvt Ltd,Mustard Oil,0.542,BAG,3252,Pending
MDM003043,2025-10-12,SCH0284,Kumar & Co.,Rice,,,1096,
MDM009127,2025-11-18,SCH0216,Kumar General Store,oil,1.184,SACK,7104,Pending
MDM002420,2025-11-11,SCH0100,Singh Brothers,Wheat,31.6,KG,948,Pending
MDM005086,2025-12-18,SCH0026,Goyal Rice Mill,Rice,39.1,KG,,Paid
MDM003295,2025-06-04,SCH0554,Kumar Supplies,Mustard Oil,18900.0,G,2268,Paid
MDM006738,2025-10-15,SCH0481,Goyal Enterprises,Rice,19.0,KG,760,Cleared
MDM001501,2026-03-03,SCH0529,Sharma & Sons,Dal,,,5328,Paid
MDM009019,2025-07-11,SCH0351,Goyal Mill,Wheat,12.1,KG,363,Paid
MDM001522,2025-08-14,SCH0499,Kumar General Store,Dal,33400.0,G,3006,Paid
MDM011257,2026-02-23,SCH0168,Sharma & Sons,Mustard Oil,35500.0,G,4260,Due
MDM004233,2025-06-30,SCH0035,Singh Agro,Rice,10100.0,G,404,Paid
MDM007687,2025-06-27,SCH0342,Singh Agro,Dal,37.2,KG,3348,Pending
MDM008821,2025-07-22,SCH0477,S. Agro Works,Wheat,0.758,BAG_50KG,1137,Due
MDM004431,2025-05-17,SCH0184,Kumar & Co.,Rice,0.298,BORI,596,Paid
MDM000391,2026-02-12,SCH0279,Goyal Mill,Mustard Oil,,,5424,Paid
MDM007125,2025-06-04,SCH0452,Goyal Mill,Wheat,1.078,SACK,1617,Pending
MDM005914,2026-03-09,SCH0511,Goyal Rice Mill,Dal,0.552,BAG,2484,Paid
MDM008593,2025-07-01,SCH0529,Singh Brothers,Wheat,17.9,KG,537,Paid
MDM004807,2025-10-19,SCH0582,Goyal Mill,oil,15900.0,G,1908,Cleared
MDM011141,2025-08-09,SCH0528,Goyal Mill,Mustard Oil,,,5184,Paid
MDM008239,2025-04-12,SCH0225,Goyal Enterprises,Mustard Oil,51900.0,G,6228,Cleared
MDM008045,2025-09-09,SCH0075,Kumar Supplies,Wheat,,,1236,Pending
MDM003994,2025-09-26,SCH0030,Kumar & Co.,Dal,21.7,KG,1953,Cleared
MDM011805,2025-08-31,SCH0006,Kumar Supplies,Cooking Oil,57.6,KG,6912,Pending
MDM006610,2025-09-04,SCH0396,Sharma Traders Pvt Ltd,Rice,16400.0,G,656,Paid
MDM005320,2025-09-04,SCH0063,Sharma Traders Pvt Ltd,Rice,15.4,KG,616,Pending
MDM007120,2025-09-09,SCH0273,S. Agro Works,Mustard Oil,10300.0,G,1236,Cleared
MDM002422,2026-03-02,SCH0078,Kumar General Store,Rice,18.5,KG,740,Pending
MDM005605,2025-10-23,SCH0321,Goyal Mill,Mustard Oil,1.106,BORI,6636,Due
MDM001751,2026-01-31,SCH0581,Goyal Mill,Rice,48800.0,G,1952,Pending
MDM011127,2026-01-18,SCH0355,S. Agro Works,Dal,0.354,SACK,1593,
MDM000339,2025-09-06,SCH0194,Singh Agro,Rice,,,1592,Pending
MDM008408,2025-04-18,SCH0481,Sharma Traders,Atta,47.3,KG,1419,Due
MDM001342,2025-05-29,SCH0240,Sharma Traders Pvt Ltd,Wheat,23.6,KG,708,
MDM011797,2026-03-11,SCH0221,Goyal Mill,Cooking Oil,,,6696,Pending
MDM007983,2025-07-29,SCH0018,Singh Brothers,Rice,1.03,BAG_50KG,2060,Pending
MDM003641,2026-03-19,SCH0510,Goyal Rice Mill,Dal,17300.0,G,1557,Pending
MDM000330,2025-12-08,SCH0349,Sharma Traders,Wheat,57.7,KG,1731,Due
MDM010907,2025-07-20,SCH0197,Kumar Supplies,Rice,0.594,BAG,1188,Pending
MDM003005,2025-07-20,SCH0107,Kumar & Co.,Mustard Oil,48500.0,G,5820,
MDM006961,2025-11-05,SCH0192,Singh Brothers,Dal,53.3,KG,,
MDM004091,2026-02-26,SCH0099,Goyal Enterprises,Cooking Oil,36.2,KG,4344,Pending
MDM009829,2026-02-06,SCH0501,Goyal Enterprises,Rice,18400.0,G,736,Pending
MDM002323,2026-02-09,SCH0308,Goyal Mill,Dal,0.784,BAG,3528,Paid
MDM006668,2025-11-03,SCH0531,Kumar Supplies,oil,0.878,BAG_50KG,5268,Paid
MDM007010,2025-11-03,SCH0291,Sharma Traders Pvt Ltd,Dal,0.208,BAG,936,Pending
MDM004198,2025-04-27,SCH0158,Goyal Mill,Wheat,,,639,Paid
MDM003550,2025-05-22,SCH0378,Goyal Rice Mill,Mustard Oil,0.772,SACK,4632,
MDM009651,2025-08-14,SCH0547,Sharma Traders Pvt Ltd,Wheat,53.3,KG,1599,Pending
MDM008364,2025-10-27,SCH0494,Kumar General Store,Atta,0.92,BAG,1380,Pending
MDM004204,2025-06-13,SCH0083,Kumar General Store,Dal,31.0,KG,2790,Pending
MDM011503,2025-11-30,SCH0324,Goyal Mill,Rice,24700.0,G,988,Cleared
MDM011032,2025-12-21,SCH0488,Sharma Traders,Wheat,55.9,KG,1677,Paid
MDM006186,2025-04-20,SCH0095,Kumar General Store,Mustard Oil,50400.0,G,6048,Due
MDM001640,2025-05-31,SCH0369,Kumar Supplies,Dal,41.9,KG,3771,Due
MDM009131,2026-01-22,SCH0141,Sharma Traders,Dal,0.412,BORI,1854,Pending
MDM000061,2025-11-09,SCH0198,Goyal Enterprises,Dal,19800.0,G,1782,Cleared
MDM001241,2025-04-28,SCH0001,Goyal Enterprises,Mustard Oil,,,4548,Due
MDM005761,2025-07-13,SCH0323,Sharma Traders,Dal,0.204,SACK,918,Due
MDM005137,2026-02-26,SCH0428,Goyal Enterprises,Atta,10.7,KG,321,Paid
MDM002344,2025-04-20,SCH0423,Goyal Enterprises,Rice,56600.0,G,2264,Due
MDM002121,2025-09-20,SCH0434,Kumar General Store,Cooking Oil,,,2520,Due
MDM001525,2025-11-25,SCH0555,Goyal Mill,Cooking Oil,21400.0,G,2568,Pending
MDM007618,2025-04-26,SCH0345,Kumar & Co.,Rice,,,548,Paid
MDM000154,2026-02-01,SCH0130,Sharma Traders Pvt Ltd,Rice,52.3,KG,2092,Due
MDM000482,2025-10-08,SCH0442,Sharma Traders Pvt Ltd,Mustard Oil,,,3996,
MDM006123,2025-09-25,SCH0598,Singh Agro,Dal,,,4455,Due
MDM007675,2025-08-28,SCH0306,Kumar Supplies,Dal,30400.0,G,2736,
MDM007102,2025-08-13,SCH0401,S. Agro Works,Wheat,10800.0,G,324,Cleared
MDM001763,2025-04-18,SCH0397,Sharma Traders Pvt Ltd,Wheat,0.584,BORI,876,Cleared
MDM008943,2025-07-13,SCH0121,Goyal Mill,Dal,0.912,BAG_50KG,4104,Paid
MDM007716,2026-02-21,SCH0374,S. Agro Works,Rice,58.1,KG,2324,Cleared
MDM009978,2025-04-10,SCH0369,Kumar & Co.,Dal,0.498,BORI,2241,Paid
MDM011211,2025-05-09,SCH0509,Sharma Traders Pvt Ltd,Dal,59000.0,G,5310,Due
MDM007480,2025-08-12,SCH0009,Sharma Traders Pvt Ltd,Rice,14.2,KG,568,Pending
MDM006213,2025-11-28,SCH0565,Sharma Traders Pvt Ltd,Rice,,,2284,Cleared
MDM004854,2025-05-17,SCH0280,Goyal Mill,Rice,53.2,KG,2128,Due
MDM002712,2026-01-10,SCH0533,Singh Agro,Rice,,,836,Paid
MDM006767,2025-07-10,SCH0155,Kumar General Store,Mustard Oil,0.206,SACK,1236,Cleared
MDM004151,2026-01-21,SCH0321,Singh Agro,Dal,0.866,BAG,3897,
MDM001334,2025-07-16,SCH0290,S. Agro Works,Rice,44800.0,G,,Pending
MDM011624,2025-07-17,SCH0397,Kumar & Co.,Wheat,30.4,KG,912,Pending
MDM008379,2025-07-11,SCH0340,Singh Brothers,Mustard Oil,0.7759999999999999,SACK,4656,Due
MDM009329,2025-07-05,SCH0268,Singh Agro,Dal,,,4266,Paid
MDM011600,2026-02-01,SCH0261,Sharma & Sons,Dal,44.2,KG,3978,Cleared
MDM011996,2026-03-04,SCH0525,Kumar & Co.,Wheat,,,663,Pending
MDM010251,2025-06-27,SCH0547,Kumar General Store,Rice,,,688,Paid
MDM011786,2025-12-28,SCH0449,Sharma & Sons,Dal,,,1188,
MDM003851,2025-08-24,SCH0297,Goyal Enterprises,Dal,,,2376,Paid
MDM008341,2025-04-17,SCH0186,Kumar & Co.,Dal,,,1467,Paid
MDM004125,2025-06-23,SCH0003,Goyal Mill,Wheat,,,1083,Due
MDM004789,2026-01-24,SCH0355,S. Agro Works,Wheat,58800.0,G,1764,Cleared
MDM002867,2025-05-08,SCH0324,Kumar & Co.,Mustard Oil,54.5,KG,6540,Pending
MDM001387,2026-03-20,SCH0574,Singh Agro,Cooking Oil,,,2700,Pending
MDM005942,2025-08-13,SCH0186,Singh Brothers,Wheat,51300.0,G,1539,Cleared
MDM003068,2026-02-04,SCH0219,Singh Agro,Dal,1.1,BAG,4950,Due
MDM011182,2025-06-08,SCH0155,Singh Agro,Mustard Oil,1.176,SACK,7056,Pending
MDM003630,2025-12-08,SCH0286,Goyal Rice Mill,Rice,,,2372,Paid
MDM011686,2025-12-31,SCH0559,Singh Agro,Cooking Oil,27600.0,G,3312,Paid
MDM011048,2025-09-26,SCH0026,Kumar Supplies,Cooking Oil,44800.0,G,5376,Cleared
MDM003029,2025-10-02,SCH0400,Kumar & Co.,Wheat,,,417,Paid
MDM002970,2025-11-17,SCH0011,S. Agro Works,Mustard Oil,0.468,SACK,2808,Due
MDM009901,2025-09-10,SCH0422,Singh Agro,Mustard Oil,,,2016,Cleared
MDM008647,2025-08-30,SCH0008,Kumar Supplies,Wheat,27.2,KG,,Pending
MDM006137,2026-01-28,SCH0399,Singh Brothers,Dal,1.184,BAG,5328,Cleared
MDM008802,2025-06-30,SCH0008,Sharma & Sons,Rice,51.3,KG,2052,Paid
MDM004264,2026-01-09,SCH0396,Singh Brothers,Dal,59900.0,G,5391,Paid
MDM000646,2025-04-29,SCH0039,Sharma & Sons,oil,1.116,BAG_50KG,6696,Pending
MDM011934,2026-03-10,SCH0454,Goyal Mill,Wheat,1.09,BAG,1635,Due
MDM002075,2025-07-14,SCH0282,Kumar & Co.,Rice,0.32,BAG,640,Pending
MDM000342,2025-08-27,SCH0480,Sharma Traders,Cooking Oil,,,1200,
MDM008042,2025-08-14,SCH0019,Kumar & Co.,Dal,1.02,SACK,4590,Pending
MDM001623,2025-05-01,SCH0267,Singh Brothers,Rice,,,1336,Paid
MDM007142,2025-10-22,SCH0322,Kumar General Store,Atta,47500.0,G,1425,Paid
MDM005797,2025-04-25,SCH0545,Goyal Enterprises,Rice,,,1092,Due
MDM007185,2025-09-18,SCH0073,S. Agro Works,Atta,55.9,KG,1677,
MDM011525,2025-10-13,SCH0337,Kumar & Co.,Dal,,,4833,Paid
MDM008233,2025-11-25,SCH0081,Sharma Traders Pvt Ltd,Wheat,0.67,BAG,,
MDM005476,2025-10-22,SCH0143,Sharma Traders Pvt Ltd,Dal,0.404,BAG,1818,Cleared
MDM010282,2025-06-30,SCH0028,Kumar Supplies,Atta,,,1074,Paid
MDM010368,2025-04-24,SCH0016,Kumar Supplies,Rice,44600.0,G,1784,Paid
MDM011431,2025-09-17,SCH0473,Sharma & Sons,Wheat,52400.0,G,1572,Due
MDM000075,2025-04-24,SCH0283,Singh Agro,Mustard Oil,0.6759999999999999,BAG_50KG,4056,Cleared
MDM010850,2025-08-07,SCH0069,Goyal Enterprises,Mustard Oil,20700.0,G,2484,Paid
MDM010269,2025-09-14,SCH0114,Sharma Traders Pvt Ltd,Wheat,41800.0,G,1254,Pending
MDM008634,2025-06-21,SCH0285,Kumar General Store,Atta,21.7,KG,651,Due
MDM011400,2025-09-20,SCH0517,Kumar General Store,Wheat,53.6,KG,1608,Paid
MDM002052,2025-07-04,SCH0468,Kumar & Co.,Dal,54800.0,G,4932,Cleared
MDM002542,2025-05-13,SCH0290,Kumar Supplies,Rice,,,,Due
MDM001302,2025-04-22,SCH0558,Goyal Rice Mill,Dal,29400.0,G,2646,Due
MDM005878,2025-09-20,SCH0003,Kumar & Co.,Dal,33.0,KG,2970,
MDM007369,2025-04-28,SCH0146,Sharma & Sons,Cooking Oil,,,2136,Pending
MDM001305,2026-01-08,SCH0558,Singh Agro,Rice,0.66,BAG,1320,Pending
MDM008429,2025-10-05,SCH0573,Sharma Traders Pvt Ltd,Dal,22.1,KG,1989,Pending
MDM011226,2025-09-06,SCH0179,Sharma & Sons,Dal,31300.0,G,2817,Pending
MDM002600,2025-08-14,SCH0295,Sharma & Sons,Wheat,,,381,Pending
MDM002574,2026-01-19,SCH0467,Goyal Enterprises,Cooking Oil,,,6756,Pending
MDM003187,2025-08-07,SCH0037,Sharma Traders,Dal,46400.0,G,4176,Paid
MDM002769,2025-12-03,SCH0151,Kumar General Store,Mustard Oil,49.2,KG,5904,Paid
MDM004832,2025-11-10,SCH0551,Sharma Traders,Mustard Oil,,,5652,Paid
MDM004224,2025-11-01,SCH0543,Kumar & Co.,Mustard Oil,58.0,KG,6960,Cleared
MDM011930,2025-12-02,SCH0047,Goyal Rice Mill,Rice,1.182,BAG,2364,
MDM002107,2025-12-27,SCH0164,Singh Agro,Wheat,50.4,KG,1512,Paid
MDM002680,2025-08-02,SCH0066,Goyal Mill,Dal,0.334,SACK,1503,Pending
MDM010954,2026-03-04,SCH0336,Sharma Traders,Wheat,,,1080,Pending
MDM001388,2026-03-11,SCH0388,Kumar Supplies,Dal,17100.0,G,1539,Paid
MDM011026,2025-08-22,SCH0439,Goyal Enterprises,Cooking Oil,12.5,KG,1500,Due
MDM011941,2025-11-10,SCH0498,S. Agro Works,Mustard Oil,,,1920,Paid
MDM007084,2025-12-25,SCH0264,S. Agro Works,Atta,,,1122,Due
MDM001280,2026-02-17,SCH0331,Sharma Traders Pvt Ltd,Dal,0.394,SACK,1773,Pending
MDM000805,2025-12-24,SCH0063,Goyal Mill,Rice,,,1976,Paid
MDM001556,2025-07-30,SCH0009,Goyal Mill,Mustard Oil,16.9,KG,,
MDM011725,2025-05-06,SCH0489,Kumar & Co.,Rice,0.5820000000000001,BAG,1164,Pending
MDM004567,2025-11-01,SCH0217,Sharma Traders,Mustard Oil,53.7,KG,6444,
MDM011952,2025-12-04,SCH0388,Kumar General Store,Dal,36100.0,G,3249,Cleared
MDM004842,2025-05-15,SCH0038,S. Agro Works,Rice,0.486,BAG_50KG,972,
MDM003595,2025-12-10,SCH0474,S. Agro Works,Dal,,,4095,Cleared
MDM006036,2025-08-10,SCH0476,Sharma Traders,Wheat,,,1017,Pending
MDM006853,2025-10-15,SCH0269,S. Agro Works,Mustard Oil,,,6300,Paid
MDM010113,2025-04-27,SCH0468,Singh Agro,Mustard Oil,35.4,KG,4248,Paid
MDM008706,2025-10-14,SCH0093,Goyal Enterprises,Atta,,,369,Due
MDM004178,2025-06-02,SCH0264,Kumar General Store,Rice,,,2032,
MDM001309,2025-08-24,SCH0258,Kumar & Co.,Rice,0.998,BAG,1996,Cleared
MDM009107,2025-05-23,SCH0500,Kumar & Co.,Rice,,,1724,Pending
MDM003453,2026-03-10,SCH0150,Kumar General Store,Rice,10800.0,G,432,Due
MDM003696,2025-04-06,SCH0280,Singh Agro,Rice,58700.0,G,2348,Paid
MDM004243,2025-12-14,SCH0139,Kumar Supplies,Cooking Oil,,,6252,Cleared
MDM002199,2025-08-06,SCH0322,Sharma Traders,Atta,,,597,
MDM008967,2025-06-29,SCH0164,S. Agro Works,Rice,,,2224,Due
MDM004426,2026-02-12,SCH0398,S. Agro Works,Cooking Oil,,,6624,
MDM006151,2025-12-16,SCH0072,Singh Agro,Dal,44.0,KG,,Pending
MDM000944,2026-03-04,SCH0370,Kumar General Store,Dal,0.342,SACK,1539,
MDM000823,2026-02-15,SCH0240,Singh Brothers,Cooking Oil,0.71,SACK,4260,Cleared
MDM005006,2025-07-10,SCH0493,Kumar & Co.,Rice,32000.0,G,1280,Paid
MDM006613,2025-06-17,SCH0115,Sharma Traders Pvt Ltd,oil,42900.0,G,5148,Paid
MDM008357,2026-01-13,SCH0342,S. Agro Works,Dal,0.506,BORI,2277,Pending
MDM005620,2025-11-03,SCH0356,Sharma Traders,Rice,33100.0,G,1324,Pending
MDM004548,2025-12-09,SCH0430,S. Agro Works,Mustard Oil,17100.0,G,2052,Due
MDM002539,2025-08-23,SCH0092,Kumar Supplies,Atta,,,516,Pending
MDM009504,2025-10-20,SCH0245,Singh Brothers,Dal,0.4379999999999999,BORI,1970,
MDM005208,2025-04-02,SCH0208,Singh Agro,Wheat,10.8,KG,,Pending
MDM011757,2025-12-14,SCH0301,Sharma Traders,Rice,15.8,KG,632,Paid
MDM011120,2025-06-22,SCH0476,Singh Agro,Dal,29300.0,G,2637,Paid
MDM003055,2025-06-08,SCH0483,Goyal Rice Mill,Rice,,,896,Paid
MDM003676,2025-06-25,SCH0489,Sharma Traders,Wheat,,,1488,Paid
MDM007777,2025-09-29,SCH0190,Sharma & Sons,Rice,,,1460,Pending
MDM007219,2025-09-14,SCH0184,Singh Brothers,Rice,0.71,SACK,1420,Pending
MDM006723,2025-05-17,SCH0283,Singh Agro,Rice,15.7,KG,628,
MDM003301,2025-10-01,SCH0534,Singh Agro,Wheat,27000.0,G,810,Due
MDM003311,2026-01-15,SCH0496,Goyal Rice Mill,Rice,36000.0,G,1440,Pending
MDM007222,2025-07-26,SCH0380,Kumar General Store,Wheat,,,1683,Pending
MDM008520,2025-12-19,SCH0079,S. Agro Works,Dal,,,2781,Due
MDM010683,2026-02-24,SCH0330,Singh Brothers,Dal,47.7,KG,4293,Pending
MDM005955,2025-08-03,SCH0311,Sharma Traders,Atta,,,354,Pending
MDM010999,2026-01-23,SCH0463,Kumar General Store,Wheat,1.072,SACK,1608,
MDM000833,2025-12-30,SCH0210,Goyal Enterprises,Wheat,15.6,KG,468,Pending
MDM003463,2025-12-31,SCH0323,S. Agro Works,Rice,,,456,Pending
MDM011526,2025-09-21,SCH0539,Sharma Traders Pvt Ltd,Wheat,22800.0,G,684,Pending
MDM007644,2025-11-04,SCH0551,Goyal Enterprises,Wheat,,,309,Cleared
MDM000055,2026-01-11,SCH0036,Goyal Enterprises,oil,25.4,KG,3048,Cleared
MDM003452,2026-01-27,SCH0240,Sharma Traders Pvt Ltd,Dal,48.2,KG,4338,Due
MDM006306,2025-04-11,SCH0568,Sharma Traders Pvt Ltd,Rice,1.036,BORI,2072,Cleared
MDM010094,2025-12-22,SCH0169,S. Agro Works,Atta,31.9,KG,957,Cleared
MDM001482,2025-11-21,SCH0474,Goyal Mill,Rice,,,1252,Pending
MDM004874,2025-09-24,SCH0422,Kumar General Store,Mustard Oil,,,4404,Pending
MDM008039,2025-05-07,SCH0412,Sharma Traders,Dal,10100.0,G,909,Pending
MDM003336,2025-11-07,SCH0450,Goyal Enterprises,oil,,,5796,Cleared
MDM006017,2025-10-09,SCH0449,Sharma & Sons,Dal,,,3393,Cleared
MDM004927,2025-12-06,SCH0061,Goyal Rice Mill,Atta,,,1521,Pending
MDM009139,2026-03-02,SCH0551,Sharma & Sons,Dal,,,1404,Paid
MDM005798,2025-09-23,SCH0349,Singh Agro,Mustard Oil,,,2484,Paid
MDM010354,2025-07-01,SCH0440,Goyal Rice Mill,Dal,55.6,KG,5004,
MDM005084,2025-09-18,SCH0270,Goyal Enterprises,Mustard Oil,,,4680,
MDM006646,2026-03-28,SCH0332,Kumar & Co.,Wheat,,,426,Pending
MDM005491,2025-05-14,SCH0193,Singh Brothers,Cooking Oil,38700.0,G,4644,Paid
MDM000769,2025-07-13,SCH0463,Goyal Rice Mill,Rice,31.8,KG,1272,Pending
MDM002066,2025-06-10,SCH0358,Kumar General Store,Rice,27.0,KG,1080,Due
MDM011741,2026-03-06,SCH0404,Goyal Mill,Rice,1.134,BORI,2268,Cleared
MDM007312,2025-04-08,SCH0534,Sharma & Sons,Dal,,,5229,Due
MDM008478,2025-06-20,SCH0242,Singh Agro,Rice,0.342,BORI,684,Cleared
MDM004525,2025-11-12,SCH0351,Singh Agro,Dal,37.9,KG,3411,Cleared
MDM010525,2026-02-19,SCH0379,Goyal Enterprises,Rice,,,1608,Paid
MDM002718,2025-11-07,SCH0138,Goyal Mill,Mustard Oil,46500.0,G,5580,Pending
MDM002080,2026-03-12,SCH0067,Goyal Mill,Cooking Oil,,,2268,Cleared
MDM008915,2025-06-28,SCH0554,Kumar Supplies,Rice,,,732,
MDM000952,2025-08-17,SCH0211,Kumar & Co.,Wheat,,,867,Due
MDM008059,2025-05-05,SCH0191,Sharma Traders Pvt Ltd,Dal,0.304,BAG,1368,
MDM002483,2025-07-29,SCH0037,Goyal Rice Mill,Dal,53400.0,G,4806,Due
MDM010455,2025-12-29,SCH0466,Sharma Traders Pvt Ltd,Dal,53.8,KG,4842,Paid
MDM009182,2025-06-29,SCH0215,S. Agro Works,Rice,,,1040,Paid
MDM001760,2025-05-28,SCH0191,Goyal Mill,oil,,,2976,Paid
MDM009985,2025-05-09,SCH0553,Sharma Traders,Rice,,,1908,Paid
MDM004423,2026-03-06,SCH0106,Kumar Supplies,oil,17.3,KG,2076,Pending
MDM006705,2026-01-02,SCH0584,Singh Brothers,Rice,28600.0,G,1144,Pending
MDM009917,2025-11-15,SCH0185,Kumar Supplies,Rice,,,1548,Cleared
MDM005183,2026-01-17,SCH0315,S. Agro Works,Wheat,47.6,KG,1428,Paid
MDM008534,2025-04-01,SCH0120,Sharma Traders,Wheat,0.706,BORI,1059,Due
MDM003702,2025-09-30,SCH0258,Kumar General Store,Wheat,0.474,SACK,711,Paid
MDM004244,2025-04-22,SCH0060,Kumar & Co.,Dal,12.1,KG,1089,Paid
MDM000689,2025-05-01,SCH0083,Singh Agro,Rice,46400.0,G,,Due
MDM003433,2025-08-30,SCH0320,Kumar & Co.,Rice,31.3,KG,1252,Due
MDM004945,2025-09-15,SCH0595,Kumar Supplies,Dal,44800.0,G,4032,
MDM000967,2026-01-18,SCH0447,Kumar General Store,Dal,37.3,KG,3357,
MDM011722,2025-06-15,SCH0057,Singh Brothers,Rice,33.8,KG,1352,Pending
MDM010396,2026-01-17,SCH0482,Kumar & Co.,Rice,,,2164,
MDM002714,2025-12-14,SCH0102,Singh Agro,Rice,17.3,KG,692,Cleared
MDM004758,2026-03-04,SCH0085,Goyal Mill,Rice,34.8,KG,1392,Pending
MDM011799,2025-08-20,SCH0276,Singh Agro,Dal,54500.0,G,,Pending
MDM006321,2025-04-09,SCH0457,Goyal Enterprises,Wheat,33.2,KG,996,Pending
MDM005976,2026-03-04,SCH0564,Sharma Traders Pvt Ltd,Dal,0.476,BORI,2142,
MDM003573,2026-02-02,SCH0287,Goyal Rice Mill,Dal,,,3546,Pending
MDM005300,2025-07-18,SCH0510,Singh Brothers,Wheat,51500.0,G,1545,
MDM001991,2026-01-02,SCH0267,Kumar & Co.,Mustard Oil,0.222,BORI,1332,Paid
MDM001206,2025-05-09,SCH0380,S. Agro Works,Atta,34.3,KG,1029,Paid
MDM004972,2025-04-18,SCH0089,Sharma Traders Pvt Ltd,Dal,,,1566,Pending
MDM006784,2025-06-02,SCH0437,Goyal Enterprises,Rice,14.1,KG,564,Pending
MDM003601,2026-02-19,SCH0231,Goyal Mill,Rice,56400.0,G,,Paid
MDM006491,2025-10-16,SCH0063,Goyal Mill,Dal,0.416,BORI,1872,Paid
MDM008610,2026-02-18,SCH0509,S. Agro Works,Wheat,0.588,BAG_50KG,882,Paid
MDM008071,2025-04-27,SCH0554,Sharma & Sons,Dal,,,2430,
MDM008578,2025-10-04,SCH0506,Sharma Traders,Dal,49.8,KG,4482,Cleared
MDM007974,2026-03-20,SCH0207,Sharma & Sons,Dal,0.444,SACK,1998,Paid
MDM011500,2025-08-06,SCH0371,Kumar General Store,Atta,0.4,BAG,600,Pending
MDM001626,2025-11-23,SCH0077,Kumar & Co.,oil,,,4980,Pending
MDM000537,2025-06-17,SCH0587,Kumar General Store,Mustard Oil,0.35,SACK,2100,Paid
MDM008767,2025-08-12,SCH0401,S. Agro Works,Dal,54100.0,G,4869,Pending
MDM007971,2025-04-20,SCH0226,Kumar & Co.,Rice,21.6,KG,864,
MDM004213,2025-05-04,SCH0397,Sharma Traders,Dal,12.3,KG,1107,Cleared
MDM006457,2025-12-21,SCH0252,Goyal Enterprises,Atta,29800.0,G,894,Due
MDM003508,2025-10-14,SCH0510,Goyal Mill,Mustard Oil,,,1944,Cleared
MDM008394,2025-05-08,SCH0396,S. Agro Works,Wheat,46.7,KG,1401,Paid
MDM009525,2026-03-24,SCH0600,Goyal Enterprises,Rice,0.976,BAG,1952,Pending
MDM007113,2025-06-18,SCH0534,Singh Brothers,Rice,36.7,KG,1468,Due
MDM002709,2025-07-24,SCH0247,Singh Agro,Mustard Oil,53500.0,G,6420,Paid
MDM005032,2026-01-20,SCH0112,Goyal Enterprises,Rice,11400.0,G,456,Pending
MDM006515,2025-09-18,SCH0083,Goyal Rice Mill,Rice,45.7,KG,1828,Pending
MDM004663,2025-11-20,SCH0401,Singh Agro,Dal,0.522,BORI,2349,Pending
MDM004022,2025-09-20,SCH0420,Singh Brothers,Dal,39.9,KG,3591,Cleared
MDM001855,2025-08-25,SCH0260,Goyal Rice Mill,Mustard Oil,25.8,KG,3096,Paid
MDM011646,2025-06-28,SCH0307,Sharma Traders Pvt Ltd,Dal,,,2916,Paid
MDM002873,2025-10-25,SCH0101,Kumar & Co.,Atta,,,1377,Paid
MDM003031,2025-06-22,SCH0496,Kumar & Co.,Wheat,48.2,KG,1446,Pending
MDM009398,2026-02-12,SCH0370,Goyal Enterprises,Rice,0.696,BAG,1392,Pending
MDM001646,2025-06-22,SCH0344,Sharma & Sons,Cooking Oil,30100.0,G,3612,Due
MDM003418,2026-01-19,SCH0022,Sharma Traders,oil,,,6216,Cleared
MDM003477,2025-09-23,SCH0203,Kumar General Store,Wheat,,,867,
MDM011806,2025-07-31,SCH0345,Sharma Traders Pvt Ltd,Wheat,,,846,Paid
MDM011054,2025-06-02,SCH0231,Singh Agro,Rice,49.7,KG,1988,Cleared
MDM001793,2026-03-17,SCH0533,Goyal Rice Mill,Mustard Oil,40.5,KG,4860,Paid
MDM003798,2025-12-19,SCH0074,Sharma Traders,Rice,49.7,KG,1988,Paid
MDM003369,2025-09-20,SCH0212,Sharma & Sons,Wheat,,,714,Pending
MDM007197,2025-08-07,SCH0359,Singh Brothers,Rice,,,616,Cleared
MDM011919,2026-03-11,SCH0403,Singh Agro,Wheat,33.4,KG,1002,Pending
MDM005110,2025-04-08,SCH0562,Sharma Traders Pvt Ltd,Dal,10.9,KG,981,Pending
MDM006025,2026-03-14,SCH0022,Sharma Traders Pvt Ltd,Dal,0.8220000000000001,BAG_50KG,3699,Paid
MDM008796,2025-07-31,SCH0384,Sharma Traders,Rice,,,476,Paid
MDM011480,2026-02-25,SCH0274,Goyal Enterprises,Rice,16500.0,G,660,Paid
MDM000127,2026-03-24,SCH0340,Goyal Enterprises,Rice,49.5,KG,1980,Pending
MDM005960,2025-12-27,SCH0079,Goyal Enterprises,Rice,19.1,KG,764,Paid
MDM003877,2025-10-20,SCH0495,Sharma Traders Pvt Ltd,Wheat,0.212,BORI,318,Due
MDM004452,2025-08-14,SCH0590,Kumar Supplies,Rice,35900.0,G,1436,Paid
MDM007148,2025-10-30,SCH0177,S. Agro Works,Rice,,,544,Paid
MDM003532,2026-02-13,SCH0373,Goyal Mill,Mustard Oil,42700.0,G,5124,Pending
MDM010923,2025-04-15,SCH0052,Singh Agro,Wheat,,,657,Cleared
MDM000828,2026-01-13,SCH0041,Singh Agro,Wheat,33.5,KG,,
MDM009832,2025-06-04,SCH0397,S. Agro Works,Wheat,37000.0,G,1110,
MDM007791,2026-02-07,SCH0019,S. Agro Works,Dal,26000.0,G,2340,Pending
MDM000985,2026-03-22,SCH0441,Sharma Traders,Rice,59.0,KG,2360,Cleared
MDM007784,2026-01-24,SCH0309,Sharma Traders Pvt Ltd,Dal,26900.0,G,2421,Paid
MDM010381,2025-07-11,SCH0194,Goyal Rice Mill,Mustard Oil,15400.0,G,1848,
MDM011844,2025-06-09,SCH0172,Kumar General Store,Mustard Oil,0.966,BAG,,Due
MDM002444,2026-01-20,SCH0140,Kumar General Store,Rice,42200.0,G,1688,Paid
MDM008555,2025-05-29,SCH0477,S. Agro Works,Wheat,,,1398,Pending
MDM010542,2025-11-01,SCH0133,Sharma & Sons,Wheat,0.464,BAG_50KG,696,Due
MDM000346,2025-11-03,SCH0351,Singh Agro,Wheat,,,1626,Cleared
MDM000815,2025-05-19,SCH0244,Singh Agro,Rice,29.3,KG,1172,
MDM006167,2026-02-25,SCH0486,Singh Agro,Rice,0.436,BAG,872,Pending
MDM005780,2025-10-23,SCH0065,Singh Brothers,Rice,,,752,Due
MDM002117,2026-03-14,SCH0545,Goyal Enterprises,Dal,,,1341,Pending
MDM010027,2026-01-10,SCH0286,Kumar Supplies,Dal,,,2736,Pending
MDM000794,2025-09-12,SCH0094,Singh Agro,Wheat,1.05,SACK,1575,Paid
MDM006899,2025-10-23,SCH0283,Goyal Mill,Dal,,,2349,Cleared
MDM002675,2025-09-08,SCH0186,Goyal Enterprises,Rice,27700.0,G,1108,Paid
MDM000095,2025-08-21,SCH0343,Goyal Enterprises,Mustard Oil,18300.0,G,2196,
MDM004226,2025-09-09,SCH0398,S. Agro Works,Dal,14300.0,G,1287,Paid
MDM003757,2026-02-23,SCH0582,Sharma Traders,Rice,,,1064,Pending
MDM002892,2025-05-18,SCH0168,S. Agro Works,oil,30.8,KG,,Due
MDM002372,2025-06-05,SCH0389,Sharma & Sons,Dal,0.234,BAG,1053,
MDM011599,2026-01-03,SCH0211,Kumar Supplies,Mustard Oil,,,4668,Paid
MDM003229,2025-11-05,SCH0226,Goyal Rice Mill,Wheat,,,,Paid
MDM007864,2025-12-14,SCH0223,Kumar General Store,Wheat,49.2,KG,1476,Pending
MDM006360,2025-11-11,SCH0532,S. Agro Works,Mustard Oil,,,,
MDM011362,2025-09-26,SCH0342,Sharma Traders Pvt Ltd,Rice,39900.0,G,1596,Pending
MDM007327,2025-10-28,SCH0044,Singh Brothers,Dal,,,2421,Pending
MDM006029,2025-10-30,SCH0437,Sharma & Sons,Dal,23400.0,G,2106,Paid
MDM011046,2025-06-26,SCH0356,Goyal Rice Mill,Wheat,0.22,BAG_50KG,330,Cleared
MDM011105,2026-01-11,SCH0228,Goyal Mill,Rice,,,2056,Pending
MDM001866,2025-10-18,SCH0136,Sharma & Sons,Dal,,,5157,Due
MDM004613,2025-04-25,SCH0124,Singh Brothers,Dal,0.6,SACK,2700,
MDM010050,2025-06-16,SCH0200,S. Agro Works,Dal,,,1098,Due
MDM002646,2026-02-11,SCH0116,Sharma Traders Pvt Ltd,Cooking Oil,0.8,BAG,4800,Cleared
MDM002244,2025-06-27,SCH0337,Goyal Mill,Rice,38500.0,G,1540,Pending
MDM005374,2026-02-21,SCH0109,Goyal Mill,oil,0.6559999999999999,SACK,3936,Due
MDM002337,2025-08-27,SCH0074,Kumar & Co.,oil,0.9420000000000001,BAG_50KG,5652,Paid
MDM000951,2025-04-01,SCH0366,S. Agro Works,Wheat,,,1458,Cleared
MDM001121,2025-12-18,SCH0320,Singh Agro,Rice,,,1320,Pending
MDM010790,2025-10-28,SCH0528,Kumar General Store,oil,,,3156,Paid
MDM002205,2025-07-27,SCH0143,S. Agro Works,Rice,41900.0,G,1676,Paid
MDM000420,2025-10-29,SCH0458,Goyal Rice Mill,Mustard Oil,,,6468,Pending
MDM000923,2025-11-07,SCH0225,Goyal Mill,Wheat,,,1641,Due
MDM009447,2025-04-21,SCH0592,S. Agro Works,Rice,30800.0,G,,Due
MDM008670,2025-10-04,SCH0250,Singh Agro,Wheat,15.0,KG,450,Paid
MDM010228,2026-03-03,SCH0462,Sharma Traders,Dal,0.652,BAG_50KG,2934,Pending
MDM005409,2025-10-27,SCH0364,Goyal Rice Mill,Rice,0.88,BAG_50KG,1760,Paid
MDM005789,2025-09-09,SCH0477,Singh Brothers,Dal,22.1,KG,1989,Pending
MDM005743,2026-01-02,SCH0219,Kumar Supplies,Wheat,56.1,KG,1683,
MDM007668,2025-12-23,SCH0298,Goyal Mill,Dal,,,1170,Paid
MDM005568,2025-11-07,SCH0141,Singh Brothers,Rice,49.8,KG,1992,Pending
MDM008136,2026-01-01,SCH0455,Sharma Traders,Dal,55.5,KG,4995,Paid
MDM001203,2025-09-20,SCH0353,Sharma & Sons,Dal,31700.0,G,2853,Paid
MDM010819,2025-10-10,SCH0473,S. Agro Works,oil,,,5352,Due
MDM005766,2025-12-11,SCH0482,S. Agro Works,Rice,,,1016,Paid
MDM008390,2025-11-18,SCH0086,Kumar Supplies,Cooking Oil,27600.0,G,3312,Pending
MDM001971,2025-06-08,SCH0025,Goyal Mill,oil,0.782,SACK,,Paid
MDM004019,2025-09-12,SCH0581,Singh Brothers,Mustard Oil,0.8340000000000001,SACK,5004,Due
MDM010344,2025-06-01,SCH0259,Sharma Traders Pvt Ltd,Rice,,,1900,Due
MDM003688,2025-12-12,SCH0153,Goyal Mill,Mustard Oil,50.0,KG,6000,Paid
MDM001998,2025-04-19,SCH0021,Goyal Rice Mill,Dal,18.0,KG,1620,Pending
MDM004034,2026-03-12,SCH0201,Kumar Supplies,Rice,15400.0,G,616,Pending
MDM001249,2025-04-16,SCH0197,Singh Brothers,Mustard Oil,28800.0,G,3456,Due
MDM002193,2026-01-25,SCH0572,Goyal Rice Mill,Rice,35.2,KG,1408,Pending
MDM002713,2025-05-20,SCH0253,S. Agro Works,Dal,,,1746,Paid
MDM009185,2025-10-26,SCH0541,Kumar Supplies,Wheat,1.138,SACK,1707,Paid
MDM002191,2025-12-07,SCH0126,Goyal Enterprises,Wheat,,,852,
MDM004671,2026-01-15,SCH0344,Kumar Supplies,Rice,,,1328,
MDM005143,2025-06-13,SCH0283,Sharma & Sons,Dal,,,2241,Due
MDM005985,2025-12-03,SCH0128,Kumar & Co.,Wheat,,,1593,Pending
MDM006566,2025-12-27,SCH0304,Sharma Traders Pvt Ltd,oil,30.3,KG,3636,Cleared
MDM007805,2025-11-15,SCH0564,Kumar Supplies,Rice,1.084,BAG_50KG,2168,
MDM006944,2026-01-11,SCH0084,Kumar Supplies,Mustard Oil,54500.0,G,6540,Paid
MDM009511,2026-03-16,SCH0440,Kumar & Co.,Mustard Oil,24500.0,G,2940,Pending
MDM010056,2025-06-11,SCH0444,Kumar & Co.,Wheat,17.8,KG,,Pending
MDM010536,2025-08-04,SCH0089,Goyal Mill,Wheat,55.5,KG,1665,
MDM010642,2025-05-19,SCH0461,Goyal Rice Mill,Atta,,,924,Paid
MDM002137,2025-05-31,SCH0592,Goyal Mill,Mustard Oil,43.4,KG,5208,Due
MDM001066,2025-07-24,SCH0406,Goyal Enterprises,Wheat,37200.0,G,1116,Pending
MDM000601,2025-08-13,SCH0118,Kumar General Store,Dal,47.6,KG,4284,Paid
MDM004228,2025-09-18,SCH0594,Sharma Traders Pvt Ltd,Mustard Oil,20700.0,G,2484,Cleared
MDM010814,2025-12-07,SCH0020,Sharma & Sons,Cooking Oil,0.5760000000000001,BAG_50KG,3456,Paid
MDM007578,2025-11-11,SCH0555,Singh Agro,Atta,29.1,KG,873,Cleared
MDM000078,2026-01-24,SCH0139,Sharma Traders Pvt Ltd,Dal,0.254,SACK,1143,
MDM007547,2025-07-10,SCH0100,Kumar General Store,Mustard Oil,0.738,BAG_50KG,4428,Paid
MDM002899,2025-05-20,SCH0193,Sharma Traders Pvt Ltd,Dal,57.7,KG,5193,Paid
MDM004821,2026-03-02,SCH0185,Singh Brothers,Dal,,,4572,Due
MDM009507,2025-12-25,SCH0409,Sharma Traders,Wheat,19.6,KG,588,Pending
MDM011492,2026-03-04,SCH0562,Singh Agro,Wheat,,,1542,Due
MDM006414,2026-01-25,SCH0317,S. Agro Works,oil,,,1776,Pending
MDM009445,2025-06-06,SCH0151,Goyal Rice Mill,Wheat,,,1737,
MDM009065,2025-12-27,SCH0554,Sharma & Sons,Dal,,,1125,Paid
MDM008008,2025-07-20,SCH0563,Goyal Mill,Dal,16200.0,G,1458,Paid
MDM005469,2025-11-16,SCH0024,Goyal Enterprises,Rice,21900.0,G,876,Due
MDM005952,2025-08-03,SCH0293,Singh Agro,Wheat,0.266,BAG_50KG,399,Paid
MDM011158,2025-10-06,SCH0059,Sharma Traders,Rice,0.706,BAG,,Cleared
MDM003392,2025-10-25,SCH0574,Kumar Supplies,Dal,,,5364,
MDM005416,2026-02-12,SCH0599,Goyal Mill,Rice,23.5,KG,940,Cleared
MDM002561,2026-03-20,SCH0245,S. Agro Works,Rice,0.67,BAG_50KG,1340,Cleared
MDM008163,2026-02-22,SCH0423,Sharma & Sons,Rice,,,1628,Due
MDM002636,2025-10-19,SCH0570,Singh Agro,Atta,,,930,
MDM005257,2025-06-12,SCH0155,S. Agro Works,Rice,0.9440000000000001,BORI,,Pending
MDM003531,2025-05-14,SCH0346,S. Agro Works,Dal,,,3573,Cleared
MDM008568,2025-06-29,SCH0414,Goyal Rice Mill,Rice,0.202,SACK,404,Paid
MDM001909,2026-03-15,SCH0378,Goyal Rice Mill,Mustard Oil,47.6,KG,5712,Cleared
MDM011441,2025-12-05,SCH0208,Goyal Rice Mill,Rice,53.4,KG,2136,Paid
MDM000236,2025-08-23,SCH0545,Sharma Traders,Dal,34.5,KG,3105,Pending
MDM001605,2025-11-03,SCH0171,Sharma Traders,Mustard Oil,0.7859999999999999,BAG_50KG,4716,Paid
MDM007985,2025-11-18,SCH0240,Kumar Supplies,Rice,11.6,KG,464,Pending
MDM009311,2025-09-18,SCH0376,Goyal Rice Mill,Dal,1.064,BAG,4788,Cleared
MDM003491,2026-01-23,SCH0089,Kumar & Co.,Rice,17200.0,G,688,Paid
MDM011151,2025-09-14,SCH0187,Sharma Traders,Cooking Oil,,,4260,Cleared
MDM001995,2025-09-19,SCH0464,Kumar & Co.,Rice,56.6,KG,2264,Cleared
MDM002825,2026-01-27,SCH0114,Kumar General Store,Wheat,45400.0,G,1362,Pending
MDM011470,2025-05-01,SCH0459,Sharma Traders Pvt Ltd,Dal,,,3735,Paid
MDM010569,2026-02-02,SCH0245,Sharma Traders Pvt Ltd,Rice,57.1,KG,2284,
MDM001343,2025-09-20,SCH0036,Sharma Traders,Rice,,,1976,Paid
MDM008513,2026-02-08,SCH0252,Singh Brothers,Dal,20.8,KG,1872,
MDM001620,2025-10-18,SCH0263,Singh Agro,Dal,0.752,BAG,3384,Pending
MDM005288,2025-08-26,SCH0319,Kumar & Co.,Dal,,,2943,Paid
MDM002061,2025-12-03,SCH0188,Goyal Enterprises,Dal,54.5,KG,4905,Cleared
MDM002220,2026-01-31,SCH0193,Kumar & Co.,Wheat,,,1176,Pending
MDM009866,2025-12-10,SCH0063,Sharma Traders Pvt Ltd,Wheat,37.3,KG,1119,Cleared
MDM006039,2026-03-18,SCH0494,Goyal Enterprises,Dal,,,5076,Cleared
MDM000261,2025-09-01,SCH0224,Goyal Enterprises,Wheat,,,714,Due
MDM011572,2025-08-27,SCH0436,Kumar & Co.,oil,40.5,KG,4860,Due
MDM010232,2025-05-15,SCH0277,Kumar Supplies,Dal,40900.0,G,3681,Paid
MDM009094,2025-11-16,SCH0422,Goyal Rice Mill,oil,32.5,KG,3900,Paid
MDM003745,2025-10-28,SCH0465,Goyal Mill,Cooking Oil,,,1956,
MDM002027,2025-09-08,SCH0247,Sharma & Sons,Mustard Oil,,,1428,Pending
MDM006989,2025-11-23,SCH0532,Kumar General Store,Dal,52800.0,G,4752,Paid
MDM004235,2025-08-16,SCH0221,Sharma & Sons,Wheat,15.6,KG,468,Paid
MDM001918,2025-11-19,SCH0538,Goyal Rice Mill,Mustard Oil,15.3,KG,1836,
MDM001829,2025-12-30,SCH0184,Sharma Traders Pvt Ltd,Rice,1.102,BAG,2204,Due
MDM009766,2026-01-16,SCH0381,Singh Agro,oil,38.5,KG,4620,Due
MDM006234,2025-06-09,SCH0437,Kumar & Co.,oil,25.2,KG,3024,
MDM011533,2026-01-26,SCH0552,Goyal Rice Mill,Dal,,,1260,
MDM006284,2025-06-22,SCH0111,Goyal Rice Mill,Wheat,,,624,Pending
MDM004209,2025-09-12,SCH0280,Kumar Supplies,oil,0.83,BORI,4980,Cleared
MDM000225,2026-02-05,SCH0151,Sharma Traders Pvt Ltd,Cooking Oil,,,1812,Pending
MDM008916,2025-05-14,SCH0115,Kumar Supplies,Rice,,,852,Pending
MDM010003,2025-08-28,SCH0520,S. Agro Works,Mustard Oil,13.2,KG,1584,Pending
MDM009334,2025-05-28,SCH0047,Singh Brothers,Dal,27.8,KG,2502,Paid
MDM006470,2025-09-06,SCH0507,Goyal Rice Mill,Rice,,,1888,Pending
MDM011632,2025-06-24,SCH0511,Singh Brothers,Atta,0.9620000000000001,BAG,1443,Paid
MDM010955,2025-11-07,SCH0211,S. Agro Works,Wheat,,,732,Pending
MDM000847,2025-12-02,SCH0383,Goyal Enterprises,Rice,0.662,BORI,1324,Pending
MDM004290,2026-02-08,SCH0149,Goyal Mill,Dal,24.8,KG,2232,Cleared
MDM005561,2026-03-16,SCH0431,Goyal Rice Mill,Rice,,,2208,Paid
MDM002552,2025-04-16,SCH0503,S. Agro Works,Dal,43300.0,G,3897,Due
MDM011121,2025-12-02,SCH0226,Singh Agro,Cooking Oil,,,4104,
MDM000118,2025-06-25,SCH0361,Goyal Enterprises,Cooking Oil,,,4560,Pending
MDM008838,2025-10-07,SCH0296,Sharma Traders,Mustard Oil,39.1,KG,4692,Paid
MDM005967,2025-10-28,SCH0111,Kumar & Co.,Cooking Oil,49.0,KG,5880,Pending
MDM008196,2025-08-19,SCH0548,Singh Brothers,Dal,41.7,KG,3753,Cleared
MDM008660,2025-11-11,SCH0170,Sharma Traders Pvt Ltd,oil,27.0,KG,3240,Paid
MDM007490,2025-08-12,SCH0350,Sharma Traders,Rice,14.6,KG,584,Paid
MDM000006,2025-06-19,SCH0542,Sharma Traders Pvt Ltd,Dal,,,4356,Due
MDM005343,2026-01-22,SCH0136,Singh Brothers,Dal,0.8079999999999999,BAG,3636,Paid
MDM009112,2025-04-19,SCH0177,S. Agro Works,Dal,47.3,KG,4257,Pending
MDM010788,2025-11-11,SCH0592,Singh Agro,Wheat,54.0,KG,1620,Pending
MDM004325,2025-08-29,SCH0257,Goyal Enterprises,Wheat,,,1767,Pending
MDM001064,2025-08-03,SCH0122,Sharma Traders,Wheat,,,1179,Due
MDM002591,2025-10-19,SCH0021,Kumar Supplies,Dal,37000.0,G,3330,Due
MDM008435,2025-05-25,SCH0452,Kumar & Co.,Mustard Oil,,,7188,Due
MDM009353,2026-01-07,SCH0302,Sharma & Sons,Wheat,23.2,KG,696,Paid
MDM011063,2025-04-29,SCH0563,Sharma & Sons,Rice,10.1,KG,404,Due
MDM003736,2026-01-28,SCH0237,Singh Agro,Dal,50300.0,G,4527,
MDM010590,2025-09-16,SCH0477,Sharma & Sons,Rice,,,1116,Due
MDM003518,2026-02-06,SCH0405,Kumar Supplies,Wheat,48.8,KG,,
MDM006987,2025-06-05,SCH0036,S. Agro Works,Dal,0.9520000000000001,BAG,4284,Due
MDM010756,2025-09-02,SCH0555,Sharma & Sons,Mustard Oil,,,6504,Cleared
MDM006768,2025-12-02,SCH0207,Goyal Rice Mill,oil,1.068,BAG,6408,Paid
MDM005623,2025-07-13,SCH0351,S. Agro Works,Wheat,,,1098,Paid
MDM001606,2025-06-05,SCH0256,Kumar Supplies,Rice,,,1036,Paid
MDM001734,2025-08-09,SCH0504,Kumar General Store,Atta,17.3,KG,519,Paid
MDM010517,2025-07-23,SCH0221,Kumar & Co.,Dal,0.836,BAG_50KG,3761,Paid
MDM010902,2026-03-23,SCH0147,Goyal Mill,Wheat,49.2,KG,1476,Paid
MDM011543,2025-05-24,SCH0102,Kumar & Co.,Rice,13.9,KG,556,Paid
MDM009505,2025-04-04,SCH0192,Singh Brothers,Rice,,,716,Paid
MDM003813,2025-11-13,SCH0514,Kumar General Store,Dal,18.0,KG,1620,Paid
MDM011899,2025-07-22,SCH0298,Goyal Enterprises,oil,0.846,SACK,5076,Paid
MDM010555,2026-03-02,SCH0101,Sharma Traders Pvt Ltd,oil,35600.0,G,4272,Pending
MDM010168,2025-11-27,SCH0522,Kumar & Co.,Cooking Oil,,,5664,
MDM001762,2025-06-02,SCH0130,Singh Brothers,Atta,,,1524,Pending
MDM005402,2025-08-09,SCH0161,Singh Brothers,Rice,31500.0,G,1260,Paid
MDM002740,2025-07-01,SCH0374,Goyal Rice Mill,Dal,26.6,KG,2394,Pending
MDM011907,2025-09-12,SCH0538,Sharma Traders Pvt Ltd,Mustard Oil,23500.0,G,,Pending
MDM002473,2025-07-25,SCH0155,S. Agro Works,Rice,46800.0,G,1872,Due
MDM006739,2025-07-22,SCH0569,Goyal Mill,Dal,,,4059,Paid
MDM006892,2025-06-18,SCH0227,Goyal Enterprises,Rice,20.6,KG,824,Pending
MDM007944,2026-01-10,SCH0061,Singh Agro,Cooking Oil,17700.0,G,2124,Pending
MDM009686,2026-01-05,SCH0231,Kumar & Co.,Wheat,33700.0,G,1011,
MDM004207,2026-01-14,SCH0051,Sharma & Sons,Rice,58400.0,G,2336,Pending
MDM006372,2025-11-05,SCH0224,Goyal Mill,Dal,57.5,KG,5175,Paid
MDM010351,2025-04-29,SCH0541,Singh Agro,Dal,1.044,BAG,4698,Pending
MDM009362,2025-06-15,SCH0411,Sharma Traders,Mustard Oil,,,3576,Paid
MDM010349,2026-02-25,SCH0399,Goyal Enterprises,Dal,19500.0,G,1755,Pending
MDM000233,2025-08-26,SCH0459,Kumar Supplies,Dal,,,1962,Paid
MDM008259,2026-02-09,SCH0254,Singh Brothers,Wheat,,,1011,Cleared
MDM007562,2025-11-06,SCH0176,Goyal Mill,Rice,46.5,KG,1860,Due
MDM009796,2025-12-21,SCH0512,Kumar Supplies,Dal,0.932,BAG,4194,Paid
MDM006169,2025-10-31,SCH0433,Kumar General Store,Dal,0.938,BAG,4221,Pending
MDM003597,2026-03-13,SCH0147,Goyal Mill,Dal,,,3195,
MDM006289,2026-03-23,SCH0553,Kumar Supplies,Wheat,54800.0,G,1644,Paid
MDM004633,2025-11-01,SCH0365,Kumar General Store,Wheat,54.6,KG,1638,Pending
MDM000126,2026-02-16,SCH0390,Sharma Traders Pvt Ltd,Mustard Oil,44400.0,G,5328,Pending
MDM007642,2025-08-25,SCH0532,Kumar General Store,Rice,,,1732,Cleared
MDM006230,2025-12-07,SCH0281,Sharma & Sons,Atta,0.794,BAG,1191,
MDM001297,2025-06-04,SCH0231,Sharma & Sons,oil,30100.0,G,3612,
MDM001977,2025-12-29,SCH0007,Goyal Mill,Rice,59000.0,G,2360,Pending
MDM011716,2025-09-06,SCH0229,Singh Brothers,Rice,,,640,Paid
MDM011659,2025-09-29,SCH0600,Goyal Enterprises,Dal,0.84,SACK,3780,Paid
MDM010268,2026-01-01,SCH0369,Singh Agro,Mustard Oil,37900.0,G,4548,Pending
MDM005751,2026-03-02,SCH0016,S. Agro Works,Wheat,32600.0,G,978,Paid
MDM008153,2025-12-14,SCH0353,Kumar General Store,Dal,32.6,KG,,Paid
MDM003087,2026-03-31,SCH0538,Sharma Traders Pvt Ltd,Rice,10900.0,G,436,Pending
MDM011459,2025-08-21,SCH0539,Kumar General Store,Rice,1.16,BAG,2320,Paid
MDM006883,2025-07-08,SCH0090,Goyal Enterprises,Rice,0.452,BORI,904,Paid
MDM011496,2026-02-22,SCH0109,Sharma Traders,Rice,30.3,KG,1212,Pending
MDM007674,2025-04-27,SCH0302,Goyal Mill,Dal,29900.0,G,2691,Paid
MDM003346,2026-03-30,SCH0092,S. Agro Works,Mustard Oil,31800.0,G,3816,Pending
MDM008173,2026-01-28,SCH0159,Goyal Mill,Wheat,43.1,KG,1293,Paid
MDM011641,2025-08-08,SCH0244,Kumar & Co.,Dal,24600.0,G,2214,Pending
MDM005871,2026-01-15,SCH0122,Kumar General Store,Mustard Oil,,,4800,Cleared
MDM006507,2025-12-22,SCH0071,Goyal Mill,Wheat,21.8,KG,654,Paid
MDM002798,2025-07-09,SCH0310,Goyal Enterprises,Wheat,,,1110,Paid
MDM000919,2025-07-06,SCH0294,Sharma Traders Pvt Ltd,Mustard Oil,22900.0,G,2748,Due
MDM001647,2026-01-22,SCH0271,Kumar & Co.,Dal,,,5076,Pending
MDM005123,2025-06-06,SCH0409,Singh Brothers,Wheat,,,489,Paid
MDM005127,2025-08-27,SCH0471,Singh Agro,Mustard Oil,0.638,BAG,3828,Paid
MDM004622,2025-05-02,SCH0489,Goyal Enterprises,Mustard Oil,42700.0,G,5124,Due
MDM006810,2026-02-23,SCH0255,Singh Agro,Dal,,,5031,Due
MDM000365,2026-03-19,SCH0589,Kumar General Store,Rice,48.0,KG,1920,Due
MDM002126,2025-11-27,SCH0445,Goyal Rice Mill,Dal,28500.0,G,2565,Due
MDM008151,2026-02-25,SCH0493,Singh Brothers,Mustard Oil,,,,Due
MDM008718,2026-03-23,SCH0040,Kumar Supplies,Cooking Oil,,,7032,
MDM000056,2025-05-10,SCH0446,Sharma & Sons,Cooking Oil,,,6408,Due
MDM000639,2025-07-21,SCH0252,Singh Brothers,Dal,,,2664,Due
MDM000303,2025-09-13,SCH0508,Kumar Supplies,Dal,18.8,KG,1692,Due
MDM010959,2025-08-19,SCH0082,Sharma Traders Pvt Ltd,Cooking Oil,1.11,SACK,6660,Pending
MDM005812,2025-08-28,SCH0158,Goyal Enterprises,Cooking Oil,0.228,BAG,1368,Paid
MDM001277,2025-06-09,SCH0286,Singh Agro,Rice,16400.0,G,656,Pending
MDM010248,2026-02-07,SCH0257,Goyal Mill,Rice,0.868,BAG_50KG,,Paid
MDM004433,2025-11-18,SCH0348,Kumar & Co.,Rice,,,684,
MDM003645,2025-05-29,SCH0279,Kumar Supplies,Dal,36100.0,G,3249,Due
MDM004144,2026-02-11,SCH0279,S. Agro Works,Atta,0.274,BAG,411,Due
MDM002879,2025-09-13,SCH0475,Sharma Traders Pvt Ltd,Wheat,0.9940000000000001,BAG_50KG,1491,
MDM006494,2025-05-28,SCH0338,S. Agro Works,Wheat,1.172,BAG_50KG,1758,
MDM010479,2025-10-27,SCH0280,Kumar Supplies,Rice,,,1628,Paid
MDM010454,2025-05-23,SCH0573,S. Agro Works,Rice,46300.0,G,1852,Pending
MDM005241,2025-05-12,SCH0145,Goyal Mill,Rice,0.466,SACK,932,
MDM011623,2025-06-22,SCH0003,Sharma & Sons,Dal,,,,Pending
MDM010489,2026-02-06,SCH0597,Sharma & Sons,Wheat,24.9,KG,747,Pending
MDM006938,2025-11-26,SCH0539,Kumar Supplies,Rice,27400.0,G,1096,Due
MDM007241,2025-05-20,SCH0050,Goyal Rice Mill,Dal,,,4896,Pending
MDM009946,2025-11-25,SCH0336,Goyal Enterprises,Mustard Oil,,,3468,Due
MDM010161,2026-01-20,SCH0450,Goyal Rice Mill,Dal,12.9,KG,1161,Pending
MDM002594,2026-02-03,SCH0304,Goyal Rice Mill,Atta,,,462,Pending
MDM011310,2025-12-09,SCH0366,Sharma & Sons,Dal,44.9,KG,4041,Pending
MDM002394,2026-01-31,SCH0591,Singh Agro,Cooking Oil,41.1,KG,4932,Paid
MDM000524,2025-05-28,SCH0022,Kumar General Store,oil,58500.0,G,7020,
MDM006377,2025-08-08,SCH0109,Goyal Enterprises,Wheat,0.218,BAG,,Paid
MDM006982,2026-02-09,SCH0055,Goyal Rice Mill,Atta,13500.0,G,405,Pending
MDM006678,2025-08-12,SCH0493,Goyal Rice Mill,Dal,20.4,KG,1836,Due
MDM003901,2025-04-22,SCH0118,Goyal Mill,oil,,,4320,Pending
MDM011910,2025-08-15,SCH0036,Goyal Mill,Cooking Oil,23.2,KG,2784,Pending
MDM005586,2025-10-08,SCH0397,Kumar & Co.,Mustard Oil,23.5,KG,2820,Paid
MDM011567,2025-04-27,SCH0251,Singh Agro,Wheat,,,711,Due
MDM007957,2025-10-06,SCH0528,Goyal Enterprises,Dal,12.4,KG,1116,Due
MDM007571,2025-11-29,SCH0417,Singh Agro,Mustard Oil,0.21,BAG,1260,Pending
MDM011315,2025-06-07,SCH0134,Goyal Rice Mill,Dal,49800.0,G,,
MDM006778,2025-04-16,SCH0547,Sharma Traders Pvt Ltd,Cooking Oil,,,5940,Paid
MDM010162,2025-04-25,SCH0539,Goyal Rice Mill,Cooking Oil,57800.0,G,6936,
MDM000672,2026-03-25,SCH0076,Goyal Rice Mill,Dal,34.8,KG,3131,Paid
MDM004189,2025-09-28,SCH0388,Sharma Traders,Dal,,,5274,Cleared
MDM000667,2025-07-28,SCH0131,Sharma Traders Pvt Ltd,Wheat,,,1614,Due
MDM003267,2026-01-30,SCH0014,Kumar & Co.,Rice,38900.0,G,1556,Paid
MDM001888,2025-06-19,SCH0172,S. Agro Works,Atta,,,468,Due
MDM008473,2025-08-23,SCH0213,Goyal Rice Mill,Rice,35900.0,G,1436,Due
MDM009912,2025-08-20,SCH0197,Sharma Traders Pvt Ltd,Wheat,0.302,BORI,453,Due
MDM011140,2025-04-05,SCH0262,Goyal Mill,Atta,,,573,Cleared
MDM009092,2026-02-27,SCH0135,Kumar General Store,Dal,0.968,BAG,4356,Pending
MDM007688,2026-03-30,SCH0126,Sharma & Sons,Rice,13.5,KG,540,Due
MDM006032,2025-04-07,SCH0275,S. Agro Works,Wheat,0.396,BAG,594,Due
MDM006091,2025-10-03,SCH0148,Goyal Rice Mill,oil,17.3,KG,2076,Pending
MDM006239,2026-02-22,SCH0549,Singh Brothers,Rice,29.5,KG,1180,Paid
MDM007351,2025-12-21,SCH0552,Sharma Traders,oil,58.7,KG,7044,Pending
MDM007831,2025-05-27,SCH0051,Singh Agro,Mustard Oil,42900.0,G,5148,Pending
MDM000761,2025-09-10,SCH0426,Goyal Mill,Cooking Oil,,,4464,Cleared
MDM006255,2025-12-02,SCH0432,Singh Agro,Dal,58.8,KG,5292,Pending
MDM001907,2025-08-15,SCH0416,Sharma Traders Pvt Ltd,Dal,,,2313,Pending
MDM003819,2025-08-07,SCH0395,S. Agro Works,Wheat,1.096,BAG_50KG,1644,Paid
MDM006270,2025-07-02,SCH0116,Sharma Traders,Dal,18800.0,G,1692,Cleared
MDM004301,2026-01-15,SCH0381,Goyal Enterprises,Mustard Oil,27000.0,G,3240,Paid
MDM005570,2025-09-12,SCH0531,Goyal Rice Mill,Dal,,,2808,Paid
MDM007942,2025-12-05,SCH0246,Goyal Mill,Wheat,24.4,KG,732,Due
MDM010786,2025-11-12,SCH0506,Sharma Traders,Dal,0.454,BAG_50KG,,Paid
MDM004165,2025-12-19,SCH0497,Kumar Supplies,Rice,0.79,BAG,1580,Paid
MDM011224,2026-01-25,SCH0218,Sharma Traders Pvt Ltd,Atta,17.6,KG,528,Due
MDM005972,2025-05-31,SCH0254,Singh Brothers,Wheat,50.3,KG,1509,Cleared
MDM003580,2025-06-29,SCH0216,Kumar General Store,Wheat,10.2,KG,306,
MDM002833,2026-02-23,SCH0460,Singh Agro,Dal,,,4689,Cleared
MDM005450,2026-03-18,SCH0363,Goyal Enterprises,Rice,,,1388,Paid
MDM003473,2025-04-14,SCH0184,S. Agro Works,oil,1.198,SACK,7188,Paid
MDM006328,2025-11-04,SCH0144,Goyal Rice Mill,Rice,1.048,BAG,2096,Pending
MDM000138,2025-10-09,SCH0081,Kumar & Co.,Dal,0.828,BAG,3726,
MDM007044,2026-03-19,SCH0309,Sharma & Sons,Rice,,,844,Paid
MDM004893,2025-11-21,SCH0069,Sharma Traders,Mustard Oil,49.5,KG,5940,Due
MDM002181,2025-11-30,SCH0084,Goyal Mill,Dal,14.4,KG,1296,Paid
MDM010321,2025-11-30,SCH0268,Singh Agro,Rice,36.7,KG,1468,
MDM007731,2025-11-03,SCH0146,Sharma Traders Pvt Ltd,Rice,22.8,KG,912,Paid
MDM003178,2026-02-11,SCH0053,Singh Agro,Dal,29.3,KG,2637,
MDM004855,2025-08-01,SCH0226,Goyal Mill,Rice,0.362,BAG_50KG,724,Paid
MDM004638,2026-02-16,SCH0570,Singh Brothers,Dal,23100.0,G,2079,
MDM005116,2025-09-10,SCH0105,Singh Agro,Rice,51.1,KG,,Cleared
MDM011491,2025-05-19,SCH0441,S. Agro Works,Mustard Oil,,,3492,Paid
MDM007649,2025-04-20,SCH0198,Sharma Traders,Wheat,,,495,Pending
MDM004262,2026-02-08,SCH0027,Goyal Enterprises,Dal,0.294,BAG_50KG,1323,Due
MDM001332,2026-02-26,SCH0297,Goyal Enterprises,Dal,0.69,BAG,3105,Pending
MDM010210,2026-03-03,SCH0031,Kumar General Store,Wheat,39.9,KG,1197,
MDM010675,2025-05-15,SCH0539,Goyal Enterprises,Dal,33000.0,G,2970,Cleared
MDM007003,2025-08-10,SCH0225,Singh Agro,Wheat,0.336,BAG,504,Paid
MDM009551,2025-08-31,SCH0518,Goyal Mill,Rice,0.306,BAG,612,Due
MDM006942,2025-04-06,SCH0469,Kumar General Store,Atta,46.7,KG,1401,Pending
MDM008018,2025-10-26,SCH0310,Goyal Mill,Wheat,20.4,KG,612,Paid
MDM006242,2025-05-12,SCH0168,Goyal Rice Mill,Rice,0.526,BAG_50KG,1052,
MDM009522,2025-10-30,SCH0194,S. Agro Works,Dal,18000.0,G,1620,Due
MDM006882,2026-03-12,SCH0536,Singh Brothers,oil,,,4608,Pending
MDM010343,2025-05-05,SCH0332,Goyal Rice Mill,Rice,0.698,BAG,1396,Paid
MDM004531,2026-01-05,SCH0527,Singh Agro,Rice,51.0,KG,2040,
MDM010315,2026-03-07,SCH0420,Kumar Supplies,Dal,27.2,KG,2448,Paid
MDM004674,2025-11-26,SCH0465,Singh Brothers,Cooking Oil,,,2556,
MDM006997,2026-03-24,SCH0255,Goyal Rice Mill,Wheat,0.486,BAG,729,Paid
MDM001253,2025-10-04,SCH0112,Goyal Rice Mill,Rice,0.6459999999999999,BAG,1292,Paid
MDM011471,2026-02-04,SCH0169,Singh Agro,Rice,57.9,KG,2316,Cleared
MDM003375,2025-06-21,SCH0408,Sharma Traders Pvt Ltd,Wheat,49800.0,G,1494,Pending
MDM002815,2026-03-31,SCH0051,Goyal Enterprises,Rice,1.016,BORI,2032,Pending
MDM004720,2026-03-15,SCH0253,Goyal Enterprises,Dal,35.2,KG,3168,Due
MDM006545,2025-08-25,SCH0477,Singh Agro,Dal,,,3501,Pending
MDM010041,2025-05-22,SCH0595,Sharma Traders Pvt Ltd,oil,11200.0,G,1344,Paid
MDM004859,2026-02-06,SCH0132,Singh Brothers,Cooking Oil,53.4,KG,6408,Due
MDM007902,2025-11-23,SCH0447,Sharma & Sons,Mustard Oil,34.4,KG,4128,Cleared
MDM011230,2025-05-14,SCH0092,Sharma Traders,oil,54.8,KG,6576,Paid
MDM008581,2025-04-16,SCH0422,Sharma & Sons,Dal,15.9,KG,1431,Pending
MDM008428,2025-10-24,SCH0459,Goyal Mill,Mustard Oil,,,3048,
MDM001078,2025-11-14,SCH0487,Sharma Traders,Rice,0.642,SACK,1284,Cleared
MDM010177,2025-06-16,SCH0220,Kumar Supplies,Rice,0.9540000000000001,BAG,,Paid
MDM004364,2025-07-11,SCH0283,Singh Agro,Rice,0.632,SACK,1264,Paid
MDM000771,2026-02-12,SCH0484,Kumar Supplies,Rice,0.6779999999999999,BAG,1356,Paid
MDM010358,2025-05-07,SCH0333,Sharma & Sons,Rice,42.6,KG,1704,Due
MDM008866,2025-06-18,SCH0080,Sharma Traders,Dal,24.3,KG,2187,Paid
MDM000250,2025-04-24,SCH0038,Singh Agro,Rice,58.0,KG,,
MDM009767,2025-04-12,SCH0119,Kumar & Co.,Dal,53800.0,G,4842,
MDM007240,2025-07-10,SCH0114,Singh Brothers,Dal,,,,Cleared
MDM003420,2025-04-06,SCH0235,Sharma & Sons,Rice,57.3,KG,2292,Paid
MDM010274,2025-04-07,SCH0412,Kumar Supplies,Dal,,,3312,Paid
MDM010016,2025-05-08,SCH0078,S. Agro Works,Wheat,17100.0,G,513,Paid
MDM004977,2025-08-28,SCH0099,Singh Brothers,Dal,,,1332,Pending
MDM004545,2025-10-19,SCH0149,Sharma & Sons,Rice,0.244,BAG,488,Paid
MDM005566,2025-04-25,SCH0593,Kumar & Co.,Rice,37.7,KG,1508,Due
MDM007940,2025-08-28,SCH0037,Singh Brothers,Dal,,,1476,Pending
MDM000717,2026-03-13,SCH0146,Kumar Supplies,Mustard Oil,,,6996,Cleared
MDM011933,2025-10-07,SCH0113,S. Agro Works,Dal,,,1422,Due
MDM002049,2026-01-24,SCH0577,Singh Agro,Dal,19.3,KG,1737,Due
MDM005998,2026-01-06,SCH0442,Kumar Supplies,Rice,44000.0,G,1760,Paid
MDM006601,2025-11-27,SCH0254,Sharma Traders,Dal,17200.0,G,1548,Due
MDM007246,2025-12-22,SCH0082,Kumar & Co.,Cooking Oil,26.4,KG,3168,Due
MDM004179,2025-06-17,SCH0253,Goyal Rice Mill,Rice,0.258,BAG,516,
MDM004810,2025-12-17,SCH0218,Singh Brothers,Rice,,,1580,Cleared
MDM010917,2025-09-12,SCH0358,Kumar General Store,Wheat,,,1779,Due
MDM011720,2026-01-11,SCH0417,Sharma Traders,Rice,,,600,Pending
MDM007141,2025-05-02,SCH0159,Sharma Traders,oil,0.904,BAG,5424,
MDM007191,2025-04-01,SCH0357,Kumar General Store,Dal,0.546,BAG,2457,Due
MDM001461,2025-12-27,SCH0287,Kumar & Co.,Wheat,33.6,KG,,Paid
MDM005990,2025-07-31,SCH0292,Goyal Mill,Dal,0.7440000000000001,BAG_50KG,3348,Pending
MDM009861,2025-07-16,SCH0128,Goyal Enterprises,Dal,49500.0,G,4455,Pending
MDM010949,2025-04-17,SCH0550,Kumar Supplies,Rice,,,660,Pending
MDM002001,2025-11-30,SCH0290,S. Agro Works,Wheat,,,324,Cleared
MDM008176,2025-08-01,SCH0203,Goyal Enterprises,Wheat,22.6,KG,678,Paid
MDM000405,2025-08-14,SCH0587,Sharma Traders Pvt Ltd,Wheat,,,1206,Pending
MDM000385,2025-07-14,SCH0232,Kumar General Store,Mustard Oil,,,6408,Paid
MDM011674,2025-05-26,SCH0231,Goyal Enterprises,Dal,40600.0,G,3654,
MDM011726,2025-06-23,SCH0426,S. Agro Works,oil,47.9,KG,5748,Pending
MDM010345,2025-07-18,SCH0380,Kumar General Store,Rice,20.9,KG,836,Pending
MDM001634,2025-10-28,SCH0535,Singh Agro,Mustard Oil,55.1,KG,6612,Cleared
MDM011810,2025-08-02,SCH0068,S. Agro Works,Rice,,,,Paid
MDM004785,2025-11-24,SCH0201,S. Agro Works,Dal,16100.0,G,1449,Paid
MDM011687,2025-05-12,SCH0096,Kumar Supplies,Wheat,53.9,KG,1617,Cleared
MDM006971,2025-07-08,SCH0536,Sharma Traders,Atta,0.462,BAG,693,Paid
MDM003926,2025-08-04,SCH0425,Kumar & Co.,Mustard Oil,29.1,KG,3492,
MDM004159,2026-03-12,SCH0089,Kumar & Co.,Mustard Oil,48.9,KG,5868,
MDM007450,2025-10-06,SCH0022,Kumar General Store,Rice,23100.0,G,924,Pending
MDM008416,2026-02-27,SCH0083,Kumar Supplies,oil,49100.0,G,5892,Pending
MDM002194,2025-05-08,SCH0417,Singh Brothers,Mustard Oil,,,3192,Paid
MDM011329,2025-04-02,SCH0513,S. Agro Works,Dal,,,2394,Cleared
MDM010017,2025-12-21,SCH0363,Kumar Supplies,Rice,25500.0,G,1020,Paid
MDM001016,2025-08-24,SCH0159,Sharma Traders Pvt Ltd,Mustard Oil,0.92,BAG_50KG,5520,Cleared
MDM005125,2025-05-27,SCH0025,S. Agro Works,Mustard Oil,18.0,KG,2160,
MDM007419,2025-07-17,SCH0216,Kumar & Co.,Rice,0.9640000000000001,SACK,1928,Pending
MDM007410,2025-07-09,SCH0352,Goyal Rice Mill,Rice,45.0,KG,1800,
MDM008990,2026-01-11,SCH0168,Singh Agro,oil,,,3000,Cleared
MDM002872,2026-01-25,SCH0195,Singh Brothers,oil,0.364,BAG,2184,Paid
MDM000010,2026-02-17,SCH0245,Goyal Mill,Rice,44600.0,G,1784,Due
MDM010137,2025-06-06,SCH0573,Goyal Mill,Wheat,17.1,KG,513,Pending
MDM001839,2025-09-09,SCH0561,Singh Brothers,oil,1.068,BORI,6408,Paid
MDM004805,2026-03-11,SCH0137,S. Agro Works,Wheat,,,1404,
MDM000256,2026-02-22,SCH0042,Goyal Rice Mill,Wheat,1.142,BAG,1713,Paid
MDM007027,2025-10-10,SCH0309,Sharma Traders,Wheat,0.308,BAG,462,Pending
MDM005714,2026-02-15,SCH0073,Goyal Mill,Rice,19.5,KG,780,
MDM003325,2025-07-07,SCH0503,Sharma Traders,Rice,,,576,Paid
MDM007715,2025-12-18,SCH0054,Goyal Enterprises,Mustard Oil,,,,Paid
MDM001582,2026-03-27,SCH0282,Kumar Supplies,Rice,23.9,KG,956,
MDM011149,2025-04-24,SCH0208,Singh Agro,Dal,0.4,BORI,1800,Paid
MDM000925,2025-04-25,SCH0045,Singh Agro,oil,54.8,KG,6576,Due
MDM002780,2026-01-24,SCH0083,Goyal Rice Mill,Cooking Oil,19700.0,G,2364,Pending
MDM010701,2026-01-22,SCH0500,Kumar General Store,oil,40.9,KG,4908,Due
MDM007892,2025-12-18,SCH0182,Sharma & Sons,Rice,0.96,SACK,1920,
MDM006133,2025-08-27,SCH0248,Kumar & Co.,Wheat,1.036,BAG,1554,Cleared
MDM005321,2025-05-15,SCH0506,Kumar & Co.,Dal,,,1890,Pending
MDM007313,2026-02-02,SCH0281,S. Agro Works,Mustard Oil,45.3,KG,5436,Due
MDM007103,2026-03-11,SCH0321,Sharma & Sons,Rice,22.0,KG,880,Due
MDM006043,2025-06-23,SCH0599,Sharma Traders,Dal,,,3456,Pending
MDM003776,2025-10-01,SCH0477,Sharma & Sons,Rice,21900.0,G,876,Pending
MDM004836,2025-10-01,SCH0145,Sharma Traders Pvt Ltd,Wheat,0.738,BAG_50KG,1107,Paid
MDM004965,2025-06-27,SCH0537,Singh Brothers,Rice,,,1972,Cleared
MDM010972,2025-11-12,SCH0110,Sharma & Sons,Wheat,36.9,KG,1107,Paid
MDM000540,2026-03-30,SCH0099,Singh Agro,oil,,,1967,
MDM007484,2026-01-26,SCH0323,Kumar General Store,Wheat,52.5,KG,1575,Pending
MDM002746,2025-05-09,SCH0248,Kumar Supplies,Cooking Oil,55000.0,G,6600,Pending
MDM003720,2025-09-11,SCH0107,Kumar & Co.,Cooking Oil,58600.0,G,7032,Pending
MDM006820,2026-01-16,SCH0541,Singh Brothers,Dal,43.3,KG,3897,Paid
MDM009338,2025-10-11,SCH0297,Goyal Mill,Mustard Oil,16800.0,G,2016,Pending
MDM004469,2026-01-17,SCH0413,Kumar General Store,Dal,31700.0,G,2853,
MDM000668,2025-08-04,SCH0369,Kumar General Store,Rice,0.5660000000000001,SACK,1132,Cleared
MDM007576,2025-04-14,SCH0208,Goyal Rice Mill,Rice,43400.0,G,1736,
MDM011212,2025-08-09,SCH0467,Singh Agro,Wheat,29.8,KG,894,Paid
MDM008550,2025-11-18,SCH0418,Goyal Enterprises,Wheat,14.5,KG,435,
MDM005064,2026-03-11,SCH0106,Kumar Supplies,Wheat,,,1098,Cleared
MDM011024,2025-04-10,SCH0414,Singh Agro,Atta,33000.0,G,990,Paid
MDM010976,2026-01-03,SCH0032,Sharma & Sons,Atta,48.3,KG,1449,Cleared
MDM001354,2026-02-27,SCH0344,Sharma & Sons,Rice,21100.0,G,844,Paid
MDM007115,2025-10-16,SCH0257,Singh Brothers,Dal,12200.0,G,1098,Paid
MDM008663,2026-02-26,SCH0099,Kumar & Co.,Dal,0.298,BAG,1341,Cleared
MDM002704,2025-12-20,SCH0371,S. Agro Works,Mustard Oil,53.6,KG,6432,Pending
MDM003331,2025-09-25,SCH0283,Sharma & Sons,oil,51.9,KG,6228,Paid
MDM008054,2025-12-12,SCH0189,Sharma Traders,Wheat,,,1179,Due
MDM009589,2025-05-24,SCH0344,Sharma & Sons,Wheat,52600.0,G,1578,Due
MDM003585,2025-07-02,SCH0216,Sharma Traders Pvt Ltd,Dal,57.8,KG,,Pending
MDM011666,2025-04-01,SCH0215,Singh Agro,Wheat,,,1137,Paid
MDM005646,2025-09-02,SCH0215,Goyal Rice Mill,Dal,,,1134,Due
MDM003377,2025-07-25,SCH0135,Goyal Mill,Wheat,38.1,KG,1143,Pending
MDM001257,2025-06-21,SCH0041,S. Agro Works,Wheat,,,1716,Pending
MDM006191,2025-11-10,SCH0019,Kumar General Store,Mustard Oil,38500.0,G,4620,Paid
MDM009443,2025-07-23,SCH0475,Goyal Mill,Rice,57.3,KG,2292,Pending
MDM005349,2025-05-19,SCH0220,Kumar & Co.,Wheat,,,627,
MDM011004,2025-12-17,SCH0293,Kumar & Co.,Dal,,,1026,Due
MDM011477,2025-11-29,SCH0070,Kumar & Co.,Wheat,,,1131,Pending
MDM011126,2026-01-03,SCH0387,Goyal Rice Mill,Dal,10900.0,G,981,
MDM004176,2025-08-13,SCH0234,S. Agro Works,Mustard Oil,,,6228,Pending
MDM004911,2025-07-12,SCH0458,Goyal Rice Mill,Rice,37.7,KG,1508,Cleared
MDM001853,2025-05-02,SCH0115,Sharma Traders Pvt Ltd,Dal,12.9,KG,1161,Pending
MDM006317,2025-09-21,SCH0363,Sharma & Sons,Dal,45200.0,G,4068,Paid
MDM002106,2025-12-03,SCH0474,Sharma Traders Pvt Ltd,Dal,,,1368,Cleared
MDM000134,2026-03-12,SCH0473,Singh Agro,Mustard Oil,,,3984,Pending
MDM005030,2025-08-17,SCH0039,Kumar & Co.,oil,,,6264,Pending
MDM000929,2025-12-28,SCH0418,Singh Agro,oil,0.516,BAG_50KG,3096,
MDM000824,2025-07-16,SCH0254,Singh Agro,Atta,45.1,KG,1353,Paid
MDM007577,2026-02-11,SCH0382,Goyal Enterprises,Rice,57.9,KG,2316,Pending
MDM011633,2026-03-15,SCH0338,Singh Brothers,Cooking Oil,37.0,KG,4440,Cleared
MDM001532,2025-08-27,SCH0328,Kumar Supplies,Wheat,,,690,Pending
MDM001215,2026-01-13,SCH0497,Goyal Rice Mill,Wheat,,,1092,Due
MDM000505,2026-02-12,SCH0045,S. Agro Works,Wheat,,,729,Paid
MDM010189,2025-10-21,SCH0340,Kumar Supplies,Dal,40.5,KG,3645,Cleared
MDM006531,2025-04-19,SCH0489,Kumar Supplies,Rice,0.976,BAG,1952,Due
MDM003073,2025-11-20,SCH0544,Singh Brothers,Wheat,22600.0,G,678,Paid
MDM010151,2025-12-20,SCH0585,Sharma & Sons,Wheat,0.394,SACK,591,Cleared
MDM009577,2025-12-04,SCH0440,Goyal Rice Mill,Rice,38.5,KG,1540,Pending
MDM009087,2025-04-26,SCH0560,Goyal Enterprises,Rice,25200.0,G,1008,Cleared
MDM008648,2026-01-27,SCH0489,Goyal Enterprises,Dal,,,972,Paid
MDM006620,2025-06-29,SCH0102,Goyal Mill,Dal,,,1953,Due
MDM009274,2025-05-05,SCH0022,Singh Agro,Dal,28500.0,G,2565,Paid
MDM003710,2026-03-02,SCH0424,Kumar Supplies,Rice,,,1388,Pending
MDM011850,2025-04-01,SCH0114,Kumar & Co.,Wheat,34.0,KG,1020,
MDM004850,2025-10-16,SCH0438,Sharma Traders,Atta,44.5,KG,1335,Cleared
MDM004749,2025-12-03,SCH0033,Sharma & Sons,Rice,,,908,Pending
MDM004269,2025-11-14,SCH0418,Singh Agro,oil,32.4,KG,3888,
MDM008906,2025-09-21,SCH0004,Sharma Traders Pvt Ltd,Wheat,,,1242,Paid
MDM004187,2025-04-15,SCH0210,Sharma & Sons,Rice,1.116,BAG,2232,Paid
MDM010407,2025-10-12,SCH0292,Kumar General Store,Rice,30400.0,G,1216,Paid
MDM005302,2026-01-14,SCH0475,Goyal Rice Mill,Rice,,,808,Paid
MDM002924,2025-12-04,SCH0155,Sharma & Sons,Mustard Oil,,,3636,Pending
MDM006589,2025-11-02,SCH0111,Kumar General Store,Wheat,0.254,BAG_50KG,381,Paid
MDM001811,2026-01-14,SCH0464,Kumar Supplies,Wheat,40.7,KG,1221,Paid
MDM003487,2025-04-28,SCH0427,Goyal Enterprises,Mustard Oil,26900.0,G,3228,Paid
MDM007420,2025-10-29,SCH0371,Sharma Traders Pvt Ltd,Rice,,,1700,
MDM003142,2025-04-12,SCH0580,Sharma Traders Pvt Ltd,Rice,19.5,KG,780,
MDM010020,2025-09-02,SCH0334,Kumar & Co.,Rice,0.296,BAG,592,Cleared
MDM009348,2025-09-08,SCH0500,Sharma & Sons,Wheat,23.1,KG,693,
MDM001325,2025-07-03,SCH0089,Goyal Enterprises,Rice,0.992,BAG,1984,Pending
MDM004313,2025-12-10,SCH0493,Goyal Rice Mill,Mustard Oil,59600.0,G,7152,Due
MDM007495,2025-04-17,SCH0033,Singh Agro,Mustard Oil,,,2352,Pending
MDM008703,2025-05-24,SCH0179,Singh Brothers,Wheat,,,591,Paid
MDM009873,2025-09-29,SCH0387,Goyal Rice Mill,Dal,52800.0,G,4752,Paid
MDM008692,2025-08-23,SCH0261,Kumar General Store,Rice,1.03,BAG,2060,Pending
MDM011744,2025-10-08,SCH0536,Kumar General Store,Atta,30800.0,G,924,
MDM010049,2026-01-20,SCH0046,Singh Brothers,Rice,35.0,KG,1400,Paid
MDM009581,2025-08-26,SCH0100,Sharma & Sons,oil,0.768,SACK,,Due
MDM010579,2025-12-09,SCH0202,Kumar Supplies,Rice,50.9,KG,2036,Pending
MDM005542,2025-12-01,SCH0159,Singh Brothers,Mustard Oil,,,3888,Cleared
MDM011429,2026-02-19,SCH0062,Sharma Traders,Rice,,,1152,Pending
MDM006173,2025-07-21,SCH0392,Goyal Rice Mill,Mustard Oil,52900.0,G,6348,Pending
MDM001541,2025-10-05,SCH0105,Goyal Mill,Mustard Oil,17.0,KG,2040,Pending
MDM009410,2025-12-31,SCH0553,Singh Brothers,Cooking Oil,,,1836,
MDM002682,2025-06-24,SCH0199,Goyal Rice Mill,Mustard Oil,50.2,KG,6024,
MDM011186,2025-08-21,SCH0080,Sharma Traders Pvt Ltd,Wheat,,,1125,Paid
MDM006314,2025-07-26,SCH0371,Kumar Supplies,Wheat,,,1149,Cleared
MDM001192,2025-10-20,SCH0342,Goyal Mill,Atta,23.2,KG,696,Paid
MDM005294,2026-02-24,SCH0460,Kumar & Co.,Dal,,,1764,
MDM001543,2025-04-15,SCH0006,S. Agro Works,Wheat,,,1278,Paid
MDM011494,2025-12-29,SCH0053,Sharma Traders Pvt Ltd,Wheat,0.262,BORI,393,
MDM011517,2025-06-27,SCH0209,Kumar General Store,Atta,48.5,KG,,Pending
MDM007057,2025-08-07,SCH0557,Kumar General Store,oil,0.752,BAG,4512,Cleared
MDM002540,2025-07-30,SCH0369,Kumar Supplies,Dal,15.2,KG,1368,Paid
MDM000954,2026-02-26,SCH0427,Kumar Supplies,Rice,,,1748,Due
MDM007242,2025-04-03,SCH0519,Kumar General Store,Mustard Oil,22.7,KG,2724,Paid
MDM006732,2026-01-12,SCH0463,Goyal Enterprises,Wheat,,,1689,Pending
MDM004847,2026-03-31,SCH0057,Singh Agro,Dal,33.8,KG,,Paid
MDM006802,2025-07-21,SCH0025,Kumar Supplies,Rice,1.118,SACK,2236,Paid
MDM008011,2025-07-07,SCH0279,Goyal Rice Mill,Wheat,17900.0,G,537,
MDM004331,2025-08-05,SCH0046,Kumar General Store,Cooking Oil,40.7,KG,4884,Paid
MDM008925,2025-07-17,SCH0569,Sharma Traders Pvt Ltd,Dal,23.0,KG,2070,Cleared
MDM005335,2025-04-01,SCH0053,Sharma & Sons,Wheat,,,1242,
MDM007331,2025-05-16,SCH0476,Goyal Enterprises,oil,19.3,KG,2316,Pending
MDM009349,2025-05-31,SCH0352,Sharma Traders Pvt Ltd,Wheat,,,1401,Pending
MDM004730,2025-05-18,SCH0211,Sharma Traders Pvt Ltd,Wheat,53.6,KG,1608,
MDM011487,2025-11-14,SCH0139,S. Agro Works,Rice,14900.0,G,596,Paid
MDM006542,2026-01-20,SCH0595,Singh Brothers,Dal,31.4,KG,2826,
MDM011175,2025-04-05,SCH0416,Sharma Traders Pvt Ltd,Dal,0.486,BAG_50KG,2187,Due
MDM005306,2025-12-30,SCH0584,Singh Brothers,Rice,0.884,BAG_50KG,1768,Paid
MDM005162,2026-03-20,SCH0142,Sharma Traders Pvt Ltd,Rice,,,1692,Pending
MDM007861,2025-09-02,SCH0387,Goyal Mill,Rice,20700.0,G,828,Cleared
MDM002157,2025-12-29,SCH0308,Goyal Mill,Wheat,,,1557,Pending
MDM001063,2025-07-08,SCH0525,Sharma & Sons,Mustard Oil,53.3,KG,6396,
MDM010809,2025-07-22,SCH0341,Kumar & Co.,Dal,0.258,BAG_50KG,1161,Paid
MDM001168,2025-12-01,SCH0584,Singh Agro,Dal,,,3555,Pending
MDM011415,2026-02-05,SCH0185,Sharma Traders,Mustard Oil,36400.0,G,4368,Pending
MDM003637,2026-02-07,SCH0440,Goyal Enterprises,Rice,,,684,Pending
MDM007652,2025-08-07,SCH0064,Sharma Traders Pvt Ltd,Rice,,,436,
MDM005589,2025-09-18,SCH0592,Kumar & Co.,Rice,20800.0,G,832,
MDM011131,2025-09-12,SCH0461,Goyal Rice Mill,Dal,39200.0,G,3528,
MDM007193,2026-02-20,SCH0563,Sharma Traders Pvt Ltd,Rice,,,848,Paid
MDM004492,2025-05-02,SCH0003,Goyal Rice Mill,Wheat,41.9,KG,,Pending
MDM007267,2025-04-29,SCH0304,Kumar & Co.,Rice,46.9,KG,1876,Paid
MDM011333,2026-01-17,SCH0038,Kumar General Store,Rice,59800.0,G,2392,Cleared
MDM004981,2026-03-11,SCH0262,Kumar General Store,Cooking Oil,0.622,BAG_50KG,3732,
MDM008336,2026-03-20,SCH0313,Sharma & Sons,Rice,,,2140,Cleared
MDM004947,2025-05-27,SCH0481,Goyal Rice Mill,Mustard Oil,29400.0,G,,Due
MDM002783,2026-01-12,SCH0187,S. Agro Works,Wheat,0.764,BORI,1146,Pending
MDM000718,2025-07-22,SCH0593,Sharma & Sons,Wheat,35.4,KG,1062,
MDM010012,2025-07-06,SCH0448,Kumar Supplies,Mustard Oil,19600.0,G,2352,
MDM002503,2025-04-14,SCH0303,Kumar & Co.,Wheat,,,480,Due
MDM004361,2025-04-28,SCH0249,Sharma Traders Pvt Ltd,Dal,0.836,BAG,3762,Due
MDM004172,2025-06-17,SCH0215,Singh Brothers,Wheat,30.0,KG,900,Pending
MDM008083,2026-03-24,SCH0548,Kumar General Store,Wheat,12.3,KG,369,Due
MDM000396,2025-11-20,SCH0314,Kumar General Store,Wheat,27.2,KG,816,Paid
MDM007187,2025-04-05,SCH0598,Sharma & Sons,Rice,,,2100,Pending
MDM004493,2025-10-29,SCH0412,Kumar & Co.,Wheat,11000.0,G,330,Paid
MDM001366,2025-09-11,SCH0569,Kumar & Co.,Rice,,,452,Cleared
MDM011772,2025-04-24,SCH0155,S. Agro Works,Dal,44900.0,G,4041,Pending
MDM008788,2025-06-23,SCH0335,Goyal Mill,oil,,,6780,Paid
MDM005918,2025-06-19,SCH0487,Goyal Enterprises,Atta,0.366,BORI,549,
MDM004969,2025-04-22,SCH0140,Goyal Mill,Dal,34.5,KG,3105,
MDM002915,2025-09-05,SCH0010,Kumar & Co.,Wheat,31.1,KG,933,Pending
MDM010519,2025-10-26,SCH0034,Kumar General Store,Dal,,,2088,Paid
MDM005645,2025-09-26,SCH0259,Singh Agro,Mustard Oil,0.348,BAG,2088,Paid
MDM003767,2025-04-17,SCH0268,Sharma Traders Pvt Ltd,Rice,,,1364,Paid
MDM003441,2025-12-14,SCH0392,Kumar Supplies,Rice,47600.0,G,1904,Pending
MDM007358,2026-02-25,SCH0343,Sharma & Sons,Dal,57600.0,G,5184,Pending
MDM006807,2025-04-04,SCH0227,Kumar General Store,oil,59300.0,G,7116,Cleared
MDM009880,2025-09-18,SCH0247,Kumar Supplies,Wheat,1.142,BAG,1713,Due
MDM002144,2025-11-12,SCH0133,S. Agro Works,Rice,14.9,KG,596,Cleared
MDM005105,2025-11-09,SCH0543,Kumar Supplies,Dal,15.4,KG,1386,Cleared
MDM005074,2025-09-12,SCH0472,Kumar Supplies,Rice,,,1392,Pending
MDM001572,2025-08-13,SCH0399,Sharma Traders,Rice,,,700,Pending
MDM004080,2025-07-02,SCH0029,Goyal Mill,Cooking Oil,41700.0,G,5004,Paid
MDM001123,2026-03-03,SCH0088,Sharma & Sons,Dal,,,2097,Due
MDM002787,2025-10-09,SCH0388,Kumar Supplies,Atta,35800.0,G,1074,Paid
MDM002968,2026-03-27,SCH0418,Sharma & Sons,Mustard Oil,51900.0,G,6228,Paid
MDM002505,2025-07-23,SCH0005,Goyal Rice Mill,Rice,50.5,KG,2020,Paid
MDM005989,2026-03-16,SCH0311,Singh Agro,Mustard Oil,43700.0,G,5244,Paid
MDM011658,2026-01-04,SCH0245,Goyal Enterprises,Rice,,,1456,Pending
MDM008868,2025-09-26,SCH0339,Kumar & Co.,Mustard Oil,,,2292,
MDM011001,2025-04-08,SCH0093,Singh Agro,Rice,0.758,SACK,1516,Paid
MDM007165,2026-01-13,SCH0059,Sharma Traders Pvt Ltd,Dal,38.9,KG,3501,Paid
MDM000729,2025-10-03,SCH0073,Sharma Traders,Rice,43300.0,G,1732,Due
MDM007588,2025-10-06,SCH0437,Goyal Enterprises,Dal,32300.0,G,2907,Paid
MDM007544,2026-01-01,SCH0030,Singh Agro,Rice,58600.0,G,2344,Paid
MDM000413,2026-03-31,SCH0559,Kumar General Store,Rice,,,2100,Pending
MDM011339,2025-11-19,SCH0467,S. Agro Works,Atta,48700.0,G,1461,Cleared
MDM009709,2025-07-08,SCH0176,Goyal Mill,Rice,43100.0,G,,Paid
MDM005746,2025-11-20,SCH0583,Goyal Mill,Rice,59000.0,G,2360,Cleared
MDM007669,2025-08-18,SCH0430,Kumar & Co.,Rice,10800.0,G,432,Paid
MDM000826,2025-10-01,SCH0486,S. Agro Works,Wheat,24.0,KG,720,Pending
MDM003268,2026-01-31,SCH0107,Sharma Traders Pvt Ltd,Mustard Oil,39.2,KG,4704,Cleared
MDM003975,2025-12-21,SCH0273,Sharma Traders Pvt Ltd,Atta,31.7,KG,951,Pending
MDM008809,2025-04-14,SCH0152,Singh Brothers,Wheat,0.99,BAG,1485,Paid
MDM008307,2025-09-02,SCH0112,Kumar & Co.,Dal,39500.0,G,3555,Pending
MDM000418,2025-04-09,SCH0442,Sharma Traders Pvt Ltd,Cooking Oil,20.7,KG,2484,Cleared
MDM011262,2026-01-14,SCH0266,S. Agro Works,Dal,41400.0,G,3726,Paid
MDM009818,2026-03-04,SCH0566,Sharma Traders Pvt Ltd,Rice,0.804,BAG,1608,Cleared
MDM006749,2025-05-12,SCH0521,Singh Agro,Wheat,,,1605,Due
MDM008968,2025-05-23,SCH0203,Goyal Enterprises,Dal,,,5166,
MDM011089,2026-01-29,SCH0496,Goyal Rice Mill,Wheat,,,591,Pending
MDM011922,2025-10-26,SCH0478,Kumar & Co.,Rice,0.75,BAG_50KG,1500,
MDM002083,2025-05-06,SCH0346,Kumar Supplies,Wheat,41800.0,G,1254,Paid
MDM008946,2026-03-23,SCH0315,Singh Brothers,Rice,50.4,KG,2016,Paid
MDM010739,2025-09-23,SCH0144,Goyal Mill,Rice,23.4,KG,936,Paid
MDM003374,2026-01-20,SCH0203,Kumar & Co.,Atta,44.6,KG,1338,Pending
MDM005727,2025-10-17,SCH0200,Goyal Rice Mill,Mustard Oil,,,2256,Due
MDM004108,2025-08-30,SCH0430,Kumar Supplies,Dal,59200.0,G,5328,Pending
MDM010637,2026-03-18,SCH0029,Sharma Traders Pvt Ltd,Mustard Oil,,,4308,Due
MDM004381,2025-09-22,SCH0253,Sharma Traders,Rice,,,2184,Cleared
MDM007724,2025-06-04,SCH0305,Singh Brothers,Dal,17.8,KG,1602,Cleared
MDM001067,2025-08-22,SCH0312,S. Agro Works,Dal,58.2,KG,5238,
MDM003914,2025-08-01,SCH0180,Goyal Enterprises,Rice,16.2,KG,648,
MDM005537,2025-06-03,SCH0331,Goyal Enterprises,Wheat,48.1,KG,1443,Paid
MDM008003,2025-08-18,SCH0202,S. Agro Works,Dal,25.7,KG,2313,Cleared
MDM005388,2026-01-29,SCH0298,Kumar General Store,Dal,14.2,KG,1278,Paid
MDM005733,2025-06-19,SCH0502,Kumar General Store,Wheat,38300.0,G,1149,Paid
MDM002739,2025-08-13,SCH0145,Kumar Supplies,Rice,20.0,KG,800,
MDM005053,2025-06-01,SCH0442,Kumar & Co.,oil,52.8,KG,6336,Cleared
MDM004001,2025-11-02,SCH0163,Sharma Traders,Rice,41.8,KG,1672,Due
MDM009761,2025-06-01,SCH0494,Kumar General Store,Rice,,,1440,Paid
MDM002428,2025-04-15,SCH0069,S. Agro Works,Cooking Oil,0.882,BAG_50KG,5292,Pending
MDM006834,2025-04-29,SCH0053,S. Agro Works,Wheat,42.5,KG,1275,
MDM010124,2026-02-18,SCH0499,Goyal Enterprises,Rice,20400.0,G,,Pending
MDM001688,2025-07-24,SCH0591,Goyal Rice Mill,Cooking Oil,,,1884,Due
MDM000852,2025-08-11,SCH0469,Singh Agro,Wheat,10.9,KG,327,Paid
MDM011739,2025-09-06,SCH0103,S. Agro Works,Mustard Oil,59700.0,G,,Cleared
MDM006304,2026-01-25,SCH0020,Singh Brothers,oil,0.6679999999999999,BAG,4008,Pending
MDM009088,2026-01-24,SCH0404,Goyal Enterprises,Rice,35.3,KG,1412,Paid
MDM005879,2025-08-15,SCH0490,Kumar & Co.,Dal,25700.0,G,2313,Pending
MDM008528,2025-05-27,SCH0596,Sharma & Sons,Rice,20.9,KG,836,Paid
MDM002840,2025-11-20,SCH0194,Goyal Enterprises,oil,35.7,KG,4284,Paid
MDM011280,2025-09-17,SCH0368,Sharma Traders Pvt Ltd,Dal,37.0,KG,3330,Pending
MDM004612,2025-12-24,SCH0420,Singh Brothers,Rice,,,1948,Cleared
MDM009541,2025-12-17,SCH0016,Goyal Rice Mill,Wheat,0.982,BAG_50KG,1473,Paid
MDM009208,2026-01-31,SCH0122,Singh Agro,Mustard Oil,0.486,SACK,2916,
MDM011009,2026-01-08,SCH0542,Sharma Traders Pvt Ltd,Mustard Oil,44700.0,G,5364,Cleared
MDM009824,2025-12-11,SCH0583,Kumar General Store,Rice,,,864,Pending
MDM002490,2025-10-24,SCH0080,Sharma & Sons,Cooking Oil,,,,Pending
MDM006906,2026-02-24,SCH0020,Kumar General Store,Cooking Oil,,,7056,Pending
MDM007391,2025-07-28,SCH0133,Kumar General Store,Mustard Oil,11.9,KG,1428,Pending
MDM011444,2025-08-11,SCH0494,Sharma Traders,Dal,0.386,BAG,1737,
MDM002850,2026-03-29,SCH0065,Sharma & Sons,Rice,12.0,KG,480,Pending
MDM006666,2025-12-25,SCH0535,S. Agro Works,Mustard Oil,,,3288,Paid
MDM005882,2025-11-24,SCH0233,Goyal Rice Mill,Wheat,59.7,KG,1791,Pending
MDM010263,2025-05-11,SCH0155,S. Agro Works,Dal,0.752,BAG,3384,Pending
MDM004453,2026-01-17,SCH0528,Sharma Traders Pvt Ltd,Dal,37.4,KG,3366,Cleared
MDM009950,2025-11-06,SCH0133,Sharma Traders,Dal,,,3429,Cleared
MDM007422,2025-07-26,SCH0136,Kumar & Co.,Wheat,,,771,Pending
MDM009828,2026-03-01,SCH0272,Sharma & Sons,Rice,0.282,BORI,564,Pending
MDM006485,2025-04-08,SCH0217,Sharma Traders,Mustard Oil,24200.0,G,2904,Cleared
MDM002480,2025-06-18,SCH0149,S. Agro Works,Rice,0.76,BAG,1520,Due
MDM006618,2025-10-30,SCH0417,Goyal Rice Mill,Rice,,,,Cleared
MDM010458,2025-04-29,SCH0047,S. Agro Works,Dal,19800.0,G,1782,Paid
MDM011152,2025-04-10,SCH0404,Sharma & Sons,Dal,,,3600,Cleared
MDM011252,2025-08-13,SCH0115,Singh Brothers,Atta,,,1047,Pending
MDM002142,2025-04-27,SCH0298,Kumar & Co.,Rice,0.46,BAG,920,Paid
MDM011311,2025-10-21,SCH0359,Kumar Supplies,Cooking Oil,,,3624,Paid
MDM005189,2025-09-16,SCH0114,Sharma Traders Pvt Ltd,Atta,31600.0,G,948,Pending
MDM011993,2025-04-03,SCH0523,Kumar & Co.,Dal,59400.0,G,5346,Cleared
MDM011549,2025-07-14,SCH0389,Singh Agro,Wheat,,,666,Due
MDM002745,2026-01-28,SCH0268,Kumar Supplies,Dal,33600.0,G,3024,Cleared
MDM007254,2025-08-12,SCH0411,Singh Brothers,Wheat,0.57,BORI,855,Pending
MDM003507,2026-03-03,SCH0495,Sharma Traders,oil,30900.0,G,3708,Due
MDM001680,2025-09-28,SCH0143,Goyal Enterprises,Dal,,,3015,Cleared
MDM004250,2025-11-05,SCH0308,Sharma Traders,Cooking Oil,,,2856,Paid
MDM003148,2025-06-06,SCH0319,Goyal Rice Mill,Rice,44000.0,G,1760,Pending
MDM008131,2025-04-25,SCH0214,Sharma Traders,Dal,26100.0,G,2349,Paid
MDM010487,2026-01-11,SCH0031,Goyal Mill,Rice,0.222,BAG,444,Pending
MDM007005,2025-09-04,SCH0075,Sharma & Sons,Dal,,,2142,Pending
MDM000581,2026-01-28,SCH0073,Goyal Rice Mill,Atta,28.5,KG,855,Due
MDM009663,2025-06-24,SCH0417,Kumar General Store,Rice,37.5,KG,1500,Pending
MDM004071,2026-01-27,SCH0214,Kumar General Store,Mustard Oil,,,4152,Pending
MDM003344,2025-06-25,SCH0565,Goyal Rice Mill,Wheat,0.7979999999999999,BAG_50KG,1197,
MDM007405,2025-04-05,SCH0090,Kumar & Co.,Wheat,,,777,
MDM003673,2025-10-18,SCH0134,Goyal Enterprises,Mustard Oil,33100.0,G,3972,
MDM000560,2025-05-19,SCH0279,Goyal Mill,Dal,18.0,KG,1620,Pending
MDM005238,2025-11-15,SCH0306,Kumar General Store,Rice,,,2020,
MDM007806,2025-11-04,SCH0453,S. Agro Works,Cooking Oil,0.852,BAG,5112,
MDM011042,2026-03-02,SCH0343,S. Agro Works,Dal,27.5,KG,2475,
MDM000513,2025-08-12,SCH0048,S. Agro Works,Dal,0.544,BAG_50KG,,Paid
MDM001082,2025-08-24,SCH0482,Singh Agro,Wheat,,,561,
MDM001665,2025-11-26,SCH0533,Singh Agro,Dal,0.5720000000000001,BAG,2574,Paid
MDM009205,2025-10-14,SCH0476,Sharma & Sons,Wheat,45.4,KG,1362,Pending
MDM001932,2025-05-25,SCH0182,Goyal Enterprises,Dal,1.114,BORI,5013,Cleared
MDM011948,2025-12-02,SCH0048,Kumar Supplies,Rice,,,480,Cleared
MDM001151,2025-07-12,SCH0600,Goyal Rice Mill,Wheat,20.4,KG,612,Paid
MDM002839,2025-04-20,SCH0268,Goyal Enterprises,Wheat,20800.0,G,624,
MDM005950,2025-04-07,SCH0283,Goyal Mill,Wheat,40.1,KG,1203,Paid
MDM008309,2025-08-15,SCH0313,Sharma Traders,Dal,,,2268,Cleared
MDM008933,2025-10-26,SCH0295,Sharma Traders,Wheat,,,1305,
MDM005178,2025-07-06,SCH0182,Singh Brothers,Dal,36300.0,G,3267,Pending
MDM011868,2025-04-09,SCH0486,Kumar General Store,Mustard Oil,,,2736,Paid
MDM000831,2026-02-04,SCH0081,Singh Brothers,Dal,,,4932,Due
MDM008312,2025-10-31,SCH0172,Singh Brothers,Wheat,,,,Pending
MDM004753,2026-03-16,SCH0248,Goyal Enterprises,Rice,,,2336,Cleared
MDM000636,2025-12-01,SCH0036,Singh Brothers,Dal,,,3627,Due
MDM004466,2025-09-02,SCH0295,Kumar General Store,Rice,51.2,KG,2048,Due
MDM006800,2025-12-19,SCH0233,Singh Agro,Dal,,,4878,Paid
MDM007988,2025-04-02,SCH0592,Singh Brothers,Dal,,,1692,Pending
MDM007080,2025-07-29,SCH0352,Goyal Rice Mill,Rice,12000.0,G,480,Due
MDM006967,2025-11-04,SCH0333,Sharma & Sons,Mustard Oil,,,3660,Paid
MDM004143,2025-12-24,SCH0196,Singh Agro,oil,,,6876,Paid
MDM007028,2025-05-15,SCH0568,Sharma Traders Pvt Ltd,Dal,1.002,BORI,4509,Cleared
MDM009184,2025-05-07,SCH0050,Sharma Traders Pvt Ltd,Atta,,,1389,Cleared
MDM000877,2025-05-06,SCH0321,Goyal Enterprises,Dal,,,3780,Due
MDM004870,2025-09-08,SCH0084,Sharma Traders,Rice,18500.0,G,740,Cleared
MDM005316,2025-06-19,SCH0433,Kumar & Co.,Dal,0.252,BAG_50KG,1134,
MDM005223,2026-02-27,SCH0354,Kumar Supplies,Wheat,59300.0,G,1779,Pending
MDM000005,2026-02-04,SCH0342,Goyal Rice Mill,Mustard Oil,31.2,KG,3744,Pending
MDM003052,2025-07-30,SCH0025,Singh Agro,Rice,,,1700,
MDM005692,2025-06-20,SCH0499,Goyal Mill,Dal,39300.0,G,3537,Paid
MDM003125,2025-12-14,SCH0278,Sharma Traders,Mustard Oil,1.184,BAG,,Paid
MDM010853,2025-10-01,SCH0405,Goyal Mill,Dal,,,1512,Cleared
MDM002492,2025-08-14,SCH0405,Goyal Mill,Wheat,,,519,
MDM003855,2025-05-03,SCH0330,Sharma & Sons,Atta,26.1,KG,783,Pending
MDM004778,2026-03-08,SCH0427,Kumar General Store,Mustard Oil,0.75,BAG,4500,Paid
MDM009908,2025-05-09,SCH0048,Sharma Traders,Mustard Oil,28.5,KG,3420,
MDM007510,2025-12-10,SCH0232,S. Agro Works,Mustard Oil,,,5148,Paid
MDM006458,2025-04-04,SCH0305,S. Agro Works,oil,53.3,KG,,Due
MDM006294,2025-04-07,SCH0111,Goyal Rice Mill,Dal,,,1017,
MDM001149,2026-03-05,SCH0383,Singh Brothers,Dal,11.5,KG,1035,Due
MDM011454,2025-05-13,SCH0068,Singh Agro,oil,27000.0,G,3240,
MDM000575,2025-04-24,SCH0420,Singh Brothers,Rice,,,1456,Pending
MDM003770,2025-08-12,SCH0354,Sharma Traders,Cooking Oil,0.24,BORI,1440,Cleared
MDM004147,2026-03-05,SCH0527,S. Agro Works,Dal,,,2862,Cleared
MDM000854,2025-09-17,SCH0540,S. Agro Works,Dal,39100.0,G,3519,Paid
MDM010175,2025-12-23,SCH0245,S. Agro Works,Dal,0.206,BORI,,Due
MDM010967,2026-02-06,SCH0184,Singh Brothers,Wheat,46.7,KG,1401,Pending
MDM005920,2025-07-16,SCH0539,Goyal Enterprises,Cooking Oil,,,6120,Pending
MDM009359,2025-06-24,SCH0365,Singh Brothers,Dal,13300.0,G,1197,Paid
MDM006615,2025-04-12,SCH0242,Singh Brothers,Mustard Oil,47200.0,G,5664,Cleared
MDM006003,2025-10-20,SCH0044,Sharma Traders,Rice,,,1820,Pending
MDM009164,2026-02-16,SCH0455,Kumar Supplies,Wheat,,,,Due
MDM010894,2025-08-29,SCH0590,Goyal Mill,Cooking Oil,,,5724,
MDM004496,2025-06-14,SCH0036,Goyal Rice Mill,oil,1.184,BAG_50KG,,Due
MDM008174,2025-09-02,SCH0163,Kumar Supplies,Rice,,,1240,Due
MDM006656,2025-07-25,SCH0147,Goyal Mill,Mustard Oil,48000.0,G,,Cleared
MDM002369,2025-05-18,SCH0342,Sharma Traders,Mustard Oil,1.17,BORI,7020,Paid
MDM004781,2026-02-21,SCH0271,Kumar & Co.,Dal,0.652,SACK,2934,Paid
MDM007993,2025-07-28,SCH0013,Kumar Supplies,Wheat,,,612,Cleared
MDM002951,2026-01-21,SCH0470,Kumar General Store,Rice,,,2140,
MDM005626,2025-11-27,SCH0570,Goyal Rice Mill,Dal,15500.0,G,1395,
MDM006972,2025-09-08,SCH0401,Singh Agro,Dal,,,4239,Paid
MDM008717,2026-02-17,SCH0365,Goyal Enterprises,Rice,54.5,KG,2180,Due
MDM010648,2025-10-06,SCH0004,S. Agro Works,oil,,,5340,Pending
MDM001842,2026-02-26,SCH0543,Singh Agro,Wheat,26400.0,G,792,Due
MDM005987,2025-04-23,SCH0212,Singh Brothers,Rice,43.2,KG,1728,Cleared
MDM000538,2025-04-11,SCH0024,Kumar Supplies,Rice,,,2128,Pending
MDM002807,2025-12-06,SCH0033,Goyal Mill,Wheat,46800.0,G,1404,Paid
MDM005802,2026-02-13,SCH0386,Sharma Traders,Dal,21.7,KG,1953,Paid
MDM005597,2025-08-21,SCH0536,Singh Brothers,Rice,,,2208,
MDM007207,2025-11-27,SCH0123,Kumar & Co.,Mustard Oil,,,4428,Paid
MDM007344,2025-05-28,SCH0408,Kumar & Co.,Mustard Oil,28.9,KG,3468,Due
MDM007561,2025-07-05,SCH0322,Kumar General Store,Rice,1.102,BAG_50KG,2204,Due
MDM008097,2025-04-04,SCH0270,Goyal Enterprises,Rice,16.3,KG,652,Pending
MDM011368,2026-01-15,SCH0282,S. Agro Works,Rice,0.396,SACK,792,
MDM000785,2025-07-29,SCH0398,Kumar General Store,Dal,36600.0,G,3294,Paid
MDM001410,2025-11-09,SCH0518,Singh Agro,Wheat,10.8,KG,324,Paid
MDM010730,2025-10-09,SCH0162,Sharma & Sons,Rice,0.88,BAG,1760,Pending
MDM000155,2026-03-14,SCH0141,Sharma Traders Pvt Ltd,Rice,,,2004,Due
MDM007807,2026-01-25,SCH0518,Sharma Traders,Wheat,49600.0,G,1488,Due
MDM003010,2025-09-21,SCH0120,Sharma Traders,oil,35.2,KG,4224,Paid
MDM001687,2025-12-15,SCH0061,Singh Brothers,Dal,18.2,KG,1638,
MDM011094,2025-10-29,SCH0440,Singh Brothers,Rice,1.116,BAG_50KG,2232,Paid
MDM004015,2026-02-13,SCH0093,Sharma Traders,Wheat,16.9,KG,507,Paid
MDM007456,2025-12-06,SCH0013,Goyal Enterprises,Wheat,36.9,KG,1107,Paid
MDM003864,2025-05-18,SCH0049,Goyal Enterprises,Dal,,,3015,Paid
MDM002734,2025-11-12,SCH0213,Goyal Enterprises,Wheat,38.4,KG,,
MDM001896,2026-03-16,SCH0122,Goyal Mill,Dal,0.732,BAG_50KG,3294,Cleared
MDM005443,2025-08-14,SCH0181,Sharma Traders,oil,39.1,KG,4692,Paid
MDM000570,2025-04-25,SCH0346,Kumar Supplies,Rice,0.6459999999999999,SACK,1292,Pending
MDM006710,2025-05-08,SCH0520,Singh Brothers,Mustard Oil,,,3108,
MDM005855,2025-11-12,SCH0089,Sharma Traders Pvt Ltd,Rice,36.3,KG,1452,Pending
MDM001817,2025-11-21,SCH0596,Goyal Mill,Dal,57300.0,G,5157,Paid
MDM010258,2025-09-04,SCH0077,Goyal Mill,Rice,12.6,KG,504,Paid
MDM008320,2025-05-06,SCH0086,Singh Brothers,Wheat,,,1380,Due
MDM003395,2026-02-27,SCH0448,Kumar & Co.,Wheat,44.1,KG,1323,Paid
MDM003328,2026-01-17,SCH0396,Goyal Enterprises,Rice,20.9,KG,836,
MDM006103,2025-11-09,SCH0251,Kumar Supplies,Dal,18.7,KG,1683,Pending
MDM002976,2025-06-15,SCH0327,Singh Agro,Dal,,,2898,Pending
MDM000981,2026-01-12,SCH0515,Kumar & Co.,Rice,,,1736,Due
MDM010493,2025-11-02,SCH0554,Sharma Traders,Atta,24200.0,G,726,Pending
MDM000191,2026-01-07,SCH0272,Sharma & Sons,Dal,27400.0,G,2466,Pending
MDM009332,2025-11-10,SCH0599,Kumar Supplies,Cooking Oil,25700.0,G,3084,Due
MDM005089,2025-05-11,SCH0112,Goyal Mill,Mustard Oil,,,6612,Cleared
MDM000700,2025-10-27,SCH0430,Sharma Traders,Wheat,47.0,KG,1410,Cleared
MDM000607,2025-06-13,SCH0204,Kumar General Store,Wheat,19400.0,G,,Paid
MDM000302,2025-06-05,SCH0261,S. Agro Works,Dal,,,5166,Due
MDM003421,2025-10-18,SCH0028,Kumar General Store,oil,,,1740,Paid
MDM001061,2026-03-27,SCH0084,Kumar Supplies,Wheat,37.4,KG,1122,Paid
MDM010758,2026-02-02,SCH0547,Kumar General Store,Rice,49900.0,G,1996,Paid
MDM003445,2025-11-07,SCH0181,S. Agro Works,Dal,,,1575,Paid
MDM001070,2025-07-23,SCH0051,S. Agro Works,Atta,,,369,Due
MDM010717,2026-01-21,SCH0567,Sharma & Sons,Dal,27800.0,G,2502,Paid
MDM002206,2025-04-18,SCH0354,Goyal Enterprises,Rice,,,2396,Paid
MDM009436,2025-09-25,SCH0587,Singh Agro,Dal,0.342,BAG_50KG,1539,Pending
MDM007340,2025-08-12,SCH0249,Singh Brothers,Mustard Oil,41.6,KG,4992,
MDM008209,2025-10-17,SCH0367,Sharma Traders Pvt Ltd,Rice,,,2292,Cleared
MDM007680,2025-10-10,SCH0542,S. Agro Works,Rice,43.3,KG,1732,Paid
MDM011313,2025-11-30,SCH0401,Kumar & Co.,Dal,28.6,KG,2574,Pending
MDM004643,2025-12-24,SCH0027,Kumar General Store,Rice,37.4,KG,1496,Paid
MDM007684,2025-11-16,SCH0408,Kumar & Co.,Wheat,,,720,Cleared
MDM009008,2025-07-31,SCH0496,Goyal Rice Mill,Rice,23000.0,G,920,Pending
MDM007997,2025-11-16,SCH0548,Kumar General Store,Rice,35.8,KG,1432,
MDM011260,2026-03-07,SCH0590,Kumar Supplies,Rice,19.7,KG,788,Paid
MDM005601,2025-04-28,SCH0498,Goyal Mill,Rice,24500.0,G,980,Pending
MDM009152,2025-09-12,SCH0378,Goyal Enterprises,Dal,50100.0,G,4509,Paid
MDM007023,2025-11-04,SCH0295,Sharma Traders Pvt Ltd,Dal,0.598,BAG,2691,Pending
MDM004894,2025-12-08,SCH0225,Sharma & Sons,Dal,0.838,SACK,3771,Due
MDM000226,2025-10-13,SCH0468,Kumar General Store,Rice,,,2340,Due
MDM003355,2025-11-30,SCH0127,Kumar General Store,Mustard Oil,22.5,KG,2700,Pending
MDM005896,2025-07-31,SCH0180,Sharma & Sons,oil,57.4,KG,6888,Paid
MDM010678,2025-05-31,SCH0378,Kumar Supplies,Rice,1.108,BAG_50KG,2216,Due
MDM008755,2025-06-05,SCH0586,Goyal Rice Mill,Rice,0.634,BAG,1268,Paid
MDM003437,2025-09-15,SCH0113,Singh Agro,Rice,21200.0,G,848,
MDM001694,2025-09-07,SCH0570,Sharma Traders,Rice,21.9,KG,876,Cleared
MDM006894,2025-09-21,SCH0484,Singh Agro,Dal,59800.0,G,5382,Due
MDM001046,2026-03-17,SCH0084,Sharma & Sons,Mustard Oil,,,5856,Pending
MDM003447,2025-11-24,SCH0516,Singh Agro,Cooking Oil,14200.0,G,1704,Cleared
MDM008051,2026-02-08,SCH0577,Sharma Traders,Dal,,,1413,Pending
MDM009147,2025-09-13,SCH0194,Kumar & Co.,Wheat,26.1,KG,783,Pending
MDM010928,2025-09-15,SCH0376,Sharma & Sons,Wheat,,,570,Pending
MDM011297,2025-05-19,SCH0011,Kumar General Store,Mustard Oil,0.274,SACK,1644,Paid
MDM004736,2025-07-23,SCH0306,Sharma Traders,Mustard Oil,34700.0,G,4164,Paid
MDM004497,2026-01-27,SCH0535,Kumar & Co.,Dal,0.51,BAG,2295,Pending
MDM001219,2026-03-11,SCH0097,S. Agro Works,Dal,59100.0,G,5319,
MDM006016,2025-05-18,SCH0489,Singh Agro,Wheat,40.7,KG,1221,Pending
MDM009720,2025-08-08,SCH0267,Goyal Mill,Cooking Oil,54.0,KG,6480,Paid
MDM003988,2025-12-13,SCH0170,Sharma Traders,Dal,,,2457,
MDM004912,2026-03-23,SCH0545,Kumar General Store,Dal,0.88,BAG,3960,Pending
MDM009493,2025-12-17,SCH0253,Goyal Mill,Mustard Oil,52.4,KG,6288,Cleared
MDM004494,2025-11-16,SCH0224,Sharma Traders Pvt Ltd,Dal,0.266,BAG,1197,Paid
MDM006945,2025-04-19,SCH0533,Goyal Enterprises,Atta,0.322,SACK,483,Paid
MDM005700,2025-10-21,SCH0186,Kumar Supplies,Mustard Oil,57400.0,G,6888,Cleared
MDM008353,2026-02-25,SCH0287,Sharma & Sons,oil,0.71,BAG,,Due
MDM000957,2025-11-19,SCH0270,S. Agro Works,Wheat,30.9,KG,927,Paid
MDM011984,2025-10-17,SCH0102,Kumar Supplies,Dal,55.2,KG,4968,Pending
MDM011427,2025-06-06,SCH0296,Goyal Enterprises,oil,,,6072,
MDM002870,2025-04-27,SCH0190,Kumar Supplies,Cooking Oil,,,2232,Paid
MDM011970,2026-03-12,SCH0197,Goyal Enterprises,Rice,0.418,SACK,836,Pending
MDM004434,2025-04-07,SCH0028,Sharma Traders,Rice,28.6,KG,1144,
MDM004974,2025-10-09,SCH0009,Sharma Traders Pvt Ltd,Dal,,,2250,Paid
MDM002962,2025-05-12,SCH0503,Goyal Mill,Rice,,,1464,Paid
MDM002201,2025-12-05,SCH0429,Kumar General Store,oil,55400.0,G,6648,
MDM000099,2026-01-27,SCH0394,Goyal Enterprises,Dal,39.5,KG,3555,Due
MDM002558,2025-10-02,SCH0419,Goyal Rice Mill,Wheat,22800.0,G,684,Pending
MDM011376,2026-03-07,SCH0008,Kumar General Store,Mustard Oil,22400.0,G,2688,
MDM008446,2025-06-16,SCH0247,Sharma Traders,Rice,1.02,BAG_50KG,,Paid
MDM004200,2025-11-09,SCH0242,Goyal Mill,Wheat,19.8,KG,594,Due
MDM009638,2025-04-22,SCH0089,Singh Agro,Dal,0.536,BAG,2412,Cleared
MDM005540,2026-03-22,SCH0361,Kumar & Co.,Dal,22900.0,G,2061,Paid
MDM001649,2026-02-02,SCH0070,Sharma Traders,Mustard Oil,,,3024,Paid
MDM009889,2025-10-31,SCH0581,Singh Agro,Rice,,,752,Pending
MDM011384,2025-11-16,SCH0151,Sharma & Sons,Wheat,30400.0,G,912,Cleared
MDM006198,2025-11-04,SCH0464,S. Agro Works,Rice,21.5,KG,860,Cleared
MDM006296,2025-07-04,SCH0388,Singh Agro,Dal,17.6,KG,1584,Pending
MDM004500,2025-08-16,SCH0159,Singh Agro,Mustard Oil,27.5,KG,3300,Paid
MDM001155,2025-11-03,SCH0145,Singh Brothers,Dal,42.7,KG,3843,Paid
MDM002256,2025-08-02,SCH0450,Singh Brothers,Atta,16300.0,G,489,Due
MDM009875,2026-02-04,SCH0173,Kumar Supplies,Wheat,0.7340000000000001,SACK,1101,Cleared
MDM003171,2026-02-18,SCH0563,Goyal Rice Mill,Dal,41800.0,G,3762,
MDM007401,2025-08-01,SCH0040,Sharma Traders,Rice,41.4,KG,1656,Pending
MDM010249,2025-07-11,SCH0556,Sharma & Sons,Rice,36.3,KG,1452,Paid
MDM007159,2025-12-21,SCH0023,Goyal Enterprises,Wheat,25.2,KG,756,Paid
MDM003109,2025-08-01,SCH0356,Goyal Mill,Mustard Oil,25.3,KG,3036,Pending
MDM004549,2025-09-02,SCH0541,Singh Agro,oil,29500.0,G,3540,Pending
MDM011916,2026-03-18,SCH0583,Kumar Supplies,Rice,0.334,BAG,668,Pending
MDM005424,2025-12-13,SCH0166,Sharma Traders,Dal,43600.0,G,3924,Pending
MDM002050,2025-08-18,SCH0433,Kumar General Store,oil,,,3840,Paid
MDM011836,2025-12-08,SCH0506,Goyal Mill,Rice,0.924,SACK,1848,Paid
MDM009209,2025-08-07,SCH0478,S. Agro Works,Rice,52600.0,G,2104,Due
MDM008816,2026-01-09,SCH0071,Sharma Traders Pvt Ltd,Dal,,,2403,Cleared
MDM000263,2025-04-19,SCH0097,Goyal Rice Mill,Wheat,17300.0,G,519,
MDM011562,2025-11-26,SCH0599,Sharma & Sons,Dal,29.6,KG,2664,Pending
MDM004062,2025-04-09,SCH0335,Kumar & Co.,Dal,47.1,KG,4239,Paid
MDM005535,2025-09-10,SCH0251,S. Agro Works,Rice,,,944,Due
MDM006617,2026-03-22,SCH0469,Sharma Traders Pvt Ltd,Dal,,,2124,
MDM008121,2025-10-21,SCH0065,Kumar Supplies,Dal,0.826,BAG_50KG,3717,Paid
MDM008156,2026-03-22,SCH0264,Singh Brothers,Atta,,,1170,Pending
MDM001803,2025-10-28,SCH0031,Kumar General Store,Wheat,,,447,Pending
MDM004737,2025-11-02,SCH0430,S. Agro Works,Wheat,0.924,BAG,1386,Due
MDM002386,2025-05-12,SCH0279,S. Agro Works,Wheat,21800.0,G,654,Pending
MDM006695,2025-05-22,SCH0548,Kumar Supplies,Rice,0.838,BAG,1676,Pending
MDM005760,2025-05-24,SCH0065,Goyal Enterprises,Dal,48.0,KG,4320,
MDM001960,2025-05-19,SCH0057,Goyal Mill,Rice,49500.0,G,1980,
MDM002977,2025-05-05,SCH0135,Goyal Mill,Dal,21.2,KG,1908,Paid
MDM008681,2025-06-11,SCH0249,Goyal Rice Mill,Dal,58200.0,G,5238,Pending
MDM001844,2025-04-16,SCH0577,Kumar & Co.,Wheat,16100.0,G,483,Pending
MDM001735,2025-12-21,SCH0308,Sharma & Sons,Dal,,,2727,Paid
MDM002912,2026-03-04,SCH0449,Singh Brothers,Dal,35.3,KG,3177,Pending
MDM011412,2026-01-26,SCH0016,Goyal Rice Mill,Dal,,,2025,Paid
MDM008339,2026-03-22,SCH0447,Sharma Traders Pvt Ltd,Dal,1.014,BAG,4563,Pending
MDM001987,2025-04-14,SCH0272,S. Agro Works,Dal,,,1944,Paid
MDM009562,2025-08-22,SCH0424,Sharma & Sons,Rice,,,1004,Paid
MDM006547,2025-10-04,SCH0133,Goyal Mill,Mustard Oil,19400.0,G,2328,Cleared
MDM007099,2025-06-11,SCH0457,Kumar & Co.,Dal,41.1,KG,3699,Cleared
MDM002812,2025-05-13,SCH0143,Singh Brothers,Rice,13.4,KG,536,
MDM000660,2025-07-05,SCH0580,Singh Brothers,Mustard Oil,17.1,KG,2052,Cleared
MDM009987,2025-04-26,SCH0386,Kumar Supplies,Dal,0.542,SACK,2439,Pending
MDM002512,2026-02-18,SCH0284,S. Agro Works,Rice,,,1756,Paid
MDM011590,2025-05-17,SCH0139,Kumar & Co.,Wheat,,,783,
MDM004283,2025-08-24,SCH0540,Kumar & Co.,Dal,10600.0,G,954,Pending
MDM009340,2025-12-21,SCH0022,Kumar & Co.,Wheat,0.3,BAG,450,Pending
MDM011465,2025-12-23,SCH0315,Kumar & Co.,Rice,12.3,KG,492,
MDM008801,2025-07-12,SCH0121,Singh Brothers,Dal,,,4977,Pending
MDM006288,2026-03-12,SCH0525,Singh Agro,Mustard Oil,,,5052,Cleared
MDM011775,2025-04-03,SCH0113,Goyal Rice Mill,Wheat,29.9,KG,897,Pending
MDM001931,2025-10-30,SCH0277,S. Agro Works,Rice,0.638,BAG,1276,
MDM007126,2025-08-20,SCH0268,Kumar & Co.,Rice,43.1,KG,1724,Paid
MDM000198,2025-11-12,SCH0541,Sharma & Sons,Rice,,,1628,Pending
MDM007778,2025-10-13,SCH0254,Sharma Traders,Dal,0.284,BAG,1278,Paid
MDM002932,2025-06-19,SCH0159,Singh Brothers,Dal,13.7,KG,1233,
MDM008005,2025-12-11,SCH0150,Sharma & Sons,Rice,,,1328,Due
MDM002328,2026-01-31,SCH0010,Goyal Enterprises,Rice,,,1128,Pending
MDM004390,2025-07-11,SCH0488,S. Agro Works,Dal,0.632,BAG,2844,Cleared
MDM008959,2025-09-25,SCH0455,Singh Brothers,Mustard Oil,48.9,KG,5868,Pending
MDM004219,2025-06-04,SCH0513,Singh Brothers,Wheat,,,960,Cleared
MDM011448,2026-02-28,SCH0486,Singh Agro,Dal,16.6,KG,1494,Due
MDM000203,2026-02-14,SCH0354,Goyal Rice Mill,Atta,16.3,KG,489,
MDM003511,2025-11-29,SCH0185,Kumar & Co.,Wheat,,,1242,Cleared
MDM004932,2025-05-03,SCH0339,Goyal Enterprises,Rice,40.1,KG,1604,Due
MDM005536,2026-01-02,SCH0597,Kumar General Store,oil,57.1,KG,6852,Due
MDM009926,2025-09-16,SCH0514,Goyal Enterprises,oil,0.466,BAG,2796,Cleared
MDM005792,2026-01-26,SCH0129,S. Agro Works,Rice,,,688,Cleared
MDM010970,2025-11-22,SCH0386,Singh Brothers,Wheat,43.6,KG,1308,Cleared
MDM001708,2025-10-19,SCH0027,Singh Brothers,Cooking Oil,27.0,KG,3240,Paid
MDM005173,2025-10-05,SCH0488,Goyal Enterprises,Cooking Oil,,,4872,Due
MDM005250,2026-03-25,SCH0397,Sharma Traders Pvt Ltd,Dal,,,3519,Cleared
MDM011667,2025-05-06,SCH0186,Goyal Mill,Rice,37.6,KG,1504,
MDM006529,2026-01-23,SCH0527,Goyal Mill,Rice,,,584,Paid
MDM005856,2025-04-11,SCH0556,Kumar & Co.,Rice,42.8,KG,1712,Paid
MDM008165,2025-12-21,SCH0513,Kumar Supplies,oil,0.494,BAG_50KG,2964,Cleared
MDM000855,2025-05-16,SCH0063,Kumar Supplies,Mustard Oil,,,6168,Paid
MDM004738,2025-11-09,SCH0259,Kumar & Co.,Wheat,39400.0,G,1182,Pending
MDM010353,2026-03-22,SCH0163,Sharma Traders,Atta,0.74,BORI,1110,Pending
MDM000699,2025-12-18,SCH0519,Goyal Rice Mill,Rice,,,624,Due
MDM011345,2025-04-08,SCH0362,Goyal Rice Mill,oil,15.0,KG,,Due
MDM011192,2025-07-18,SCH0517,Goyal Mill,Cooking Oil,1.186,BORI,7116,Due
MDM003697,2026-02-15,SCH0538,Kumar & Co.,Dal,0.8540000000000001,SACK,3843,Paid
MDM001637,2025-12-18,SCH0038,Sharma Traders,Cooking Oil,,,5904,Paid
MDM007281,2025-09-02,SCH0454,Goyal Mill,Mustard Oil,42700.0,G,5124,Due
MDM007555,2025-04-03,SCH0335,Sharma & Sons,Dal,0.894,BAG,4023,Pending
MDM011650,2025-09-17,SCH0044,S. Agro Works,oil,39.5,KG,4740,Pending
MDM003582,2025-05-17,SCH0246,S. Agro Works,Atta,,,1617,Due
MDM001292,2025-06-24,SCH0224,Singh Brothers,oil,,,4728,Due
MDM006586,2025-10-07,SCH0505,Goyal Rice Mill,Dal,0.266,BAG_50KG,1197,Pending
MDM001854,2025-04-19,SCH0235,Singh Agro,Wheat,0.652,SACK,978,Paid
MDM005233,2025-10-14,SCH0215,Kumar General Store,Wheat,12.6,KG,378,Pending
MDM003764,2025-10-12,SCH0471,Singh Brothers,Rice,58000.0,G,2320,Paid
MDM003305,2025-11-30,SCH0063,Kumar & Co.,Atta,,,525,Pending
MDM001496,2025-05-28,SCH0046,Kumar General Store,Mustard Oil,0.532,BAG_50KG,3192,Pending
MDM011936,2025-09-17,SCH0324,S. Agro Works,Wheat,,,1737,Paid
MDM011638,2025-10-05,SCH0593,Goyal Mill,Dal,22900.0,G,2061,Pending
MDM007995,2025-08-02,SCH0235,Sharma & Sons,Wheat,,,1272,Pending
MDM001999,2026-01-30,SCH0226,Sharma Traders,Dal,17300.0,G,1557,Paid
MDM000664,2025-04-24,SCH0017,Goyal Mill,Wheat,0.532,BAG_50KG,798,Pending
MDM003749,2026-03-13,SCH0556,Kumar & Co.,Wheat,,,498,Paid
MDM004414,2025-07-13,SCH0342,Sharma Traders,Dal,,,3240,Due
MDM005531,2025-12-19,SCH0378,Singh Agro,Cooking Oil,0.752,BAG_50KG,,Cleared
MDM005576,2025-10-10,SCH0555,Goyal Enterprises,Mustard Oil,48600.0,G,5832,Paid
MDM008902,2025-05-10,SCH0077,Kumar & Co.,Wheat,1.138,SACK,1707,Due
MDM007527,2025-09-29,SCH0092,S. Agro Works,Wheat,0.792,BORI,1188,Pending
MDM009475,2026-01-12,SCH0259,Kumar General Store,Dal,48.0,KG,,Pending
MDM005865,2026-02-02,SCH0450,Singh Brothers,Dal,0.726,BAG,3267,Due
MDM010868,2025-12-09,SCH0062,Sharma & Sons,Mustard Oil,,,5760,Cleared
MDM006777,2025-11-21,SCH0583,Kumar General Store,Mustard Oil,23.6,KG,2832,Cleared
MDM001307,2025-09-06,SCH0311,Goyal Enterprises,Atta,25.0,KG,750,Paid
MDM007393,2025-04-19,SCH0164,Goyal Rice Mill,Wheat,38.1,KG,,Due
MDM010430,2026-03-15,SCH0512,Sharma & Sons,Wheat,33.4,KG,1002,Due
MDM011495,2025-12-24,SCH0181,Sharma & Sons,oil,,,2664,Paid
MDM005593,2025-11-21,SCH0011,Goyal Rice Mill,Mustard Oil,30000.0,G,3600,Pending
MDM010231,2026-03-12,SCH0105,Goyal Enterprises,Mustard Oil,1.196,BAG_50KG,7176,Pending
MDM009722,2025-04-29,SCH0209,Goyal Enterprises,Mustard Oil,0.214,SACK,1284,Cleared
MDM001664,2025-07-09,SCH0003,Sharma Traders Pvt Ltd,Dal,0.8740000000000001,BAG,,Cleared
MDM005451,2025-10-21,SCH0103,Singh Brothers,Rice,,,488,Cleared
MDM003628,2026-01-22,SCH0595,Kumar & Co.,Cooking Oil,,,6984,Paid
MDM002694,2025-08-21,SCH0260,Goyal Mill,oil,,,4740,Cleared
MDM011253,2025-08-18,SCH0486,Sharma Traders,Dal,21100.0,G,1899,Pending
MDM009790,2025-05-17,SCH0541,S. Agro Works,Rice,53.4,KG,2136,
MDM010922,2026-03-30,SCH0546,Kumar General Store,Wheat,,,1659,Cleared
MDM010818,2025-06-08,SCH0248,Sharma Traders Pvt Ltd,Wheat,,,1506,Paid
MDM005916,2025-08-17,SCH0059,Kumar General Store,Cooking Oil,1.176,BAG_50KG,7056,Cleared
MDM003158,2025-08-13,SCH0283,S. Agro Works,Dal,13600.0,G,1224,Cleared
MDM011507,2025-06-11,SCH0387,Goyal Enterprises,Dal,,,4365,
MDM009915,2025-12-05,SCH0274,Kumar General Store,Dal,11.8,KG,1062,Pending
MDM006669,2026-02-26,SCH0085,Sharma & Sons,Dal,30.4,KG,2736,Due
MDM001060,2025-04-16,SCH0423,Sharma Traders,Cooking Oil,36500.0,G,4380,Paid
MDM004637,2025-05-14,SCH0059,Kumar General Store,Mustard Oil,,,4572,Pending
MDM003243,2025-11-04,SCH0369,S. Agro Works,Mustard Oil,,,1428,Paid
MDM001679,2025-05-06,SCH0006,Kumar Supplies,Mustard Oil,57700.0,G,6924,Paid
MDM006893,2025-05-07,SCH0256,Sharma Traders Pvt Ltd,Wheat,0.8,BAG_50KG,1200,
MDM006375,2025-06-25,SCH0291,Kumar Supplies,Atta,29.9,KG,897,Pending
MDM007575,2025-06-13,SCH0041,Goyal Mill,Dal,38.0,KG,3420,Paid
MDM001758,2025-06-21,SCH0332,Goyal Enterprises,Dal,,,2367,Paid
MDM006020,2025-08-25,SCH0014,Kumar & Co.,Rice,,,2332,
MDM005117,2025-07-22,SCH0284,Kumar Supplies,Rice,,,1644,Pending
MDM008756,2025-10-11,SCH0353,Sharma Traders,Dal,,,4905,Pending
MDM007409,2026-02-27,SCH0337,Kumar General Store,Wheat,11.2,KG,336,Cleared
MDM002791,2025-08-05,SCH0133,Singh Brothers,oil,1.128,SACK,6768,Pending
MDM000864,2025-10-16,SCH0249,Sharma Traders,Rice,49.8,KG,1992,Pending
MDM007859,2025-12-27,SCH0410,Sharma & Sons,Dal,29.0,KG,2610,Paid
MDM001485,2025-10-17,SCH0015,Kumar & Co.,Dal,35.9,KG,3231,Paid
MDM007036,2025-12-26,SCH0364,Goyal Enterprises,Mustard Oil,47.7,KG,5724,Cleared
MDM007722,2025-10-27,SCH0118,Goyal Rice Mill,oil,13400.0,G,1608,Pending
MDM005978,2025-09-19,SCH0504,Goyal Enterprises,Dal,31.4,KG,2826,
MDM005135,2025-07-22,SCH0109,Kumar & Co.,Mustard Oil,33.6,KG,4032,Cleared
MDM000207,2025-05-04,SCH0484,Goyal Enterprises,Rice,10.9,KG,436,Paid
MDM004489,2026-02-19,SCH0430,Kumar General Store,Rice,33.2,KG,1328,Paid
MDM006939,2025-06-27,SCH0475,Sharma & Sons,Rice,0.986,BAG,1972,Pending
MDM009063,2025-12-11,SCH0013,Kumar & Co.,Rice,39.8,KG,1592,Paid
MDM006911,2025-12-29,SCH0067,Goyal Rice Mill,Wheat,,,1134,
MDM000503,2025-04-02,SCH0088,Sharma Traders Pvt Ltd,Wheat,1.104,BORI,1656,Due
MDM007386,2026-03-24,SCH0005,Kumar Supplies,Rice,0.418,BORI,836,Pending
MDM001029,2025-06-03,SCH0347,Sharma & Sons,Cooking Oil,1.036,BORI,6216,
MDM003841,2026-01-18,SCH0573,Kumar General Store,Atta,,,1278,Due
MDM010883,2026-02-13,SCH0522,Sharma Traders Pvt Ltd,Dal,50800.0,G,4572,Pending
MDM008111,2025-07-03,SCH0419,Kumar General Store,Dal,0.414,SACK,1863,
MDM005057,2025-07-31,SCH0369,Sharma Traders,Wheat,,,1452,Paid
MDM009763,2026-01-02,SCH0444,Goyal Enterprises,Dal,36.0,KG,3240,
MDM008155,2025-07-20,SCH0490,Goyal Enterprises,Dal,0.442,BAG,1989,Due
MDM010966,2025-05-14,SCH0007,Kumar Supplies,Mustard Oil,27.8,KG,3336,Pending
MDM002732,2025-07-25,SCH0292,Singh Agro,Dal,,,3330,Paid
MDM008997,2025-09-27,SCH0573,Kumar General Store,Wheat,58900.0,G,1767,Pending
MDM011838,2025-06-08,SCH0072,Singh Brothers,Dal,,,4041,Paid
MDM002455,2025-08-20,SCH0100,Singh Brothers,Rice,,,1436,Paid
MDM007216,2025-10-08,SCH0362,Goyal Rice Mill,oil,,,1560,Paid
MDM003105,2025-10-09,SCH0142,Kumar General Store,Rice,0.446,BORI,892,Due
MDM008393,2025-12-17,SCH0019,Goyal Enterprises,Rice,32800.0,G,1312,
MDM006279,2025-08-24,SCH0473,Goyal Mill,Rice,44400.0,G,,Due
MDM003100,2025-06-05,SCH0317,Kumar Supplies,oil,,,3816,Paid
MDM006185,2026-01-08,SCH0088,Singh Agro,Rice,39700.0,G,1588,Paid
MDM010471,2026-02-09,SCH0210,Singh Brothers,oil,45800.0,G,5496,Due
MDM003562,2025-12-17,SCH0055,Sharma Traders,Rice,28.0,KG,1120,Pending
MDM005893,2025-05-20,SCH0596,Goyal Mill,Mustard Oil,0.382,BORI,2292,Paid
MDM000392,2026-01-08,SCH0574,Sharma & Sons,Cooking Oil,17.9,KG,2148,Cleared
MDM006737,2025-04-29,SCH0301,Goyal Rice Mill,Dal,0.5479999999999999,BORI,2466,Paid
MDM005619,2025-10-14,SCH0129,Sharma Traders Pvt Ltd,Wheat,0.934,SACK,1401,Due
MDM005259,2025-12-02,SCH0524,S. Agro Works,Rice,0.542,BORI,1084,Due
MDM009688,2026-03-08,SCH0257,Kumar & Co.,Cooking Oil,11.1,KG,1332,Pending
MDM002696,2026-03-07,SCH0397,Sharma Traders Pvt Ltd,Wheat,12400.0,G,,Cleared
MDM002028,2026-01-12,SCH0293,Goyal Mill,Rice,11800.0,G,472,Paid
MDM005464,2025-04-01,SCH0006,Kumar & Co.,Rice,34.9,KG,1396,Pending
MDM002569,2025-09-20,SCH0102,Singh Agro,Wheat,,,345,Paid
MDM008007,2026-02-15,SCH0143,Goyal Enterprises,Dal,22.9,KG,2061,Due
MDM000065,2025-05-27,SCH0061,Sharma & Sons,Mustard Oil,,,6240,Pending
MDM002063,2025-12-04,SCH0564,Goyal Rice Mill,Rice,,,1480,Due
MDM005277,2026-01-21,SCH0012,Kumar Supplies,Wheat,,,864,Due
MDM007209,2025-10-17,SCH0295,Sharma Traders Pvt Ltd,Cooking Oil,,,3036,Paid
MDM008685,2026-03-22,SCH0578,Goyal Enterprises,oil,58.0,KG,6960,Due
MDM008572,2025-08-26,SCH0253,Sharma Traders,Rice,,,1468,Cleared
MDM006332,2025-05-24,SCH0109,Kumar Supplies,Wheat,53.1,KG,,Pending
MDM004860,2025-12-02,SCH0230,Goyal Mill,Rice,31200.0,G,1248,Pending
MDM004888,2025-05-15,SCH0024,Sharma Traders,Dal,12500.0,G,1125,Paid
MDM009269,2025-05-28,SCH0161,Sharma Traders,Cooking Oil,17900.0,G,2148,Cleared
MDM000879,2025-04-25,SCH0164,Goyal Rice Mill,Rice,,,404,Paid
MDM008530,2026-02-21,SCH0194,Sharma Traders Pvt Ltd,Atta,0.802,BAG,1203,Cleared
MDM007917,2025-09-13,SCH0581,Kumar General Store,Dal,1.066,BAG,4797,Paid
MDM006864,2026-01-20,SCH0410,Goyal Enterprises,Mustard Oil,20200.0,G,2424,Pending
MDM007893,2025-05-02,SCH0328,Goyal Enterprises,Dal,0.354,BAG,1593,Paid
MDM006440,2025-06-09,SCH0325,Goyal Enterprises,Wheat,,,393,
MDM007870,2025-05-10,SCH0402,Kumar & Co.,Mustard Oil,15.5,KG,1860,Due
MDM001017,2025-07-27,SCH0143,Sharma & Sons,Dal,42.0,KG,3780,Due
MDM009468,2026-01-24,SCH0396,Kumar & Co.,Mustard Oil,1.05,BAG,6300,Due
MDM011991,2025-09-07,SCH0117,Sharma & Sons,Rice,0.25,BAG_50KG,500,Pending
MDM007630,2026-03-29,SCH0488,Singh Brothers,Cooking Oil,0.288,BORI,1728,
MDM011535,2025-12-07,SCH0179,Goyal Enterprises,Rice,,,2192,Pending
MDM000996,2025-07-10,SCH0155,Sharma & Sons,Mustard Oil,36.4,KG,4368,
MDM010174,2025-07-20,SCH0048,Sharma Traders Pvt Ltd,Rice,,,1576,Paid
MDM004298,2025-05-06,SCH0064,Goyal Rice Mill,Mustard Oil,0.382,SACK,2292,Cleared
MDM000162,2025-07-25,SCH0126,Sharma & Sons,Dal,27.5,KG,2475,
MDM005676,2025-11-20,SCH0180,Singh Brothers,Dal,10.9,KG,981,Cleared
MDM006874,2025-11-04,SCH0576,Kumar & Co.,Mustard Oil,0.68,BAG_50KG,4080,Paid
MDM009693,2026-02-24,SCH0197,Goyal Rice Mill,Mustard Oil,24900.0,G,2988,Pending
MDM007990,2025-06-01,SCH0485,Singh Agro,Dal,38.2,KG,3438,
MDM003844,2025-04-16,SCH0040,Kumar Supplies,Mustard Oil,58000.0,G,6960,Cleared
MDM010806,2025-05-22,SCH0140,Kumar & Co.,Cooking Oil,55.0,KG,6600,Paid
MDM011654,2025-12-07,SCH0264,Singh Agro,Cooking Oil,46800.0,G,,Pending
MDM001022,2025-10-02,SCH0029,Kumar General Store,Dal,20500.0,G,1845,Pending
MDM003074,2025-04-28,SCH0445,Singh Brothers,Dal,48.9,KG,4401,Cleared
MDM007556,2025-08-18,SCH0064,S. Agro Works,Dal,,,1368,Pending
MDM003944,2025-04-26,SCH0237,Goyal Rice Mill,Mustard Oil,,,6036,Paid
MDM001586,2025-12-07,SCH0309,Sharma Traders,Rice,,,1448,Paid
MDM010148,2025-07-17,SCH0023,Kumar Supplies,Wheat,0.836,BORI,1254,Pending
MDM003153,2025-04-07,SCH0323,Kumar General Store,Dal,28600.0,G,2574,Due
MDM008227,2025-09-22,SCH0193,Sharma Traders,Wheat,1.138,SACK,1707,Pending
MDM000776,2025-04-02,SCH0490,Sharma & Sons,Mustard Oil,0.488,SACK,2928,Paid
MDM010749,2025-07-18,SCH0118,Sharma Traders Pvt Ltd,Wheat,1.17,SACK,1755,Paid
MDM009671,2025-04-13,SCH0192,Singh Brothers,Wheat,43.8,KG,1314,Pending
MDM007100,2025-04-28,SCH0523,Goyal Rice Mill,Rice,0.294,BAG_50KG,588,Cleared
MDM005487,2026-03-05,SCH0266,Goyal Rice Mill,Dal,19.4,KG,1746,Paid
MDM006236,2025-10-20,SCH0033,Goyal Mill,Mustard Oil,,,4956,Paid
MDM009556,2025-08-25,SCH0134,Goyal Enterprises,Mustard Oil,1.014,BAG_50KG,6084,Pending
MDM007042,2025-04-24,SCH0440,Singh Agro,Dal,16500.0,G,1485,
MDM002613,2026-03-16,SCH0567,S. Agro Works,Atta,1.182,BAG,1773,
MDM007514,2025-05-31,SCH0323,Kumar General Store,Wheat,,,354,Pending
MDM011017,2025-06-15,SCH0576,Goyal Rice Mill,Cooking Oil,,,2040,Paid
MDM010234,2025-08-12,SCH0074,Kumar Supplies,Rice,,,2128,Pending
MDM008434,2025-05-15,SCH0577,Sharma Traders Pvt Ltd,Cooking Oil,,,2856,Paid
MDM010254,2025-09-23,SCH0308,Singh Brothers,Dal,,,1566,Pending
MDM010556,2025-05-19,SCH0045,Sharma Traders,Cooking Oil,20.4,KG,2448,
MDM008793,2025-08-26,SCH0345,Goyal Rice Mill,Dal,59.0,KG,5310,
MDM010628,2025-05-07,SCH0350,Sharma Traders Pvt Ltd,Rice,,,708,Pending
MDM005394,2025-08-18,SCH0372,Sharma & Sons,Wheat,,,324,
MDM011081,2025-12-05,SCH0350,Singh Brothers,Wheat,,,1128,Paid
MDM008839,2025-04-08,SCH0374,Sharma & Sons,Dal,15800.0,G,1422,Paid
MDM003891,2026-02-18,SCH0348,Kumar Supplies,Wheat,29700.0,G,891,Pending
MDM003557,2026-01-17,SCH0011,S. Agro Works,Dal,,,4842,
MDM011395,2025-05-14,SCH0219,Sharma Traders,Rice,47700.0,G,1908,Paid
MDM001529,2026-02-16,SCH0271,Sharma Traders,Dal,,,1944,Pending
MDM001268,2025-06-06,SCH0417,Singh Brothers,Atta,0.444,BAG_50KG,666,Pending
MDM007735,2026-02-18,SCH0149,Sharma Traders Pvt Ltd,Wheat,,,597,Due
MDM001900,2025-09-02,SCH0584,Kumar General Store,Rice,0.4379999999999999,BAG,876,Pending
MDM004659,2025-11-21,SCH0600,Sharma & Sons,Dal,,,4581,
MDM003006,2025-09-14,SCH0477,Sharma Traders Pvt Ltd,Rice,0.464,BAG,928,Paid
MDM002735,2025-04-13,SCH0154,Goyal Mill,Dal,37000.0,G,,Paid
MDM000190,2026-01-06,SCH0300,Kumar & Co.,Atta,1.114,BORI,1671,Cleared
MDM009999,2025-07-02,SCH0036,S. Agro Works,Atta,35.7,KG,1071,Paid
MDM009168,2025-11-15,SCH0143,Goyal Enterprises,Dal,22.3,KG,2007,Pending
MDM002748,2025-06-26,SCH0383,Sharma & Sons,oil,38300.0,G,4596,Paid
MDM002048,2026-01-19,SCH0488,Kumar General Store,Rice,,,932,Cleared
MDM007850,2025-07-25,SCH0454,Goyal Enterprises,Wheat,0.216,BAG,324,Paid
MDM002559,2025-05-18,SCH0002,S. Agro Works,Dal,,,2574,Pending
MDM009275,2025-09-07,SCH0419,Singh Brothers,Rice,0.556,BAG,1112,Cleared
MDM008667,2025-11-20,SCH0168,Sharma Traders,Wheat,1.072,SACK,1608,Paid
MDM011097,2025-10-06,SCH0564,Sharma Traders Pvt Ltd,Dal,0.96,BAG,4320,Paid
MDM006397,2025-11-23,SCH0581,Goyal Enterprises,Dal,15.2,KG,1368,Paid
MDM003386,2026-02-06,SCH0425,Singh Agro,oil,,,4548,Paid
MDM004556,2025-12-06,SCH0423,Singh Brothers,Dal,36.8,KG,3312,
MDM001185,2025-07-29,SCH0315,Kumar General Store,Dal,56800.0,G,5112,Cleared
MDM006421,2025-09-02,SCH0319,Singh Agro,Dal,29.7,KG,2673,Paid
MDM005052,2025-12-17,SCH0244,Sharma Traders Pvt Ltd,Dal,24000.0,G,2160,Due
MDM005312,2025-07-28,SCH0024,Singh Brothers,Mustard Oil,0.612,SACK,3672,Pending
MDM002434,2025-11-15,SCH0390,Kumar Supplies,oil,47600.0,G,5712,Due
MDM006950,2025-09-24,SCH0530,Kumar & Co.,Rice,56.6,KG,2264,
MDM010584,2026-01-14,SCH0266,Goyal Mill,Dal,,,4869,Pending
MDM000770,2025-04-15,SCH0105,S. Agro Works,Dal,0.904,BAG,4068,Pending
MDM001686,2026-02-09,SCH0130,Goyal Rice Mill,Dal,0.684,BAG,3078,Pending
MDM008323,2026-03-09,SCH0303,Goyal Rice Mill,Atta,0.7140000000000001,BAG_50KG,1071,Pending
MDM011112,2026-02-04,SCH0135,Singh Brothers,Rice,0.852,SACK,,Cleared
MDM011364,2025-08-09,SCH0116,Kumar & Co.,Mustard Oil,20.2,KG,2424,Pending
MDM011637,2025-07-14,SCH0040,Goyal Rice Mill,Dal,24.7,KG,2223,Pending
MDM005579,2025-04-25,SCH0464,Goyal Mill,Atta,55.7,KG,1671,Pending
MDM004427,2025-09-12,SCH0144,S. Agro Works,Rice,,,1368,
MDM000467,2025-05-12,SCH0420,Singh Agro,Wheat,37.9,KG,1137,Pending
MDM006266,2025-10-30,SCH0222,Sharma Traders,Dal,58600.0,G,5274,Paid
MDM005735,2025-05-03,SCH0063,Singh Agro,Dal,,,5193,Due
MDM011285,2025-09-30,SCH0435,Kumar & Co.,Rice,0.898,SACK,1796,Paid
MDM011965,2025-11-28,SCH0499,S. Agro Works,Atta,27400.0,G,,Cleared
MDM005192,2025-09-20,SCH0386,Singh Brothers,Dal,,,5148,Paid
MDM005391,2026-02-01,SCH0587,Sharma Traders,Dal,,,5292,
MDM000861,2025-07-29,SCH0457,Kumar General Store,Wheat,11.3,KG,339,Cleared
MDM007271,2025-12-22,SCH0153,Sharma Traders Pvt Ltd,Rice,28.0,KG,1120,Pending
